Id_comercio,Categoria_comercio,Sub_categoria_comercio,Ciudad,Fecha_creacion_comercio,Fecha_vinculacion_datafono,Fecha_1ra_transaccion,num_terminales,Monto_ventas_acumulado,Monto_ventas_ultimo_mes,monto_imputado,ticket_promedio,comision_estimada_5pct,recencia_meses,frecuencia_total,meses_activos,R_score,F_score,M_score,RFM_score,segmento_rfm_reglas,segmento_kmeans_base,segmento_kmeans_ext,segmento_jerarquico,segmento_final,segmento_final_nombre
003QDVFJCJ,Comercio detallista,Ropa / Accesorios,Bogotá D.C.,2021-03-26 12:17:00,2021-03-26 12:40:00,2021-03-26 12:42:00,1,6542000.0,1240000,False,218066.66666666666,327100.0,0,30,3,5,5,5,555,Campeones,2,0,0,0,Valor medio-alto
008LJH6YHN,Belleza y cuidado personal,Spa,Bogotá D.C.,2021-02-10 15:15:00,2021-02-10 15:31:00,2021-02-10 15:34:00,1,4380000.0,1102000,False,438000.0,219000.0,0,10,4,5,3,4,534,Leales,0,0,0,0,Valor medio-alto
00B3DGV62G,Comercio detallista,Auto partes,Bogotá D.C.,2021-03-03 15:09:00,2021-03-03 15:26:00,2021-03-03 15:30:00,1,11892500.0,1297000,False,182961.53846153847,594625.0,0,65,3,5,5,5,555,Campeones,2,0,0,0,Valor medio-alto
00ILW1BB3Y,Comercio detallista,Tienda naturista,Bogotá D.C.,2021-03-24 12:33:00,2021-03-24 12:45:00,2021-03-24 12:51:00,1,372500.0,74500,False,46562.5,18625.0,0,8,3,5,3,2,532,Leales,0,0,1,0,Valor medio-alto
01AK7UX4UU,Comercio detallista,Tecnología,Mosquera,2021-03-30 13:40:00,2021-03-30 13:50:00,2021-03-30 13:52:00,1,165500.0,0,False,41375.0,8275.0,1,4,2,2,2,1,221,Perdidos / Hibernando,0,0,1,0,Valor medio-alto
01OB36KP84,Alimentos y bebidas,Restaurante / Café,Bogotá D.C.,,,,1,104000.0,25500,False,26000.0,5200.0,0,4,2,5,2,1,521,Nuevos / En crecimiento,0,0,1,0,Valor medio-alto
01PFUX10Z9,Alimentos y bebidas,Comida rápida,Bogotá D.C.,2021-03-29 19:22:00,2021-03-29 19:59:00,2021-03-29 20:00:00,1,1104380.0,208250,False,21654.50980392157,55219.0,0,51,3,5,5,3,553,Leales,2,0,0,0,Valor medio-alto
024EE2F9LX,Comercio detallista,Auto partes,Soacha,2021-03-01 13:16:00,2021-03-01 13:24:00,2021-03-01 13:27:00,1,2000.0,0,False,2000.0,100.0,2,1,1,2,1,1,211,Perdidos / Hibernando,1,1,2,1,Valor medio
0254G0047E,Comercio detallista,Óptica,Bogotá D.C.,2021-03-24 13:27:00,2021-03-24 13:31:00,2021-03-24 13:43:00,1,2265000.0,0,False,283125.0,113250.0,0,8,3,5,3,3,533,Leales,0,0,0,0,Valor medio-alto
0355B2ZSMZ,Alimentos y bebidas,Restaurante / Café,Suaita,2021-03-27 16:50:00,2021-03-27 16:58:00,2021-03-27 17:00:00,1,1610100.0,270100,False,89450.0,80505.0,0,18,3,5,4,3,543,Leales,2,0,0,0,Valor medio-alto
04J2LSELVY,Transporte,Taxi,Cali,2021-03-04 15:02:00,2021-03-04 16:07:00,2021-03-04 16:08:00,1,596000.0,60000,False,99333.33333333333,29800.0,1,6,2,2,2,2,222,Perdidos / Hibernando,0,0,1,0,Valor medio-alto
04MFYD9KBY,Comercio detallista,Electrodomésticos,Bogotá D.C.,2021-03-23 08:59:00,2021-03-23 09:08:00,2021-03-23 09:11:00,1,1632300.0,0,False,408075.0,81615.0,0,4,3,5,2,3,523,Nuevos / En crecimiento,0,0,0,0,Valor medio-alto
058CLYFL10,Servicios,Otro,Bogotá D.C.,2021-02-08 14:16:00,2021-02-08 14:38:00,2021-02-08 14:40:00,1,464000.0,0,False,66285.71428571429,23200.0,0,7,3,5,2,2,522,Nuevos / En crecimiento,0,0,0,0,Valor medio-alto
05LBQA2VIO,Servicios,Logística,Bogotá D.C.,2021-03-09 11:12:00,2021-03-09 11:22:00,2021-03-09 11:24:00,1,3041500.0,571000,False,337944.44444444444,152075.0,0,9,3,5,3,4,534,Leales,0,0,0,0,Valor medio-alto
06QX4IFQGD,Transporte,Taxi,Cali,2021-03-04 13:17:00,2021-03-04 13:45:00,2021-03-04 13:50:00,1,1000.0,0,False,1000.0,50.0,2,1,1,2,1,1,211,Perdidos / Hibernando,1,1,2,1,Valor medio
0773NFXBJD,Comercio detallista,Ropa / Accesorios,Soacha,2021-02-09 15:01:00,2021-02-09 15:07:00,2021-02-09 15:10:00,1,2000.0,0,False,2000.0,100.0,3,1,1,1,1,1,111,Perdidos / Hibernando,1,1,2,1,Valor medio
08GD0QW9SY,Servicios,Otro,Bogotá D.C.,2021-02-02 12:05:00,2021-02-02 12:17:00,2021-02-02 12:22:00,1,85000.0,0,False,42500.0,4250.0,3,2,1,1,1,1,111,Perdidos / Hibernando,1,1,1,1,Valor medio
08QOL1S7YA,Reparación y limpieza,Lavandería,Bogotá D.C.,2021-03-27 17:31:00,2021-03-27 17:42:00,2021-03-27 17:46:00,1,2000.0,0,False,2000.0,100.0,2,1,1,2,1,1,211,Perdidos / Hibernando,1,1,2,1,Valor medio
08UFNI3X2R,Comercio detallista,Electrodomésticos,Bogotá D.C.,2021-03-19 11:49:00,2021-03-19 11:55:00,2021-03-19 11:57:00,1,526000.0,525000,False,526000.0,26300.0,2,1,1,2,1,2,212,Perdidos / Hibernando,1,1,1,1,Valor medio
097LK3OZHR,Comercio detallista,Óptica,Bogotá D.C.,2021-02-19 17:29:00,2021-02-19 17:32:00,2021-02-19 17:34:00,1,3050000.0,0,False,254166.66666666666,152500.0,0,12,4,5,3,4,534,Leales,0,0,0,0,Valor medio-alto
09BZY6KN5E,Comercio detallista,Ropa / Accesorios,Bogotá D.C.,2021-03-09 13:13:00,2021-03-09 13:19:00,2021-03-09 13:22:00,1,3878000.0,0,False,121187.5,193900.0,1,32,2,2,5,4,254,En riesgo (antes valiosos),2,0,0,0,Valor medio-alto
0AAKONZD03,Alimentos y bebidas,Restaurante / Café,Cota,2021-03-16 15:35:00,2021-03-16 15:44:00,2021-03-16 15:46:00,1,1383800.0,287550,False,51251.851851851854,69190.0,0,27,3,5,4,3,543,Leales,2,0,0,0,Valor medio-alto
0AMAEK8YCJ,Comercio detallista,Muebles / Decoración,Bogotá D.C.,2021-03-06 18:28:00,2021-03-06 18:37:00,2021-03-06 18:40:00,1,3702000.0,0,False,925500.0,185100.0,2,4,1,2,2,4,224,Potenciales,0,0,1,0,Valor medio-alto
0B5X8PJ0E3,Comercio detallista,Ropa / Accesorios,Bogotá D.C.,2021-03-23 17:43:00,2021-03-23 17:52:00,2021-03-27 12:37:00,1,4134000.0,595000,False,147642.85714285713,206700.0,0,28,3,5,4,4,544,Campeones,2,0,0,0,Valor medio-alto
0BY8U7KCBS,Comercio detallista,Muebles / Decoración,Soacha,,,,1,13315005.0,0,False,605227.5,665750.25,0,22,5,5,4,5,545,Campeones,2,0,0,0,Valor medio-alto
0CSUDOGURX,Comercio detallista,Venta de bicicletas y accesorios,Bogotá D.C.,2021-03-23 12:37:00,2021-03-23 12:49:00,2021-03-23 12:54:00,1,5750850.0,360750,False,273850.0,287542.5,0,21,3,5,4,4,544,Campeones,2,0,0,0,Valor medio-alto
0DGJFZLOWI,Alimentos y bebidas,Abarrotes / Mercado,Bogotá D.C.,2021-02-03 15:04:00,2021-02-03 15:14:00,2021-02-03 15:17:00,1,854500.0,55000,False,28483.333333333332,42725.0,0,30,4,5,5,2,552,Leales,2,0,0,0,Valor medio-alto
0DT7B70GHI,Servicios,Otro,Bogotá D.C.,,,,1,3302000.0,0,False,1100666.6666666667,165100.0,5,3,1,1,1,4,114,Potenciales,1,1,2,1,Valor medio
0DXWUKY4BR,Comercio detallista,Óptica,Bogotá D.C.,2021-02-19 16:25:00,2021-02-19 16:31:00,2021-02-19 16:33:00,1,10387000.0,1545000,False,451608.6956521739,519350.0,0,23,4,5,4,5,545,Campeones,2,0,0,0,Valor medio-alto
0E4AAVCEUB,Servicios,Carpintería,Bogotá D.C.,2021-03-25 09:55:00,2021-03-25 10:04:00,2021-03-25 10:11:00,1,952000.0,0,False,317333.3333333333,47600.0,2,3,1,2,1,2,212,Perdidos / Hibernando,0,1,1,1,Valor medio
0EHHJL2T2B,Comercio detallista,Materiales de construcción,Bogotá D.C.,2021-03-25 14:10:00,2021-03-25 14:18:00,2021-03-25 14:40:00,1,36600.0,0,False,18300.0,1830.0,1,2,2,2,1,1,211,Perdidos / Hibernando,1,1,1,1,Valor medio
0ENZT1J0PS,Belleza y cuidado personal,Distribuidora,Bogotá D.C.,2021-02-04 12:04:00,2021-02-04 12:25:00,2021-02-04 12:29:00,1,1357500.0,299300,False,45250.0,67875.0,0,30,4,5,5,3,553,Leales,2,0,0,0,Valor medio-alto
0FC0D0YX31,Comercio detallista,Maquinaria,Bogotá D.C.,2021-03-11 10:22:00,2021-03-11 10:31:00,2021-03-11 10:33:00,1,2000.0,0,False,2000.0,100.0,2,1,1,2,1,1,211,Perdidos / Hibernando,1,1,2,1,Valor medio
0FF11T68EV,Comercio detallista,Materiales de construcción,Fusagasugá,2021-03-10 12:07:00,2021-03-10 12:15:00,2021-03-10 12:17:00,1,2000.0,0,False,2000.0,100.0,2,1,1,2,1,1,211,Perdidos / Hibernando,1,1,2,1,Valor medio
0FHL1TQB2S,Alimentos y bebidas,Comida rápida,Bogotá D.C.,2021-03-15 16:02:00,2021-03-15 16:12:00,2021-03-15 16:13:00,1,1032900.0,114100,False,41316.0,51645.0,0,25,3,5,4,3,543,Leales,2,0,0,0,Valor medio-alto
0FNDKBYYVG,Belleza y cuidado personal,Salón de belleza,Bogotá D.C.,2021-02-16 19:05:00,2021-02-16 19:10:00,2021-02-17 21:01:00,1,455000.0,0,False,113750.0,22750.0,2,4,2,2,2,2,222,Perdidos / Hibernando,1,0,1,0,Valor medio-alto
0FTPK27J7W,Comercio detallista,Ropa / Accesorios,Bogotá D.C.,2021-03-12 15:15:00,2021-03-12 15:34:00,2021-03-12 15:37:00,1,1354000.0,598000,False,123090.90909090909,67700.0,0,11,2,5,3,3,533,Leales,0,0,0,0,Valor medio-alto
0G4Y78FE5B,Comercio detallista,Joyería,Fusagasugá,2021-03-18 10:48:00,2021-03-18 10:56:00,2021-03-18 11:04:00,1,1252000.0,1250000,False,1252000.0,62600.0,2,1,1,2,1,3,213,Potenciales,1,1,1,1,Valor medio
0G5NDR3BB6,Comercio detallista,Óptica,Bogotá D.C.,2021-03-18 15:05:00,2021-03-18 15:13:00,2021-03-18 15:15:00,1,1371000.0,30000,False,195857.14285714287,68550.0,0,7,3,5,2,3,523,Nuevos / En crecimiento,0,0,0,0,Valor medio-alto
0GU0J2GTME,Comercio detallista,Materiales de construcción,Bogotá D.C.,2021-03-18 11:20:00,2021-03-18 11:37:00,2021-03-18 11:50:00,1,380780.0,0,False,95195.0,19039.0,0,4,3,5,2,2,522,Nuevos / En crecimiento,0,0,1,0,Valor medio-alto
0H3X50NI9Z,Servicios,Otro,Bogotá D.C.,2021-03-05 16:16:00,2021-03-05 16:23:00,2021-03-05 16:26:00,1,616000.0,0,False,102666.66666666667,30800.0,0,6,2,5,2,2,522,Nuevos / En crecimiento,0,0,0,0,Valor medio-alto
0HB9TIG7HU,Comercio detallista,Óptica,Bogotá D.C.,2021-03-16 14:12:00,2021-03-16 14:18:00,2021-03-16 15:01:00,1,4897000.0,860000,False,408083.3333333333,244850.0,0,12,3,5,3,4,534,Leales,0,0,0,0,Valor medio-alto
0HOVMSFJGN,Alimentos y bebidas,Comida rápida,Bogotá D.C.,,,,1,46900.0,0,False,11725.0,2345.0,4,4,2,1,2,1,121,Perdidos / Hibernando,1,1,2,1,Valor medio
0I6J5ONJRV,Comercio detallista,Joyería,Chía,2021-03-16 10:19:00,2021-03-16 10:29:00,2021-03-16 10:34:00,1,2000.0,0,False,1000.0,100.0,2,2,1,2,1,1,211,Perdidos / Hibernando,1,1,2,1,Valor medio
0IJ37XWUHM,Comercio detallista,Tecnología,Cali,2021-03-24 12:44:00,2021-03-24 12:57:00,2021-03-24 13:00:00,1,2000.0,0,False,1000.0,100.0,2,2,1,2,1,1,211,Perdidos / Hibernando,1,1,2,1,Valor medio
0IK1SWZ556,Transporte,Servicio especial,Bogotá D.C.,2021-03-24 10:07:00,2021-03-24 10:50:00,2021-03-24 10:53:00,1,170200.0,22000,False,56733.333333333336,8510.0,1,3,2,2,1,1,211,Perdidos / Hibernando,0,0,1,0,Valor medio-alto
0IKBM9ST4Y,Belleza y cuidado personal,Salón de belleza,Bogotá D.C.,2021-03-12 16:24:00,2021-03-12 16:29:00,2021-03-12 16:35:00,1,345400.0,57400,False,43175.0,17270.0,0,8,3,5,3,2,532,Leales,0,0,1,0,Valor medio-alto
0IODSP7LZM,Reparación y limpieza,Limpieza del hogar,Soacha,2021-02-01 21:20:00,2021-02-01 21:31:00,2021-02-01 21:35:00,1,92000.0,0,False,46000.0,4600.0,3,2,1,1,1,1,111,Perdidos / Hibernando,1,1,1,1,Valor medio
0JA0L0GSES,Comercio detallista,Joyería,Funza,2021-03-13 19:12:00,2021-03-13 19:17:00,2021-03-13 19:20:00,1,67000.0,0,False,33500.0,3350.0,2,2,1,2,1,1,211,Perdidos / Hibernando,1,1,1,1,Valor medio
0JIWIWKDFN,Belleza y cuidado personal,Salón de belleza,Bogotá D.C.,2021-03-11 15:47:00,2021-03-11 15:58:00,2021-03-11 16:01:00,1,395000.0,0,False,98750.0,19750.0,2,4,1,2,2,2,222,Perdidos / Hibernando,1,1,1,1,Valor medio
0JPM8XWDEB,Comercio detallista,Óptica,Bogotá D.C.,2021-03-05 17:24:00,2021-03-05 17:33:00,2021-03-05 17:36:00,1,1502000.0,0,False,214571.42857142858,75100.0,0,7,3,5,3,3,533,Leales,0,0,0,0,Valor medio-alto
0K1UO3JRIC,Comercio detallista,Auto partes,Bogotá D.C.,2021-03-01 18:43:00,2021-03-01 18:53:00,2021-03-01 18:55:00,1,2651000.0,0,False,189357.14285714287,132550.0,0,14,3,5,3,4,534,Leales,0,0,0,0,Valor medio-alto
0KWCDP63O8,Comercio detallista,Óptica,Bogotá D.C.,,,,1,5422000.0,790000,False,258190.47619047618,271100.0,0,21,5,5,4,4,544,Campeones,2,0,0,0,Valor medio-alto
0LJJAGI2AJ,Comercio detallista,Tecnología,Bogotá D.C.,2021-03-11 15:31:00,2021-03-11 15:36:00,2021-03-11 15:38:00,1,3166600.0,316000,False,166663.15789473685,158330.0,0,19,3,5,4,4,544,Campeones,2,0,0,0,Valor medio-alto
0MGPBZHLHG,Belleza y cuidado personal,Otro,Bogotá D.C.,,,,1,2000.0,0,False,2000.0,100.0,5,1,1,1,1,1,111,Perdidos / Hibernando,1,1,2,1,Valor medio
0MW72KB3P3,Belleza y cuidado personal,Distribuidora,Bogotá D.C.,2021-03-17 13:09:00,2021-03-17 13:16:00,2021-03-17 13:18:00,1,3523750.0,0,False,74973.40425531915,176187.5,0,47,3,5,5,4,554,Campeones,2,0,0,0,Valor medio-alto
0N7O44LYZC,Comercio detallista,Muebles / Decoración,Bogotá D.C.,,,,1,2000.0,0,False,2000.0,100.0,5,1,1,1,1,1,111,Perdidos / Hibernando,1,1,2,1,Valor medio
0NCW4BV0QP,Comercio detallista,Ropa / Accesorios,Bogotá D.C.,2021-03-27 10:46:00,2021-03-27 10:51:00,2021-03-27 10:53:00,1,556000.0,148000,False,111200.0,27800.0,0,5,3,5,2,2,522,Nuevos / En crecimiento,0,0,1,0,Valor medio-alto
0P24STA4HM,Comercio detallista,Auto partes,Bogotá D.C.,2021-03-19 10:23:00,2021-03-19 10:32:00,2021-03-19 10:37:00,1,908610.0,43000,False,151435.0,45430.5,0,6,3,5,2,2,522,Nuevos / En crecimiento,0,0,0,0,Valor medio-alto
0P357K5CIU,Comercio detallista,Materiales de construcción,Bogotá D.C.,2021-03-13 12:19:00,2021-03-13 12:28:00,2021-03-13 12:32:00,1,1063500.0,77800,False,53175.0,53175.0,0,20,3,5,4,3,543,Leales,2,0,0,0,Valor medio-alto
0PFA0XM1DV,Servicios,Medicina / Odontología,Cajicá,2021-03-24 19:11:00,2021-03-24 19:24:00,2021-03-24 19:28:00,1,2000.0,0,False,2000.0,100.0,2,1,1,2,1,1,211,Perdidos / Hibernando,1,1,2,1,Valor medio
0PN6MFSFC6,Comercio detallista,Tecnología,Bogotá D.C.,2021-03-11 17:27:00,2021-03-11 17:49:00,2021-03-11 17:56:00,1,1834400.0,335000,False,70553.84615384616,91720.0,0,26,3,5,4,3,543,Leales,2,0,0,0,Valor medio-alto
0PTFQVKSQS,Transporte,Servicio especial,Cali,2021-03-04 07:57:00,2021-03-04 08:11:00,2021-03-04 08:20:00,1,21921280.0,8861780,False,447373.0612244898,1096064.0,0,49,3,5,5,5,555,Campeones,2,0,0,0,Valor medio-alto
0Q8I9IQYLP,Alimentos y bebidas,Restaurante / Café,Bogotá D.C.,2021-03-24 12:11:00,2021-03-24 21:41:00,2021-03-24 21:44:00,1,83000.0,0,False,27666.666666666668,4150.0,1,3,2,2,1,1,211,Perdidos / Hibernando,0,1,1,1,Valor medio
0QAFIPZDVG,Comercio detallista,Libros / Papelería,Bogotá D.C.,2021-02-03 21:33:00,2021-02-03 21:53:00,2021-02-03 22:23:00,1,569150.0,0,False,189716.66666666666,28457.5,1,3,2,2,1,2,212,Perdidos / Hibernando,0,0,1,0,Valor medio-alto
0QWT5VZ8K4,Comercio detallista,Juguetería / Piñatería,Bogotá D.C.,2021-03-12 14:55:00,2021-03-12 15:00:00,2021-03-12 15:03:00,1,1127400.0,0,False,56370.0,56370.0,0,20,3,5,4,3,543,Leales,2,0,0,0,Valor medio-alto
0R5JCPUBX5,Reparación y limpieza,Moda / Zapatería,Bogotá D.C.,2021-03-10 15:49:00,2021-03-10 15:58:00,2021-03-10 16:09:00,1,629950.0,113800,False,89992.85714285714,31497.5,0,7,2,5,3,2,532,Leales,0,0,0,0,Valor medio-alto
0RONJIRS7A,Comercio detallista,Ropa / Accesorios,Bogotá D.C.,2021-03-25 14:03:00,2021-03-25 14:10:00,2021-03-25 14:15:00,1,512000.0,0,False,170666.66666666666,25600.0,2,3,1,2,1,2,212,Perdidos / Hibernando,1,1,1,1,Valor medio
0RWB4NMYHV,Comercio detallista,Elementos de seguridad,Bogotá D.C.,2021-03-10 15:22:00,2021-03-10 15:35:00,2021-03-10 15:37:00,1,6338960.0,2112360,False,264123.3333333333,316948.0,0,24,3,5,4,5,545,Campeones,2,0,0,0,Valor medio-alto
0S0DQUXKIP,Servicios,Otro,Bogotá D.C.,2021-03-24 09:13:00,2021-03-24 09:24:00,2021-03-24 09:27:00,1,910000.0,388000,False,910000.0,45500.0,2,1,1,2,1,2,212,Perdidos / Hibernando,1,1,1,1,Valor medio
0S3S0LVWIY,Comercio detallista,Mascotas,Bogotá D.C.,2021-03-26 10:54:00,2021-03-26 11:03:00,2021-03-26 11:06:00,1,3081000.0,1052000,False,237000.0,154050.0,0,13,3,5,3,4,534,Leales,0,0,0,0,Valor medio-alto
0T1D7C0AUF,Comercio detallista,Ropa / Accesorios,Cali,2021-03-20 09:47:00,2021-03-20 10:01:00,2021-03-20 10:15:00,1,100000.0,0,False,100000.0,5000.0,2,1,1,2,1,1,211,Perdidos / Hibernando,1,1,1,1,Valor medio
0TPBWIAGDR,Comercio detallista,Materiales de construcción,Bogotá D.C.,2021-03-12 19:14:00,2021-03-13 11:24:00,2021-03-13 11:26:00,1,1355300.0,178300,False,84706.25,67765.0,0,16,3,5,4,3,543,Leales,0,0,0,0,Valor medio-alto
0UE0G86TAF,Servicios,Otro,Bogotá D.C.,,,,1,6045000.0,120000,False,335833.3333333333,302250.0,0,18,6,5,4,4,544,Campeones,2,0,0,0,Valor medio-alto
0VDKOUYDG5,Comercio detallista,Óptica,Bogotá D.C.,2021-03-01 16:45:00,2021-03-01 16:50:00,2021-03-01 16:55:00,1,457000.0,0,False,228500.0,22850.0,2,2,1,2,1,2,212,Perdidos / Hibernando,1,1,1,1,Valor medio
0VLU2MNKP7,Servicios,Otro,Melgar,,,,1,862400.0,0,False,53900.0,43120.0,0,16,5,5,4,2,542,Leales,0,0,0,0,Valor medio-alto
0W9VH51YJN,Reparación y limpieza,Reparaciones locativas,Bogotá D.C.,2021-03-15 19:03:00,2021-03-15 19:12:00,2021-03-15 19:15:00,1,2000.0,0,False,2000.0,100.0,2,1,1,2,1,1,211,Perdidos / Hibernando,1,1,2,1,Valor medio
0WBFHL42RM,Comercio detallista,Tecnología,Bogotá D.C.,2021-03-08 12:16:00,2021-03-08 12:29:00,2021-03-08 12:35:00,1,430000.0,198000,False,61428.57142857143,21500.0,0,7,3,5,3,2,532,Leales,0,0,0,0,Valor medio-alto
0X3B5RBSL1,Comercio detallista,Óptica,Bogotá D.C.,2021-02-09 13:27:00,2021-02-09 13:33:00,2021-02-09 13:35:00,1,3000.0,0,False,1500.0,150.0,3,2,1,1,1,1,111,Perdidos / Hibernando,1,1,2,1,Valor medio
0X90G1JAAC,Comercio detallista,Óptica,Bogotá D.C.,2021-03-05 17:22:00,2021-03-05 17:29:00,2021-03-05 17:30:00,1,4000.0,0,False,2000.0,200.0,2,2,1,2,1,1,211,Perdidos / Hibernando,1,1,2,1,Valor medio
0XCPFFNN30,Comercio detallista,Óptica,Bogotá D.C.,,,,1,2422000.0,550000,False,302750.0,121100.0,2,8,4,2,3,3,233,Potenciales,0,0,1,0,Valor medio-alto
0XM9ZQXRYX,Turismo y entretenimiento,Hoteles,Choachí,2021-03-21 14:22:00,2021-03-21 14:26:00,2021-03-21 14:40:00,1,1595500.0,387000,False,75976.19047619047,79775.0,0,21,3,5,4,3,543,Leales,2,0,0,0,Valor medio-alto
0YNDKGAXNL,Comercio detallista,Óptica,Bogotá D.C.,2021-02-01 12:52:00,2021-02-01 12:58:00,2021-02-01 13:01:00,1,44343000.0,5827000,False,335931.8181818182,2217150.0,0,132,4,5,5,5,555,Campeones,2,0,0,0,Valor medio-alto
0YZ3QOS93E,Comercio detallista,Café internet,Funza,2021-03-08 15:27:00,2021-03-08 15:44:00,2021-03-08 15:47:00,1,3000.0,0,False,1500.0,150.0,2,2,1,2,1,1,211,Perdidos / Hibernando,1,1,2,1,Valor medio
0ZL8ZVUXOP,Comercio detallista,Libros / Papelería,Bogotá D.C.,2021-03-18 12:40:00,2021-03-18 12:51:00,2021-03-18 12:53:00,1,2629700.0,321700,False,39843.93939393939,131485.0,0,66,3,5,5,4,554,Campeones,2,0,0,0,Valor medio-alto
0ZT6F19K0Q,Servicios,Medicina / Odontología,Cali,2021-03-12 18:27:00,2021-03-12 18:44:00,2021-03-12 18:49:00,1,94000.0,0,False,31333.333333333332,4700.0,0,3,3,5,1,1,511,Nuevos / En crecimiento,0,0,1,0,Valor medio-alto
104D16C02Q,Alimentos y bebidas,Abarrotes / Mercado,Bogotá D.C.,2021-03-12 16:28:00,2021-03-12 16:41:00,2021-03-12 16:48:00,1,3896300.0,543550,False,35101.801801801805,194815.0,0,111,3,5,5,4,554,Campeones,2,0,0,0,Valor medio-alto
10M75FFVOG,Comercio detallista,Óptica,Bogotá D.C.,2021-02-04 15:24:00,2021-02-04 15:38:00,2021-02-04 15:42:00,1,5113000.0,587000,False,300764.70588235295,255650.0,0,17,4,5,4,4,544,Campeones,2,0,0,0,Valor medio-alto
10RSZJTDBD,Belleza y cuidado personal,Centro de tatuajes,Bogotá D.C.,2021-02-17 15:15:00,2021-02-17 15:23:00,2021-02-17 15:27:00,1,12455500.0,0,False,444839.28571428574,622775.0,0,28,4,5,4,5,545,Campeones,2,0,0,0,Valor medio-alto
1149FP2AIW,Comercio detallista,Tecnología,Bogotá D.C.,2021-03-10 15:18:00,2021-03-10 15:27:00,2021-03-10 15:29:00,1,617000.0,0,False,102833.33333333333,30850.0,1,6,2,2,2,2,222,Perdidos / Hibernando,0,0,1,0,Valor medio-alto
11V4VMOMO1,Turismo y entretenimiento,Centro de recreación y deporte,Bogotá D.C.,,,,1,2000.0,0,False,2000.0,100.0,5,1,1,1,1,1,111,Perdidos / Hibernando,1,1,2,1,Valor medio
126JEYCDHF,Alimentos y bebidas,Restaurante / Café,Chía,2021-03-19 15:40:00,2021-03-19 15:52:00,2021-03-19 15:54:00,1,804350.0,94000,False,32174.0,40217.5,0,25,3,5,4,2,542,Leales,2,0,0,0,Valor medio-alto
12VM871I0S,Alimentos y bebidas,Abarrotes / Mercado,Cali,2021-03-17 17:46:00,2021-03-17 18:03:00,2021-03-17 18:05:00,1,1100.0,0,False,1100.0,55.0,2,1,1,2,1,1,211,Perdidos / Hibernando,1,1,2,1,Valor medio
13C57ZLYB2,Alimentos y bebidas,Abarrotes / Mercado,Bogotá D.C.,2021-03-30 12:21:00,2021-03-30 12:29:00,2021-03-30 12:31:00,1,2945900.0,691600,False,68509.30232558139,147295.0,0,43,3,5,5,4,554,Campeones,2,0,0,0,Valor medio-alto
14BLS7RWUM,Comercio detallista,Óptica,Bogotá D.C.,2021-03-26 12:52:00,2021-03-26 13:02:00,2021-03-26 13:05:00,1,2801000.0,680000,False,350125.0,140050.0,0,8,3,5,3,4,534,Leales,0,0,0,0,Valor medio-alto
151OFC9R4A,Comercio detallista,Óptica,Bogotá D.C.,2021-02-13 11:33:00,2021-02-13 11:43:00,2021-02-13 15:51:00,1,2719000.0,550000,False,388428.5714285714,135950.0,0,7,4,5,3,4,534,Leales,0,0,0,0,Valor medio-alto
15VSQZS9OS,Alimentos y bebidas,Comida rápida,Bogotá D.C.,2021-02-05 20:30:00,2021-02-15 11:44:00,,2,5134400.0,1133800,False,34229.333333333336,256720.0,0,150,4,5,5,4,554,Campeones,2,2,0,2,Valor alto
165E10R73Z,Alimentos y bebidas,Abarrotes / Mercado,Chía,2021-03-24 13:09:00,2021-03-24 13:21:00,2021-03-24 13:26:00,1,422575.0,122685,False,84515.0,21128.75,0,5,3,5,2,2,522,Nuevos / En crecimiento,0,0,1,0,Valor medio-alto
16E4UZL9KM,Comercio detallista,Auto partes,Bogotá D.C.,2021-03-15 15:20:00,2021-03-15 15:30:00,2021-03-15 15:34:00,1,1890500.0,200000,False,378100.0,94525.0,0,5,3,5,2,3,523,Nuevos / En crecimiento,0,0,0,0,Valor medio-alto
16I7T9HCDI,Transporte,Taxi,Cali,2021-03-01 14:55:00,2021-03-01 15:08:00,2021-03-01 15:12:00,1,1000.0,0,False,1000.0,50.0,2,1,1,2,1,1,211,Perdidos / Hibernando,1,1,2,1,Valor medio
16LK63O4BJ,Comercio detallista,Ropa / Accesorios,Bogotá D.C.,2021-03-29 17:39:00,2021-03-29 17:48:00,2021-03-29 17:50:00,1,116000.0,45000,False,58000.0,5800.0,1,2,2,2,1,1,211,Perdidos / Hibernando,0,1,1,1,Valor medio
175ORGTF37,Reparación y limpieza,Moda / Zapatería,Bogotá D.C.,2021-03-08 17:15:00,2021-03-08 17:20:00,2021-03-08 17:22:00,1,140000.0,0,False,70000.0,7000.0,2,2,1,2,1,1,211,Perdidos / Hibernando,1,1,1,1,Valor medio
17KC0BBP0G,Alimentos y bebidas,Repostería / Panadería,El Rosal,2021-03-16 18:00:00,2021-03-16 18:11:00,2021-03-16 18:13:00,1,951400.0,133700,False,29731.25,47570.0,0,32,3,5,5,2,552,Leales,2,0,0,0,Valor medio-alto
17PZ2RWF0H,Belleza y cuidado personal,Centro de tatuajes,Bogotá D.C.,,,,1,1977000.0,82000,False,59909.09090909091,98850.0,0,33,5,5,5,3,553,Leales,2,0,0,0,Valor medio-alto
17QW4XKO6B,Comercio detallista,Óptica,Bogotá D.C.,,,,1,3002000.0,720000,False,333555.55555555556,150100.0,0,9,5,5,3,4,534,Leales,0,0,0,0,Valor medio-alto
17SB9B1ARV,Reparación y limpieza,Automotriz y autopartes,Bogotá D.C.,2021-03-18 13:56:00,2021-03-18 14:02:00,2021-03-18 14:06:00,1,4952000.0,400000,False,1650666.6666666667,247600.0,1,3,2,2,1,4,214,Potenciales,0,0,1,0,Valor medio-alto
1810KYE17R,Transporte,Servicio especial,Bogotá D.C.,2021-03-20 06:01:00,2021-03-20 06:10:00,2021-03-20 06:12:00,1,76000.0,0,False,25333.333333333332,3800.0,0,3,2,5,1,1,511,Nuevos / En crecimiento,0,0,1,0,Valor medio-alto
181A3JZR4S,Servicios,Tecnología y software,Bogotá D.C.,2021-02-23 13:36:00,2021-02-23 13:41:00,2021-02-23 13:45:00,1,5651000.0,367000,False,565100.0,282550.0,0,10,4,5,3,4,534,Leales,0,0,0,0,Valor medio-alto
18HT52YQE2,Comercio detallista,Ropa / Accesorios,Bogotá D.C.,2021-03-30 15:41:00,2021-03-30 15:49:00,2021-03-30 15:52:00,1,607500.0,208500,False,121500.0,30375.0,0,5,2,5,2,2,522,Nuevos / En crecimiento,0,0,1,0,Valor medio-alto
18KWFU13B7,Comercio detallista,Ropa / Accesorios,Bogotá D.C.,2021-03-23 12:52:00,2021-03-23 13:00:00,2021-03-23 13:02:00,1,5412700.0,768800,False,225529.16666666666,270635.0,0,24,3,5,4,4,544,Campeones,2,0,0,0,Valor medio-alto
18QMUN3GL9,Servicios,Otro,Bogotá D.C.,2021-02-18 11:55:00,2021-02-18 12:03:00,2021-02-18 12:05:00,1,826000.0,79000,False,103250.0,41300.0,0,8,3,5,3,2,532,Leales,0,0,0,0,Valor medio-alto
1A29XH7F6M,Comercio detallista,Elementos del hogar,Mosquera,2021-03-13 12:02:00,2021-03-13 12:09:00,2021-03-13 15:48:00,1,1138000.0,0,False,569000.0,56900.0,2,2,1,2,1,3,213,Potenciales,0,1,1,1,Valor medio
1ACZQ0HGAJ,Alimentos y bebidas,Abarrotes / Mercado,Bogotá D.C.,2021-02-19 19:48:00,2021-02-19 19:56:00,2021-02-19 21:46:00,1,3986600.0,295300,False,30432.06106870229,199330.0,0,131,4,5,5,4,554,Campeones,2,0,0,0,Valor medio-alto
1AGM7ZJ1RD,Comercio detallista,Otro,Bogotá D.C.,2021-03-02 15:58:00,2021-03-02 16:13:00,2021-03-02 16:17:00,1,298000.0,0,False,99333.33333333333,14900.0,0,3,3,5,1,2,512,Nuevos / En crecimiento,0,0,1,0,Valor medio-alto
1AIPRY67PX,Transporte,Domicilios,Bogotá D.C.,2020-07-27 16:11:00,,,1,150000.0,15000,False,1063.8297872340424,7500.0,3,141,3,1,5,1,151,En riesgo (antes valiosos),2,1,1,1,Valor medio
1AWSOXNEI7,Comercio detallista,Óptica,Bogotá D.C.,2021-03-11 15:49:00,2021-03-11 15:59:00,2021-03-31 13:06:00,1,330000.0,0,False,165000.0,16500.0,2,2,1,2,1,2,212,Perdidos / Hibernando,1,1,1,1,Valor medio
1BLOO4YPSN,Comercio detallista,Tecnología,Bogotá D.C.,2021-03-23 19:07:00,2021-03-23 19:19:00,2021-03-23 19:26:00,1,1618800.0,195550,False,161880.0,80940.0,0,10,3,5,3,3,533,Leales,0,0,0,0,Valor medio-alto
1C0G3LQO7U,Servicios,Medicina / Odontología,Bogotá D.C.,2021-03-29 15:50:00,2021-03-29 16:12:00,2021-03-29 16:21:00,1,6786950.0,3015600,False,357207.8947368421,339347.5,0,19,3,5,4,5,545,Campeones,2,0,0,0,Valor medio-alto
1C9EUDWN8H,Comercio detallista,Óptica,Soacha,2021-03-23 13:00:00,2021-03-23 13:07:00,2021-03-23 13:10:00,1,5701000.0,3428000,False,950166.6666666666,285050.0,1,6,2,2,2,4,224,Potenciales,0,0,1,0,Valor medio-alto
1CJNR6C2GO,Comercio detallista,Muebles / Decoración,Bogotá D.C.,2021-02-19 15:43:00,2021-02-19 15:53:00,2021-02-19 15:55:00,1,178400.0,0,False,89200.0,8920.0,0,2,2,5,1,2,512,Nuevos / En crecimiento,0,0,1,0,Valor medio-alto
1CV0E286PF,Comercio detallista,Ropa / Accesorios,Bogotá D.C.,2021-03-17 12:36:00,2021-03-17 12:42:00,2021-03-17 12:45:00,1,3728810.0,336000,False,186440.5,186440.5,0,20,3,5,4,4,544,Campeones,2,0,0,0,Valor medio-alto
1D0B1S8HZQ,Alimentos y bebidas,Otro,Bogotá D.C.,2021-03-26 15:10:00,2021-03-26 15:30:00,2021-03-26 15:33:00,1,42000.0,0,False,8400.0,2100.0,1,5,2,2,2,1,221,Perdidos / Hibernando,0,1,1,1,Valor medio
1D4OV5BIO5,Comercio detallista,Artesanías,Bogotá D.C.,2021-03-18 09:58:00,2021-03-18 10:19:00,2021-03-18 10:20:00,1,322000.0,128000,False,46000.0,16100.0,0,7,2,5,3,2,532,Leales,0,0,1,0,Valor medio-alto
1D7VETOWRX,Comercio detallista,Tecnología,Bogotá D.C.,,,,1,5925060.0,1395700,False,423218.5714285714,296253.0,0,14,5,5,3,4,534,Leales,2,0,0,0,Valor medio-alto
1D9EHDLTAH,Comercio detallista,Tecnología,Bogotá D.C.,2021-03-24 12:33:00,2021-03-24 12:47:00,2021-03-24 12:52:00,1,1484000.0,850000,False,164888.88888888888,74200.0,0,9,3,5,3,3,533,Leales,0,0,0,0,Valor medio-alto
1E5QG3X0C5,Comercio detallista,Muebles / Decoración,Bogotá D.C.,,,,1,2000.0,0,False,2000.0,100.0,4,1,1,1,1,1,111,Perdidos / Hibernando,1,1,2,1,Valor medio
1FAIK8EKN6,Servicios,Otro,Bogotá D.C.,2021-03-16 12:46:00,2021-03-18 07:36:00,2021-03-18 07:57:00,1,20000.0,0,False,5000.0,1000.0,0,4,2,5,2,1,521,Nuevos / En crecimiento,0,1,1,1,Valor medio
1FC5TONKZ6,Comercio detallista,Tecnología,Bogotá D.C.,2021-03-03 14:55:00,2021-03-03 15:04:00,2021-03-03 15:07:00,1,623000.0,0,False,124600.0,31150.0,0,5,3,5,2,2,522,Nuevos / En crecimiento,0,0,1,0,Valor medio-alto
1FCHBWH80R,Comercio detallista,Otro,Bogotá D.C.,2021-03-03 13:56:00,2021-03-03 14:02:00,2021-03-03 14:06:00,1,2070000.0,250000,False,188181.81818181818,103500.0,0,11,3,5,3,3,533,Leales,0,0,0,0,Valor medio-alto
1FSV6PBJWF,Comercio detallista,Venta de bicicletas y accesorios,Sibaté,2021-03-09 11:26:00,2021-03-09 11:39:00,2021-03-09 11:42:00,1,1133000.0,0,False,125888.88888888889,56650.0,0,9,3,5,3,3,533,Leales,0,0,0,0,Valor medio-alto
1GFSP8V2WU,Servicios,Otro,Bogotá D.C.,2021-02-06 13:02:00,2021-02-06 13:10:00,2021-02-06 13:12:00,1,3684000.0,700000,False,368400.0,184200.0,0,10,3,5,3,4,534,Leales,0,0,0,0,Valor medio-alto
1GJLCJECTO,Comercio detallista,Ropa / Accesorios,Bogotá D.C.,2021-03-12 12:37:00,2021-03-12 12:41:00,2021-03-12 12:44:00,1,1592000.0,170000,False,159200.0,79600.0,0,10,3,5,3,3,533,Leales,0,0,0,0,Valor medio-alto
1GR5GDELCO,Belleza y cuidado personal,Salón de belleza,Cali,2021-03-24 15:12:00,2021-03-24 15:18:00,2021-03-24 15:21:00,1,1936000.0,300000,False,107555.55555555556,96800.0,0,18,3,5,4,3,543,Leales,2,0,0,0,Valor medio-alto
1GV16OSCLA,Comercio detallista,Elementos del hogar,Soacha,2021-03-25 12:09:00,2021-03-25 12:14:00,2021-03-25 12:17:00,1,4942000.0,1370000,False,617750.0,247100.0,0,8,3,5,3,4,534,Leales,0,0,0,0,Valor medio-alto
1I5GJ9M988,Comercio detallista,Óptica,Bogotá D.C.,2021-03-29 15:50:00,2021-03-29 15:56:00,2021-03-29 15:58:00,1,2383000.0,0,False,340428.5714285714,119150.0,0,7,3,5,3,3,533,Leales,0,0,0,0,Valor medio-alto
1IASIAUHHJ,Comercio detallista,Ropa / Accesorios,Bogotá D.C.,2021-03-12 11:31:00,2021-03-12 12:11:00,2021-03-12 12:13:00,1,2369000.0,315000,False,118450.0,118450.0,0,20,3,5,4,3,543,Leales,2,0,0,0,Valor medio-alto
1IDHRNT5X6,Alimentos y bebidas,Licores,Cali,2021-03-24 13:47:00,2021-03-24 14:04:00,2021-03-24 14:19:00,1,5010200.0,739700,False,30001.19760479042,250510.0,0,167,3,5,5,4,554,Campeones,2,0,0,0,Valor medio-alto
1IFJTRPV9R,Servicios,Diseño / Fotografía,Bogotá D.C.,2021-03-09 12:07:00,2021-03-09 12:18:00,2021-03-09 12:23:00,1,697000.0,0,False,174250.0,34850.0,0,4,2,5,2,2,522,Nuevos / En crecimiento,0,0,0,0,Valor medio-alto
1IHNGXFUM9,Comercio detallista,Tienda de deportes,Bogotá D.C.,2021-03-11 19:08:00,2021-03-11 19:20:00,2021-03-11 19:22:00,1,2968000.0,368000,False,228307.6923076923,148400.0,0,13,3,5,3,4,534,Leales,0,0,0,0,Valor medio-alto
1JZCALZ45V,Servicios,Veterinaria,Sibaté,2021-03-11 13:03:00,2021-03-11 13:10:00,2021-03-11 13:13:00,1,641000.0,296000,False,213666.66666666666,32050.0,2,3,1,2,1,2,212,Perdidos / Hibernando,1,1,1,1,Valor medio
1K15DOPTWA,Comercio detallista,Floristería,Bogotá D.C.,2021-03-06 11:36:00,2021-03-06 11:47:00,2021-03-06 11:49:00,1,2000.0,0,False,2000.0,100.0,2,1,1,1,1,1,111,Perdidos / Hibernando,1,1,2,1,Valor medio
1K5Y5MXU5B,Comercio detallista,Ropa / Accesorios,Bogotá D.C.,2021-03-16 15:51:00,2021-03-16 16:02:00,2021-03-16 16:05:00,1,1314000.0,750000,False,262800.0,65700.0,0,5,3,5,2,3,523,Nuevos / En crecimiento,0,0,0,0,Valor medio-alto
1K84HJGD45,Belleza y cuidado personal,Distribuidora,Bogotá D.C.,2021-03-12 11:33:00,2021-03-12 11:43:00,2021-03-12 11:46:00,1,655000.0,0,False,218333.33333333334,32750.0,1,3,2,2,1,2,212,Perdidos / Hibernando,0,0,1,0,Valor medio-alto
1KDUK7LEUV,Comercio detallista,Óptica,Bogotá D.C.,,,,1,27422000.0,1110000,False,356129.87012987013,1371100.0,0,77,6,5,5,5,555,Campeones,2,0,0,0,Valor medio-alto
1KN3L6Z878,Comercio detallista,Ropa / Accesorios,Bogotá D.C.,2021-03-19 17:31:00,2021-03-19 17:37:00,2021-03-19 17:38:00,1,18288800.0,2809800,False,309979.66101694916,914440.0,0,59,3,5,5,5,555,Campeones,2,0,0,0,Valor medio-alto
1KQ92VPKRS,Comercio detallista,Tecnología,Bogotá D.C.,2021-03-10 15:20:00,2021-03-10 15:28:00,2021-03-10 15:30:00,1,1533800.0,0,False,139436.36363636365,76690.0,0,11,3,5,3,3,533,Leales,0,0,0,0,Valor medio-alto
1KWDUSX8BR,Comercio detallista,Ropa / Accesorios,Bogotá D.C.,2021-02-24 13:42:00,2021-02-24 13:52:00,2021-02-24 13:54:00,1,2714000.0,280000,False,208769.23076923078,135700.0,0,13,3,5,3,4,534,Leales,0,0,0,0,Valor medio-alto
1L0O3IFQRZ,Reparación y limpieza,Automotriz y autopartes,Bogotá D.C.,2021-03-24 10:01:00,2021-03-24 10:36:00,2021-03-24 10:41:00,1,52000.0,0,False,26000.0,2600.0,1,2,2,2,1,1,211,Perdidos / Hibernando,0,1,1,1,Valor medio
1L2TFG5YLT,Comercio detallista,Otro,Soacha,,,,1,12850600.0,1238350,False,117895.41284403669,642530.0,0,109,5,5,5,5,555,Campeones,2,0,0,0,Valor medio-alto
1L2XH0PNHH,Comercio detallista,Ropa / Accesorios,Bogotá D.C.,2021-03-16 12:44:00,2021-03-16 12:56:00,2021-03-16 12:58:00,1,4322000.0,898500,False,166230.76923076922,216100.0,0,26,3,5,4,4,544,Campeones,2,0,0,0,Valor medio-alto
1L48T9NLTX,Comercio detallista,Tecnología,Mosquera,2021-03-30 11:53:00,2021-03-30 12:17:00,2021-03-30 12:19:00,1,210000.0,0,False,30000.0,10500.0,0,7,3,5,3,2,532,Leales,0,0,1,0,Valor medio-alto
1L6S9K57EG,Servicios,Tecnología y software,Bogotá D.C.,2021-02-23 18:33:00,2021-02-23 21:52:00,2021-02-23 21:54:00,1,1577000.0,0,False,788500.0,78850.0,3,2,1,1,1,3,113,Potenciales,1,1,1,1,Valor medio
1LJKQX0OTN,Servicios,Tecnología y software,Bogotá D.C.,,,,1,2000.0,0,False,2000.0,100.0,5,1,1,1,1,1,111,Perdidos / Hibernando,1,1,2,1,Valor medio
1LPWV3VHIG,Reparación y limpieza,Lavandería,Bogotá D.C.,2021-03-23 12:09:00,2021-03-23 12:37:00,2021-03-23 12:39:00,1,2035600.0,0,False,339266.6666666667,101780.0,1,6,2,2,2,3,223,Potenciales,0,0,1,0,Valor medio-alto
1LZW76ZGZF,Comercio detallista,Elementos del hogar,Bogotá D.C.,2021-03-28 12:34:00,2021-03-28 12:47:00,2021-03-28 12:49:00,1,9644000.0,2454000,False,146121.21212121213,482200.0,0,66,3,5,5,5,555,Campeones,2,0,0,0,Valor medio-alto
1NBQOVPEDC,Belleza y cuidado personal,Centro de tatuajes,Bogotá D.C.,2021-03-17 11:40:00,2021-03-17 11:52:00,2021-03-17 11:55:00,1,1025000.0,110000,False,68333.33333333333,51250.0,0,15,3,5,4,3,543,Leales,0,0,0,0,Valor medio-alto
1NG9C7IRS1,Servicios,Tecnología y software,Bogotá D.C.,2021-03-10 12:26:00,2021-03-10 12:39:00,2021-03-10 12:42:00,1,1393750.0,0,False,116145.83333333333,69687.5,0,12,3,5,3,3,533,Leales,0,0,0,0,Valor medio-alto
1NHGXNA6L4,Comercio detallista,Ropa / Accesorios,Bogotá D.C.,2021-03-23 14:43:00,2021-03-23 14:51:00,2021-03-23 14:57:00,1,1916000.0,599000,False,136857.14285714287,95800.0,0,14,3,5,3,3,533,Leales,0,0,0,0,Valor medio-alto
1NREY42L3I,Servicios,Medicina / Odontología,Bogotá D.C.,,,,1,12000.0,10000,False,12000.0,600.0,5,1,1,1,1,1,111,Perdidos / Hibernando,1,1,2,1,Valor medio
1O2INIFIO7,Comercio detallista,Muebles / Decoración,Bogotá D.C.,,,,1,2297000.0,0,False,459400.0,114850.0,1,5,3,2,2,3,223,Potenciales,0,0,1,0,Valor medio-alto
1OLQDXWGRN,Comercio detallista,Óptica,Bogotá D.C.,2021-03-26 09:28:00,2021-03-26 09:33:00,2021-03-26 09:39:00,1,6992000.0,3110000,False,466133.3333333333,349600.0,0,15,3,5,4,5,545,Campeones,2,0,0,0,Valor medio-alto
1PA0EIWUGO,Comercio detallista,Materiales de construcción,Bogotá D.C.,2021-03-03 15:12:00,2021-03-03 15:22:00,2021-03-03 15:24:00,1,7016109.0,3481000,False,334100.4285714286,350805.45,0,21,3,5,4,5,545,Campeones,2,0,0,0,Valor medio-alto
1PUJ3XYX4M,Comercio detallista,Mascotas,Bogotá D.C.,2021-03-02 13:58:00,2021-03-02 14:09:00,2021-03-05 11:20:00,1,788250.0,55000,False,71659.09090909091,39412.5,0,11,3,5,3,2,532,Leales,0,0,0,0,Valor medio-alto
1Q6QJR9AG3,Servicios,Otro,Bogotá D.C.,2021-03-04 13:49:00,2021-03-04 14:04:00,2021-03-04 14:08:00,1,5576196.0,2026637,False,348512.25,278809.8,0,16,3,5,4,4,544,Campeones,2,0,0,0,Valor medio-alto
1QDSWQ6VQ5,Reparación y limpieza,Moda / Zapatería,Bogotá D.C.,2021-03-11 12:20:00,2021-03-11 12:32:00,2021-03-11 12:34:00,1,2098000.0,1271000,False,349666.6666666667,104900.0,0,6,3,5,2,3,523,Nuevos / En crecimiento,0,0,0,0,Valor medio-alto
1QVT4INTZ2,Comercio detallista,Ropa / Accesorios,Bogotá D.C.,,2021-02-05 09:59:00,2021-02-05 10:02:00,1,4000.0,0,False,2000.0,200.0,3,2,1,1,1,1,111,Perdidos / Hibernando,1,1,2,1,Valor medio
1RR8D0M054,Comercio detallista,Farmacia,Bogotá D.C.,2021-03-09 10:26:00,2021-03-09 10:34:00,2021-03-09 10:37:00,1,2000.0,0,False,2000.0,100.0,2,1,1,1,1,1,111,Perdidos / Hibernando,1,1,2,1,Valor medio
1SF607C71I,Comercio detallista,Elementos de seguridad,Bogotá D.C.,2021-03-02 19:09:00,2021-03-02 19:14:00,2021-03-02 19:16:00,1,2000.0,0,False,2000.0,100.0,2,1,1,1,1,1,111,Perdidos / Hibernando,1,1,2,1,Valor medio
1SFVLT3KOI,Comercio detallista,Otro,Bogotá D.C.,2021-02-25 19:08:00,2021-02-25 19:14:00,2021-02-25 19:17:00,1,1020823.0,212823,False,51041.15,51041.15,0,20,4,5,4,3,543,Leales,2,0,0,0,Valor medio-alto
1SMS355DPI,Comercio detallista,Muebles / Decoración,Soacha,,,,1,9349000.0,298000,False,445190.4761904762,467450.0,0,21,6,5,4,5,545,Campeones,2,0,0,0,Valor medio-alto
1SNDS7EB7P,Comercio detallista,Tecnología,Bogotá D.C.,2021-03-12 14:44:00,2021-03-12 14:50:00,2021-03-12 14:53:00,1,3372100.0,222700,False,112403.33333333333,168605.0,0,30,3,5,5,4,554,Campeones,2,0,0,0,Valor medio-alto
1T1H62ZZGO,Comercio detallista,Libros / Papelería,Bogotá D.C.,2021-02-08 13:52:00,2021-02-08 14:03:00,2021-02-08 14:07:00,1,410000.0,0,False,68333.33333333333,20500.0,3,6,1,1,2,2,122,Perdidos / Hibernando,1,1,1,1,Valor medio
1TEU1KM5F0,Comercio detallista,Ropa / Accesorios,Bogotá D.C.,2021-03-23 12:46:00,2021-03-23 13:07:00,2021-05-22 13:35:00,1,1623400.0,1283400,False,541133.3333333334,81170.0,0,3,2,5,1,3,513,Nuevos / En crecimiento,0,0,0,0,Valor medio-alto
1TSATMXN7W,Comercio detallista,Tecnología,Soacha,2021-03-16 16:14:00,2021-03-16 16:34:00,2021-05-20 17:20:00,1,269000.0,0,False,53800.0,13450.0,0,5,1,5,2,2,522,Nuevos / En crecimiento,0,0,1,0,Valor medio-alto
1U3NT9DH0E,Servicios,Otro,Bogotá D.C.,2021-02-26 17:59:00,2021-02-26 18:05:00,2021-02-26 18:07:00,1,292000.0,0,False,48666.666666666664,14600.0,0,6,3,5,2,2,522,Nuevos / En crecimiento,0,0,1,0,Valor medio-alto
1UI6EAYNF1,Servicios,Otro,Bogotá D.C.,2021-03-08 20:59:00,2021-03-08 21:07:00,2021-03-08 21:09:00,1,2000.0,0,False,500.0,100.0,0,4,2,5,2,1,521,Nuevos / En crecimiento,0,1,1,1,Valor medio
1VC1C5HO5C,Comercio detallista,Ropa / Accesorios,Bogotá D.C.,2021-02-26 15:05:00,2021-02-26 15:13:00,2021-02-26 15:16:00,1,5585000.0,510000,False,265952.38095238095,279250.0,0,21,4,5,4,4,544,Campeones,2,0,0,0,Valor medio-alto
1VF1MO6LTV,Comercio detallista,Ropa / Accesorios,Choachí,2021-03-03 10:49:00,2021-03-03 11:06:00,2021-03-14 14:06:00,1,146000.0,0,False,73000.0,7300.0,0,2,2,5,1,1,511,Nuevos / En crecimiento,0,0,1,0,Valor medio-alto
1WTH8TVU4E,Servicios,Tecnología y software,Bogotá D.C.,2021-03-18 11:29:00,2021-03-18 11:40:00,2021-03-18 11:42:00,1,3624000.0,1547000,False,151000.0,181200.0,0,24,3,5,4,4,544,Campeones,2,0,0,0,Valor medio-alto
1X2I61HP5J,Comercio detallista,Otro,Bogotá D.C.,2021-03-23 08:38:00,2021-03-23 09:22:00,2021-03-23 09:25:00,1,5468000.0,620000,False,341750.0,273400.0,0,16,3,5,4,4,544,Campeones,2,0,0,0,Valor medio-alto
1XJJT62SFH,Comercio detallista,Muebles / Decoración,Bogotá D.C.,2021-02-16 17:44:00,2021-02-16 17:55:00,2021-02-16 17:58:00,1,3882400.0,925000,False,388240.0,194120.0,0,10,4,5,3,4,534,Leales,0,0,0,0,Valor medio-alto
1XPC927A39,Alimentos y bebidas,Bar / Club / Discoteca,Bogotá D.C.,2021-03-12 11:29:00,2021-03-12 11:47:00,2021-03-12 11:49:00,1,33846000.0,7017000,False,224145.6953642384,1692300.0,0,151,3,5,5,5,555,Campeones,2,0,0,0,Valor medio-alto
1Y5ZXTTI91,Reparación y limpieza,Automotriz y autopartes,Bogotá D.C.,2021-03-09 11:50:00,2021-03-09 11:58:00,2021-03-09 12:03:00,1,537000.0,179000,False,268500.0,26850.0,2,2,1,1,1,2,112,Perdidos / Hibernando,1,1,1,1,Valor medio
1YGJB6PF5R,Belleza y cuidado personal,Distribuidora,Bogotá D.C.,2021-03-18 16:10:00,2021-03-18 16:20:00,2021-03-18 16:25:00,1,11857750.0,3681950,False,65876.38888888889,592887.5,0,180,3,5,5,5,555,Campeones,2,0,0,0,Valor medio-alto
1YVD9CL8WS,Comercio detallista,Ropa / Accesorios,Bogotá D.C.,2021-03-04 18:20:00,2021-03-04 18:33:00,2021-03-04 18:35:00,1,64000.0,0,False,32000.0,3200.0,2,2,1,1,1,1,111,Perdidos / Hibernando,1,1,1,1,Valor medio
1ZLGO6WDLG,Reparación y limpieza,Automotriz y autopartes,El Rosal,2021-03-16 15:34:00,2021-03-16 15:49:00,2021-03-16 15:51:00,1,2000.0,0,False,2000.0,100.0,2,1,1,1,1,1,111,Perdidos / Hibernando,1,1,2,1,Valor medio
20TV4VP1TT,Comercio detallista,Óptica,Bogotá D.C.,2021-03-05 15:16:00,2021-03-05 15:22:00,2021-03-05 15:24:00,1,6621000.0,437000,False,183916.66666666666,331050.0,0,36,3,5,5,5,555,Campeones,2,0,0,0,Valor medio-alto
22CIJ80VMV,Servicios,Otro,Bogotá D.C.,2021-03-16 18:34:00,2021-03-16 18:46:00,2021-03-16 18:52:00,1,858500.0,0,False,95388.88888888889,42925.0,0,9,3,5,3,2,532,Leales,0,0,0,0,Valor medio-alto
22IXTO9KHH,Turismo y entretenimiento,Entretenimiento,Bogotá D.C.,2021-03-24 17:42:00,2021-03-24 18:01:00,2021-03-24 18:04:00,1,4000.0,0,False,4000.0,200.0,2,1,1,1,1,1,111,Perdidos / Hibernando,1,1,2,1,Valor medio
22NBH4WHID,Educación,Talleres / Cursos / Capacitaciones,Soacha,2021-02-18 15:59:00,2021-02-18 16:06:00,2021-02-18 16:09:00,1,10071000.0,765000,False,719357.1428571428,503550.0,0,14,4,5,3,5,535,Leales,2,0,0,0,Valor medio-alto
22RKIIGPS5,Servicios,Tecnología y software,Bogotá D.C.,2021-03-29 16:59:00,2021-03-29 17:04:00,2021-03-29 17:07:00,1,2519809.0,90000,False,503961.8,125990.45000000001,0,5,3,5,2,3,523,Nuevos / En crecimiento,0,0,0,0,Valor medio-alto
234W3WJU8T,Belleza y cuidado personal,Suplementos,Bogotá D.C.,2021-03-09 15:05:00,2021-03-09 15:20:00,2021-03-09 15:23:00,1,261000.0,0,False,65250.0,13050.0,0,4,2,5,2,2,522,Nuevos / En crecimiento,0,0,1,0,Valor medio-alto
240CP4FGXZ,Servicios,Tecnología y software,Bogotá D.C.,2021-03-11 13:01:00,2021-03-11 13:16:00,,1,2752000.0,1456000,False,1376000.0,137600.0,1,2,2,2,1,4,214,Potenciales,0,0,1,0,Valor medio-alto
24A2ORQNU4,Comercio detallista,Tienda de deportes,Bogotá D.C.,2021-03-15 16:49:00,2021-03-15 16:54:00,2021-03-15 17:03:00,1,6686600.0,1520000,False,334330.0,334330.0,0,20,3,5,4,5,545,Campeones,2,0,0,0,Valor medio-alto
24CAY40QRW,Comercio detallista,Floristería,Cali,2021-03-05 12:34:00,2021-03-07 08:29:00,2021-03-07 08:31:00,1,1481000.0,0,False,296200.0,74050.0,2,5,1,1,2,3,123,Potenciales,0,1,1,1,Valor medio
25GQ1IEDF6,Comercio detallista,Farmacia,Bogotá D.C.,2021-03-18 14:43:00,2021-03-18 14:50:00,2021-03-18 14:57:00,1,4900.0,0,False,1633.3333333333333,245.0,1,3,2,2,1,1,211,Perdidos / Hibernando,1,1,1,1,Valor medio
266OCTDJC5,Servicios,Logística,Fusagasugá,2021-02-09 15:24:00,2021-02-11 12:08:00,2021-02-11 12:12:00,2,9210.0,0,False,1535.0,460.5,3,6,1,1,2,1,121,Perdidos / Hibernando,1,2,2,2,Valor alto
26VQEEUAYZ,Comercio detallista,Óptica,Bogotá D.C.,2021-02-06 15:50:00,2021-02-06 15:59:00,2021-02-06 16:01:00,1,11716000.0,5590000,False,557904.7619047619,585800.0,0,21,4,5,4,5,545,Campeones,2,0,0,0,Valor medio-alto
27X939KH2P,Belleza y cuidado personal,Estilista independiente,Bogotá D.C.,2021-03-18 09:50:00,2021-03-18 09:57:00,2021-03-18 10:01:00,1,5862500.0,979000,False,84963.76811594203,293125.0,0,69,3,5,5,4,554,Campeones,2,0,0,0,Valor medio-alto
28CJK7BPIZ,Comercio detallista,Materiales de construcción,Bogotá D.C.,2021-03-03 13:07:00,2021-03-03 13:19:00,2021-03-03 13:21:00,1,3486200.0,772200,False,193677.77777777778,174310.0,0,18,3,5,4,4,544,Campeones,2,0,0,0,Valor medio-alto
28F16D8XJP,Comercio detallista,Ropa / Accesorios,Bogotá D.C.,2021-02-12 18:49:00,2021-02-12 18:54:00,2021-02-16 12:54:00,1,441700.0,0,False,49077.77777777778,22085.0,0,9,4,5,3,2,532,Leales,0,0,0,0,Valor medio-alto
28XIG04G8Y,Reparación y limpieza,Reparaciones locativas,Bogotá D.C.,2021-03-09 18:01:00,2021-03-09 18:09:00,2021-03-09 18:11:00,1,66200.0,0,False,33100.0,3310.0,0,2,2,5,1,1,511,Nuevos / En crecimiento,0,0,1,0,Valor medio-alto
292TCS46SV,Comercio detallista,Ropa / Accesorios,Bogotá D.C.,2021-03-27 10:41:00,2021-03-27 10:53:00,2021-03-27 10:59:00,1,386000.0,85000,False,48250.0,19300.0,0,8,3,5,3,2,532,Leales,0,0,1,0,Valor medio-alto
297I2RLVX9,Comercio detallista,Auto partes,Chía,2021-03-19 13:10:00,2021-03-19 13:19:00,2021-03-19 13:31:00,1,2000.0,0,False,2000.0,100.0,2,1,1,1,1,1,111,Perdidos / Hibernando,1,1,2,1,Valor medio
29JITR3157,Servicios,Tecnología y software,Bogotá D.C.,2021-03-29 15:40:00,2021-03-29 16:05:00,2021-03-29 16:33:00,1,5938550.0,459000,False,204777.58620689655,296927.5,0,29,3,5,4,4,544,Campeones,2,0,0,0,Valor medio-alto
2AB8VAXTIA,Comercio detallista,Ropa / Accesorios,Bogotá D.C.,2021-03-18 15:39:00,2021-03-18 15:48:00,2021-03-18 15:51:00,1,468000.0,0,False,234000.0,23400.0,0,2,2,5,1,2,512,Nuevos / En crecimiento,0,0,1,0,Valor medio-alto
2AEBS0XD5V,Comercio detallista,Ropa / Accesorios,Villa de San Diego de Ubate,2021-03-19 16:00:00,2021-03-19 16:05:00,2021-03-19 16:19:00,1,490000.0,0,False,245000.0,24500.0,0,2,2,5,1,2,512,Nuevos / En crecimiento,0,0,1,0,Valor medio-alto
2AFTAVL7GG,Servicios,Otro,Bogotá D.C.,2021-03-03 16:50:00,2021-03-03 16:55:00,2021-03-03 16:58:00,1,287000.0,0,False,143500.0,14350.0,2,2,1,1,1,2,112,Perdidos / Hibernando,1,1,1,1,Valor medio
2AGCQ7ZXCB,Comercio detallista,Ropa / Accesorios,Bogotá D.C.,2021-03-09 12:45:00,2021-03-09 13:06:00,2021-03-09 13:10:00,1,387000.0,55000,False,96750.0,19350.0,0,4,3,5,2,2,522,Nuevos / En crecimiento,0,0,1,0,Valor medio-alto
2B2BS44MT7,Servicios,Otro,Bogotá D.C.,,,,1,17881000.0,0,False,173601.94174757283,894050.0,0,103,6,5,5,5,555,Campeones,2,0,0,0,Valor medio-alto
2B9M4G0UZ7,Comercio detallista,Tecnología,Chía,2021-03-19 18:32:00,2021-03-19 18:41:00,2021-03-19 18:43:00,1,542500.0,0,False,54250.0,27125.0,0,10,3,5,3,2,532,Leales,0,0,0,0,Valor medio-alto
2BOBSG8KQL,Alimentos y bebidas,Comida rápida,Mosquera,2021-03-29 15:57:00,2021-03-29 16:13:00,2021-03-29 16:15:00,1,638800.0,58500,False,39925.0,31940.0,0,16,3,5,4,2,542,Leales,0,0,0,0,Valor medio-alto
2BOSTW5CPF,Comercio detallista,Ropa / Accesorios,Bogotá D.C.,2021-03-26 16:47:00,2021-03-26 16:54:00,2021-03-26 16:56:00,1,1188000.0,140000,False,118800.0,59400.0,0,10,3,5,3,3,533,Leales,0,0,0,0,Valor medio-alto
2BQA04GY6U,Comercio detallista,Ropa / Accesorios,Bogotá D.C.,2021-03-09 15:08:00,2021-03-09 15:19:00,2021-03-09 15:22:00,1,653000.0,651000,False,653000.0,32650.0,2,1,1,1,1,2,112,Perdidos / Hibernando,1,1,1,1,Valor medio
2C2R3WQ145,Comercio detallista,Tecnología,Cali,2021-03-19 10:26:00,2021-03-19 10:36:00,2021-03-19 10:41:00,1,415000.0,0,False,69166.66666666667,20750.0,2,6,1,1,2,2,122,Perdidos / Hibernando,0,1,1,1,Valor medio
2C5P6UUB04,Comercio detallista,Materiales de construcción,Bogotá D.C.,2021-03-17 11:49:00,2021-03-17 11:55:00,2021-03-17 12:10:00,1,13579520.0,821300,False,905301.3333333334,678976.0,0,15,3,5,4,5,545,Campeones,2,0,0,0,Valor medio-alto
2CP8XUKX7S,Transporte,Taxi,Cali,2021-03-02 14:59:00,2021-03-02 15:09:00,2021-03-02 15:12:00,1,1000.0,0,False,1000.0,50.0,2,1,1,1,1,1,111,Perdidos / Hibernando,1,1,2,1,Valor medio
2CZ7QZSMST,Servicios,Otro,Soacha,,,,1,2648070.0,16000,False,220672.5,132403.5,0,12,5,5,3,4,534,Leales,0,0,0,0,Valor medio-alto
2EBD840C3R,Servicios,Tecnología y software,Bogotá D.C.,2021-03-09 11:42:00,2021-03-09 11:51:00,2021-03-09 11:53:00,1,2042000.0,140000,False,408400.0,102100.0,1,5,2,2,2,3,223,Potenciales,0,0,1,0,Valor medio-alto
2G0SZDP1RI,Servicios,Otro,Bogotá D.C.,2021-03-02 15:10:00,2021-03-02 15:18:00,2021-03-02 15:20:00,1,995620.0,0,False,165936.66666666666,49781.0,0,6,3,5,2,3,523,Nuevos / En crecimiento,0,0,0,0,Valor medio-alto
2G2AO0S7TN,Servicios,Tecnología y software,Bogotá D.C.,2021-02-11 16:45:00,2021-02-11 16:51:00,2021-02-11 16:56:00,1,2429000.0,1322000,False,607250.0,121450.0,0,4,2,5,2,3,523,Nuevos / En crecimiento,0,0,0,0,Valor medio-alto
2G8DLVF025,Comercio detallista,Materiales de construcción,Bogotá D.C.,2021-03-08 18:10:00,2021-03-08 18:17:00,2021-03-08 18:20:00,1,25961668.0,497000,False,633211.4146341464,1298083.4000000001,0,41,3,5,5,5,555,Campeones,2,0,0,0,Valor medio-alto
2GGDO4D53Y,Comercio detallista,Libros / Papelería,Bogotá D.C.,2021-02-09 11:08:00,2021-02-09 11:15:00,2021-02-09 11:18:00,1,1061600.0,289500,False,40830.769230769234,53080.0,0,26,4,5,4,3,543,Leales,2,0,0,0,Valor medio-alto
2GJSE8GW0R,Comercio detallista,Ropa / Accesorios,Bogotá D.C.,2021-03-15 15:56:00,2021-03-15 16:07:00,2021-03-15 16:11:00,1,1242000.0,0,False,73058.82352941176,62100.0,0,17,3,5,4,3,543,Leales,0,0,0,0,Valor medio-alto
2H32Y4FDLN,Comercio detallista,Insumos,Bogotá D.C.,2021-03-29 16:04:00,2021-03-29 16:14:00,2021-03-29 16:16:00,1,835000.0,0,False,417500.0,41750.0,1,2,2,2,1,2,212,Perdidos / Hibernando,0,0,1,0,Valor medio-alto
2H5BKYLK5H,Comercio detallista,Tecnología,Bogotá D.C.,2021-03-31 14:52:00,2021-03-31 14:59:00,2021-03-31 15:06:00,1,505200.0,0,False,63150.0,25260.0,0,8,3,5,3,2,532,Leales,0,0,0,0,Valor medio-alto
2H7JHH7PV3,Comercio detallista,Ropa / Accesorios,Bogotá D.C.,2021-02-04 09:22:00,2021-02-04 12:45:00,2021-02-04 13:03:00,1,3011600.0,582900,False,66924.44444444444,150580.0,0,45,4,5,5,4,554,Campeones,2,0,0,0,Valor medio-alto
2HMWGFFAXX,Alimentos y bebidas,Abarrotes / Mercado,Bogotá D.C.,2021-03-19 10:40:00,2021-03-19 10:52:00,2021-03-19 11:01:00,1,2678200.0,94400,False,47825.0,133910.0,0,56,3,5,5,4,554,Campeones,2,0,0,0,Valor medio-alto
2HOJKMUWIY,Reparación y limpieza,Automotriz y autopartes,Soacha,2021-02-04 11:04:00,2021-02-04 11:12:00,2021-02-04 11:33:00,1,22278000.0,470000,False,675090.9090909091,1113900.0,0,33,4,5,5,5,555,Campeones,2,0,0,0,Valor medio-alto
2HPWAABOWE,Comercio detallista,Farmacia,Bogotá D.C.,2021-03-09 16:37:00,2021-03-09 16:47:00,2021-03-09 16:48:00,1,19500.0,0,False,9750.0,975.0,2,2,1,1,1,1,111,Perdidos / Hibernando,1,1,1,1,Valor medio
2ITPSDO03V,Comercio detallista,Artesanías,Bogotá D.C.,2021-03-26 14:38:00,2021-03-26 14:45:00,2021-03-26 14:49:00,1,687000.0,280000,False,137400.0,34350.0,2,5,1,1,2,2,122,Perdidos / Hibernando,0,1,1,1,Valor medio
2J7T6X56ZZ,Alimentos y bebidas,Abarrotes / Mercado,Carmen de Apicalá,2021-03-25 09:12:00,2021-03-25 10:35:00,2021-03-25 11:16:00,1,4980300.0,901500,False,81644.26229508196,249015.0,1,61,2,2,5,4,254,En riesgo (antes valiosos),2,0,0,0,Valor medio-alto
2JB4VFBOY9,Comercio detallista,Otro,Bogotá D.C.,2021-03-19 14:54:00,2021-03-19 15:07:00,2021-03-19 15:23:00,1,1519000.0,115000,False,138090.9090909091,75950.0,0,11,3,5,3,3,533,Leales,0,0,0,0,Valor medio-alto
2JXAW6I2S0,Comercio detallista,Juguetería / Piñatería,Bogotá D.C.,2021-03-12 12:01:00,2021-03-12 12:07:00,2021-03-12 12:09:00,1,268200.0,0,False,29800.0,13410.0,0,9,2,5,3,2,532,Leales,0,0,0,0,Valor medio-alto
2KEGLETUC9,Comercio detallista,Tecnología,Bogotá D.C.,2021-03-09 18:05:00,2021-03-09 18:13:00,2021-03-09 18:16:00,1,752000.0,120000,False,107428.57142857143,37600.0,0,7,3,5,3,2,532,Leales,0,0,0,0,Valor medio-alto
2KHGQSEBSX,Alimentos y bebidas,Licores,Bogotá D.C.,,,,1,3242300.0,176600,False,49881.53846153846,162115.0,0,65,6,5,5,4,554,Campeones,2,0,0,0,Valor medio-alto
2KPA5TU2E0,Belleza y cuidado personal,Distribuidora,Bogotá D.C.,2021-03-16 10:46:00,2021-03-16 10:56:00,2021-03-16 11:00:00,1,4457000.0,531000,False,148566.66666666666,222850.0,0,30,3,5,5,4,554,Campeones,2,0,0,0,Valor medio-alto
2KQPUUCJAH,Servicios,Otro,Bogotá D.C.,2021-03-24 10:45:00,2021-03-24 10:50:00,2021-03-24 10:53:00,1,202000.0,0,False,67333.33333333333,10100.0,0,3,3,5,1,2,512,Nuevos / En crecimiento,0,0,1,0,Valor medio-alto
2L65LJ0L30,Comercio detallista,Ropa / Accesorios,Bogotá D.C.,2021-03-08 14:49:00,2021-03-08 15:05:00,2021-03-08 15:09:00,1,2991680.0,700000,False,199445.33333333334,149584.0,0,15,3,5,4,4,544,Campeones,2,0,0,0,Valor medio-alto
2LBI92XSJQ,Comercio detallista,Juguetería / Piñatería,Bogotá D.C.,2021-03-29 18:33:00,2021-03-29 18:56:00,2021-03-29 19:03:00,1,58400.0,0,False,9733.333333333334,2920.0,0,6,3,5,2,1,521,Nuevos / En crecimiento,0,0,1,0,Valor medio-alto
2LGZ3Y6UKT,Servicios,Otro,Bogotá D.C.,,,,1,1000.0,0,False,1000.0,50.0,5,1,1,1,1,1,111,Perdidos / Hibernando,1,1,2,1,Valor medio
2LVWZOKHG7,Servicios,Tecnología y software,Bogotá D.C.,2021-03-30 18:01:00,2021-03-30 18:07:00,2021-03-30 18:12:00,1,3447118.0,1161575,False,574519.6666666666,172355.90000000002,0,6,3,5,2,4,524,Nuevos / En crecimiento,0,0,0,0,Valor medio-alto
2LWZJ2HA95,Comercio detallista,Ropa / Accesorios,Bogotá D.C.,2021-03-09 18:16:00,2021-03-09 18:21:00,2021-03-09 18:25:00,1,2000.0,0,False,2000.0,100.0,2,1,1,1,1,1,111,Perdidos / Hibernando,1,1,2,1,Valor medio
2MDBP46CWC,Comercio detallista,Ropa / Accesorios,Bogotá D.C.,2021-03-16 16:45:00,2021-03-16 16:54:00,2021-03-16 16:57:00,1,1702000.0,350000,False,100117.64705882352,85100.0,0,17,3,5,4,3,543,Leales,2,0,0,0,Valor medio-alto
2MHW0WVOU0,Servicios,Otro,Bogotá D.C.,2021-02-04 16:24:00,2021-02-04 16:46:00,2021-02-04 16:48:00,1,716000.0,21000,False,79555.55555555556,35800.0,0,9,4,5,3,2,532,Leales,0,0,0,0,Valor medio-alto
2MQOTTTU0D,Servicios,Otro,Bogotá D.C.,2021-02-04 14:34:00,2021-02-04 14:48:00,2021-02-04 14:55:00,1,2000.0,0,False,2000.0,100.0,3,1,1,1,1,1,111,Perdidos / Hibernando,1,1,2,1,Valor medio
2N5XYH9ZTK,Servicios,Arquitectura e ingeniería,Bogotá D.C.,,,,1,3289000.0,1537000,False,1644500.0,164450.0,0,2,2,5,1,4,514,Nuevos / En crecimiento,0,0,0,0,Valor medio-alto
2N9ODMDK4V,Comercio detallista,Venta de bicicletas y accesorios,Bogotá D.C.,2021-03-11 11:59:00,2021-03-11 12:06:00,2021-03-15 13:37:00,1,72000.0,39000,False,72000.0,3600.0,2,1,1,1,1,1,111,Perdidos / Hibernando,1,1,1,1,Valor medio
2NK3C1T5T3,Comercio detallista,Ropa / Accesorios,Soacha,,,,1,40413200.0,5362300,False,364082.8828828829,2020660.0,0,111,5,5,5,5,555,Campeones,2,0,0,0,Valor medio-alto
2PRNANDUCO,Comercio detallista,Óptica,Bogotá D.C.,2021-02-24 12:33:00,2021-02-24 12:40:00,2021-02-24 12:44:00,1,4342000.0,1000000,False,868400.0,217100.0,0,5,4,5,2,4,524,Nuevos / En crecimiento,0,0,0,0,Valor medio-alto
2R16F8AZB5,Comercio detallista,Tecnología,Bogotá D.C.,2021-03-11 14:55:00,2021-03-11 15:00:00,2021-03-11 15:19:00,1,14277000.0,286200,False,892312.5,713850.0,0,16,3,5,4,5,545,Campeones,2,0,0,0,Valor medio-alto
2REMVYD0V1,Alimentos y bebidas,Abarrotes / Mercado,Carmen de Apicalá,2021-03-25 09:55:00,2021-03-25 10:50:00,2021-03-25 10:52:00,1,2128200.0,0,False,59116.666666666664,106410.0,1,36,2,2,5,3,253,En riesgo (antes valiosos),2,0,0,0,Valor medio-alto
2RICBEP0IP,Turismo y entretenimiento,Entretenimiento,Bogotá D.C.,2021-03-15 17:27:00,2021-03-15 17:46:00,2021-03-15 17:48:00,1,2000.0,0,False,2000.0,100.0,2,1,1,1,1,1,111,Perdidos / Hibernando,1,1,2,1,Valor medio
2SC6FPOX13,Servicios,Diseño / Fotografía,Bogotá D.C.,2021-02-20 18:21:00,2021-02-20 18:27:00,2021-02-20 18:30:00,1,909904.0,105000,False,34996.307692307695,45495.200000000004,0,26,4,5,4,2,542,Leales,2,0,0,0,Valor medio-alto
2SI00771LD,Alimentos y bebidas,Repostería / Panadería,Cali,2021-03-25 11:27:00,2021-03-25 11:40:00,2021-03-25 11:42:00,1,1000500.0,330500,False,27040.54054054054,50025.0,0,37,2,5,5,3,553,Leales,2,0,0,0,Valor medio-alto
2SIMZM34L6,Servicios,Otro,Bogotá D.C.,2021-03-03 12:34:00,2021-03-03 12:42:00,2021-03-03 13:13:00,1,3464000.0,740000,False,346400.0,173200.0,0,10,3,5,3,4,534,Leales,0,0,0,0,Valor medio-alto
2SRVGD8BOS,Comercio detallista,Juguetería / Piñatería,Bogotá D.C.,2021-03-24 14:02:00,2021-03-24 14:16:00,2021-03-24 14:19:00,1,42000.0,0,False,21000.0,2100.0,1,2,2,2,1,1,211,Perdidos / Hibernando,1,1,1,1,Valor medio
2SZ72BCY3X,Alimentos y bebidas,Abarrotes / Mercado,Soacha,2021-03-15 20:55:00,2021-03-15 21:06:00,2021-03-15 21:08:00,1,2794900.0,1826800,False,84693.93939393939,139745.0,0,33,3,5,5,4,554,Campeones,2,0,0,0,Valor medio-alto
2TCSNSKGWE,Comercio detallista,Materiales de construcción,Bogotá D.C.,2021-03-29 10:15:00,2021-03-29 10:28:00,2021-03-29 10:30:00,1,1228650.0,522300,False,58507.142857142855,61432.5,0,21,3,5,4,3,543,Leales,2,0,0,0,Valor medio-alto
2U4O81AGAD,Comercio detallista,Ropa / Accesorios,Bogotá D.C.,2021-03-30 10:11:00,2021-03-30 10:26:00,2021-03-30 10:28:00,1,2395000.0,413000,False,140882.35294117648,119750.0,0,17,3,5,4,3,543,Leales,2,0,0,0,Valor medio-alto
2V7TUASBTR,Comercio detallista,Muebles / Decoración,Bogotá D.C.,2020-11-24 12:33:00,2021-03-13 13:49:00,2021-03-13 13:52:00,1,12752800.0,1780000,False,708488.8888888889,637640.0,0,18,3,5,4,5,545,Campeones,2,0,0,0,Valor medio-alto
2V98T2MMNF,Comercio detallista,Maquinaria,Chía,2021-03-19 15:17:00,2021-03-19 15:26:00,2021-03-19 15:29:00,1,10216205.0,2207900,False,600953.2352941176,510810.25,0,17,3,5,4,5,545,Campeones,2,0,0,0,Valor medio-alto
2VP21AN76M,Comercio detallista,Muebles / Decoración,Bogotá D.C.,,,,1,12680000.0,0,False,528333.3333333334,634000.0,0,24,6,5,4,5,545,Campeones,2,0,0,0,Valor medio-alto
2W1EO533YD,Comercio detallista,Óptica,Bogotá D.C.,,,,1,2000.0,0,False,2000.0,100.0,5,1,1,1,1,1,111,Perdidos / Hibernando,1,1,2,1,Valor medio
2WAHPI7T0D,Comercio detallista,Tecnología,Bogotá D.C.,2021-03-11 16:01:00,2021-03-11 16:07:00,2021-03-11 16:09:00,1,38000.0,0,False,7600.0,1900.0,2,5,1,1,2,1,121,Perdidos / Hibernando,1,1,1,1,Valor medio
2WM7ZS1JQH,Comercio detallista,Materiales de construcción,Bogotá D.C.,2021-03-10 11:32:00,2021-03-10 11:44:00,2021-03-10 11:49:00,1,2000.0,0,False,2000.0,100.0,2,1,1,1,1,1,111,Perdidos / Hibernando,1,1,2,1,Valor medio
2WN3MJNBRX,Belleza y cuidado personal,Salón de belleza,Bogotá D.C.,2021-03-20 11:52:00,2021-03-20 12:00:00,2021-03-20 12:02:00,1,2000.0,0,False,2000.0,100.0,2,1,1,1,1,1,111,Perdidos / Hibernando,1,1,2,1,Valor medio
2XQBXCKQNU,Comercio detallista,Óptica,Bogotá D.C.,2021-03-16 17:41:00,2021-03-16 17:48:00,2021-03-16 17:51:00,1,3099000.0,1117000,False,309900.0,154950.0,0,10,3,5,3,4,534,Leales,0,0,0,0,Valor medio-alto
2Y67HG42YI,Comercio detallista,Ropa / Accesorios,Choachí,2021-03-09 11:11:00,2021-03-09 11:24:00,2021-03-20 12:24:00,1,959200.0,173000,False,137028.57142857142,47960.0,1,7,2,2,3,2,232,Potenciales,0,0,1,0,Valor medio-alto
2YI39WKUPA,Servicios,Otro,Bogotá D.C.,,,,1,27259000.0,3945000,False,336530.86419753084,1362950.0,0,81,6,5,5,5,555,Campeones,2,0,0,0,Valor medio-alto
2YY528KCXT,Comercio detallista,Óptica,Bogotá D.C.,2021-03-09 10:39:00,2021-03-09 10:48:00,2021-03-09 10:53:00,1,11589000.0,1335000,False,503869.5652173913,579450.0,0,23,3,5,4,5,545,Campeones,2,0,0,0,Valor medio-alto
2Z3ZS9GHVP,Servicios,Tecnología y software,Bogotá D.C.,2021-03-30 17:58:00,2021-03-30 18:08:00,2021-03-30 18:10:00,1,303000.0,286000,False,151500.0,15150.0,0,2,2,5,1,2,512,Nuevos / En crecimiento,0,0,1,0,Valor medio-alto
2ZDUO76KCW,Comercio detallista,Elementos del hogar,Bogotá D.C.,2021-03-19 15:05:00,2021-03-19 15:11:00,2021-03-19 15:14:00,1,739600.0,157000,False,56892.307692307695,36980.0,0,13,3,5,3,2,532,Leales,0,0,0,0,Valor medio-alto
2ZNF7QMFGR,Comercio detallista,Auto partes,Bogotá D.C.,2021-02-22 14:52:00,2021-02-22 14:57:00,2021-02-22 15:00:00,1,3345800.0,892000,False,196811.76470588235,167290.0,0,17,4,5,4,4,544,Campeones,2,0,0,0,Valor medio-alto
302RZNDYX8,Comercio detallista,Auto partes,Bogotá D.C.,2021-03-10 14:14:00,2021-03-10 14:21:00,2021-03-10 14:24:00,1,2000.0,0,False,2000.0,100.0,2,1,1,1,1,1,111,Perdidos / Hibernando,1,1,2,1,Valor medio
307S8LLI3D,Comercio detallista,Óptica,Bogotá D.C.,2021-03-05 16:36:00,2021-03-05 16:44:00,2021-03-05 16:46:00,1,1922000.0,1510000,False,640666.6666666666,96100.0,0,3,2,5,1,3,513,Nuevos / En crecimiento,0,0,0,0,Valor medio-alto
3087FW8P09,Turismo y entretenimiento,Hoteles,Melgar,,,,1,242000.0,120000,False,48400.0,12100.0,1,5,3,2,2,2,222,Perdidos / Hibernando,0,0,1,0,Valor medio-alto
30NJJ4YJ5I,Comercio detallista,Ropa / Accesorios,Bogotá D.C.,2021-03-10 11:50:00,2021-03-10 12:00:00,2021-03-10 12:08:00,1,3480000.0,365000,False,386666.6666666667,174000.0,0,9,3,5,3,4,534,Leales,0,0,0,0,Valor medio-alto
310MUZZ5IN,Servicios,Otro,Bogotá D.C.,2021-03-03 14:18:00,2021-03-03 14:36:00,2021-03-03 14:37:00,1,532555.0,85000,False,106511.0,26627.75,0,5,2,5,2,2,522,Nuevos / En crecimiento,0,0,1,0,Valor medio-alto
3115HZVEPP,Reparación y limpieza,Moda / Zapatería,Bogotá D.C.,2021-03-12 15:39:00,2021-03-12 15:49:00,2021-03-12 15:53:00,1,652000.0,400000,False,326000.0,32600.0,0,2,2,5,1,2,512,Nuevos / En crecimiento,0,0,1,0,Valor medio-alto
31XAXBHP80,Alimentos y bebidas,Abarrotes / Mercado,Bogotá D.C.,2021-03-27 09:27:00,2021-03-27 09:43:00,2021-03-27 09:46:00,1,4352720.0,498000,False,88831.02040816327,217636.0,0,49,3,5,5,4,554,Campeones,2,0,0,0,Valor medio-alto
33GHGS4PE6,Servicios,Otro,Bogotá D.C.,2021-02-15 13:41:00,2021-02-15 13:54:00,2021-02-15 13:55:00,1,1659000.0,0,False,553000.0,82950.0,0,3,2,5,1,3,513,Nuevos / En crecimiento,0,0,0,0,Valor medio-alto
33PC9DIPM4,Comercio detallista,Otro,Bogotá D.C.,2021-03-10 15:03:00,2021-03-10 15:11:00,2021-03-10 15:12:00,1,9353050.0,1801000,False,252785.13513513515,467652.5,0,37,3,5,5,5,555,Campeones,2,0,0,0,Valor medio-alto
33RB7BLEQE,Servicios,Medicina / Odontología,Bogotá D.C.,2021-03-16 15:39:00,2021-03-16 15:45:00,2021-03-16 18:01:00,1,1485000.0,205000,False,297000.0,74250.0,0,5,3,5,2,3,523,Nuevos / En crecimiento,0,0,0,0,Valor medio-alto
347ESZJRRL,Alimentos y bebidas,Licores,Bogotá D.C.,,2021-03-24 08:09:00,2021-03-24 08:12:00,1,2167800.0,466400,False,80288.88888888889,108390.0,0,27,3,5,4,3,543,Leales,2,0,0,0,Valor medio-alto
358IJ2REVS,Comercio detallista,Auto partes,La Dorada,2021-03-01 12:21:00,2021-03-01 12:38:00,2021-03-01 12:43:00,1,4000.0,0,False,2000.0,200.0,2,2,1,1,1,1,111,Perdidos / Hibernando,1,1,2,1,Valor medio
367C9ZLWE1,Alimentos y bebidas,Comida rápida,Bogotá D.C.,,,,1,722600.0,73800,False,24917.241379310344,36130.0,0,29,5,5,4,2,542,Leales,2,0,0,0,Valor medio-alto
36ACRHS3ZB,Comercio detallista,Otro,Bogotá D.C.,2021-03-10 14:41:00,2021-03-10 14:59:00,2021-03-10 15:01:00,1,3085250.0,0,False,257104.16666666666,154262.5,1,12,2,2,3,4,234,Potenciales,0,0,0,0,Valor medio-alto
37G9FHUWKL,Comercio detallista,Tienda naturista,Bogotá D.C.,2021-03-24 17:11:00,2021-03-24 17:37:00,2021-03-24 17:39:00,1,247625.0,20550,False,24762.5,12381.25,0,10,3,5,3,2,532,Leales,0,0,0,0,Valor medio-alto
387RYWXS2R,Comercio detallista,Óptica,Bogotá D.C.,2021-02-09 15:24:00,2021-02-09 15:38:00,2021-02-09 15:40:00,1,2192000.0,400000,False,313142.85714285716,109600.0,0,7,3,5,3,3,533,Leales,0,0,0,0,Valor medio-alto
38NMX1PHDQ,Servicios,Diseño / Fotografía,Bogotá D.C.,2021-03-08 11:53:00,2021-03-08 12:09:00,2021-03-08 12:11:00,1,602000.0,0,False,200666.66666666666,30100.0,1,3,2,2,1,2,212,Perdidos / Hibernando,0,0,1,0,Valor medio-alto
38O5KZS3DN,Servicios,Otro,Bogotá D.C.,,,,1,4000.0,0,False,2000.0,200.0,5,2,1,1,1,1,111,Perdidos / Hibernando,1,1,2,1,Valor medio
38QXXBQACE,Alimentos y bebidas,Otro,Bogotá D.C.,,,,1,4137550.0,648400,False,45972.77777777778,206877.5,0,90,5,5,5,4,554,Campeones,2,0,0,0,Valor medio-alto
39EDNOWQMT,Comercio detallista,Tecnología,Bogotá D.C.,2021-03-24 18:24:00,2021-03-24 18:30:00,2021-03-24 18:31:00,1,419000.0,0,False,27933.333333333332,20950.0,0,15,3,5,4,2,542,Leales,0,0,0,0,Valor medio-alto
39FIBWZZ7F,Alimentos y bebidas,Abarrotes / Mercado,Bogotá D.C.,2021-03-06 11:47:00,2021-03-06 12:08:00,2021-03-06 12:15:00,1,3063500.0,220700,False,25743.697478991595,153175.0,0,119,3,5,5,4,554,Campeones,2,0,0,0,Valor medio-alto
39N5R42SOR,Comercio detallista,Materiales de construcción,Bogotá D.C.,2021-03-08 18:20:00,2021-03-08 18:35:00,2021-03-08 18:40:00,1,2533800.0,256200,False,53910.63829787234,126690.0,0,47,3,5,5,4,554,Campeones,2,0,0,0,Valor medio-alto
39U0HBN4L4,Comercio detallista,Elementos de seguridad,Bogotá D.C.,2021-02-26 17:05:00,2021-02-26 17:14:00,2021-02-26 17:17:00,1,10624500.0,4676000,False,408634.6153846154,531225.0,0,26,3,5,4,5,545,Campeones,2,0,0,0,Valor medio-alto
3A3VROHNHT,Comercio detallista,Materiales de construcción,Bogotá D.C.,2021-03-17 10:31:00,2021-03-17 10:40:00,2021-03-17 10:44:00,1,450200.0,0,False,90040.0,22510.0,1,5,2,2,2,2,222,Perdidos / Hibernando,0,0,1,0,Valor medio-alto
3A8VMKIMIM,Alimentos y bebidas,Comida rápida,Bogotá D.C.,2021-03-08 14:17:00,2021-03-08 14:28:00,2021-03-08 14:31:00,1,2470200.0,206400,False,32080.51948051948,123510.0,0,77,3,5,5,3,553,Leales,2,0,0,0,Valor medio-alto
3AK11ZZJ9Z,Servicios,Otro,Bogotá D.C.,2021-02-05 15:40:00,2021-02-05 15:49:00,2021-02-05 15:51:00,1,160000.0,0,False,53333.333333333336,8000.0,2,3,2,1,1,1,111,Perdidos / Hibernando,1,1,1,1,Valor medio
3B7WPM6TUH,Comercio detallista,Auto partes,Bogotá D.C.,2021-03-11 11:55:00,2021-03-11 12:01:00,2021-03-11 12:05:00,1,2000.0,0,False,2000.0,100.0,2,1,1,1,1,1,111,Perdidos / Hibernando,1,1,2,1,Valor medio
3BUG7LVT6L,Belleza y cuidado personal,Salón de belleza,Bogotá D.C.,,,,1,235000.0,0,False,78333.33333333333,11750.0,5,3,1,1,1,2,112,Perdidos / Hibernando,1,1,2,1,Valor medio
3BVEIYCPUI,Comercio detallista,Óptica,Bogotá D.C.,2021-02-03 15:02:00,2021-02-03 15:09:00,2021-02-03 15:13:00,1,2562000.0,850000,False,284666.6666666667,128100.0,1,9,3,2,3,4,234,Potenciales,0,0,1,0,Valor medio-alto
3CQYW2QMSZ,Comercio detallista,Auto partes,Bogotá D.C.,2021-03-12 15:08:00,2021-03-12 15:19:00,2021-03-12 15:22:00,1,2300000.0,0,False,460000.0,115000.0,0,5,2,5,2,3,523,Nuevos / En crecimiento,0,0,0,0,Valor medio-alto
3DBWT0O93P,Belleza y cuidado personal,Centro de tatuajes,Bogotá D.C.,2021-03-25 11:42:00,2021-03-25 11:48:00,2021-03-25 11:50:00,1,1226650.0,0,False,111513.63636363637,61332.5,0,11,3,5,3,3,533,Leales,0,0,0,0,Valor medio-alto
3DO9FZBZMR,Comercio detallista,Ropa / Accesorios,Bogotá D.C.,2021-03-08 09:56:00,2021-03-08 10:03:00,2021-03-08 10:06:00,1,14721800.0,5067400,False,88154.49101796407,736090.0,0,167,3,5,5,5,555,Campeones,2,0,0,0,Valor medio-alto
3E16XVFFKP,Alimentos y bebidas,Abarrotes / Mercado,Bogotá D.C.,2021-02-04 13:33:00,2021-02-04 13:52:00,2021-02-04 13:57:00,1,12787450.0,2228700,False,59754.43925233645,639372.5,0,214,4,5,5,5,555,Campeones,2,0,0,0,Valor medio-alto
3E9979HJCA,Comercio detallista,Tecnología,Bogotá D.C.,2021-03-11 12:42:00,2021-03-11 12:54:00,2021-03-11 12:57:00,1,2134000.0,714000,False,304857.14285714284,106700.0,0,7,3,5,3,3,533,Leales,0,0,0,0,Valor medio-alto
3EBRSM1XJZ,Comercio detallista,Óptica,Bogotá D.C.,2021-02-20 15:15:00,2021-02-20 15:21:00,2021-02-20 15:22:00,1,8664000.0,1010000,False,270750.0,433200.0,0,32,4,5,5,5,555,Campeones,2,0,0,0,Valor medio-alto
3EICTQJZ66,Comercio detallista,Ropa / Accesorios,Soacha,2021-02-20 16:42:00,2021-02-20 16:54:00,2021-02-20 17:01:00,2,1380000.0,253000,False,98571.42857142857,69000.0,0,14,4,5,3,3,533,Leales,0,2,0,2,Valor alto
3EKOTUR7PK,Comercio detallista,Ropa / Accesorios,Bogotá D.C.,2021-03-15 16:15:00,2021-03-15 16:23:00,2021-03-15 16:25:00,1,4000.0,2000,False,4000.0,200.0,2,1,1,1,1,1,111,Perdidos / Hibernando,1,1,2,1,Valor medio
3F0QW4MUY2,Servicios,Medicina / Odontología,Mosquera,,,,1,5609850.0,1167750,False,243906.52173913043,280492.5,0,23,3,5,4,4,544,Campeones,2,0,0,0,Valor medio-alto
3F1ELDEVJQ,Comercio detallista,Ropa / Accesorios,Bogotá D.C.,2021-03-30 18:09:00,2021-03-30 18:17:00,2021-03-30 18:19:00,1,4351000.0,0,False,1450333.3333333333,217550.0,0,3,2,5,1,4,514,Nuevos / En crecimiento,0,0,0,0,Valor medio-alto
3F81YDURLQ,Comercio detallista,Electrodomésticos,Bogotá D.C.,2021-03-15 13:02:00,2021-03-15 13:22:00,,1,780000.0,0,False,390000.0,39000.0,1,2,2,2,1,2,212,Perdidos / Hibernando,0,0,1,0,Valor medio-alto
3F8P8S0I4R,Comercio detallista,Materiales de construcción,Soacha,2021-03-16 15:22:00,2021-03-16 15:36:00,2021-03-16 15:40:00,1,3212700.0,272000,False,229478.57142857142,160635.0,0,14,3,5,3,4,534,Leales,0,0,0,0,Valor medio-alto
3GE6F6DJZE,Servicios,Otro,Cali,2021-02-06 09:11:00,2021-02-06 09:25:00,2021-02-06 09:29:00,1,1000.0,0,False,500.0,50.0,2,2,2,1,1,1,111,Perdidos / Hibernando,1,1,2,1,Valor medio
3GFZSKUYQU,Belleza y cuidado personal,Salón de belleza,Bogotá D.C.,2021-02-03 15:54:00,2021-02-03 16:02:00,2021-02-03 16:04:00,1,127000.0,0,False,63500.0,6350.0,2,2,2,1,1,1,111,Perdidos / Hibernando,1,1,1,1,Valor medio
3GWNST58M0,Servicios,Medicina / Odontología,Bogotá D.C.,2021-03-18 13:58:00,2021-03-18 14:14:00,2021-03-20 18:22:00,1,3252600.0,0,False,1626300.0,162630.0,1,2,2,2,1,4,214,Potenciales,0,0,1,0,Valor medio-alto
3HOIBTNCR2,Alimentos y bebidas,Restaurante / Café,Facatativá,2021-03-16 14:28:00,2021-03-16 14:38:00,2021-03-16 15:01:00,1,1000.0,0,False,1000.0,50.0,2,1,1,1,1,1,111,Perdidos / Hibernando,1,1,2,1,Valor medio
3HXKADKAA1,Servicios,Otro,Bogotá D.C.,2021-03-01 16:18:00,2021-03-15 08:00:00,2021-03-15 08:41:00,1,1720000.0,0,False,860000.0,86000.0,0,2,2,5,1,3,513,Nuevos / En crecimiento,0,0,1,0,Valor medio-alto
3HYFR5C2JM,Turismo y entretenimiento,Eventos / Festivales,Bogotá D.C.,2021-03-11 12:13:00,2021-03-11 12:19:00,2021-03-11 12:22:00,1,304000.0,0,False,101333.33333333333,15200.0,1,3,2,2,1,2,212,Perdidos / Hibernando,0,0,1,0,Valor medio-alto
3I99YWH3VE,Belleza y cuidado personal,Distribuidora,Bogotá D.C.,2021-02-28 16:59:00,2021-02-28 17:12:00,2021-02-28 17:14:00,1,912000.0,0,False,45600.0,45600.0,0,20,4,5,4,2,542,Leales,2,0,0,0,Valor medio-alto
3IOFYFXM95,Belleza y cuidado personal,Centro de tatuajes,Bogotá D.C.,2021-02-10 13:39:00,2021-02-10 13:48:00,2021-02-10 13:51:00,1,1000.0,0,False,1000.0,50.0,3,1,1,1,1,1,111,Perdidos / Hibernando,1,1,2,1,Valor medio
3JLF0A1CPQ,Alimentos y bebidas,Comida rápida,Cajicá,2021-03-24 18:31:00,2021-03-24 18:39:00,2021-03-24 18:43:00,1,502055.0,162955,False,55783.88888888889,25102.75,0,9,3,5,3,2,532,Leales,0,0,0,0,Valor medio-alto
3JWE874JL0,Comercio detallista,Ropa / Accesorios,Bogotá D.C.,2021-03-12 14:53:00,2021-03-12 15:03:00,2021-03-12 15:07:00,1,1652000.0,140000,False,236000.0,82600.0,0,7,2,5,3,3,533,Leales,0,0,0,0,Valor medio-alto
3K3ZA3QOZW,Belleza y cuidado personal,Otro,Bogotá D.C.,2021-03-15 18:56:00,2021-03-15 19:03:00,2021-03-15 19:04:00,1,3000.0,0,False,1500.0,150.0,2,2,1,1,1,1,111,Perdidos / Hibernando,1,1,2,1,Valor medio
3K9WLNENAM,Comercio detallista,Insumos,Bogotá D.C.,2021-03-25 13:31:00,2021-03-25 13:51:00,2021-03-25 13:53:00,1,3334000.0,430000,False,476285.71428571426,166700.0,0,7,3,5,3,4,534,Leales,0,0,0,0,Valor medio-alto
3KDO4MFTX9,Servicios,Otro,Bogotá D.C.,,,,1,9655000.0,322000,False,459761.90476190473,482750.0,0,21,5,5,4,5,545,Campeones,2,0,0,0,Valor medio-alto
3KTDMBWMGE,Alimentos y bebidas,Bar / Club / Discoteca,Bogotá D.C.,,,,1,2000.0,0,False,2000.0,100.0,4,1,1,1,1,1,111,Perdidos / Hibernando,1,1,2,1,Valor medio
3L6MN1WKT0,Alimentos y bebidas,Restaurante / Café,Bogotá D.C.,,,,1,22808300.0,2247900,False,44116.63442940039,1140415.0,0,517,6,5,5,5,555,Campeones,2,0,0,0,Valor medio-alto
3L9NNMIIXH,Reparación y limpieza,Automotriz y autopartes,Bogotá D.C.,2020-10-01 11:21:00,,,1,3344000.0,160000,False,371555.55555555556,167200.0,0,9,5,5,3,4,534,Leales,0,0,0,0,Valor medio-alto
3M1IEQTGYT,Comercio detallista,Ropa / Accesorios,Bogotá D.C.,2021-03-15 16:49:00,2021-03-15 17:07:00,2021-03-15 17:16:00,1,2335300.0,71500,False,155686.66666666666,116765.0,0,15,3,5,4,3,543,Leales,0,0,0,0,Valor medio-alto
3M8ZGHH8JG,Alimentos y bebidas,Abarrotes / Mercado,Bogotá D.C.,2021-03-16 15:18:00,2021-03-16 15:31:00,2021-03-16 15:36:00,1,65250.0,21100,False,21750.0,3262.5,1,3,2,2,1,1,211,Perdidos / Hibernando,0,1,1,1,Valor medio
3N4E1H0164,Servicios,Otro,Bogotá D.C.,2021-03-11 14:22:00,2021-03-11 14:29:00,2021-03-11 14:45:00,1,107000.0,0,False,35666.666666666664,5350.0,2,3,1,1,1,1,111,Perdidos / Hibernando,1,1,1,1,Valor medio
3N6EPAJN2C,Servicios,Otro,Fusagasugá,2021-02-25 15:57:00,2021-02-25 16:16:00,2021-02-25 16:22:00,1,4545000.0,235000,False,303000.0,227250.0,0,15,4,5,4,4,544,Campeones,2,0,0,0,Valor medio-alto
3NDCUAMFDW,Comercio detallista,Tecnología,Bogotá D.C.,2021-03-30 11:58:00,2021-03-30 12:08:00,2021-03-30 12:18:00,1,56000.0,0,False,28000.0,2800.0,1,2,2,2,1,1,211,Perdidos / Hibernando,0,1,1,1,Valor medio
3O2KIYAKW0,Servicios,Tecnología y software,Bogotá D.C.,2021-03-18 15:22:00,2021-03-18 15:37:00,2021-03-18 15:42:00,1,1604800.0,675000,False,401200.0,80240.0,1,4,2,2,2,3,223,Potenciales,0,0,1,0,Valor medio-alto
3O92NJK1R6,Alimentos y bebidas,Abarrotes / Mercado,Ubaque,2021-03-20 21:10:00,2021-03-20 21:16:00,2021-03-20 21:20:00,1,275000.0,244000,False,68750.0,13750.0,1,4,2,2,2,2,222,Perdidos / Hibernando,0,0,1,0,Valor medio-alto
3OYN40893K,Reparación y limpieza,Automotriz y autopartes,Bogotá D.C.,,,,1,72000.0,0,False,36000.0,3600.0,3,2,2,1,1,1,111,Perdidos / Hibernando,1,1,1,1,Valor medio
3PDVHR5PBP,Comercio detallista,Auto partes,Bogotá D.C.,2021-03-18 13:13:00,2021-03-18 13:25:00,2021-03-18 13:29:00,1,1000.0,0,False,1000.0,50.0,2,1,1,1,1,1,111,Perdidos / Hibernando,1,1,2,1,Valor medio
3PIJ23L6A2,Belleza y cuidado personal,Spa,Bogotá D.C.,2021-02-08 12:32:00,2021-02-08 12:41:00,2021-02-08 12:43:00,1,7741850.0,1541000,False,86020.55555555556,387092.5,0,90,4,5,5,5,555,Campeones,2,0,0,0,Valor medio-alto
3RJTP6JVLF,Transporte,Mudanza,Bogotá D.C.,2021-02-25 16:08:00,2021-02-25 16:15:00,2021-02-25 16:22:00,1,2000.0,0,False,2000.0,100.0,3,1,1,1,1,1,111,Perdidos / Hibernando,1,1,2,1,Valor medio
3SJOKRATNQ,Servicios,Tecnología y software,Bogotá D.C.,2021-02-08 17:32:00,2021-02-08 17:42:00,2021-02-08 17:43:00,1,2000.0,0,False,2000.0,100.0,3,1,1,1,1,1,111,Perdidos / Hibernando,1,1,2,1,Valor medio
3T1QJUD7K4,Comercio detallista,Auto partes,Bogotá D.C.,2020-10-06 18:03:00,,,1,3100999.0,0,False,344555.44444444444,155049.95,0,9,4,5,3,4,534,Leales,0,0,0,0,Valor medio-alto
3TK39FW9H5,Servicios,Logística,Bogotá D.C.,2021-03-11 11:41:00,2021-03-11 11:51:00,2021-03-11 11:53:00,1,950000.0,0,False,316666.6666666667,47500.0,0,3,2,5,1,2,512,Nuevos / En crecimiento,0,0,0,0,Valor medio-alto
3V28ZGGG43,Alimentos y bebidas,Restaurante / Café,Bogotá D.C.,,,,1,313500.0,78000,False,39187.5,15675.0,0,8,4,5,3,2,532,Leales,0,0,1,0,Valor medio-alto
3VBXW8X05S,Comercio detallista,Óptica,Bogotá D.C.,2021-02-08 15:24:00,2021-02-08 15:32:00,2021-02-08 15:35:00,1,5204000.0,600000,False,306117.64705882355,260200.0,1,17,3,2,4,4,244,En riesgo (antes valiosos),2,0,0,0,Valor medio-alto
3VMAB5J8NS,Alimentos y bebidas,Abarrotes / Mercado,Bogotá D.C.,2021-03-30 13:22:00,2021-03-30 13:33:00,2021-03-30 13:35:00,1,2000.0,0,False,2000.0,100.0,2,1,1,1,1,1,111,Perdidos / Hibernando,1,1,2,1,Valor medio
3W02D2EQSF,Comercio detallista,Ropa / Accesorios,Bogotá D.C.,2021-03-18 18:27:00,2021-03-18 18:43:00,2021-03-18 18:45:00,1,5320000.0,4708000,False,665000.0,266000.0,0,8,2,5,3,4,534,Leales,0,0,0,0,Valor medio-alto
3WRPINABI0,Alimentos y bebidas,Comida rápida,Bogotá D.C.,2021-03-08 12:26:00,2021-03-08 12:50:00,2021-03-08 12:55:00,1,830400.0,88250,False,39542.857142857145,41520.0,0,21,3,5,4,2,542,Leales,2,0,0,0,Valor medio-alto
3X8GZPSDK1,Comercio detallista,Ropa / Accesorios,Soacha,,,,1,3926000.0,407000,False,126645.16129032258,196300.0,0,31,5,5,5,4,554,Campeones,2,0,0,0,Valor medio-alto
3X8L3DFRWR,Comercio detallista,Materiales de construcción,Soacha,,,,1,6253006.0,762900,False,250120.24,312650.3,0,25,5,5,4,5,545,Campeones,2,0,0,0,Valor medio-alto
3XBZATZIFQ,Comercio detallista,Muebles / Decoración,Zipaquirá,2021-03-19 15:13:00,2021-03-19 15:19:00,2021-03-19 15:23:00,1,22972000.0,4401000,False,1276222.2222222222,1148600.0,0,18,3,5,4,5,545,Campeones,2,0,0,0,Valor medio-alto
3XDPNA9F5J,Servicios,Otro,Bogotá D.C.,2021-03-18 12:47:00,2021-03-18 13:08:00,2021-03-18 13:14:00,1,1000.0,0,False,1000.0,50.0,2,1,1,1,1,1,111,Perdidos / Hibernando,1,1,2,1,Valor medio
3XM8WN9UMN,Comercio detallista,Ropa / Accesorios,Bogotá D.C.,2021-03-18 12:27:00,2021-03-18 12:38:00,2021-03-20 13:55:00,1,188000.0,0,False,37600.0,9400.0,0,5,3,5,2,2,522,Nuevos / En crecimiento,0,0,1,0,Valor medio-alto
3Y2B4E95ZJ,Comercio detallista,Ropa / Accesorios,Bogotá D.C.,2021-03-06 13:04:00,2021-03-06 13:13:00,2021-03-06 13:29:00,1,329000.0,0,False,65800.0,16450.0,2,5,1,1,2,2,122,Perdidos / Hibernando,1,1,1,1,Valor medio
3YB7BM65A7,Comercio detallista,Venta de bicicletas y accesorios,Bogotá D.C.,2021-03-16 15:43:00,2021-03-16 15:56:00,2021-03-16 16:00:00,1,2741000.0,1450000,False,304555.55555555556,137050.0,0,9,2,5,3,4,534,Leales,0,0,0,0,Valor medio-alto
3ZG8OGQYK4,Comercio detallista,Ropa / Accesorios,Soacha,2021-02-18 14:45:00,2021-02-18 14:58:00,2021-02-18 15:03:00,1,5284000.0,961000,False,135487.1794871795,264200.0,0,39,4,5,5,4,554,Campeones,2,0,0,0,Valor medio-alto
406EG3IJG5,Servicios,Tecnología y software,Bogotá D.C.,,,,1,2000.0,0,False,2000.0,100.0,4,1,1,1,1,1,111,Perdidos / Hibernando,1,1,2,1,Valor medio
40C4THYIDT,Reparación y limpieza,Moda / Zapatería,Bogotá D.C.,2021-03-08 10:34:00,2021-03-08 10:45:00,2021-03-08 15:02:00,1,2000.0,0,False,2000.0,100.0,2,1,1,1,1,1,111,Perdidos / Hibernando,1,1,2,1,Valor medio
40IMCT6J66,Servicios,Veterinaria,Bogotá D.C.,2021-03-23 16:53:00,2021-03-23 16:59:00,2021-03-23 17:01:00,1,4125500.0,897100,False,72377.19298245614,206275.0,0,57,3,5,5,4,554,Campeones,2,0,0,0,Valor medio-alto
40JHNNW6AX,Servicios,Otro,Bogotá D.C.,2021-03-09 15:19:00,2021-03-09 15:27:00,2021-03-09 15:29:00,1,1306000.0,0,False,326500.0,65300.0,0,4,2,5,2,3,523,Nuevos / En crecimiento,0,0,0,0,Valor medio-alto
40LMHSU0CC,Comercio detallista,Ropa / Accesorios,Bogotá D.C.,2021-03-12 12:19:00,2021-03-12 12:26:00,2021-03-12 12:30:00,1,2000.0,0,False,2000.0,100.0,2,1,1,1,1,1,111,Perdidos / Hibernando,1,1,2,1,Valor medio
40TRBHETLV,Comercio detallista,Otro,Bogotá D.C.,2021-02-19 16:39:00,2021-02-19 16:46:00,2021-02-19 16:49:00,1,8572100.0,1783500,False,285736.6666666667,428605.0,0,30,4,5,5,5,555,Campeones,2,0,0,0,Valor medio-alto
419AYZIJHX,Servicios,Arquitectura e ingeniería,Bogotá D.C.,2021-03-09 14:35:00,2021-03-09 14:43:00,2021-03-09 14:45:00,1,1532000.0,760000,False,510666.6666666667,76600.0,1,3,2,2,2,3,223,Potenciales,0,0,1,0,Valor medio-alto
41DW47V2BT,Comercio detallista,Ropa / Accesorios,Ibagué,2021-03-09 14:14:00,2021-03-09 14:22:00,2021-03-09 14:26:00,1,259000.0,0,False,64750.0,12950.0,0,4,3,5,2,2,522,Nuevos / En crecimiento,0,0,1,0,Valor medio-alto
41KB8LYK9X,Comercio detallista,Óptica,Bogotá D.C.,2021-03-23 13:53:00,2021-03-23 13:59:00,2021-03-23 14:01:00,1,4404000.0,360000,False,275250.0,220200.0,0,16,3,5,4,4,544,Campeones,2,0,0,0,Valor medio-alto
42OPVX6CWZ,Servicios,Arquitectura e ingeniería,Bogotá D.C.,2021-03-16 15:29:00,2021-03-16 15:40:00,2021-03-16 15:43:00,1,452450.0,0,False,113112.5,22622.5,1,4,2,2,2,2,222,Perdidos / Hibernando,0,0,1,0,Valor medio-alto
43339GSPQ2,Alimentos y bebidas,Abarrotes / Mercado,Bogotá D.C.,2021-03-04 19:47:00,2021-03-04 19:56:00,2021-03-04 19:58:00,1,2000.0,0,False,2000.0,100.0,2,1,1,1,1,1,111,Perdidos / Hibernando,1,1,2,1,Valor medio
437CFU9SBP,Alimentos y bebidas,Comida rápida,Cali,2020-07-22 19:52:00,2021-02-11 14:44:00,2021-02-11 14:46:00,1,5804620.0,938500,False,34758.203592814374,290231.0,0,167,4,5,5,4,554,Campeones,2,0,0,0,Valor medio-alto
43JRU0X9KJ,Comercio detallista,Mascotas,Bogotá D.C.,2021-03-17 12:48:00,2021-03-17 12:55:00,2021-03-17 12:59:00,1,21224000.0,11583000,False,643151.5151515151,1061200.0,0,33,2,5,5,5,555,Campeones,2,0,0,0,Valor medio-alto
43Q6A0FTA6,Comercio detallista,Tecnología,Bogotá D.C.,2021-02-01 13:58:00,2021-02-01 14:20:00,2021-02-01 14:25:00,1,5623301.0,1096036,False,112466.02,281165.05,0,50,4,5,5,4,554,Campeones,2,0,0,0,Valor medio-alto
43UKY9YLC1,Reparación y limpieza,Automotriz y autopartes,Madrid,2021-03-15 12:48:00,2021-03-15 13:18:00,2021-03-15 13:20:00,1,2000.0,0,False,2000.0,100.0,2,1,1,1,1,1,111,Perdidos / Hibernando,1,1,2,1,Valor medio
44MKV9TF94,Comercio detallista,Ropa / Accesorios,Bogotá D.C.,2021-03-29 16:21:00,2021-03-29 16:24:00,2021-03-29 16:27:00,1,1428000.0,200000,False,357000.0,71400.0,0,4,2,5,2,3,523,Nuevos / En crecimiento,0,0,0,0,Valor medio-alto
4511YIJ7WW,Reparación y limpieza,Automotriz y autopartes,Bogotá D.C.,,,,1,6398000.0,1490000,False,914000.0,319900.0,0,7,4,5,3,5,535,Leales,0,0,0,0,Valor medio-alto
462QC6O30X,Comercio detallista,Juguetería / Piñatería,Bogotá D.C.,2021-03-30 20:08:00,2021-03-30 20:16:00,2021-03-30 20:25:00,1,2000.0,0,False,2000.0,100.0,2,1,1,1,1,1,111,Perdidos / Hibernando,1,1,2,1,Valor medio
463N772R1O,Comercio detallista,Óptica,Bogotá D.C.,,,,1,21250000.0,2110000,False,379464.28571428574,1062500.0,0,56,5,5,5,5,555,Campeones,2,0,0,0,Valor medio-alto
4681S0D5D8,Transporte,Domicilios,Bogotá D.C.,,,,1,611000.0,146000,False,87285.71428571429,30550.0,0,7,4,5,3,2,532,Leales,0,0,0,0,Valor medio-alto
47YF8HH0Z0,Alimentos y bebidas,Bar / Club / Discoteca,Chía,2021-03-19 16:32:00,2021-03-19 16:41:00,2021-03-19 16:46:00,1,1491050.0,159000,False,62127.083333333336,74552.5,0,24,3,5,4,3,543,Leales,2,0,0,0,Valor medio-alto
48K7QBUWDZ,Transporte,Servicio especial,Bogotá D.C.,2021-03-18 16:21:00,2021-03-18 16:27:00,2021-03-18 16:31:00,1,1000.0,0,False,1000.0,50.0,2,1,1,1,1,1,111,Perdidos / Hibernando,1,1,2,1,Valor medio
48X7F5USKN,Comercio detallista,Ropa / Accesorios,Bogotá D.C.,2021-03-09 14:26:00,2021-03-09 14:37:00,2021-03-09 14:38:00,1,1346000.0,280000,False,74777.77777777778,67300.0,0,18,3,5,4,3,543,Leales,2,0,0,0,Valor medio-alto
49J32IM2Y7,Alimentos y bebidas,Comida rápida,Bogotá D.C.,2021-03-19 10:55:00,2021-03-19 11:03:00,2021-03-19 11:16:00,1,2000.0,0,False,2000.0,100.0,2,1,1,1,1,1,111,Perdidos / Hibernando,1,1,2,1,Valor medio
4ABJ0CHA7B,Belleza y cuidado personal,Otro,Bogotá D.C.,2021-02-16 10:58:00,2021-02-16 11:07:00,2021-02-16 11:09:00,1,43522000.0,15200000,False,1892260.8695652173,2176100.0,0,23,4,5,4,5,545,Campeones,2,0,0,0,Valor medio-alto
4ADM1XECXK,Alimentos y bebidas,Licores,Bogotá D.C.,2021-03-17 11:42:00,2021-03-17 11:48:00,2021-03-17 11:50:00,1,2000.0,0,False,2000.0,100.0,2,1,1,1,1,1,111,Perdidos / Hibernando,1,1,2,1,Valor medio
4AQ6TJPC24,Transporte,Taxi,Cali,2021-03-13 13:49:00,2021-03-13 14:07:00,2021-03-13 14:09:00,1,1000.0,0,False,1000.0,50.0,2,1,1,1,1,1,111,Perdidos / Hibernando,1,1,2,1,Valor medio
4AX7GUYCLI,Comercio detallista,Óptica,Bogotá D.C.,,,,2,9747000.0,0,False,286676.4705882353,487350.0,0,34,5,5,5,5,555,Campeones,2,2,0,2,Valor alto
4B7NVCGYZB,Comercio detallista,Ropa / Accesorios,Fusagasugá,2021-02-25 14:07:00,2021-02-25 14:16:00,2021-02-25 14:19:00,1,451000.0,0,False,45100.0,22550.0,0,10,4,5,3,2,532,Leales,0,0,0,0,Valor medio-alto
4BH3TTFWIF,Reparación y limpieza,Automotriz y autopartes,Soacha,,,,1,9551200.0,2159150,False,397966.6666666667,477560.0,0,24,5,5,4,5,545,Campeones,2,0,0,0,Valor medio-alto
4CTMO7HPJL,Servicios,Diseño / Fotografía,Cali,2021-03-24 09:13:00,2021-03-24 09:23:00,2021-03-24 09:28:00,1,1965300.0,454300,False,85447.82608695653,98265.0,0,23,3,5,4,3,543,Leales,2,0,0,0,Valor medio-alto
4D0T63XQOK,Comercio detallista,Otro,Madrid,2021-03-15 14:56:00,2021-03-15 15:17:00,2021-03-15 15:20:00,1,2414000.0,325000,False,134111.11111111112,120700.0,0,18,3,5,4,3,543,Leales,2,0,0,0,Valor medio-alto
4EAVWAJRAD,Comercio detallista,Juguetería / Piñatería,Soacha,2021-03-19 12:45:00,2021-03-19 12:59:00,2021-03-19 13:02:00,1,2000.0,0,False,2000.0,100.0,2,1,1,1,1,1,111,Perdidos / Hibernando,1,1,2,1,Valor medio
4F24QCVW53,Comercio detallista,Tecnología,Bogotá D.C.,2021-03-06 19:00:00,2021-03-06 19:07:00,2021-03-06 19:09:00,1,3244800.0,421000,False,58996.36363636364,162240.0,0,55,3,5,5,4,554,Campeones,2,0,0,0,Valor medio-alto
4FBPXQ85J7,Servicios,Contabilidad / Asesorías,Bogotá D.C.,2021-03-10 12:22:00,2021-03-10 12:35:00,2021-03-10 12:37:00,1,5509000.0,0,False,787000.0,275450.0,1,7,2,2,3,4,234,Potenciales,0,0,1,0,Valor medio-alto
4FNPPFHGQ5,Comercio detallista,Materiales de construcción,Bogotá D.C.,2021-03-09 15:54:00,2021-03-09 16:04:00,2021-03-09 16:06:00,1,27162500.0,6646000,False,1234659.0909090908,1358125.0,0,22,3,5,4,5,545,Campeones,2,0,0,0,Valor medio-alto
4G6RDWVR81,Comercio detallista,Ropa / Accesorios,Bogotá D.C.,2021-03-15 16:06:00,2021-03-15 16:15:00,2021-03-15 16:17:00,1,5202000.0,220000,False,325125.0,260100.0,0,16,3,5,4,4,544,Campeones,2,0,0,0,Valor medio-alto
4GE5A1YRM4,Comercio detallista,Ropa / Accesorios,Bogotá D.C.,2021-03-15 15:37:00,2021-03-15 15:47:00,2021-03-15 15:50:00,1,2497000.0,945000,False,178357.14285714287,124850.0,0,14,3,5,3,3,533,Leales,0,0,0,0,Valor medio-alto
4GJVWSD8O5,Servicios,Veterinaria,Bogotá D.C.,,,,1,2571000.0,418000,False,61214.28571428572,128550.0,0,42,5,5,5,4,554,Campeones,2,0,0,0,Valor medio-alto
4H8F535CTF,Comercio detallista,Joyería,Bogotá D.C.,2021-03-30 16:18:00,2021-03-30 16:51:00,2021-03-30 16:55:00,1,2000.0,0,False,2000.0,100.0,2,1,1,1,1,1,111,Perdidos / Hibernando,1,1,2,1,Valor medio
4H93ND2TH0,Reparación y limpieza,Automotriz y autopartes,Bogotá D.C.,2021-02-10 14:47:00,2021-02-10 14:52:00,2021-02-10 14:54:00,1,1685000.0,0,False,210625.0,84250.0,0,8,4,5,3,3,533,Leales,0,0,0,0,Valor medio-alto
4HBKQFZW5O,Servicios,Medicina / Odontología,Bogotá D.C.,2021-03-20 14:31:00,2021-03-20 14:46:00,2021-03-20 15:01:00,1,240000.0,0,False,80000.0,12000.0,2,3,1,1,2,2,122,Perdidos / Hibernando,1,1,1,1,Valor medio
4I1E11Z5Q0,Servicios,Tecnología y software,Bogotá D.C.,2021-02-04 15:20:00,2021-02-04 15:26:00,2021-02-04 15:29:00,1,4000.0,0,False,2000.0,200.0,3,2,1,1,1,1,111,Perdidos / Hibernando,1,1,2,1,Valor medio
4IE9F1TCAP,Comercio detallista,Mascotas,Bogotá D.C.,2021-03-03 20:06:00,2021-03-03 20:17:00,2021-03-03 20:18:00,1,6000.0,0,False,2000.0,300.0,2,3,1,1,2,1,121,Perdidos / Hibernando,1,1,2,1,Valor medio
4J64EL8D6H,Servicios,Otro,Bogotá D.C.,2021-03-31 16:25:00,2021-03-31 16:34:00,2021-03-31 16:37:00,1,28000.0,22000,False,9333.333333333334,1400.0,2,3,1,1,2,1,121,Perdidos / Hibernando,1,1,1,1,Valor medio
4J6J73PYIQ,Servicios,Diseño / Fotografía,Bogotá D.C.,2021-03-26 11:48:00,2021-03-26 11:56:00,2021-03-26 11:58:00,1,2000.0,0,False,2000.0,100.0,2,1,1,1,1,1,111,Perdidos / Hibernando,1,1,2,1,Valor medio
4J7IJF9CWW,Comercio detallista,Otro,Bogotá D.C.,2021-03-09 09:57:00,2021-03-09 10:02:00,2021-03-09 10:09:00,1,6872000.0,360000,False,572666.6666666666,343600.0,0,12,3,5,3,5,535,Leales,2,0,0,0,Valor medio-alto
4JCZ70W685,Comercio detallista,Ropa / Accesorios,Bogotá D.C.,2021-03-15 15:16:00,2021-03-15 15:26:00,2021-03-15 15:29:00,1,3000.0,0,False,1500.0,150.0,2,2,1,1,1,1,111,Perdidos / Hibernando,1,1,2,1,Valor medio
4KMHMMLHN7,Comercio detallista,Óptica,Bogotá D.C.,2021-02-17 15:33:00,2021-02-17 15:39:00,2021-02-17 15:40:00,1,1505000.0,0,False,250833.33333333334,75250.0,0,6,4,5,2,3,523,Nuevos / En crecimiento,0,0,0,0,Valor medio-alto
4KYQONNLP6,Comercio detallista,Elementos del hogar,Madrid,2021-03-15 10:59:00,2021-03-15 11:05:00,2021-03-15 11:08:00,1,2000.0,0,False,2000.0,100.0,2,1,1,1,1,1,111,Perdidos / Hibernando,1,1,2,1,Valor medio
4LHHQXPDKE,Servicios,Contabilidad / Asesorías,Bogotá D.C.,,,,1,16400.0,0,False,8200.0,820.0,4,2,2,1,1,1,111,Perdidos / Hibernando,1,1,2,1,Valor medio
4LOBNX5FL8,Alimentos y bebidas,Abarrotes / Mercado,Bogotá D.C.,2021-03-10 11:44:00,2021-03-10 11:52:00,2021-03-10 11:55:00,1,859700.0,220100,False,34388.0,42985.0,0,25,3,5,4,2,542,Leales,2,0,0,0,Valor medio-alto
4LQWLMXLYI,Reparación y limpieza,Reparaciones locativas,Soacha,,,,1,15440000.0,0,False,1286666.6666666667,772000.0,4,12,1,1,3,5,135,Potenciales,1,0,2,0,Valor medio-alto
4M9EP4D8XL,Comercio detallista,Elementos del hogar,Bogotá D.C.,2021-03-12 11:30:00,2021-03-12 11:37:00,2021-03-12 11:42:00,1,2000.0,0,False,2000.0,100.0,2,1,1,1,1,1,111,Perdidos / Hibernando,1,1,2,1,Valor medio
4MACPK2KC8,Alimentos y bebidas,Comida rápida,Bogotá D.C.,2021-03-17 12:08:00,2021-03-17 12:18:00,2021-03-17 12:20:00,1,393400.0,0,False,131133.33333333334,19670.0,2,3,1,1,2,2,122,Perdidos / Hibernando,1,1,1,1,Valor medio
4MNZKHGPCC,Servicios,Veterinaria,Bogotá D.C.,2021-03-16 16:04:00,2021-03-16 16:12:00,2021-03-16 16:14:00,1,984800.0,0,False,82066.66666666667,49240.0,0,12,3,5,3,3,533,Leales,0,0,0,0,Valor medio-alto
4NNYNMMI84,Comercio detallista,Óptica,Bogotá D.C.,2021-02-24 16:00:00,2021-02-24 16:09:00,2021-02-24 16:12:00,1,5661000.0,460000,False,629000.0,283050.0,0,9,4,5,3,4,534,Leales,0,0,0,0,Valor medio-alto
4NW1JZ9BSG,Servicios,Otro,Bogotá D.C.,,,,2,19004750.0,888000,False,182737.98076923078,950237.5,0,104,6,5,5,5,555,Campeones,2,2,0,2,Valor alto
4O3SZ4POD4,Belleza y cuidado personal,Distribuidora,Bogotá D.C.,2021-03-17 17:36:00,2021-03-17 17:50:00,2021-03-17 17:52:00,1,2000930.0,248500,False,62529.0625,100046.5,0,32,3,5,5,3,553,Leales,2,0,0,0,Valor medio-alto
4OTYGK4503,Alimentos y bebidas,Bar / Club / Discoteca,Bogotá D.C.,2021-03-15 20:00:00,2021-03-15 20:13:00,2021-03-15 20:16:00,1,122000.0,0,False,61000.0,6100.0,2,2,1,1,1,1,111,Perdidos / Hibernando,1,1,1,1,Valor medio
4OX9WJKT1U,Alimentos y bebidas,Abarrotes / Mercado,Bogotá D.C.,2021-03-19 20:14:00,2021-03-19 20:28:00,2021-03-19 20:31:00,1,3677450.0,828200,False,29897.967479674797,183872.5,0,123,3,5,5,4,554,Campeones,2,0,0,0,Valor medio-alto
4PQ9326LZS,Servicios,Otro,Bogotá D.C.,2021-02-03 10:24:00,2021-02-03 10:32:00,2021-02-03 10:36:00,1,2000.0,0,False,2000.0,100.0,3,1,1,1,1,1,111,Perdidos / Hibernando,1,1,2,1,Valor medio
4R3AT5HWOX,Reparación y limpieza,Moda / Zapatería,Bogotá D.C.,2021-03-11 18:22:00,2021-03-11 18:29:00,2021-03-11 18:33:00,1,1104000.0,388000,False,61333.333333333336,55200.0,0,18,3,5,4,3,543,Leales,0,0,0,0,Valor medio-alto
4R4K7PJOQT,Comercio detallista,Tecnología,Bogotá D.C.,2021-03-10 12:18:00,2021-03-10 12:30:00,2021-03-10 12:34:00,1,7836103.0,0,False,653008.5833333334,391805.15,0,12,3,5,3,5,535,Leales,2,0,0,0,Valor medio-alto
4R8ZTBXPDG,Comercio detallista,Ropa / Accesorios,Bogotá D.C.,2021-03-19 18:59:00,2021-03-19 19:10:00,2021-03-19 19:12:00,1,1524000.0,178000,False,117230.76923076923,76200.0,0,13,3,5,3,3,533,Leales,0,0,0,0,Valor medio-alto
4RFFGGPXL3,Comercio detallista,Auto partes,Bogotá D.C.,2021-03-26 17:17:00,2021-03-26 17:25:00,2021-03-26 17:27:00,1,1593000.0,363000,False,88500.0,79650.0,0,18,3,5,4,3,543,Leales,2,0,0,0,Valor medio-alto
4SE83DCBRK,Comercio detallista,Óptica,Bogotá D.C.,2021-03-01 13:06:00,2021-03-01 13:15:00,2021-03-01 13:17:00,1,2944000.0,600000,False,327111.1111111111,147200.0,0,9,3,5,3,4,534,Leales,0,0,0,0,Valor medio-alto
4SIHGLKL4Z,Comercio detallista,Ropa / Accesorios,Bogotá D.C.,2021-03-13 13:34:00,2021-03-13 13:43:00,2021-03-13 13:47:00,1,1854000.0,922000,False,463500.0,92700.0,2,4,1,1,2,3,123,Potenciales,0,0,1,0,Valor medio-alto
4U3DFX8D7I,Comercio detallista,Ropa / Accesorios,Bogotá D.C.,2021-03-19 17:18:00,2021-03-19 17:27:00,2021-03-19 17:29:00,1,3805600.0,555000,False,126853.33333333333,190280.0,0,30,3,5,5,4,554,Campeones,2,0,0,0,Valor medio-alto
4UKIGF1HSK,Belleza y cuidado personal,Distribuidora,Bogotá D.C.,2021-03-20 09:49:00,2021-03-20 09:59:00,2021-03-20 10:04:00,1,3000.0,0,False,1500.0,150.0,1,2,2,2,1,1,211,Perdidos / Hibernando,1,1,1,1,Valor medio
4UM1JM7R65,Comercio detallista,Tecnología,Soacha,2021-03-24 10:32:00,2021-03-24 10:44:00,2021-03-24 10:49:00,1,577000.0,25000,False,192333.33333333334,28850.0,0,3,2,5,2,2,522,Nuevos / En crecimiento,0,0,0,0,Valor medio-alto
4VTMSH392Z,Comercio detallista,Ropa / Accesorios,Soacha,2021-02-11 12:08:00,2021-02-11 12:22:00,2021-02-11 12:28:00,1,9468000.0,2612000,False,102913.04347826086,473400.0,0,92,4,5,5,5,555,Campeones,2,0,0,0,Valor medio-alto
4VZEAZBQJI,Transporte,Servicio especial,Cali,2021-03-13 13:36:00,2021-03-13 13:50:00,2021-03-13 14:07:00,1,1000.0,0,False,1000.0,50.0,2,1,1,1,1,1,111,Perdidos / Hibernando,1,1,2,1,Valor medio
4WIZ1RWV2B,Belleza y cuidado personal,Distribuidora,Bogotá D.C.,2021-03-09 15:55:00,2021-03-09 16:01:00,2021-03-09 16:03:00,1,522500.0,150000,False,130625.0,26125.0,0,4,2,5,2,2,522,Nuevos / En crecimiento,0,0,1,0,Valor medio-alto
4X2NK6G9DP,Comercio detallista,Juguetería / Piñatería,Bogotá D.C.,,,,1,1078000.0,28000,False,38500.0,53900.0,0,28,6,5,4,3,543,Leales,2,0,0,0,Valor medio-alto
4X5LHZJEB4,Comercio detallista,Otro,Bogotá D.C.,2021-03-24 16:18:00,2021-03-24 16:29:00,2021-03-24 16:33:00,1,2000.0,0,False,2000.0,100.0,2,1,1,1,1,1,111,Perdidos / Hibernando,1,1,2,1,Valor medio
4X7EM82JGO,Belleza y cuidado personal,Suplementos,Bogotá D.C.,2021-03-18 17:30:00,2021-03-18 17:44:00,2021-03-18 18:34:00,1,2000.0,0,False,2000.0,100.0,2,1,1,1,1,1,111,Perdidos / Hibernando,1,1,2,1,Valor medio
4X80AYC7VZ,Alimentos y bebidas,Abarrotes / Mercado,Bogotá D.C.,,,,1,87200.0,0,False,17440.0,4360.0,3,5,2,1,2,1,121,Perdidos / Hibernando,1,1,1,1,Valor medio
4XUWH6LSI3,Comercio detallista,Ropa / Accesorios,Bogotá D.C.,2021-03-24 16:59:00,2021-03-24 17:11:00,2021-03-24 17:14:00,1,492500.0,121000,False,54722.22222222222,24625.0,0,9,3,5,3,2,532,Leales,0,0,0,0,Valor medio-alto
4XXG2DIY5Q,Belleza y cuidado personal,Salón de belleza,Cali,2021-03-20 17:01:00,2021-03-20 17:08:00,2021-03-20 17:17:00,1,621900.0,190650,False,88842.85714285714,31095.0,0,7,2,5,3,2,532,Leales,0,0,0,0,Valor medio-alto
4Y5PFA6SDH,Comercio detallista,Óptica,Bogotá D.C.,2021-03-24 15:51:00,2021-03-24 16:01:00,2021-03-24 16:05:00,1,2000.0,0,False,2000.0,100.0,2,1,1,1,1,1,111,Perdidos / Hibernando,1,1,2,1,Valor medio
4YRQ0XZRMD,Alimentos y bebidas,Bar / Club / Discoteca,Bogotá D.C.,,,,1,2000.0,0,False,2000.0,100.0,4,1,1,1,1,1,111,Perdidos / Hibernando,1,1,2,1,Valor medio
4Z3MVP68RR,Servicios,Otro,Bogotá D.C.,2021-02-01 16:39:00,2021-02-01 16:47:00,2021-02-01 16:49:00,1,1631090.0,0,False,326218.0,81554.5,1,5,3,2,2,3,223,Potenciales,0,0,1,0,Valor medio-alto
5080AG2S02,Servicios,Otro,Bogotá D.C.,,,,1,10233000.0,7969000,False,1279125.0,511650.0,0,8,3,5,3,5,535,Leales,0,0,0,0,Valor medio-alto
50BJ2NV63B,Alimentos y bebidas,Restaurante / Café,Choachí,2021-03-29 18:51:00,2021-03-29 18:57:00,2021-03-29 18:59:00,1,4130293.0,869123,False,79428.71153846153,206514.65000000002,0,52,3,5,5,4,554,Campeones,2,0,0,0,Valor medio-alto
50E9KAFY4O,Comercio detallista,Ropa / Accesorios,Bogotá D.C.,2021-02-25 16:34:00,2021-02-25 16:44:00,2021-02-25 16:49:00,1,83000.0,0,False,16600.0,4150.0,0,5,3,5,2,1,521,Nuevos / En crecimiento,0,0,1,0,Valor medio-alto
50U0787KD7,Comercio detallista,Materiales de construcción,Bogotá D.C.,2021-03-24 12:20:00,2021-03-24 12:28:00,2021-03-24 12:30:00,1,4035600.0,236600,False,134520.0,201780.0,0,30,3,5,5,4,554,Campeones,2,0,0,0,Valor medio-alto
50UC2CW853,Comercio detallista,Insumos,Bogotá D.C.,2021-03-18 10:48:00,2021-03-18 10:57:00,2021-03-18 10:59:00,1,2154000.0,300000,False,119666.66666666667,107700.0,0,18,3,5,4,3,543,Leales,2,0,0,0,Valor medio-alto
510GC69JDP,Comercio detallista,Farmacia,Bogotá D.C.,2021-03-11 16:51:00,2021-03-11 16:59:00,2021-03-11 17:04:00,1,176800.0,0,False,17680.0,8840.0,0,10,3,5,3,2,532,Leales,0,0,0,0,Valor medio-alto
516CH4EN3O,Servicios,Diseño / Fotografía,Bogotá D.C.,2021-03-08 09:55:00,2021-03-08 10:08:00,2021-03-08 10:13:00,1,1000.0,0,False,1000.0,50.0,2,1,1,1,1,1,111,Perdidos / Hibernando,1,1,2,1,Valor medio
521ITSOM3V,Comercio detallista,Ropa / Accesorios,Soacha,2021-03-06 10:16:00,2021-03-06 10:22:00,2021-03-06 10:25:00,1,10742000.0,1220000,False,191821.42857142858,537100.0,0,56,3,5,5,5,555,Campeones,2,0,0,0,Valor medio-alto
524YX4VDZ4,Servicios,Diseño / Fotografía,Bogotá D.C.,2021-02-04 13:12:00,2021-02-04 13:20:00,2021-02-13 13:39:00,1,4972100.0,510000,False,78922.22222222222,248605.0,0,63,4,5,5,4,554,Campeones,2,0,0,0,Valor medio-alto
533WERYV5S,Comercio detallista,Venta de bicicletas y accesorios,Bogotá D.C.,2021-03-20 12:55:00,2021-03-20 13:07:00,2021-03-20 13:12:00,1,4176999.0,1383999,False,174041.625,208849.95,0,24,3,5,4,4,544,Campeones,2,0,0,0,Valor medio-alto
5424GTITOZ,Comercio detallista,Materiales de construcción,Bogotá D.C.,,,,1,13268448.0,1405500,False,282307.40425531915,663422.4,0,47,6,5,5,5,555,Campeones,2,0,0,0,Valor medio-alto
548DQ4FJ9I,Servicios,Otro,Bogotá D.C.,2021-03-30 19:29:00,2021-03-30 19:35:00,2021-03-30 19:39:00,1,107700.0,77700,False,53850.0,5385.0,2,2,1,1,1,1,111,Perdidos / Hibernando,1,1,1,1,Valor medio
54IR64E9J6,Comercio detallista,Elementos del hogar,Bogotá D.C.,2021-03-23 16:32:00,2021-03-23 16:37:00,2021-03-23 16:40:00,1,29932106.0,0,False,1108596.5185185184,1496605.3,0,27,3,5,4,5,545,Campeones,2,0,0,0,Valor medio-alto
54Y62TPI8D,Comercio detallista,Muebles / Decoración,Fusagasugá,2021-03-10 16:19:00,2021-03-10 16:29:00,2021-03-10 16:31:00,1,5889000.0,2520000,False,981500.0,294450.0,0,6,3,5,2,4,524,Nuevos / En crecimiento,0,0,0,0,Valor medio-alto
5501UDRFAT,Belleza y cuidado personal,Salón de belleza,Bogotá D.C.,2021-02-25 15:44:00,2021-02-25 15:51:00,2021-02-25 15:54:00,1,3478000.0,794000,False,102294.11764705883,173900.0,0,34,4,5,5,4,554,Campeones,2,0,0,0,Valor medio-alto
552F4BK5SV,Comercio detallista,Óptica,Bogotá D.C.,,,,1,12547000.0,1170000,False,216327.58620689655,627350.0,0,58,5,5,5,5,555,Campeones,2,0,0,0,Valor medio-alto
55O8J3AAYD,Alimentos y bebidas,Comida rápida,Choachí,2021-03-11 17:50:00,2021-03-11 17:56:00,2021-03-12 21:10:00,1,1384400.0,83000,False,27688.0,69220.0,0,50,3,5,5,3,553,Leales,2,0,0,0,Valor medio-alto
55XNT1LGX8,Alimentos y bebidas,Restaurante / Café,Bogotá D.C.,2021-03-18 17:14:00,2021-03-18 17:28:00,2021-03-18 17:30:00,1,2000.0,0,False,2000.0,100.0,2,1,1,1,1,1,111,Perdidos / Hibernando,1,1,2,1,Valor medio
562O0UTZWU,Alimentos y bebidas,Comida rápida,Cali,2021-03-20 19:42:00,2021-03-20 19:55:00,,1,222000.0,117000,False,44400.0,11100.0,0,5,3,5,2,2,522,Nuevos / En crecimiento,0,0,1,0,Valor medio-alto
566IJLO3SU,Comercio detallista,Elementos del hogar,Sibaté,2021-03-24 13:03:00,2021-03-24 13:14:00,2021-03-24 13:18:00,1,5350000.0,1060000,False,232608.69565217392,267500.0,0,23,3,5,4,4,544,Campeones,2,0,0,0,Valor medio-alto
56X3S0D7JF,Comercio detallista,Ropa / Accesorios,Bogotá D.C.,2021-03-26 12:32:00,2021-03-26 12:43:00,2021-03-26 12:48:00,1,6927000.0,2718000,False,103388.05970149254,346350.0,0,67,3,5,5,5,555,Campeones,2,0,0,0,Valor medio-alto
573VCS7ZEQ,Comercio detallista,Ropa / Accesorios,Bogotá D.C.,2021-03-29 16:38:00,2021-03-29 17:00:00,2021-03-29 17:02:00,1,1534000.0,460000,False,170444.44444444444,76700.0,0,9,3,5,3,3,533,Leales,0,0,0,0,Valor medio-alto
57FNIDPJQP,Alimentos y bebidas,Restaurante / Café,Villa del Rosario,2021-03-10 20:13:00,2021-03-10 20:21:00,2021-03-10 20:22:00,1,2266500.0,726000,False,133323.5294117647,113325.0,0,17,3,5,4,3,543,Leales,2,0,0,0,Valor medio-alto
57I6IR2ILO,Comercio detallista,Venta de bicicletas y accesorios,Bogotá D.C.,2021-03-23 15:29:00,2021-03-23 15:42:00,2021-03-23 15:47:00,1,7745100.0,2140000,False,407636.84210526315,387255.0,0,19,3,5,4,5,545,Campeones,2,0,0,0,Valor medio-alto
586566YSM7,Servicios,Medicina / Odontología,Bogotá D.C.,,,,1,9882000.0,2070000,False,411750.0,494100.0,0,24,5,5,4,5,545,Campeones,2,0,0,0,Valor medio-alto
58DW5DULJ8,Comercio detallista,Insumos,Bogotá D.C.,2021-02-08 17:17:00,2021-02-08 17:30:00,2021-02-08 17:33:00,1,5819150.0,240420,False,157274.32432432432,290957.5,0,37,4,5,5,4,554,Campeones,2,0,0,0,Valor medio-alto
596LYQEXK5,Transporte,Taxi,Cali,2021-03-13 13:47:00,2021-03-13 14:15:00,2021-03-13 14:17:00,1,1000.0,0,False,1000.0,50.0,2,1,1,1,1,1,111,Perdidos / Hibernando,1,1,2,1,Valor medio
5997N58LGG,Alimentos y bebidas,Licores,Bogotá D.C.,2021-03-10 18:46:00,2021-03-25 11:44:00,2021-03-25 11:46:00,1,4188920.0,520120,False,91063.47826086957,209446.0,0,46,3,5,5,4,554,Campeones,2,0,0,0,Valor medio-alto
5AMOTWU379,Belleza y cuidado personal,Salón de belleza,Bogotá D.C.,,,,1,5776810.0,235560,False,74061.66666666667,288840.5,0,78,6,5,5,4,554,Campeones,2,0,0,0,Valor medio-alto
5BHVBU8NMP,Reparación y limpieza,Reparaciones locativas,Soacha,2021-02-25 11:15:00,2021-02-25 11:25:00,2021-02-25 11:32:00,1,5568900.0,1392000,False,618766.6666666666,278445.0,0,9,4,5,3,4,534,Leales,0,0,0,0,Valor medio-alto
5C1XIMDV7E,Comercio detallista,Joyería,Bogotá D.C.,2021-03-24 11:40:00,2021-03-24 11:53:00,2021-03-24 11:55:00,1,2000.0,0,False,2000.0,100.0,2,1,1,1,1,1,111,Perdidos / Hibernando,1,1,2,1,Valor medio
5C5J0HYSW2,Comercio detallista,Auto partes,Bogotá D.C.,2021-02-08 18:13:00,2021-02-08 18:21:00,2021-02-08 18:25:00,1,1315000.0,0,False,109583.33333333333,65750.0,0,12,4,5,3,3,533,Leales,0,0,0,0,Valor medio-alto
5D7BQW71SA,Comercio detallista,Tecnología,Bogotá D.C.,2021-03-29 15:14:00,2021-03-29 15:19:00,2021-03-29 15:21:00,1,707000.0,540000,False,353500.0,35350.0,1,2,2,2,1,2,212,Perdidos / Hibernando,0,0,1,0,Valor medio-alto
5D8N9JCVDF,Comercio detallista,Óptica,Bogotá D.C.,2021-03-10 15:42:00,2021-03-10 15:50:00,2021-03-10 15:54:00,1,1057000.0,445000,False,211400.0,52850.0,0,5,3,5,2,3,523,Nuevos / En crecimiento,0,0,0,0,Valor medio-alto
5DFGSUKETC,Servicios,Otro,Bogotá D.C.,2021-03-01 14:00:00,2021-03-01 14:20:00,2021-03-01 14:23:00,1,202000.0,0,False,50500.0,10100.0,0,4,3,5,2,2,522,Nuevos / En crecimiento,0,0,1,0,Valor medio-alto
5DHK79AQK5,Comercio detallista,Equipos médicos,Bogotá D.C.,,,,1,1828800.0,0,False,304800.0,91440.0,0,6,3,5,2,3,523,Nuevos / En crecimiento,0,0,0,0,Valor medio-alto
5DTDW3E1KJ,Alimentos y bebidas,Abarrotes / Mercado,Bogotá D.C.,2021-03-30 14:41:00,2021-03-30 14:49:00,2021-03-30 14:53:00,1,204540.0,0,False,102270.0,10227.0,0,2,2,5,1,2,512,Nuevos / En crecimiento,0,0,1,0,Valor medio-alto
5DU40RKNX8,Comercio detallista,Muebles / Decoración,Bogotá D.C.,2020-09-18 06:11:00,,,1,2000.0,0,False,2000.0,100.0,4,1,1,1,1,1,111,Perdidos / Hibernando,1,1,2,1,Valor medio
5DVEVKGW9C,Belleza y cuidado personal,Salón de belleza,Girardot,2021-03-18 17:13:00,2021-03-18 17:20:00,2021-03-18 17:22:00,1,365000.0,31000,False,33181.818181818184,18250.0,0,11,3,5,3,2,532,Leales,0,0,0,0,Valor medio-alto
5DYMUF90Z8,Servicios,Tecnología y software,Bogotá D.C.,2021-03-11 13:09:00,2021-03-11 13:17:00,2021-03-11 13:21:00,1,452000.0,0,False,226000.0,22600.0,0,2,2,5,1,2,512,Nuevos / En crecimiento,0,0,1,0,Valor medio-alto
5EF0JIAWAT,Servicios,Tecnología y software,Bogotá D.C.,2021-03-29 14:19:00,2021-03-29 14:24:00,2021-03-29 14:28:00,1,3926150.0,338800,False,261743.33333333334,196307.5,0,15,3,5,4,4,544,Campeones,2,0,0,0,Valor medio-alto
5ERXKG9F74,Alimentos y bebidas,Abarrotes / Mercado,Bogotá D.C.,2021-03-10 11:34:00,2021-03-10 11:53:00,2021-03-10 11:59:00,1,15481872.0,2664450,False,43857.99433427762,774093.6000000001,0,353,3,5,5,5,555,Campeones,2,0,0,0,Valor medio-alto
5F9KHRWGGL,Transporte,Taxi,Cali,2021-03-13 13:39:00,2021-03-13 13:59:00,2021-03-13 14:01:00,1,121600.0,95700,False,30400.0,6080.0,0,4,2,5,2,1,521,Nuevos / En crecimiento,0,0,1,0,Valor medio-alto
5F9SRC09PL,Servicios,Veterinaria,Bogotá D.C.,2021-03-26 13:53:00,2021-03-26 14:06:00,2021-03-26 14:10:00,1,4202745.0,505785,False,182728.04347826086,210137.25,0,23,3,5,4,4,544,Campeones,2,0,0,0,Valor medio-alto
5FGU4T9SR9,Comercio detallista,Materiales de construcción,Bogotá D.C.,2021-03-24 13:16:00,2021-03-24 13:21:00,2021-03-24 13:24:00,1,3417718.0,1519258,False,213607.375,170885.90000000002,0,16,3,5,4,4,544,Campeones,2,0,0,0,Valor medio-alto
5GEIZZMW32,Comercio detallista,Maquinaria,Chía,2021-03-23 10:34:00,2021-03-23 10:42:00,2021-03-23 10:44:00,1,1218000.0,753000,False,609000.0,60900.0,2,2,1,1,1,3,113,Potenciales,0,1,1,1,Valor medio
5HBGV3VZU0,Comercio detallista,Óptica,Bogotá D.C.,,,,1,5177000.0,380000,False,304529.4117647059,258850.0,0,17,5,5,4,4,544,Campeones,2,0,0,0,Valor medio-alto
5HXEUBFPUQ,Reparación y limpieza,Automotriz y autopartes,Bogotá D.C.,2021-02-23 14:09:00,2021-02-23 14:14:00,2021-02-23 14:17:00,1,7450000.0,1020000,False,931250.0,372500.0,0,8,4,5,3,5,535,Leales,0,0,0,0,Valor medio-alto
5IBT59EFWS,Comercio detallista,Floristería,Bogotá D.C.,2021-03-03 17:29:00,2021-03-03 18:19:00,2021-03-03 18:21:00,1,27000.0,0,False,13500.0,1350.0,0,2,2,5,1,1,511,Nuevos / En crecimiento,0,1,1,1,Valor medio
5IKKFEM3AH,Comercio detallista,Ropa / Accesorios,Bogotá D.C.,2021-03-24 15:20:00,2021-03-24 15:31:00,2021-03-24 15:37:00,1,467000.0,29000,False,35923.07692307692,23350.0,0,13,3,5,3,2,532,Leales,0,0,0,0,Valor medio-alto
5IMKKQN7ZW,Reparación y limpieza,Reparaciones locativas,Bogotá D.C.,,2021-03-23 17:00:00,2021-03-23 17:13:00,1,182000.0,180000,False,182000.0,9100.0,2,1,1,1,1,2,112,Perdidos / Hibernando,1,1,1,1,Valor medio
5IRPV7NJ3C,Comercio detallista,Elementos de seguridad,Chía,2021-03-19 18:08:00,2021-03-19 18:21:00,2021-03-19 18:25:00,1,4461680.0,179000,False,165247.40740740742,223084.0,0,27,3,5,4,4,544,Campeones,2,0,0,0,Valor medio-alto
5ISLWOG9UP,Comercio detallista,Auto partes,Bogotá D.C.,2021-03-30 17:46:00,2021-03-30 17:57:00,2021-03-30 18:02:00,1,1000.0,0,False,1000.0,50.0,2,1,1,1,1,1,111,Perdidos / Hibernando,1,1,2,1,Valor medio
5J4XXC2J03,Comercio detallista,Óptica,Bogotá D.C.,,,,1,13715000.0,0,False,442419.3548387097,685750.0,0,31,5,5,5,5,555,Campeones,2,0,0,0,Valor medio-alto
5JM9PYADSK,Alimentos y bebidas,Restaurante / Café,Bogotá D.C.,2021-03-24 12:01:00,2021-03-24 12:21:00,2021-03-24 13:24:00,1,295000.0,0,False,49166.666666666664,14750.0,0,6,2,5,2,2,522,Nuevos / En crecimiento,0,0,1,0,Valor medio-alto
5JOOIW2VBK,Comercio detallista,Insumos,Fusagasugá,2021-02-12 15:52:00,2021-02-12 16:08:00,2021-02-12 16:11:00,1,1000000.0,0,False,500000.0,50000.0,3,2,1,1,1,3,113,Potenciales,1,1,1,1,Valor medio
5JSE5EFQ2J,Servicios,Diseño / Fotografía,Bogotá D.C.,2021-03-08 09:41:00,2021-03-08 09:48:00,2021-03-08 09:51:00,1,867000.0,865000,False,867000.0,43350.0,2,1,1,1,1,2,112,Perdidos / Hibernando,1,1,1,1,Valor medio
5KI7RGY0WW,Comercio detallista,Auto partes,Soacha,,,,2,10526500.0,550000,False,202432.6923076923,526325.0,0,52,6,5,5,5,555,Campeones,2,2,0,2,Valor alto
5KOQGJMCW4,Comercio detallista,Otro,Bogotá D.C.,2021-03-23 10:48:00,2021-03-23 11:17:00,2021-03-23 11:22:00,1,906000.0,0,False,226500.0,45300.0,0,4,3,5,2,2,522,Nuevos / En crecimiento,0,0,0,0,Valor medio-alto
5KR3DAMCY8,Comercio detallista,Materiales de construcción,Soacha,2021-02-04 13:55:00,2021-02-04 14:07:00,2021-02-04 14:12:00,1,3375050.0,1159300,False,120537.5,168752.5,0,28,4,5,4,4,544,Campeones,2,0,0,0,Valor medio-alto
5KUWHJUV0L,Alimentos y bebidas,Restaurante / Café,Bogotá D.C.,,,,1,844000.0,198000,False,17224.48979591837,42200.0,0,49,5,5,5,2,552,Leales,2,0,0,0,Valor medio-alto
5LOW59L450,Comercio detallista,Óptica,Bogotá D.C.,2021-02-17 13:21:00,2021-02-17 13:27:00,2021-02-17 13:29:00,1,252000.0,0,False,126000.0,12600.0,3,2,1,1,1,2,112,Perdidos / Hibernando,1,1,1,1,Valor medio
5LUJRGDJW6,Alimentos y bebidas,Restaurante / Café,El Rosal,2021-03-16 17:39:00,2021-03-16 17:49:00,2021-03-16 17:52:00,1,4244350.0,795550,False,62416.91176470588,212217.5,0,68,3,5,5,4,554,Campeones,2,0,0,0,Valor medio-alto
5LYP7FGKNX,Servicios,Otro,Bogotá D.C.,2021-03-08 14:45:00,2021-03-08 15:03:00,2021-03-08 15:07:00,1,1792500.0,196500,False,128035.71428571429,89625.0,0,14,3,5,3,3,533,Leales,0,0,0,0,Valor medio-alto
5MP5QTM59W,Servicios,Medicina / Odontología,Soacha,2021-02-16 13:03:00,2021-02-16 13:07:00,2021-02-16 13:16:00,1,2292000.0,0,False,458400.0,114600.0,1,5,3,2,2,3,223,Potenciales,0,0,1,0,Valor medio-alto
5MUBCK5POR,Transporte,Taxi,Cali,2021-02-19 11:10:00,2021-02-19 11:17:00,2021-02-19 11:22:00,1,464000.0,154000,False,77333.33333333333,23200.0,0,6,4,5,2,2,522,Nuevos / En crecimiento,0,0,1,0,Valor medio-alto
5MVQX98XEN,Belleza y cuidado personal,Distribuidora,Bogotá D.C.,2021-03-16 11:01:00,2021-03-16 11:07:00,2021-03-16 11:10:00,1,9314900.0,5133500,False,358265.3846153846,465745.0,0,26,3,5,4,5,545,Campeones,2,0,0,0,Valor medio-alto
5MX555P5UM,Alimentos y bebidas,Restaurante / Café,Bogotá D.C.,2021-03-19 19:34:00,2021-03-19 19:40:00,2021-03-19 19:43:00,1,2049700.0,193000,False,68323.33333333333,102485.0,0,30,3,5,5,3,553,Leales,2,0,0,0,Valor medio-alto
5NLDLEZ7X5,Comercio detallista,Juguetería / Piñatería,Bogotá D.C.,2021-03-12 11:06:00,2021-03-12 11:15:00,2021-03-12 11:18:00,1,3883230.0,174600,False,73268.49056603774,194161.5,0,53,3,5,5,4,554,Campeones,2,0,0,0,Valor medio-alto
5NPUONVBWW,Comercio detallista,Ropa / Accesorios,Bogotá D.C.,,,,1,1883000.0,0,False,117687.5,94150.0,5,16,1,1,4,3,143,En riesgo (antes valiosos),1,1,2,1,Valor medio
5NTB5MC01G,Comercio detallista,Ropa / Accesorios,Bogotá D.C.,2021-03-23 17:07:00,2021-03-24 08:25:00,2021-03-28 16:47:00,1,1135000.0,0,False,378333.3333333333,56750.0,0,3,3,5,2,3,523,Nuevos / En crecimiento,0,0,0,0,Valor medio-alto
5O3AP133P3,Comercio detallista,Materiales de construcción,Bogotá D.C.,2021-03-06 11:21:00,2021-03-06 11:32:00,2021-03-06 11:34:00,1,4080000.0,628500,False,240000.0,204000.0,0,17,3,5,4,4,544,Campeones,2,0,0,0,Valor medio-alto
5OHTUDW9HX,Comercio detallista,Otro,Bogotá D.C.,2021-03-12 11:44:00,2021-03-12 11:56:00,2021-03-12 12:01:00,1,1081000.0,630000,False,270250.0,54050.0,0,4,3,5,2,3,523,Nuevos / En crecimiento,0,0,0,0,Valor medio-alto
5OO4QR2BA1,Comercio detallista,Óptica,Bogotá D.C.,2021-02-15 11:49:00,2021-02-15 12:13:00,2021-02-15 12:31:00,1,677000.0,0,False,169250.0,33850.0,0,4,3,5,2,2,522,Nuevos / En crecimiento,0,0,0,0,Valor medio-alto
5OSFJZ1QDY,Transporte,Servicio especial,Bogotá D.C.,2021-03-17 08:59:00,2021-03-17 09:12:00,2021-03-17 09:17:00,1,1000.0,0,False,1000.0,50.0,2,1,1,1,1,1,111,Perdidos / Hibernando,1,1,2,1,Valor medio
5OUE5HJ8I6,Servicios,Tecnología y software,Bogotá D.C.,2021-03-24 12:08:00,2021-03-24 12:17:00,2021-03-24 12:23:00,1,3736000.0,1156000,False,266857.14285714284,186800.0,0,14,3,5,3,4,534,Leales,2,0,0,0,Valor medio-alto
5P6UA41LOY,Comercio detallista,Óptica,Bogotá D.C.,2021-02-10 16:28:00,2021-02-10 16:47:00,2021-02-10 16:49:00,1,2147900.0,0,False,178991.66666666666,107395.0,0,12,4,5,3,3,533,Leales,0,0,0,0,Valor medio-alto
5PGQ5OWQ6X,Belleza y cuidado personal,Distribuidora,Soacha,2021-03-18 11:03:00,2021-03-18 11:10:00,2021-03-18 11:12:00,1,836500.0,0,False,139416.66666666666,41825.0,0,6,3,5,2,2,522,Nuevos / En crecimiento,0,0,0,0,Valor medio-alto
5Q08F527DJ,Comercio detallista,Farmacia,Bogotá D.C.,2021-03-17 19:27:00,2021-03-17 19:43:00,2021-03-17 19:50:00,1,395685.0,93450,False,24730.3125,19784.25,0,16,3,5,4,2,542,Leales,0,0,0,0,Valor medio-alto
5Q5PELTATN,Comercio detallista,Juguetería / Piñatería,Bogotá D.C.,2021-03-31 12:33:00,2021-03-31 12:44:00,2021-03-31 12:46:00,1,59800.0,57800,False,59800.0,2990.0,2,1,1,1,1,1,111,Perdidos / Hibernando,1,1,1,1,Valor medio
5R8ND97JTL,Reparación y limpieza,Reparaciones locativas,Soacha,,,,1,15283000.0,0,False,727761.9047619047,764150.0,0,21,6,5,4,5,545,Campeones,2,0,0,0,Valor medio-alto
5SJ7VK78R7,Comercio detallista,Otro,Bogotá D.C.,2021-03-12 14:51:00,2021-03-12 15:00:00,2021-03-12 15:05:00,1,15708700.0,3672000,False,170746.73913043478,785435.0,0,92,3,5,5,5,555,Campeones,2,0,0,0,Valor medio-alto
5T9TR5NGI0,Comercio detallista,Juguetería / Piñatería,Bogotá D.C.,2021-02-25 13:46:00,2021-02-25 14:04:00,2021-02-25 14:14:00,2,9032104.0,124425,False,129030.05714285714,451605.2,0,70,4,5,5,5,555,Campeones,2,2,0,2,Valor alto
5TZ85I92JT,Belleza y cuidado personal,Salón de belleza,Bogotá D.C.,,,,1,34000.0,0,False,17000.0,1700.0,5,2,1,1,1,1,111,Perdidos / Hibernando,1,1,2,1,Valor medio
5UAU1JEZD2,Comercio detallista,Floristería,Bogotá D.C.,2021-02-03 11:03:00,2021-02-03 11:15:00,2021-02-03 11:19:00,1,4134676.0,744004,False,118133.6,206733.80000000002,0,35,4,5,5,4,554,Campeones,2,0,0,0,Valor medio-alto
5UW5P5Q4NM,Comercio detallista,Elementos del hogar,Sibaté,2021-03-24 11:47:00,2021-03-24 11:55:00,2021-03-24 11:57:00,1,964000.0,0,False,160666.66666666666,48200.0,0,6,3,5,2,2,522,Nuevos / En crecimiento,0,0,0,0,Valor medio-alto
5V6M0GXOA0,Belleza y cuidado personal,Salón de belleza,Bogotá D.C.,2021-03-25 12:13:00,2021-03-25 12:19:00,2021-03-25 12:22:00,1,710000.0,14000,False,32272.727272727272,35500.0,0,22,3,5,4,2,542,Leales,2,0,0,0,Valor medio-alto
5VJP2X335Y,Servicios,Contabilidad / Asesorías,Bogotá D.C.,2021-03-18 13:23:00,2021-03-18 13:29:00,2021-03-18 13:31:00,1,164000.0,0,False,54666.666666666664,8200.0,1,3,2,2,2,1,221,Perdidos / Hibernando,0,0,1,0,Valor medio-alto
5VWPU1IE4P,Comercio detallista,Óptica,Bogotá D.C.,2021-03-17 13:34:00,2021-03-17 13:42:00,2021-03-17 13:44:00,1,1794000.0,438000,False,598000.0,89700.0,2,3,1,1,2,3,123,Potenciales,0,1,1,1,Valor medio
5WGXUE0XFY,Comercio detallista,Farmacia,Bogotá D.C.,,,,1,2686600.0,0,False,141400.0,134330.0,0,19,6,5,4,4,544,Campeones,2,0,0,0,Valor medio-alto
5WYKO753KY,Servicios,Arquitectura e ingeniería,Bogotá D.C.,2021-03-03 12:59:00,2021-03-03 13:05:00,2021-03-03 13:07:00,1,5074000.0,2380000,False,845666.6666666666,253700.0,0,6,3,5,2,4,524,Nuevos / En crecimiento,0,0,0,0,Valor medio-alto
5WZMLVT713,Comercio detallista,Ropa / Accesorios,Bogotá D.C.,2021-03-09 12:37:00,2021-03-09 12:53:00,2021-03-09 12:55:00,1,437000.0,0,False,29133.333333333332,21850.0,0,15,3,5,4,2,542,Leales,0,0,0,0,Valor medio-alto
5X2Y9U2S7M,Comercio detallista,Ropa / Accesorios,Bogotá D.C.,2021-03-24 13:10:00,2021-03-24 13:17:00,2021-03-24 13:20:00,1,515000.0,161000,False,73571.42857142857,25750.0,0,7,3,5,3,2,532,Leales,0,0,0,0,Valor medio-alto
5X3XBU6Y1W,Alimentos y bebidas,Restaurante / Café,Bogotá D.C.,2021-03-06 11:47:00,2021-03-06 11:58:00,2021-03-06 12:01:00,1,4556000.0,633500,False,36741.93548387097,227800.0,0,124,3,5,5,4,554,Campeones,2,0,0,0,Valor medio-alto
5XGE6YDY25,Servicios,Tecnología y software,Bogotá D.C.,2021-03-29 17:17:00,2021-03-29 17:26:00,2021-03-29 17:29:00,1,2000.0,0,False,2000.0,100.0,2,1,1,1,1,1,111,Perdidos / Hibernando,1,1,2,1,Valor medio
5XXKS7NFE6,Reparación y limpieza,Automotriz y autopartes,Soacha,,,,1,917000.0,88000,False,114625.0,45850.0,0,8,5,5,3,2,532,Leales,0,0,0,0,Valor medio-alto
5XYFYEPI0Y,Comercio detallista,Ropa / Accesorios,Bogotá D.C.,2021-02-11 14:09:00,2021-02-11 14:15:00,2021-02-11 14:17:00,1,6585000.0,903000,False,64558.82352941176,329250.0,0,102,4,5,5,5,555,Campeones,2,0,0,0,Valor medio-alto
5YI7WTR7RA,Comercio detallista,Óptica,Bogotá D.C.,,,,1,8970000.0,1773000,False,199333.33333333334,448500.0,0,45,5,5,5,5,555,Campeones,2,0,0,0,Valor medio-alto
60B1N8AIZJ,Belleza y cuidado personal,Distribuidora,Bogotá D.C.,2021-03-30 15:59:00,2021-03-31 15:00:00,,1,426350.0,103550,False,71058.33333333333,21317.5,0,6,2,5,2,2,522,Nuevos / En crecimiento,0,0,1,0,Valor medio-alto
60D63QA8XY,Belleza y cuidado personal,Otro,Bogotá D.C.,2021-03-03 13:40:00,2021-03-03 13:48:00,2021-03-03 13:50:00,1,1504000.0,130000,False,65391.30434782609,75200.0,0,23,3,5,4,3,543,Leales,2,0,0,0,Valor medio-alto
60G7MZYD3B,Comercio detallista,Materiales de construcción,Bogotá D.C.,2021-03-23 15:42:00,2021-03-23 15:54:00,2021-03-23 15:56:00,1,31455850.0,4864000,False,953207.5757575758,1572792.5,0,33,3,5,5,5,555,Campeones,2,0,0,0,Valor medio-alto
60ZSZO6Q8Z,Comercio detallista,Venta de bicicletas y accesorios,Bogotá D.C.,,,,1,11029899.0,0,False,2205979.8,551494.9500000001,4,5,1,1,2,5,125,Potenciales,1,1,2,1,Valor medio
612MV0PYZ7,Comercio detallista,Materiales de construcción,Bogotá D.C.,2021-03-10 16:07:00,2021-03-10 16:18:00,2021-03-10 16:21:00,1,7724100.0,1937900,False,551721.4285714285,386205.0,0,14,3,5,3,5,535,Leales,2,0,0,0,Valor medio-alto
61454Z9G5W,Comercio detallista,Insumos,Bogotá D.C.,2021-02-25 17:44:00,2021-02-25 17:53:00,2021-02-25 17:56:00,1,520000.0,0,False,173333.33333333334,26000.0,2,3,2,1,2,2,122,Perdidos / Hibernando,1,0,1,0,Valor medio-alto
61KIA4DFWF,Belleza y cuidado personal,Masajista independiente,Bogotá D.C.,,,,1,882000.0,0,False,441000.0,44100.0,3,2,2,1,1,2,112,Perdidos / Hibernando,1,1,1,1,Valor medio
61LP1C9FL8,Servicios,Carpintería,Bogotá D.C.,2021-03-17 11:03:00,2021-03-17 11:10:00,2021-03-17 11:12:00,1,267100.0,0,False,29677.777777777777,13355.0,0,9,3,5,3,2,532,Leales,0,0,0,0,Valor medio-alto
6271HQZ27N,Alimentos y bebidas,Restaurante / Café,Bogotá D.C.,2021-02-02 18:23:00,2021-02-02 18:37:00,2021-02-02 18:51:00,1,1384400.0,250000,False,37416.21621621621,69220.0,0,37,4,5,5,3,553,Leales,2,0,0,0,Valor medio-alto
62D3OJM728,Comercio detallista,Ropa / Accesorios,Bogotá D.C.,2021-03-24 14:36:00,2021-03-24 14:46:00,2021-03-24 14:56:00,1,102000.0,0,False,25500.0,5100.0,0,4,2,5,2,1,521,Nuevos / En crecimiento,0,0,1,0,Valor medio-alto
62G5WVMRH3,Comercio detallista,Óptica,Bogotá D.C.,2021-03-24 15:16:00,2021-03-24 15:24:00,2021-03-24 15:27:00,1,2602000.0,250000,False,236545.45454545456,130100.0,0,11,3,5,3,4,534,Leales,0,0,0,0,Valor medio-alto
62LQJXETAX,Servicios,Otro,Bogotá D.C.,,,,1,7097000.0,0,False,272961.53846153844,354850.0,0,26,6,5,4,5,545,Campeones,2,0,0,0,Valor medio-alto
63O84O4G1G,Belleza y cuidado personal,Spa,Bogotá D.C.,2021-03-30 10:40:00,2021-03-30 10:52:00,2021-03-30 11:06:00,1,2133000.0,796000,False,426600.0,106650.0,0,5,3,5,2,3,523,Nuevos / En crecimiento,0,0,0,0,Valor medio-alto
63SL7IDTGS,Servicios,Otro,Bogotá D.C.,2021-03-10 17:47:00,2021-03-10 18:10:00,2021-03-10 18:12:00,1,10258000.0,0,False,1025800.0,512900.0,0,10,3,5,3,5,535,Leales,0,0,0,0,Valor medio-alto
63WBCXK3U8,Alimentos y bebidas,Restaurante / Café,Bogotá D.C.,2021-03-02 12:11:00,2021-03-02 12:17:00,2021-03-02 12:19:00,1,33528500.0,149000,False,69996.86847599165,1676425.0,0,479,3,5,5,5,555,Campeones,2,0,0,0,Valor medio-alto
63WOMQ8TRS,Belleza y cuidado personal,Salón de belleza,Bogotá D.C.,2021-03-08 11:09:00,2021-03-08 11:16:00,2021-03-08 11:19:00,1,2000.0,0,False,2000.0,100.0,2,1,1,1,1,1,111,Perdidos / Hibernando,1,1,2,1,Valor medio
65CA3QS9D9,Comercio detallista,Elementos de seguridad,Bogotá D.C.,2021-03-11 12:35:00,2021-03-11 12:42:00,2021-03-11 12:44:00,1,401000.0,0,False,133666.66666666666,20050.0,0,3,2,5,2,2,522,Nuevos / En crecimiento,0,0,1,0,Valor medio-alto
66R1AH4VYO,Comercio detallista,Ropa / Accesorios,Soacha,2021-02-06 11:19:00,2021-02-06 11:26:00,2021-02-06 11:28:00,1,5960000.0,929000,False,104561.40350877192,298000.0,0,57,4,5,5,4,554,Campeones,2,0,0,0,Valor medio-alto
66YY89Z2JP,Comercio detallista,Elementos del hogar,Bogotá D.C.,2021-03-16 18:16:00,2021-03-16 18:37:00,2021-03-16 18:38:00,1,2000.0,0,False,2000.0,100.0,2,1,1,1,1,1,111,Perdidos / Hibernando,1,1,2,1,Valor medio
68ENKIFD0R,Turismo y entretenimiento,Entretenimiento,Bogotá D.C.,2021-03-18 14:12:00,2021-03-18 14:37:00,2021-03-18 14:39:00,1,1430000.0,885000,False,286000.0,71500.0,0,5,3,5,2,3,523,Nuevos / En crecimiento,0,0,0,0,Valor medio-alto
68RONX4D21,Comercio detallista,Tienda de deportes,Bogotá D.C.,2021-03-12 12:24:00,2021-03-12 12:37:00,2021-03-12 12:41:00,1,3000.0,0,False,1000.0,150.0,2,3,1,1,2,1,121,Perdidos / Hibernando,1,1,2,1,Valor medio
68Z1PVOS5D,Comercio detallista,Elementos de seguridad,Bogotá D.C.,2021-03-10 14:19:00,2021-03-10 14:26:00,2021-03-10 14:28:00,1,2557000.0,540000,False,426166.6666666667,127850.0,0,6,3,5,2,4,524,Nuevos / En crecimiento,0,0,0,0,Valor medio-alto
69CXZXA0ES,Comercio detallista,Electrodomésticos,Bogotá D.C.,2021-03-10 12:19:00,2021-03-10 12:27:00,2021-03-10 12:29:00,1,3000.0,0,False,1500.0,150.0,2,2,1,1,1,1,111,Perdidos / Hibernando,1,1,2,1,Valor medio
69GONJ7WL7,Alimentos y bebidas,Abarrotes / Mercado,Bogotá D.C.,2021-03-16 16:55:00,2021-03-16 17:01:00,2021-03-16 17:05:00,1,358000.0,0,False,22375.0,17900.0,0,16,3,5,4,2,542,Leales,0,0,0,0,Valor medio-alto
69MT1AWUC0,Comercio detallista,Juguetería / Piñatería,Bogotá D.C.,2021-02-09 12:23:00,2021-02-09 12:43:00,2021-02-09 12:47:00,1,2257800.0,286500,False,40317.857142857145,112890.0,0,56,4,5,5,3,553,Leales,2,0,0,0,Valor medio-alto
6ADR80VQ0A,Transporte,Servicio especial,Bogotá D.C.,2021-03-18 11:49:00,2021-03-18 11:54:00,2021-03-18 11:57:00,1,1000.0,0,False,1000.0,50.0,2,1,1,1,1,1,111,Perdidos / Hibernando,1,1,2,1,Valor medio
6B2D9VRWTJ,Comercio detallista,Tecnología,Bogotá D.C.,2021-02-15 17:15:00,2021-02-15 17:21:00,2021-02-20 12:52:00,1,348000.0,0,False,174000.0,17400.0,3,2,1,1,1,2,112,Perdidos / Hibernando,1,1,1,1,Valor medio
6B38CXLP7A,Comercio detallista,Tecnología,Bogotá D.C.,2020-11-26 13:38:00,2021-03-17 12:13:00,2021-03-17 12:15:00,1,12538000.0,3187000,False,895571.4285714285,626900.0,0,14,3,5,3,5,535,Leales,2,0,0,0,Valor medio-alto
6BAZ76R4PD,Transporte,Taxi,Cali,2021-02-20 12:47:00,2021-02-20 12:59:00,2021-02-20 13:01:00,1,217500.0,9900,False,36250.0,10875.0,0,6,3,5,2,2,522,Nuevos / En crecimiento,0,0,1,0,Valor medio-alto
6BO83N44HG,Belleza y cuidado personal,Suplementos,Soacha,2021-03-18 18:48:00,2021-03-18 18:54:00,2021-03-18 18:58:00,1,2604000.0,550000,False,217000.0,130200.0,0,12,3,5,3,4,534,Leales,0,0,0,0,Valor medio-alto
6C3WG23EG2,Alimentos y bebidas,Abarrotes / Mercado,Bogotá D.C.,2021-03-11 17:19:00,2021-03-11 17:28:00,2021-03-11 17:30:00,1,2989950.0,66300,False,42111.971830985916,149497.5,0,71,3,5,5,4,554,Campeones,2,0,0,0,Valor medio-alto
6C5VWLS2HH,Reparación y limpieza,Moda / Zapatería,Bogotá D.C.,2021-03-08 11:40:00,2021-03-08 11:57:00,2021-03-08 12:50:00,1,631000.0,120000,False,63100.0,31550.0,0,10,3,5,3,2,532,Leales,0,0,0,0,Valor medio-alto
6CCTXYY95I,Reparación y limpieza,Automotriz y autopartes,Bogotá D.C.,2021-03-19 15:11:00,2021-03-19 15:25:00,2021-03-19 15:32:00,1,2505000.0,0,False,357857.14285714284,125250.0,0,7,3,5,3,3,533,Leales,0,0,0,0,Valor medio-alto
6CH8C929DI,Comercio detallista,Venta de bicicletas y accesorios,Bogotá D.C.,2021-03-06 09:50:00,2021-03-06 09:57:00,2021-03-06 09:59:00,1,31000.0,0,False,15500.0,1550.0,2,2,1,1,1,1,111,Perdidos / Hibernando,1,1,1,1,Valor medio
6D6LEAFBPP,Servicios,Diseño / Fotografía,Bogotá D.C.,2021-03-25 10:14:00,2021-03-25 10:28:00,2021-03-25 10:33:00,1,12905500.0,7753500,False,860366.6666666666,645275.0,0,15,3,5,4,5,545,Campeones,2,0,0,0,Valor medio-alto
6DIT6L8BRF,Comercio detallista,Materiales de construcción,Bogotá D.C.,2021-03-11 16:44:00,2021-03-11 16:56:00,2021-03-11 16:58:00,1,5705400.0,238500,False,713175.0,285270.0,0,8,3,5,3,4,534,Leales,0,0,0,0,Valor medio-alto
6DSA0HVH5P,Comercio detallista,Óptica,Bogotá D.C.,,,,1,1167000.0,860000,False,77800.0,58350.0,0,15,5,5,4,3,543,Leales,0,0,0,0,Valor medio-alto
6F1YSR6QRA,Alimentos y bebidas,Restaurante / Café,Bogotá D.C.,,,,1,1519760.0,33000,False,37994.0,75988.0,0,40,6,5,5,3,553,Leales,2,0,0,0,Valor medio-alto
6FGX3A5PTO,Alimentos y bebidas,Restaurante / Café,Bogotá D.C.,2021-03-18 17:40:00,2021-03-18 17:49:00,2021-03-18 17:54:00,1,2423400.0,177000,False,142552.9411764706,121170.0,0,17,3,5,4,3,543,Leales,2,0,0,0,Valor medio-alto
6FPBCBCBR6,Alimentos y bebidas,Comida rápida,Bogotá D.C.,2021-03-03 14:04:00,2021-03-03 14:10:00,2021-03-03 14:13:00,1,1209685.0,162000,False,30242.125,60484.25,0,40,3,5,5,3,553,Leales,2,0,0,0,Valor medio-alto
6G0AX2PWQ1,Transporte,Servicio especial,Bogotá D.C.,2021-03-19 08:31:00,2021-03-19 08:39:00,2021-03-19 08:42:00,1,1000.0,0,False,1000.0,50.0,2,1,1,1,1,1,111,Perdidos / Hibernando,1,1,2,1,Valor medio
6GI49VGELH,Alimentos y bebidas,Restaurante / Café,La Mesa,2021-03-18 12:43:00,2021-03-18 13:03:00,2021-03-18 13:08:00,1,3888700.0,1603200,False,144025.92592592593,194435.0,0,27,3,5,4,4,544,Campeones,2,0,0,0,Valor medio-alto
6GOYSKZN4A,Alimentos y bebidas,Restaurante / Café,Choachí,2021-03-11 14:24:00,2021-03-11 14:33:00,2021-03-14 11:37:00,1,4314300.0,1847500,False,68480.95238095238,215715.0,0,63,3,5,5,4,554,Campeones,2,0,0,0,Valor medio-alto
6GRPQXR5QQ,Alimentos y bebidas,Otro,Bogotá D.C.,2021-03-24 11:28:00,2021-03-24 11:34:00,2021-03-24 11:38:00,1,408200.0,24600,False,51025.0,20410.0,0,8,3,5,3,2,532,Leales,0,0,1,0,Valor medio-alto
6H1TYTVCAO,Comercio detallista,Ropa / Accesorios,Bogotá D.C.,2021-03-16 16:10:00,2021-03-16 16:19:00,2021-03-16 16:21:00,1,1000.0,0,False,1000.0,50.0,2,1,1,1,1,1,111,Perdidos / Hibernando,1,1,2,1,Valor medio
6HNN0LETDC,Reparación y limpieza,Moda / Zapatería,Bogotá D.C.,,,,1,1547000.0,106000,False,55250.0,77350.0,0,28,5,5,4,3,543,Leales,2,0,0,0,Valor medio-alto
6HWU32GZ2S,Comercio detallista,Elementos del hogar,Soacha,2021-03-16 16:49:00,2021-03-16 17:07:00,2021-03-16 17:08:00,1,1743000.0,0,False,217875.0,87150.0,0,8,3,5,3,3,533,Leales,0,0,0,0,Valor medio-alto
6JVV2H9RRG,Comercio detallista,Insumos,Soacha,2021-03-26 15:49:00,2021-03-26 15:55:00,2021-03-26 15:57:00,1,18466349.0,5463090,False,879349.9523809524,923317.4500000001,0,21,3,5,4,5,545,Campeones,2,0,0,0,Valor medio-alto
6K8MFS8NDA,Comercio detallista,Tienda de deportes,Bogotá D.C.,2021-03-24 15:54:00,2021-03-24 16:04:00,2021-03-24 16:06:00,1,1467000.0,80000,False,183375.0,73350.0,0,8,3,5,3,3,533,Leales,0,0,0,0,Valor medio-alto
6KGP8MABR4,Comercio detallista,Farmacia,Bogotá D.C.,2021-03-09 13:08:00,2021-03-09 13:20:00,2021-03-09 13:22:00,1,105500.0,66000,False,26375.0,5275.0,1,4,2,2,2,1,221,Perdidos / Hibernando,0,1,1,1,Valor medio
6KHRNF6P7R,Comercio detallista,Muebles / Decoración,Bogotá D.C.,2021-03-01 13:42:00,2021-03-01 13:47:00,2021-03-01 13:49:00,1,4137000.0,0,False,827400.0,206850.0,0,5,3,5,2,4,524,Nuevos / En crecimiento,0,0,0,0,Valor medio-alto
6KJOYO84M8,Alimentos y bebidas,Comida rápida,Funza,2021-03-13 16:01:00,2021-03-13 16:08:00,2021-03-13 16:12:00,1,394500.0,63000,False,35863.63636363636,19725.0,0,11,3,5,3,2,532,Leales,0,0,0,0,Valor medio-alto
6L99AGJHH4,Comercio detallista,Materiales de construcción,Bogotá D.C.,2021-03-16 11:53:00,2021-03-16 12:08:00,2021-03-16 12:14:00,1,1000.0,0,False,1000.0,50.0,2,1,1,1,1,1,111,Perdidos / Hibernando,1,1,2,1,Valor medio
6LD30NM8O9,Alimentos y bebidas,Comida rápida,Bogotá D.C.,2021-02-24 21:08:00,2021-02-24 21:20:00,2021-02-24 21:23:00,1,6859000.0,961000,False,49702.89855072464,342950.0,0,138,4,5,5,5,555,Campeones,2,0,0,0,Valor medio-alto
6LG4ZFETCV,Alimentos y bebidas,Repostería / Panadería,Bogotá D.C.,,,,1,477900.0,104500,False,17067.85714285714,23895.0,0,28,6,5,4,2,542,Leales,2,0,0,0,Valor medio-alto
6LHUXX86FS,Belleza y cuidado personal,Salón de belleza,Bogotá D.C.,2021-03-10 17:52:00,2021-03-10 18:19:00,2021-03-10 18:22:00,1,173500.0,32000,False,34700.0,8675.0,0,5,3,5,2,2,522,Nuevos / En crecimiento,0,0,1,0,Valor medio-alto
6LJNP7MCG5,Comercio detallista,Tecnología,Bogotá D.C.,2021-03-15 12:09:00,2021-03-15 12:16:00,2021-03-15 12:18:00,1,3743197.0,0,False,311933.0833333333,187159.85,0,12,3,5,3,4,534,Leales,0,0,0,0,Valor medio-alto
6LTBMBN8NC,Reparación y limpieza,Automotriz y autopartes,Fusagasugá,2021-03-18 12:52:00,2021-03-18 12:58:00,2021-03-18 13:01:00,1,1502000.0,271000,False,136545.45454545456,75100.0,0,11,3,5,3,3,533,Leales,0,0,0,0,Valor medio-alto
6LUXMSBYCK,Comercio detallista,Auto partes,Bogotá D.C.,,,,1,5970850.0,128400,False,161374.32432432432,298542.5,0,37,5,5,5,4,554,Campeones,2,0,0,0,Valor medio-alto
6MUXAOTO28,Servicios,Tecnología y software,Bogotá D.C.,,,,1,2000.0,0,False,2000.0,100.0,4,1,1,1,1,1,111,Perdidos / Hibernando,1,1,2,1,Valor medio
6N0H9X7LAL,Comercio detallista,Tecnología,Bogotá D.C.,2021-03-05 16:25:00,2021-03-05 17:31:00,2021-03-05 17:53:00,1,2000.0,0,False,2000.0,100.0,2,1,1,1,1,1,111,Perdidos / Hibernando,1,1,2,1,Valor medio
6NG2IZHSH9,Comercio detallista,Farmacia,Bogotá D.C.,2021-03-26 20:40:00,2021-03-26 20:47:00,2021-03-26 20:49:00,1,4000.0,0,False,2000.0,200.0,1,2,2,2,1,1,211,Perdidos / Hibernando,1,1,1,1,Valor medio
6NH5UYUQPI,Reparación y limpieza,Reparaciones locativas,Soacha,2021-02-19 17:31:00,2021-02-19 17:44:00,2021-02-19 17:47:00,1,20058155.0,8066925,False,911734.3181818182,1002907.75,0,22,4,5,4,5,545,Campeones,2,0,0,0,Valor medio-alto
6O46N9MHC5,Comercio detallista,Óptica,Bogotá D.C.,,,,1,9073000.0,1781000,False,504055.55555555556,453650.0,0,18,5,5,4,5,545,Campeones,2,0,0,0,Valor medio-alto
6OB6EAIZ1W,Comercio detallista,Electrodomésticos,Madrid,2021-03-15 16:22:00,2021-03-15 16:29:00,2021-03-15 16:33:00,1,7506700.0,0,False,1251116.6666666667,375335.0,1,6,2,2,2,5,225,Potenciales,0,0,1,0,Valor medio-alto
6ONO0CBH7X,Comercio detallista,Materiales de construcción,Soacha,,,,1,1191700.0,17300,False,56747.619047619046,59585.0,0,21,5,5,4,3,543,Leales,2,0,0,0,Valor medio-alto
6OV39AQ6SZ,Reparación y limpieza,Otro,Bogotá D.C.,2021-03-08 13:23:00,2021-03-08 13:33:00,2021-03-08 13:38:00,1,146150.0,0,False,36537.5,7307.5,0,4,2,5,2,1,521,Nuevos / En crecimiento,0,0,1,0,Valor medio-alto
6PDAJ0HTJK,Servicios,Tecnología y software,Soacha,2021-03-16 15:40:00,2021-03-16 15:59:00,2021-03-16 16:08:00,2,4724650.0,967500,False,174987.03703703705,236232.5,0,27,3,5,4,4,544,Campeones,2,2,0,2,Valor alto
6PN5UVOT9X,Servicios,Carpintería,Bogotá D.C.,2021-02-05 14:20:00,2021-02-05 14:28:00,2021-02-05 14:30:00,1,2000.0,0,False,2000.0,100.0,3,1,1,1,1,1,111,Perdidos / Hibernando,1,1,2,1,Valor medio
6PXSUO8JYJ,Comercio detallista,Ropa / Accesorios,Cajicá,2021-03-24 16:03:00,2021-03-24 16:16:00,2021-03-24 16:28:00,1,1333000.0,160000,False,102538.46153846153,66650.0,0,13,3,5,3,3,533,Leales,0,0,0,0,Valor medio-alto
6Q11YM9F8F,Transporte,Taxi,Cali,2021-03-13 13:33:00,2021-03-13 13:45:00,2021-03-13 13:52:00,1,1029900.0,149000,False,205980.0,51495.0,0,5,2,5,2,3,523,Nuevos / En crecimiento,0,0,0,0,Valor medio-alto
6R8RD080AG,Servicios,Tecnología y software,Soacha,2021-03-21 11:11:00,2021-03-21 11:20:00,2021-03-21 11:21:00,1,158500.0,157500,False,158500.0,7925.0,2,1,1,1,1,1,111,Perdidos / Hibernando,1,1,1,1,Valor medio
6RT5FC9F2H,Comercio detallista,Óptica,Bogotá D.C.,2021-03-09 11:05:00,2021-03-09 11:15:00,2021-03-09 11:17:00,1,5994000.0,1359000,False,249750.0,299700.0,0,24,3,5,4,4,544,Campeones,2,0,0,0,Valor medio-alto
6S5FR3W0EI,Belleza y cuidado personal,Distribuidora,Bogotá D.C.,2021-02-05 13:55:00,2021-02-05 14:01:00,2021-02-05 14:03:00,1,435900.0,121800,False,43590.0,21795.0,0,10,3,5,3,2,532,Leales,0,0,0,0,Valor medio-alto
6T90JTRF28,Comercio detallista,Otro,Bogotá D.C.,2021-03-03 16:07:00,2021-03-03 16:14:00,2021-03-24 10:48:00,1,151000.0,0,False,75500.0,7550.0,2,2,1,1,1,1,111,Perdidos / Hibernando,1,1,1,1,Valor medio
6THE7Y9N8W,Servicios,Tecnología y software,Villa de San Diego de Ubate,2021-03-19 15:27:00,2021-03-19 15:44:00,2021-03-19 15:46:00,1,3000.0,0,False,1000.0,150.0,2,3,1,1,2,1,121,Perdidos / Hibernando,1,1,2,1,Valor medio
6TQVUX9YWR,Comercio detallista,Otro,Bogotá D.C.,2021-03-19 12:17:00,2021-03-19 12:33:00,2021-03-19 12:36:00,1,10252500.0,1903500,False,193443.3962264151,512625.0,0,53,3,5,5,5,555,Campeones,2,0,0,0,Valor medio-alto
6UWXH1AGKT,Comercio detallista,Tecnología,Bogotá D.C.,2021-03-11 13:51:00,2021-03-11 14:09:00,2021-03-11 14:11:00,1,24388606.0,1425000,False,975544.24,1219430.3,0,25,3,5,4,5,545,Campeones,2,0,0,0,Valor medio-alto
6VHSE8Q4CT,Servicios,Otro,Bogotá D.C.,2021-02-23 12:12:00,2021-02-23 12:26:00,2021-02-23 12:35:00,1,269000.0,0,False,67250.0,13450.0,1,4,3,2,2,2,222,Perdidos / Hibernando,0,0,1,0,Valor medio-alto
6W42KQX92H,Comercio detallista,Ropa / Accesorios,Bogotá D.C.,2021-03-30 13:56:00,2021-03-30 14:06:00,2021-03-30 14:09:00,1,442500.0,123000,False,63214.28571428572,22125.0,0,7,3,5,3,2,532,Leales,0,0,0,0,Valor medio-alto
6W9NQBH43N,Comercio detallista,Ropa / Accesorios,Bogotá D.C.,2021-03-16 18:04:00,2021-03-16 18:15:00,2021-03-16 18:18:00,1,774000.0,0,False,193500.0,38700.0,2,4,1,1,2,2,122,Perdidos / Hibernando,0,1,1,1,Valor medio
6WG7Q4R47V,Comercio detallista,Óptica,Bogotá D.C.,,,,1,13171400.0,1084000,False,337728.2051282051,658570.0,0,39,5,5,5,5,555,Campeones,2,0,0,0,Valor medio-alto
6WWOGHL4AX,Comercio detallista,Ropa / Accesorios,Soacha,2021-03-12 13:37:00,2021-03-12 13:46:00,2021-03-12 13:58:00,1,1019500.0,43000,False,59970.58823529412,50975.0,0,17,3,5,4,3,543,Leales,0,0,0,0,Valor medio-alto
6XDQ7ES293,Comercio detallista,Óptica,Bogotá D.C.,2021-02-16 14:32:00,2021-02-16 14:46:00,2021-02-16 14:49:00,1,11915000.0,985000,False,313552.63157894736,595750.0,0,38,4,5,5,5,555,Campeones,2,0,0,0,Valor medio-alto
6XV4WOY43J,Comercio detallista,Venta de bicicletas y accesorios,Bogotá D.C.,2021-03-25 12:24:00,2021-03-25 12:32:00,,1,981100.0,0,False,245275.0,49055.0,0,4,2,5,2,3,523,Nuevos / En crecimiento,0,0,0,0,Valor medio-alto
6Y7TOGK3HX,Comercio detallista,Tecnología,Bogotá D.C.,2021-03-08 12:47:00,2021-03-08 13:02:00,2021-03-08 13:04:00,1,3397612.0,119900,False,91827.35135135135,169880.6,0,37,3,5,5,4,554,Campeones,2,0,0,0,Valor medio-alto
6YCU2HUC9N,Reparación y limpieza,Automotriz y autopartes,Bogotá D.C.,2021-03-08 15:39:00,2021-03-08 15:48:00,2021-03-08 15:50:00,1,440400.0,322300,False,146800.0,22020.0,0,3,2,5,2,2,522,Nuevos / En crecimiento,0,0,1,0,Valor medio-alto
6YIDILXE3U,Reparación y limpieza,Reparaciones locativas,Bogotá D.C.,2021-03-18 13:20:00,2021-03-18 13:29:00,2021-03-18 13:31:00,1,54500.0,0,False,13625.0,2725.0,1,4,2,2,2,1,221,Perdidos / Hibernando,0,1,1,1,Valor medio
6Z2KP7XG7H,Alimentos y bebidas,Restaurante / Café,Bogotá D.C.,2021-03-30 19:32:00,2021-03-30 19:50:00,2021-03-30 19:52:00,1,454300.0,0,False,34946.153846153844,22715.0,0,13,3,5,3,2,532,Leales,0,0,0,0,Valor medio-alto
6Z9J3UF1AU,Comercio detallista,Mascotas,Bogotá D.C.,2021-03-18 16:03:00,2021-03-18 16:16:00,2021-03-18 16:18:00,1,1234000.0,0,False,154250.0,61700.0,1,8,2,2,3,3,233,Potenciales,0,0,1,0,Valor medio-alto
6ZNZOGYY54,Comercio detallista,Óptica,Bogotá D.C.,2021-02-09 17:55:00,2021-02-09 18:02:00,2021-02-09 18:04:00,1,2000.0,0,False,2000.0,100.0,3,1,1,1,1,1,111,Perdidos / Hibernando,1,1,2,1,Valor medio
7007WG0QHB,Alimentos y bebidas,Comida rápida,Villa de San Diego de Ubate,2021-03-20 13:32:00,2021-03-20 13:41:00,2021-03-20 13:43:00,1,246000.0,0,False,22363.636363636364,12300.0,0,11,3,5,3,2,532,Leales,0,0,0,0,Valor medio-alto
70ZPXGRY9P,Comercio detallista,Electrodomésticos,Bogotá D.C.,2021-02-23 19:23:00,2021-02-23 19:32:00,2021-02-23 19:34:00,1,2000.0,0,False,2000.0,100.0,3,1,1,1,1,1,111,Perdidos / Hibernando,1,1,2,1,Valor medio
71YQCGQK01,Comercio detallista,Tecnología,Bogotá D.C.,2021-03-08 16:15:00,2021-03-08 16:26:00,2021-03-08 16:28:00,1,1411000.0,225000,False,100785.71428571429,70550.0,0,14,3,5,3,3,533,Leales,0,0,0,0,Valor medio-alto
71YU6SWV77,Servicios,Otro,Bogotá D.C.,2021-03-24 13:15:00,2021-03-24 13:24:00,2021-03-24 13:27:00,1,47068100.0,6351300,False,595798.7341772151,2353405.0,0,79,3,5,5,5,555,Campeones,2,0,0,0,Valor medio-alto
726I91BXBA,Comercio detallista,Muebles / Decoración,Bogotá D.C.,2021-02-01 12:19:00,2021-02-01 12:24:00,2021-02-01 12:25:00,1,10914000.0,5115000,False,682125.0,545700.0,0,16,4,5,4,5,545,Campeones,2,0,0,0,Valor medio-alto
72U4V3KG5U,Alimentos y bebidas,Catering,Bogotá D.C.,,,,1,2400000.0,160000,False,160000.0,120000.0,0,15,4,5,4,3,543,Leales,0,0,0,0,Valor medio-alto
72XBOKXEIH,Comercio detallista,Óptica,Bogotá D.C.,,,,1,6881000.0,230000,False,237275.8620689655,344050.0,0,29,5,5,4,5,545,Campeones,2,0,0,0,Valor medio-alto
73EDNK0WRW,Comercio detallista,Ropa / Accesorios,Bogotá D.C.,2021-03-24 11:39:00,2021-03-24 11:45:00,2021-03-24 11:52:00,1,2246500.0,592500,False,204227.27272727274,112325.0,0,11,3,5,3,3,533,Leales,0,0,0,0,Valor medio-alto
73LCCUD9DX,Comercio detallista,Ropa / Accesorios,Bogotá D.C.,2021-03-13 11:49:00,2021-03-13 11:56:00,2021-03-13 12:01:00,1,1980400.0,727500,False,282914.28571428574,99020.0,0,7,2,5,3,3,533,Leales,0,0,0,0,Valor medio-alto
74TBGMSJMT,Comercio detallista,Auto partes,Bogotá D.C.,2021-03-15 12:33:00,2021-03-15 12:44:00,2021-03-15 12:47:00,1,527000.0,5000,False,175666.66666666666,26350.0,1,3,2,2,2,2,222,Perdidos / Hibernando,0,0,1,0,Valor medio-alto
756ZYWI7MJ,Alimentos y bebidas,Restaurante / Café,Cali,2021-03-08 17:57:00,2021-03-08 18:10:00,2021-03-08 18:13:00,1,4000.0,0,False,1000.0,200.0,2,4,1,1,2,1,121,Perdidos / Hibernando,1,1,2,1,Valor medio
75I3FR4BW7,Comercio detallista,Revendedor,Bogotá D.C.,2021-03-06 17:07:00,2021-03-06 17:14:00,2021-03-06 17:31:00,1,1626000.0,0,False,271000.0,81300.0,1,6,2,2,2,3,223,Potenciales,0,0,1,0,Valor medio-alto
75VOFYNEEC,Comercio detallista,Otro,Bogotá D.C.,2021-03-30 10:42:00,2021-03-30 10:55:00,2021-03-30 10:58:00,1,1419500.0,80000,False,101392.85714285714,70975.0,0,14,3,5,3,3,533,Leales,0,0,0,0,Valor medio-alto
75XYC1LM29,Comercio detallista,Ropa / Accesorios,Bogotá D.C.,2021-03-26 11:33:00,2021-03-26 11:41:00,2021-03-26 11:47:00,1,443950.0,0,False,73991.66666666667,22197.5,0,6,3,5,2,2,522,Nuevos / En crecimiento,0,0,1,0,Valor medio-alto
76FSMJ6JPI,Comercio detallista,Ropa / Accesorios,Bogotá D.C.,2021-03-26 15:51:00,2021-03-26 15:57:00,2021-03-26 16:01:00,1,41000.0,0,False,10250.0,2050.0,1,4,2,2,2,1,221,Perdidos / Hibernando,0,1,1,1,Valor medio
776RIIB8DT,Reparación y limpieza,Automotriz y autopartes,Bogotá D.C.,2021-03-25 15:03:00,2021-03-25 15:10:00,2021-03-25 15:22:00,1,4886500.0,1648000,False,119182.9268292683,244325.0,0,41,3,5,5,4,554,Campeones,2,0,0,0,Valor medio-alto
77VLSJ17LJ,Servicios,Otro,Bogotá D.C.,2021-03-15 17:48:00,2021-03-15 17:57:00,2021-03-15 18:04:00,1,61000.0,0,False,30500.0,3050.0,1,2,2,2,1,1,211,Perdidos / Hibernando,0,1,1,1,Valor medio
7813YDFCCF,Comercio detallista,Elementos de seguridad,Bogotá D.C.,2021-03-11 11:42:00,2021-03-11 11:47:00,2021-03-11 11:49:00,1,2921000.0,0,False,153736.84210526315,146050.0,1,19,2,2,4,4,244,En riesgo (antes valiosos),2,0,0,0,Valor medio-alto
78WLHXF64M,Comercio detallista,Ropa / Accesorios,Bogotá D.C.,2021-03-16 12:40:00,2021-03-16 12:50:00,2021-03-16 12:58:00,1,372000.0,0,False,186000.0,18600.0,2,2,1,1,1,2,112,Perdidos / Hibernando,1,1,1,1,Valor medio
79119O6TAJ,Comercio detallista,Ropa / Accesorios,Bogotá D.C.,2021-03-29 16:44:00,2021-03-29 16:50:00,2021-03-29 16:52:00,1,1006000.0,165000,False,71857.14285714286,50300.0,0,14,3,5,3,3,533,Leales,0,0,0,0,Valor medio-alto
793UFS4M19,Comercio detallista,Café internet,Bogotá D.C.,2021-03-11 10:47:00,2021-03-11 10:56:00,2021-03-11 10:59:00,1,172000.0,170000,False,172000.0,8600.0,2,1,1,1,1,2,112,Perdidos / Hibernando,1,1,1,1,Valor medio
79B53NLN1V,Comercio detallista,Ropa / Accesorios,Bogotá D.C.,2021-03-03 14:24:00,2021-03-03 14:30:00,2021-03-03 14:34:00,1,2879000.0,70000,False,102821.42857142857,143950.0,0,28,3,5,4,4,544,Campeones,2,0,0,0,Valor medio-alto
79THSYNSUW,Servicios,Otro,Bogotá D.C.,,,,1,2654000.0,0,False,147444.44444444444,132700.0,0,18,5,5,4,4,544,Campeones,2,0,0,0,Valor medio-alto
7A561QKVO8,Servicios,Carpintería,Bogotá D.C.,2021-03-12 17:10:00,2021-03-12 17:17:00,2021-03-12 17:21:00,1,2000.0,0,False,2000.0,100.0,2,1,1,1,1,1,111,Perdidos / Hibernando,1,1,2,1,Valor medio
7AIBADIKEN,Comercio detallista,Muebles / Decoración,Soacha,2021-03-16 14:59:00,2021-03-16 15:09:00,2021-03-16 15:13:00,1,718200.0,0,False,179550.0,35910.0,0,4,3,5,2,2,522,Nuevos / En crecimiento,0,0,0,0,Valor medio-alto
7BCB0QY8D8,Servicios,Otro,Bogotá D.C.,,,,1,16391000.0,1510000,False,256109.375,819550.0,0,64,6,5,5,5,555,Campeones,2,0,0,0,Valor medio-alto
7C8D7TED4O,Alimentos y bebidas,Restaurante / Café,Bogotá D.C.,2021-03-26 08:31:00,2021-03-26 08:41:00,2021-03-26 08:44:00,1,4723500.0,475500,False,61344.155844155845,236175.0,0,77,3,5,5,4,554,Campeones,2,0,0,0,Valor medio-alto
7CNA7K4YX6,Alimentos y bebidas,Restaurante / Café,Bogotá D.C.,2021-02-02 10:42:00,2021-02-02 10:51:00,2021-02-02 10:56:00,1,3504100.0,1799800,False,51530.882352941175,175205.0,0,68,4,5,5,4,554,Campeones,2,0,0,0,Valor medio-alto
7CRAJR678B,Comercio detallista,Ropa / Accesorios,Bogotá D.C.,2021-03-30 13:30:00,2021-03-30 13:41:00,2021-03-30 13:44:00,1,857000.0,350000,False,142833.33333333334,42850.0,0,6,3,5,2,2,522,Nuevos / En crecimiento,0,0,0,0,Valor medio-alto
7CVOZL27VO,Comercio detallista,Ropa / Accesorios,Bogotá D.C.,,,,1,384000.0,0,False,29538.46153846154,19200.0,2,13,4,1,3,2,132,Potenciales,0,0,1,0,Valor medio-alto
7DCUZ4SAI7,Comercio detallista,Ropa / Accesorios,Melgar,,,,1,65792600.0,7845000,False,179761.20218579235,3289630.0,0,366,6,5,5,5,555,Campeones,2,0,0,0,Valor medio-alto
7DZPGHB7YX,Comercio detallista,Ropa / Accesorios,Bogotá D.C.,2021-03-09 13:28:00,2021-03-09 13:39:00,2021-03-09 13:41:00,1,8906700.0,1877000,False,174641.17647058822,445335.0,0,51,3,5,5,5,555,Campeones,2,0,0,0,Valor medio-alto
7EY4KHBTH0,Alimentos y bebidas,Comida rápida,Bogotá D.C.,2021-02-18 11:30:00,2021-02-18 11:43:00,2021-02-18 11:46:00,1,185500.0,0,False,20611.11111111111,9275.0,0,9,4,5,3,2,532,Leales,0,0,0,0,Valor medio-alto
7FPGHF39UM,Comercio detallista,Otro,Bogotá D.C.,2021-03-19 16:38:00,2021-03-19 16:49:00,2021-03-19 16:53:00,1,2939000.0,358000,False,226076.92307692306,146950.0,0,13,3,5,3,4,534,Leales,0,0,0,0,Valor medio-alto
7G57A1ZDBA,Comercio detallista,Elementos de seguridad,Bogotá D.C.,2021-02-22 17:27:00,2021-02-22 17:37:00,2021-02-22 17:39:00,1,6320000.0,1975300,False,185882.35294117648,316000.0,0,34,4,5,5,5,555,Campeones,2,0,0,0,Valor medio-alto
7GH5816S8S,Belleza y cuidado personal,Distribuidora,Bogotá D.C.,2021-03-26 11:55:00,2021-03-26 12:02:00,2021-03-26 12:03:00,1,912000.0,0,False,82909.09090909091,45600.0,0,11,3,5,3,2,532,Leales,0,0,0,0,Valor medio-alto
7GOD67NBF3,Belleza y cuidado personal,Spa,Bogotá D.C.,2021-02-08 16:45:00,2021-02-08 16:53:00,2021-02-08 16:57:00,1,5672000.0,0,False,2836000.0,283600.0,0,2,2,5,1,4,514,Nuevos / En crecimiento,0,0,0,0,Valor medio-alto
7H4W4M19RN,Comercio detallista,Elementos de seguridad,Bogotá D.C.,2021-02-26 14:56:00,2021-02-26 15:07:00,2021-02-26 15:08:00,1,3616000.0,90000,False,212705.88235294117,180800.0,0,17,4,5,4,4,544,Campeones,2,0,0,0,Valor medio-alto
7IL8SVB1GO,Comercio detallista,Óptica,Bogotá D.C.,2021-02-11 14:01:00,2021-02-11 14:27:00,2021-02-11 14:28:00,1,3502000.0,800000,False,318363.63636363635,175100.0,0,11,4,5,3,4,534,Leales,0,0,0,0,Valor medio-alto
7ISY60C8WL,Comercio detallista,Libros / Papelería,Fusagasugá,2021-02-12 15:16:00,2021-02-12 15:26:00,2021-02-12 15:31:00,1,130100.0,0,False,21683.333333333332,6505.0,0,6,3,5,2,1,521,Nuevos / En crecimiento,0,0,1,0,Valor medio-alto
7IY458L77P,Comercio detallista,Libros / Papelería,Zipaquirá,2021-03-19 16:15:00,2021-03-19 16:20:00,2021-03-19 16:23:00,1,106000.0,0,False,35333.333333333336,5300.0,0,3,3,5,2,1,521,Nuevos / En crecimiento,0,0,1,0,Valor medio-alto
7IY5UZ166R,Comercio detallista,Ropa / Accesorios,Chía,,,,1,14008000.0,1644000,False,108589.14728682171,700400.0,0,129,6,5,5,5,555,Campeones,2,0,0,0,Valor medio-alto
7JGZK7S9TI,Comercio detallista,Óptica,Bogotá D.C.,,,,1,11102600.0,845000,False,382848.275862069,555130.0,0,29,5,5,4,5,545,Campeones,2,0,0,0,Valor medio-alto
7JQI5E3EJW,Comercio detallista,Óptica,Bogotá D.C.,2021-03-04 17:25:00,2021-03-04 17:36:00,2021-03-04 17:40:00,1,2956000.0,0,False,295600.0,147800.0,2,10,1,1,3,4,134,Potenciales,0,0,1,0,Valor medio-alto
7JXN5BGUE7,Reparación y limpieza,Moda / Zapatería,Bogotá D.C.,2021-03-15 17:14:00,2021-03-15 18:02:00,2021-03-28 17:29:00,1,740000.0,63000,False,92500.0,37000.0,0,8,3,5,3,2,532,Leales,0,0,0,0,Valor medio-alto
7KC3RBUBIH,Alimentos y bebidas,Restaurante / Café,Cajicá,2021-03-24 12:03:00,2021-03-24 12:10:00,2021-03-24 12:15:00,1,4598736.0,1163800,False,76645.6,229936.80000000002,0,60,3,5,5,4,554,Campeones,2,0,0,0,Valor medio-alto
7KHHGHTL43,Comercio detallista,Tecnología,Bogotá D.C.,2021-03-12 14:59:00,2021-03-12 15:04:00,2021-03-26 12:50:00,1,139500.0,137500,False,139500.0,6975.0,2,1,1,1,1,1,111,Perdidos / Hibernando,1,1,1,1,Valor medio
7KTNTN34H1,Comercio detallista,Libros / Papelería,Girardot,2021-03-18 12:17:00,2021-03-18 12:28:00,2021-03-18 12:31:00,1,1508050.0,50800,False,215435.7142857143,75402.5,0,7,3,5,3,3,533,Leales,0,0,0,0,Valor medio-alto
7KYCN7ZE2E,Comercio detallista,Ropa / Accesorios,Fusagasugá,2021-02-25 16:02:00,2021-02-25 16:20:00,2021-02-25 16:30:00,1,207000.0,0,False,51750.0,10350.0,2,4,2,1,2,2,122,Perdidos / Hibernando,1,1,1,1,Valor medio
7LNR9Z8YV8,Reparación y limpieza,Moda / Zapatería,Bogotá D.C.,2021-03-09 14:22:00,2021-03-09 14:31:00,2021-03-09 14:33:00,1,5746000.0,653000,False,302421.05263157893,287300.0,0,19,3,5,4,4,544,Campeones,2,0,0,0,Valor medio-alto
7LTZ3FFTKF,Comercio detallista,Ropa / Accesorios,Bogotá D.C.,2021-03-24 16:19:00,2021-03-24 16:30:00,2021-03-24 16:37:00,1,1000.0,0,False,1000.0,50.0,2,1,1,1,1,1,111,Perdidos / Hibernando,1,1,2,1,Valor medio
7LVUC2EJPF,Comercio detallista,Otro,Bogotá D.C.,2021-02-23 12:52:00,2021-02-23 13:00:00,2021-02-26 10:04:00,1,9643000.0,1759000,False,141808.82352941178,482150.0,0,68,4,5,5,5,555,Campeones,2,0,0,0,Valor medio-alto
7M7SSW7NKI,Comercio detallista,Tecnología,Bogotá D.C.,2021-03-26 12:46:00,2021-03-26 12:54:00,2021-03-26 12:58:00,1,4200630.0,52830,False,221085.7894736842,210031.5,0,19,3,5,4,4,544,Campeones,2,0,0,0,Valor medio-alto
7MKEDI6THP,Belleza y cuidado personal,Otro,Bogotá D.C.,2021-03-08 16:28:00,2021-03-08 16:35:00,2021-03-08 16:37:00,1,6652800.0,1405400,False,96417.39130434782,332640.0,0,69,3,5,5,5,555,Campeones,2,0,0,0,Valor medio-alto
7NUR9KS8Z9,Comercio detallista,Farmacia,Bogotá D.C.,2021-03-11 10:24:00,2021-03-11 10:29:00,2021-03-11 10:33:00,1,4883800.0,860600,False,59558.53658536585,244190.0,0,82,3,5,5,4,554,Campeones,2,0,0,0,Valor medio-alto
7OQ0YLZRV3,Alimentos y bebidas,Licores,Bogotá D.C.,2021-03-11 15:27:00,2021-03-11 15:37:00,2021-03-11 15:50:00,1,2039300.0,262600,False,75529.62962962964,101965.0,0,27,3,5,4,3,543,Leales,2,0,0,0,Valor medio-alto
7ORWIT0QTB,Comercio detallista,Ropa / Accesorios,Bogotá D.C.,,,,1,2000.0,0,False,2000.0,100.0,5,1,1,1,1,1,111,Perdidos / Hibernando,1,1,2,1,Valor medio
7PD3QXEIIH,Transporte,Taxi,Cali,2021-02-27 12:16:00,2021-02-27 12:27:00,2021-02-27 12:30:00,1,3000.0,0,False,1500.0,150.0,0,2,2,5,1,1,511,Nuevos / En crecimiento,0,1,1,1,Valor medio
7PSNMB1KUY,Comercio detallista,Óptica,Bogotá D.C.,2021-03-19 14:58:00,2021-03-19 15:16:00,2021-03-19 15:18:00,1,4281550.0,2960550,False,713591.6666666666,214077.5,0,6,3,5,2,4,524,Nuevos / En crecimiento,0,0,0,0,Valor medio-alto
7S793XEWN8,Comercio detallista,Ropa / Accesorios,Villa de San Diego de Ubate,2021-03-19 17:39:00,2021-03-19 17:56:00,2021-03-19 17:58:00,1,218000.0,104000,False,72666.66666666667,10900.0,0,3,3,5,2,2,522,Nuevos / En crecimiento,0,0,1,0,Valor medio-alto
7S8X7JJ9WB,Comercio detallista,Otro,Bogotá D.C.,2021-03-26 11:27:00,2021-03-26 12:02:00,,1,1729200.0,0,False,576400.0,86460.0,1,3,2,2,2,3,223,Potenciales,0,0,1,0,Valor medio-alto
7SSS9CHE0M,Servicios,Otro,Bogotá D.C.,2021-03-11 13:20:00,2021-03-11 13:30:00,2021-03-11 13:32:00,1,2612000.0,525000,False,130600.0,130600.0,0,20,3,5,4,4,544,Campeones,2,0,0,0,Valor medio-alto
7SYRR6HKJ7,Comercio detallista,Óptica,Bogotá D.C.,2021-02-02 14:29:00,2021-02-02 14:36:00,2021-02-02 14:37:00,1,4578000.0,330000,False,352153.8461538461,228900.0,0,13,4,5,3,4,534,Leales,0,0,0,0,Valor medio-alto
7TP3J9UWCM,Servicios,Contabilidad / Asesorías,Bogotá D.C.,,,,1,2000.0,0,False,2000.0,100.0,4,1,1,1,1,1,111,Perdidos / Hibernando,1,1,2,1,Valor medio
7TTW3SVU9K,Comercio detallista,Artesanías,Bogotá D.C.,2021-03-26 14:44:00,2021-03-26 14:56:00,2021-03-26 14:59:00,1,44500.0,6000,False,11125.0,2225.0,0,4,2,5,2,1,521,Nuevos / En crecimiento,0,1,1,1,Valor medio
7TXKP4AG0W,Comercio detallista,Óptica,Bogotá D.C.,2021-03-18 14:52:00,2021-03-18 15:01:00,2021-03-18 15:03:00,1,3130000.0,200000,False,284545.45454545453,156500.0,0,11,3,5,3,4,534,Leales,0,0,0,0,Valor medio-alto
7UIY7W6KMG,Belleza y cuidado personal,Suplementos,Bogotá D.C.,2021-03-18 12:38:00,2021-03-18 12:47:00,2021-03-18 12:50:00,1,3244100.0,0,False,58983.63636363636,162205.0,1,55,2,2,5,4,254,En riesgo (antes valiosos),2,0,0,0,Valor medio-alto
7ULN5Z3F5T,Comercio detallista,Materiales de construcción,Bogotá D.C.,2021-02-01 16:17:00,2021-02-01 16:38:00,2021-02-01 16:40:00,1,4146495.0,0,False,592356.4285714285,207324.75,1,7,3,2,3,4,234,Potenciales,0,0,1,0,Valor medio-alto
7UQH0GA7XD,Belleza y cuidado personal,Spa,Bogotá D.C.,2021-03-19 11:22:00,2021-03-19 11:31:00,2021-03-19 11:33:00,1,136000.0,0,False,27200.0,6800.0,1,5,2,2,2,1,221,Perdidos / Hibernando,0,1,1,1,Valor medio
7VVLRPES80,Transporte,Servicio especial,Bogotá D.C.,2021-03-24 10:56:00,2021-03-24 11:02:00,2021-03-24 11:07:00,1,970000.0,0,False,323333.3333333333,48500.0,1,3,2,2,2,2,222,Perdidos / Hibernando,0,0,1,0,Valor medio-alto
7W4NO4I3ZI,Comercio detallista,Óptica,Bogotá D.C.,2021-03-15 17:02:00,2021-03-15 17:11:00,2021-03-15 17:12:00,1,7834000.0,1872000,False,326416.6666666667,391700.0,0,24,3,5,4,5,545,Campeones,2,0,0,0,Valor medio-alto
7W55X2116L,Alimentos y bebidas,Comida rápida,Facatativá,2021-03-25 16:00:00,2021-03-25 16:09:00,2021-03-25 16:12:00,1,3409700.0,551400,False,37885.555555555555,170485.0,0,90,3,5,5,4,554,Campeones,2,0,0,0,Valor medio-alto
7YAKZ7MREM,Comercio detallista,Ropa / Accesorios,Bogotá D.C.,2021-03-15 14:56:00,2021-03-15 15:02:00,2021-03-15 15:05:00,1,7556000.0,1346000,False,236125.0,377800.0,0,32,3,5,5,5,555,Campeones,2,0,0,0,Valor medio-alto
7YGRG7397H,Alimentos y bebidas,Restaurante / Café,Bogotá D.C.,2021-03-26 16:59:00,2021-03-26 17:06:00,2021-03-26 17:09:00,1,1832425.0,0,False,122161.66666666667,91621.25,0,15,2,5,4,3,543,Leales,0,0,0,0,Valor medio-alto
7YIRCWV6ER,Servicios,Veterinaria,Bogotá D.C.,2021-03-10 14:23:00,2021-03-10 14:35:00,2021-03-10 14:37:00,1,782000.0,98750,False,78200.0,39100.0,0,10,3,5,3,2,532,Leales,0,0,0,0,Valor medio-alto
7YJV1LLJCS,Comercio detallista,Maquinaria,Bogotá D.C.,2021-03-23 11:57:00,2021-03-23 12:02:00,2021-03-23 12:04:00,1,1994700.0,0,False,498675.0,99735.0,0,4,3,5,2,3,523,Nuevos / En crecimiento,0,0,0,0,Valor medio-alto
7Z1QYN0GU2,Alimentos y bebidas,Restaurante / Café,Chía,2021-03-06 12:13:00,2021-03-06 12:20:00,2021-03-06 12:26:00,1,861480.0,0,False,43074.0,43074.0,1,20,2,2,4,2,242,En riesgo (antes valiosos),0,0,1,0,Valor medio-alto
7Z7H9AMJEM,Servicios,Tecnología y software,Cota,2021-03-19 16:52:00,2021-03-19 16:57:00,2021-03-19 17:05:00,1,5681580.0,639675,False,162330.85714285713,284079.0,0,35,3,5,5,4,554,Campeones,2,0,0,0,Valor medio-alto
7ZYF9CMR9O,Reparación y limpieza,Lavandería,Bogotá D.C.,2021-03-09 11:22:00,2021-03-09 11:40:00,2021-03-09 11:43:00,1,141000.0,0,False,20142.85714285714,7050.0,0,7,3,5,3,1,531,Leales,0,0,1,0,Valor medio-alto
803DYOJBAF,Alimentos y bebidas,Abarrotes / Mercado,Bogotá D.C.,2021-02-19 21:49:00,2021-02-23 22:06:00,2021-02-28 14:46:00,1,183600.0,11350,False,22950.0,9180.0,0,8,3,5,3,2,532,Leales,0,0,1,0,Valor medio-alto
80JW4PK8KP,Comercio detallista,Óptica,Bogotá D.C.,2021-03-17 13:29:00,2021-03-17 13:38:00,2021-03-17 13:40:00,1,192000.0,0,False,96000.0,9600.0,2,2,1,1,1,2,112,Perdidos / Hibernando,1,1,1,1,Valor medio
80KDLR2EMF,Comercio detallista,Materiales de construcción,Bogotá D.C.,,,,1,1922100.0,171400,False,60065.625,96105.0,0,32,5,5,5,3,553,Leales,2,0,0,0,Valor medio-alto
81AW9QTV6Z,Comercio detallista,Artesanías,Bogotá D.C.,2021-03-16 13:03:00,2021-03-16 13:12:00,2021-03-16 13:17:00,1,2987721.0,810000,False,213408.64285714287,149386.05000000002,0,14,3,5,3,4,534,Leales,0,0,0,0,Valor medio-alto
81QBDNU46J,Belleza y cuidado personal,Salón de belleza,Bogotá D.C.,2021-03-11 17:30:00,2021-03-11 17:49:00,2021-03-11 17:51:00,1,1107200.0,192000,False,69200.0,55360.0,0,16,3,5,4,3,543,Leales,0,0,0,0,Valor medio-alto
82ZQJJTQKZ,Comercio detallista,Elementos de seguridad,Bogotá D.C.,2021-03-10 16:11:00,2021-03-10 16:18:00,2021-03-10 16:20:00,1,6399000.0,1803000,False,123057.69230769231,319950.0,0,52,3,5,5,5,555,Campeones,2,0,0,0,Valor medio-alto
831UHS2HIC,Belleza y cuidado personal,Salón de belleza,Soacha,2021-02-20 17:26:00,2021-02-20 17:34:00,2021-02-20 17:38:00,1,4822000.0,442000,False,84596.49122807017,241100.0,0,57,4,5,5,4,554,Campeones,2,0,0,0,Valor medio-alto
83HJ3U53SO,Servicios,Otro,Bogotá D.C.,2021-02-03 08:41:00,2021-02-03 08:50:00,2021-02-03 08:56:00,1,191200.0,0,False,63733.333333333336,9560.0,1,3,2,2,2,2,222,Perdidos / Hibernando,0,0,1,0,Valor medio-alto
84F9CL9RQS,Servicios,Carpintería,Bogotá D.C.,2021-03-17 12:01:00,2021-03-17 12:07:00,2021-03-17 12:12:00,1,2255700.0,0,False,375950.0,112785.0,1,6,2,2,2,3,223,Potenciales,0,0,1,0,Valor medio-alto
84GH7WLORR,Comercio detallista,Tecnología,Bogotá D.C.,2021-03-05 18:32:00,2021-03-05 18:42:00,2021-03-05 18:53:00,1,24679000.0,1250000,False,474596.1538461539,1233950.0,0,52,3,5,5,5,555,Campeones,2,0,0,0,Valor medio-alto
84V2EXUJ93,Servicios,Veterinaria,Chía,,,,1,2000.0,0,False,2000.0,100.0,5,1,1,1,1,1,111,Perdidos / Hibernando,1,1,2,1,Valor medio
85EBJXWV1P,Comercio detallista,Otro,Bogotá D.C.,2021-02-18 14:18:00,2021-02-18 14:25:00,2021-02-18 14:31:00,1,9763130.0,280000,False,390525.2,488156.5,0,25,4,5,4,5,545,Campeones,2,0,0,0,Valor medio-alto
85KENSZT40,Reparación y limpieza,Reparaciones locativas,Soacha,,,,1,12060850.0,300000,False,603042.5,603042.5,0,20,4,5,4,5,545,Campeones,2,0,0,0,Valor medio-alto
85S935ZNB9,Alimentos y bebidas,Bar / Club / Discoteca,Jamundí,2021-03-20 16:00:00,2021-03-20 16:19:00,2021-03-20 16:25:00,1,3159704.0,10700,False,263308.6666666667,157985.2,0,12,3,5,3,4,534,Leales,0,0,0,0,Valor medio-alto
86A3VL7R6M,Comercio detallista,Óptica,Bogotá D.C.,2021-03-04 17:45:00,2021-03-04 17:55:00,2021-03-04 17:57:00,1,344000.0,0,False,86000.0,17200.0,1,4,2,2,2,2,222,Perdidos / Hibernando,0,0,1,0,Valor medio-alto
86TJUVNS07,Reparación y limpieza,Limpieza del hogar,Bogotá D.C.,2021-02-12 17:42:00,2021-02-12 17:50:00,2021-02-12 17:52:00,1,64100.0,0,False,16025.0,3205.0,0,4,4,5,2,1,521,Nuevos / En crecimiento,0,0,1,0,Valor medio-alto
873EUNJNP5,Reparación y limpieza,Reparaciones locativas,Bogotá D.C.,,,,1,5437000.0,0,False,453083.3333333333,271850.0,0,12,6,5,3,4,534,Leales,0,0,0,0,Valor medio-alto
87JAEU79IX,Comercio detallista,Ropa / Accesorios,Bogotá D.C.,2021-03-23 15:35:00,2021-03-23 15:41:00,2021-03-23 15:43:00,1,431000.0,96000,False,71833.33333333333,21550.0,0,6,3,5,2,2,522,Nuevos / En crecimiento,0,0,1,0,Valor medio-alto
87MP0FX075,Comercio detallista,Auto partes,Quetame,2021-03-25 13:47:00,2021-03-27 07:28:00,2021-03-27 07:30:00,1,102000.0,0,False,20400.0,5100.0,0,5,3,5,2,1,521,Nuevos / En crecimiento,0,0,1,0,Valor medio-alto
87O3NK3KF1,Comercio detallista,Ropa / Accesorios,Bogotá D.C.,2021-03-26 14:46:00,2021-03-26 14:52:00,2021-03-26 14:54:00,1,1977000.0,0,False,179727.27272727274,98850.0,0,11,3,5,3,3,533,Leales,0,0,0,0,Valor medio-alto
87V650352W,Comercio detallista,Ropa / Accesorios,Bogotá D.C.,2021-02-09 21:07:00,2021-02-09 21:17:00,2021-02-09 21:26:00,1,1878500.0,0,False,313083.3333333333,93925.0,1,6,3,2,2,3,223,Potenciales,0,0,1,0,Valor medio-alto
88LL68YKFA,Alimentos y bebidas,Abarrotes / Mercado,Bogotá D.C.,2021-02-19 18:53:00,2021-02-19 19:05:00,2021-02-19 19:08:00,1,7911350.0,204900,False,93074.70588235294,395567.5,0,85,4,5,5,5,555,Campeones,2,0,0,0,Valor medio-alto
88QZPR9JFF,Belleza y cuidado personal,Suplementos,Bogotá D.C.,2021-02-05 13:01:00,2021-02-05 13:07:00,2021-02-05 13:25:00,1,2000.0,0,False,2000.0,100.0,3,1,1,1,1,1,111,Perdidos / Hibernando,1,1,2,1,Valor medio
890AJ1VC4S,Comercio detallista,Artesanías,Bogotá D.C.,,,,1,2812950.0,427000,False,76025.67567567568,140647.5,0,37,6,5,5,4,554,Campeones,2,0,0,0,Valor medio-alto
89F1XUB63U,Belleza y cuidado personal,Salón de belleza,Bogotá D.C.,2021-03-18 16:40:00,2021-03-18 16:46:00,2021-03-18 16:48:00,2,7384200.0,1648500,False,77728.42105263157,369210.0,0,95,3,5,5,5,555,Campeones,2,2,0,2,Valor alto
89KFJHNS7W,Servicios,Tecnología y software,Bogotá D.C.,2021-03-09 13:51:00,2021-03-09 14:01:00,2021-03-09 14:03:00,1,15272000.0,500000,False,3054400.0,763600.0,0,5,3,5,2,5,525,Nuevos / En crecimiento,0,0,0,0,Valor medio-alto
89QTHUTMHO,Comercio detallista,Ropa / Accesorios,Bogotá D.C.,2021-03-29 16:28:00,2021-03-29 16:36:00,2021-03-29 16:40:00,1,2000.0,0,False,2000.0,100.0,2,1,1,1,1,1,111,Perdidos / Hibernando,1,1,2,1,Valor medio
8BN3OT1HG7,Comercio detallista,Óptica,Bogotá D.C.,2021-02-16 13:57:00,2021-02-16 14:10:00,2021-02-16 14:14:00,1,11542000.0,1890000,False,427481.48148148146,577100.0,0,27,4,5,4,5,545,Campeones,2,0,0,0,Valor medio-alto
8BRUJO0IAU,Comercio detallista,Elementos de seguridad,Bogotá D.C.,2021-02-23 17:13:00,2021-02-23 17:21:00,2021-02-23 17:23:00,1,3562000.0,1330000,False,445250.0,178100.0,1,8,3,2,3,4,234,Potenciales,0,0,1,0,Valor medio-alto
8CUJM6QLMV,Alimentos y bebidas,Otro,Bogotá D.C.,,,,1,6192350.0,529900,False,42124.82993197279,309617.5,0,147,5,5,5,5,555,Campeones,2,0,0,0,Valor medio-alto
8D3KPVHCET,Servicios,Diseño / Fotografía,Bogotá D.C.,2021-03-10 13:44:00,2021-03-10 13:49:00,2021-03-10 13:51:00,1,4000.0,0,False,2000.0,200.0,1,2,2,2,1,1,211,Perdidos / Hibernando,1,1,1,1,Valor medio
8DETSU0QZZ,Servicios,Otro,Bogotá D.C.,2021-03-03 18:15:00,2021-03-03 18:26:00,2021-03-03 18:32:00,1,5561600.0,1421500,False,146357.8947368421,278080.0,0,38,3,5,5,4,554,Campeones,2,0,0,0,Valor medio-alto
8E0UDI9GC2,Servicios,Otro,Bogotá D.C.,2021-03-06 11:43:00,2021-03-06 11:51:00,2021-03-06 11:54:00,1,1445000.0,743000,False,96333.33333333333,72250.0,0,15,3,5,4,3,543,Leales,0,0,0,0,Valor medio-alto
8E6JLX23GR,Comercio detallista,Ropa / Accesorios,Bogotá D.C.,2021-03-19 15:14:00,2021-03-19 15:22:00,2021-03-19 15:25:00,1,1535250.0,451500,False,102350.0,76762.5,0,15,3,5,4,3,543,Leales,0,0,0,0,Valor medio-alto
8FFUJVBVE6,Comercio detallista,Floristería,Cali,2020-09-29 12:29:00,2021-02-16 15:12:00,2021-02-16 15:14:00,1,2548000.0,82000,False,79625.0,127400.0,0,32,4,5,5,4,554,Campeones,2,0,0,0,Valor medio-alto
8FMHQ2CD36,Belleza y cuidado personal,Salón de belleza,Bogotá D.C.,2021-03-06 15:37:00,2021-03-06 15:51:00,2021-03-06 16:00:00,1,1222500.0,320500,False,48900.0,61125.0,0,25,3,5,4,3,543,Leales,2,0,0,0,Valor medio-alto
8FOC77FPFZ,Belleza y cuidado personal,Salón de belleza,Bogotá D.C.,2021-03-30 17:27:00,2021-03-30 17:40:00,2021-03-30 17:44:00,1,518810.0,75260,False,37057.857142857145,25940.5,0,14,3,5,3,2,532,Leales,0,0,0,0,Valor medio-alto
8FU98FJIP8,Servicios,Tecnología y software,Zipaquirá,2021-03-19 14:06:00,2021-03-19 14:15:00,2021-03-19 14:18:00,1,3106000.0,1839000,False,221857.14285714287,155300.0,0,14,3,5,3,4,534,Leales,0,0,0,0,Valor medio-alto
8G7JONHVSY,Alimentos y bebidas,Abarrotes / Mercado,Bogotá D.C.,,,,1,412350.0,84000,False,31719.23076923077,20617.5,0,13,4,5,3,2,532,Leales,0,0,0,0,Valor medio-alto
8GA2TSG90J,Alimentos y bebidas,Otro,Bogotá D.C.,2021-03-05 19:44:00,2021-03-05 20:15:00,2021-03-05 20:19:00,1,630400.0,67800,False,18011.428571428572,31520.0,0,35,3,5,5,2,552,Leales,2,0,0,0,Valor medio-alto
8GGUUBA5Y8,Comercio detallista,Óptica,Bogotá D.C.,2021-02-10 13:35:00,2021-02-10 13:42:00,2021-02-10 13:43:00,1,1684000.0,430000,False,421000.0,84200.0,0,4,2,5,2,3,523,Nuevos / En crecimiento,0,0,0,0,Valor medio-alto
8HYJY3VNLM,Comercio detallista,Maquinaria,Bogotá D.C.,2021-03-12 11:33:00,2021-03-12 11:47:00,2021-03-12 11:49:00,1,1936000.0,431000,False,387200.0,96800.0,1,5,2,2,2,3,223,Potenciales,0,0,1,0,Valor medio-alto
8JAA7Q1GHP,Comercio detallista,Auto partes,Bogotá D.C.,2021-03-30 12:40:00,2021-03-30 12:49:00,2021-03-30 12:51:00,1,2402230.0,0,False,800743.3333333334,120111.5,1,3,2,2,2,3,223,Potenciales,0,0,1,0,Valor medio-alto
8JOPV1E7XZ,Comercio detallista,Óptica,Bogotá D.C.,,,,1,28591500.0,2117000,False,291750.0,1429575.0,0,98,5,5,5,5,555,Campeones,2,0,0,0,Valor medio-alto
8KJVYTQQ7X,Servicios,Medicina / Odontología,Bogotá D.C.,2021-03-30 11:55:00,2021-03-30 12:03:00,2021-03-30 12:11:00,2,9069750.0,204750,False,412261.36363636365,453487.5,0,22,3,5,4,5,545,Campeones,2,2,0,2,Valor alto
8KTN7DZHA3,Alimentos y bebidas,Abarrotes / Mercado,Soacha,2021-03-08 21:30:00,2021-03-08 21:39:00,2021-03-08 21:42:00,1,2149195.0,230650,False,39076.27272727273,107459.75,0,55,3,5,5,3,553,Leales,2,0,0,0,Valor medio-alto
8KZ1L2BU2L,Turismo y entretenimiento,Gimnasio,Soacha,2021-03-16 11:07:00,2021-03-16 11:23:00,2021-03-16 11:28:00,1,1621000.0,434200,False,90055.55555555556,81050.0,0,18,3,5,4,3,543,Leales,2,0,0,0,Valor medio-alto
8LDGJNKC3S,Comercio detallista,Materiales de construcción,Bogotá D.C.,2021-03-23 12:10:00,2021-03-23 12:17:00,2021-03-23 12:20:00,1,10255000.0,535000,False,640937.5,512750.0,0,16,3,5,4,5,545,Campeones,2,0,0,0,Valor medio-alto
8LMRCO3PVL,Belleza y cuidado personal,Spa,Bogotá D.C.,2021-03-21 17:50:00,2021-03-21 17:58:00,2021-03-21 18:03:00,1,207250.0,0,False,51812.5,10362.5,1,4,2,2,2,2,222,Perdidos / Hibernando,0,0,1,0,Valor medio-alto
8LPNG55RS2,Comercio detallista,Tienda de deportes,Bogotá D.C.,2021-02-18 12:59:00,2021-02-18 13:08:00,2021-02-18 13:12:00,1,3000.0,0,False,1500.0,150.0,3,2,1,1,1,1,111,Perdidos / Hibernando,1,1,2,1,Valor medio
8LR9ZU4BQC,Comercio detallista,Elementos del hogar,Bogotá D.C.,2021-03-09 17:09:00,2021-03-09 17:20:00,2021-03-23 17:55:00,1,521000.0,0,False,173666.66666666666,26050.0,0,3,2,5,2,2,522,Nuevos / En crecimiento,0,0,0,0,Valor medio-alto
8MAPV1K5EF,Comercio detallista,Muebles / Decoración,Bogotá D.C.,2021-02-02 20:19:00,2021-02-03 07:25:00,2021-02-10 15:54:00,1,3375000.0,785000,False,843750.0,168750.0,0,4,3,5,2,4,524,Nuevos / En crecimiento,0,0,0,0,Valor medio-alto
8MH7QHW19R,Servicios,Arquitectura e ingeniería,Bogotá D.C.,,,,1,1659000.0,0,False,553000.0,82950.0,1,3,2,2,2,3,223,Potenciales,0,0,1,0,Valor medio-alto
8N7BFJI1ZN,Comercio detallista,Óptica,Bogotá D.C.,,,,2,34710000.0,3250000,False,318440.36697247706,1735500.0,0,109,5,5,5,5,555,Campeones,2,2,0,2,Valor alto
8P05AR2NL0,Servicios,Otro,Bogotá D.C.,,,,1,10198750.0,0,False,509937.5,509937.5,0,20,6,5,4,5,545,Campeones,2,0,0,0,Valor medio-alto
8PBEF7CHWP,Comercio detallista,Otro,Bogotá D.C.,2021-02-18 14:17:00,2021-02-18 14:25:00,2021-02-18 14:28:00,1,2100.0,0,False,2100.0,105.0,3,1,1,1,1,1,111,Perdidos / Hibernando,1,1,2,1,Valor medio
8PC3YN99OA,Reparación y limpieza,Automotriz y autopartes,Bogotá D.C.,2021-03-17 10:43:00,2021-03-17 10:54:00,2021-03-17 10:56:00,1,1849000.0,0,False,205444.44444444444,92450.0,0,9,3,5,3,3,533,Leales,0,0,0,0,Valor medio-alto
8PXXMS3A40,Comercio detallista,Ropa / Accesorios,Bogotá D.C.,2021-03-03 15:34:00,2021-03-03 15:45:00,2021-03-03 15:48:00,1,2067000.0,269000,False,103350.0,103350.0,0,20,3,5,4,3,543,Leales,2,0,0,0,Valor medio-alto
8Q912X9NJT,Comercio detallista,Muebles / Decoración,Madrid,2021-03-15 11:17:00,2021-03-15 11:26:00,2021-03-20 08:22:00,1,10000.0,0,False,10000.0,500.0,2,1,1,1,1,1,111,Perdidos / Hibernando,1,1,2,1,Valor medio
8RO1B7G7JG,Comercio detallista,Materiales de construcción,Bogotá D.C.,2021-03-30 12:17:00,2021-03-30 12:30:00,2021-03-30 12:31:00,1,1000.0,0,False,1000.0,50.0,2,1,1,1,1,1,111,Perdidos / Hibernando,1,1,2,1,Valor medio
8RX1H4QV3U,Servicios,Otro,Bogotá D.C.,2021-03-09 17:55:00,2021-03-09 18:11:00,2021-03-09 18:14:00,1,29238000.0,5707000,False,252051.72413793104,1461900.0,0,116,3,5,5,5,555,Campeones,2,0,0,0,Valor medio-alto
8SD2RQLX10,Servicios,Tecnología y software,Bogotá D.C.,2021-03-17 09:47:00,2021-03-17 09:54:00,2021-03-17 09:58:00,1,6143450.0,286200,False,191982.8125,307172.5,0,32,3,5,5,4,554,Campeones,2,0,0,0,Valor medio-alto
8T31P7PA3D,Alimentos y bebidas,Comida rápida,Bogotá D.C.,2021-02-04 15:45:00,2021-02-04 15:56:00,2021-02-04 15:58:00,1,2670200.0,532000,False,55629.166666666664,133510.0,0,48,4,5,5,4,554,Campeones,2,0,0,0,Valor medio-alto
8TGBHKDJYG,Comercio detallista,Tecnología,Bogotá D.C.,2021-03-27 10:58:00,2021-03-27 11:11:00,2021-03-27 11:14:00,1,1172550.0,340000,False,234510.0,58627.5,0,5,3,5,2,3,523,Nuevos / En crecimiento,0,0,0,0,Valor medio-alto
8UDR5E61VX,Alimentos y bebidas,Otro,Bogotá D.C.,2021-02-01 11:35:00,2021-02-01 11:44:00,2021-02-01 11:48:00,1,540800.0,7800,False,67600.0,27040.0,2,8,2,1,3,2,132,Potenciales,0,0,1,0,Valor medio-alto
8UN126KHZS,Comercio detallista,Materiales de construcción,Bogotá D.C.,2021-03-02 11:49:00,2021-03-02 11:59:00,2021-03-02 12:01:00,1,921300.0,205800,False,184260.0,46065.0,1,5,2,2,2,2,222,Perdidos / Hibernando,0,0,1,0,Valor medio-alto
8V4G45420H,Belleza y cuidado personal,Salón de belleza,Bogotá D.C.,2021-03-09 17:51:00,2021-03-09 18:09:00,2021-03-09 18:12:00,1,4037350.0,1768000,False,807470.0,201867.5,1,5,2,2,2,4,224,Potenciales,0,0,1,0,Valor medio-alto
8VHIDNMRH4,Reparación y limpieza,Automotriz y autopartes,Bogotá D.C.,2021-03-03 11:26:00,2021-03-03 11:54:00,2021-03-03 11:57:00,1,140000.0,0,False,46666.666666666664,7000.0,0,3,3,5,2,1,521,Nuevos / En crecimiento,0,0,1,0,Valor medio-alto
8W07D8VJNE,Servicios,Otro,Bogotá D.C.,2021-03-09 09:49:00,2021-03-09 10:23:00,2021-03-09 10:26:00,1,212000.0,0,False,106000.0,10600.0,2,2,1,1,1,2,112,Perdidos / Hibernando,1,1,1,1,Valor medio
8WEI5WXGP3,Alimentos y bebidas,Restaurante / Café,Cali,2021-03-20 18:51:00,2021-03-20 19:09:00,2021-03-20 19:12:00,1,1000.0,0,False,1000.0,50.0,2,1,1,1,1,1,111,Perdidos / Hibernando,1,1,2,1,Valor medio
8WXQG63J5R,Comercio detallista,Muebles / Decoración,Bogotá D.C.,2021-03-23 15:23:00,2021-03-23 15:31:00,2021-03-23 15:32:00,1,314000.0,0,False,157000.0,15700.0,0,2,2,5,1,2,512,Nuevos / En crecimiento,0,0,1,0,Valor medio-alto
8X22RULN89,Alimentos y bebidas,Restaurante / Café,Girardot,2021-03-20 11:59:00,2021-03-20 12:11:00,2021-03-20 12:15:00,1,29000.0,0,False,14500.0,1450.0,0,2,2,5,1,1,511,Nuevos / En crecimiento,0,1,1,1,Valor medio
8XKIQPIZUU,Comercio detallista,Otro,Bogotá D.C.,2020-07-08 22:46:00,,,1,2000.0,0,False,2000.0,100.0,5,1,1,1,1,1,111,Perdidos / Hibernando,1,1,2,1,Valor medio
8XKM3OK87H,Alimentos y bebidas,Abarrotes / Mercado,Bogotá D.C.,2021-02-05 13:39:00,2021-02-05 13:45:00,2021-02-05 13:48:00,1,1714650.0,277100,False,95258.33333333333,85732.5,0,18,4,5,4,3,543,Leales,2,0,0,0,Valor medio-alto
8XYDIBKAKC,Comercio detallista,Tecnología,Bogotá D.C.,2021-03-19 17:39:00,2021-03-19 17:48:00,2021-03-19 17:56:00,1,18748200.0,0,False,367611.76470588235,937410.0,0,51,3,5,5,5,555,Campeones,2,0,0,0,Valor medio-alto
8YZKC2VQED,Turismo y entretenimiento,Turismo,Choachí,2021-03-20 12:59:00,2021-03-20 13:07:00,2021-03-20 13:10:00,1,836000.0,44000,False,119428.57142857143,41800.0,0,7,3,5,3,2,532,Leales,0,0,0,0,Valor medio-alto
8YZQXM63ED,Comercio detallista,Óptica,Bogotá D.C.,2021-03-17 11:58:00,2021-03-17 12:10:00,2021-03-17 12:14:00,1,1525000.0,0,False,152500.0,76250.0,0,10,3,5,3,3,533,Leales,0,0,0,0,Valor medio-alto
8ZFDGU5U6C,Alimentos y bebidas,Restaurante / Café,Bogotá D.C.,2021-03-11 14:36:00,2021-03-11 14:47:00,2021-03-11 14:50:00,1,4732275.0,727180,False,41878.53982300885,236613.75,0,113,3,5,5,4,554,Campeones,2,0,0,0,Valor medio-alto
8ZV3BWLGSZ,Comercio detallista,Tecnología,Bogotá D.C.,2021-03-26 19:20:00,2021-03-26 19:29:00,2021-03-26 19:31:00,1,535000.0,87000,False,38214.28571428572,26750.0,0,14,3,5,3,2,532,Leales,0,0,0,0,Valor medio-alto
90V8JEZXLS,Comercio detallista,Libros / Papelería,Bogotá D.C.,2021-03-11 16:04:00,2021-03-11 16:11:00,2021-03-11 16:17:00,1,2000.0,0,False,666.6666666666666,100.0,0,3,3,5,2,1,521,Nuevos / En crecimiento,0,1,1,1,Valor medio
90ZRG48U77,Comercio detallista,Tienda naturista,Bogotá D.C.,,,,1,14839370.0,1054200,False,127925.60344827586,741968.5,0,116,6,5,5,5,555,Campeones,2,0,0,0,Valor medio-alto
910UH0I3LX,Comercio detallista,Insumos,Bogotá D.C.,2021-03-18 10:29:00,2021-03-18 10:39:00,2021-03-18 10:46:00,1,730065.0,0,False,365032.5,36503.25,2,2,1,1,1,2,112,Perdidos / Hibernando,1,1,1,1,Valor medio
910ZRKK5M6,Comercio detallista,Tecnología,Cali,2021-03-15 14:49:00,2021-03-15 14:59:00,2021-03-15 15:01:00,1,18462000.0,6009500,False,1230800.0,923100.0,0,15,3,5,4,5,545,Campeones,2,0,0,0,Valor medio-alto
91T0S8RI99,Comercio detallista,Tienda de deportes,Bogotá D.C.,2021-03-30 16:09:00,2021-03-30 16:24:00,2021-03-30 16:29:00,1,5086500.0,2602500,False,254325.0,254325.0,0,20,3,5,4,4,544,Campeones,2,0,0,0,Valor medio-alto
92KMQ8QKJL,Comercio detallista,Óptica,Bogotá D.C.,,,,1,29477000.0,1815000,False,310284.2105263158,1473850.0,0,95,5,5,5,5,555,Campeones,2,0,0,0,Valor medio-alto
92MZZIJIOH,Servicios,Otro,Bogotá D.C.,2021-02-06 15:14:00,2021-02-06 15:23:00,2021-02-06 15:26:00,1,4000.0,0,False,2000.0,200.0,3,2,1,1,1,1,111,Perdidos / Hibernando,1,1,2,1,Valor medio
92WV5K0KIU,Servicios,Tecnología y software,Bogotá D.C.,2021-02-24 16:13:00,2021-02-24 16:28:00,2021-02-24 16:31:00,1,3156500.0,138000,False,242807.6923076923,157825.0,0,13,3,5,3,4,534,Leales,0,0,0,0,Valor medio-alto
9393WJ3RVM,Alimentos y bebidas,Bar / Club / Discoteca,Bogotá D.C.,2021-03-15 17:54:00,2021-03-15 18:06:00,2021-03-15 18:08:00,1,3399000.0,0,False,226600.0,169950.0,2,15,1,1,4,4,144,En riesgo (antes valiosos),0,0,1,0,Valor medio-alto
93CJOHZI3K,Comercio detallista,Muebles / Decoración,Bogotá D.C.,2021-03-08 15:31:00,2021-03-08 15:40:00,2021-03-08 15:42:00,1,4519000.0,2889000,False,1129750.0,225950.0,0,4,2,5,2,4,524,Nuevos / En crecimiento,0,0,0,0,Valor medio-alto
93MFDY0VUW,Comercio detallista,Muebles / Decoración,Soacha,,,,1,13829000.0,1020000,False,864312.5,691450.0,0,16,5,5,4,5,545,Campeones,2,0,0,0,Valor medio-alto
946L2V2VQN,Comercio detallista,Óptica,Bogotá D.C.,2021-03-17 14:01:00,2021-03-17 14:12:00,2021-03-17 14:15:00,1,4462000.0,200000,False,371833.3333333333,223100.0,0,12,3,5,3,4,534,Leales,0,0,0,0,Valor medio-alto
94XG2D83WR,Belleza y cuidado personal,Salón de belleza,Bogotá D.C.,2020-10-20 19:34:00,,,1,745000.0,144000,False,49666.666666666664,37250.0,0,15,5,5,4,2,542,Leales,0,0,0,0,Valor medio-alto
956SVL26J9,Comercio detallista,Joyería,Soacha,,,,1,14820000.0,2597000,False,135963.3027522936,741000.0,0,109,5,5,5,5,555,Campeones,2,0,0,0,Valor medio-alto
95DEQJPEEY,Comercio detallista,Muebles / Decoración,Bogotá D.C.,2021-03-26 19:19:00,2021-03-26 19:27:00,2021-03-26 19:28:00,1,6302000.0,0,False,787750.0,315100.0,0,8,3,5,3,5,535,Leales,0,0,0,0,Valor medio-alto
96FVKJJ572,Comercio detallista,Tecnología,Girardot,2021-03-18 11:37:00,2021-03-18 11:58:00,2021-03-18 12:00:00,1,7205870.0,128260,False,205882.0,360293.5,0,35,3,5,5,5,555,Campeones,2,0,0,0,Valor medio-alto
96SDVQDU3Q,Servicios,Tecnología y software,Bogotá D.C.,2021-03-18 16:08:00,2021-03-18 16:15:00,2021-03-18 16:20:00,1,1233400.0,0,False,308350.0,61670.0,0,4,3,5,2,3,523,Nuevos / En crecimiento,0,0,0,0,Valor medio-alto
972OEJ85OJ,Comercio detallista,Óptica,Bogotá D.C.,2021-03-26 14:10:00,2021-03-26 14:17:00,2021-03-26 14:19:00,1,22156500.0,11555000,False,692390.625,1107825.0,0,32,3,5,5,5,555,Campeones,2,0,0,0,Valor medio-alto
98B2HENVX4,Comercio detallista,Farmacia,Bogotá D.C.,2021-03-12 09:51:00,2021-03-12 10:11:00,2021-03-12 10:15:00,1,551665.0,81200,False,32450.882352941175,27583.25,0,17,3,5,4,2,542,Leales,0,0,0,0,Valor medio-alto
98LHUYANHB,Reparación y limpieza,Automotriz y autopartes,Bogotá D.C.,2021-03-19 14:55:00,2021-03-19 15:09:00,2021-03-19 15:11:00,1,2000.0,0,False,2000.0,100.0,2,1,1,1,1,1,111,Perdidos / Hibernando,1,1,2,1,Valor medio
990KZT0SWM,Comercio detallista,Muebles / Decoración,Soacha,2021-02-03 10:55:00,2021-02-03 11:02:00,2021-02-03 11:08:00,1,21260000.0,4433000,False,850400.0,1063000.0,0,25,4,5,4,5,545,Campeones,2,0,0,0,Valor medio-alto
995I2IG59Y,Comercio detallista,Óptica,Bogotá D.C.,2021-02-04 16:04:00,2021-02-04 16:09:00,2021-02-04 16:12:00,1,7490000.0,1180000,False,440588.23529411765,374500.0,0,17,3,5,4,5,545,Campeones,2,0,0,0,Valor medio-alto
99A7SCFTSR,Comercio detallista,Venta de bicicletas y accesorios,Bogotá D.C.,2021-03-31 13:05:00,2021-03-31 13:14:00,2021-03-31 13:18:00,1,266000.0,222000,False,66500.0,13300.0,1,4,2,2,2,2,222,Perdidos / Hibernando,0,0,1,0,Valor medio-alto
99DUOQD7FX,Comercio detallista,Tecnología,Bogotá D.C.,,,,1,1510000.0,20000,False,62916.666666666664,75500.0,0,24,4,5,4,3,543,Leales,2,0,0,0,Valor medio-alto
99Z8ISJI0L,Comercio detallista,Tecnología,Cali,2021-02-05 12:45:00,2021-02-05 12:52:00,2021-02-05 12:56:00,1,8238750.0,169200,False,228854.16666666666,411937.5,0,36,4,5,5,5,555,Campeones,2,0,0,0,Valor medio-alto
9ADBRRTMEQ,Alimentos y bebidas,Licores,Bogotá D.C.,2021-03-02 09:47:00,2021-03-02 10:40:00,2021-03-02 10:43:00,1,113194.0,0,False,37731.333333333336,5659.700000000001,1,3,2,2,2,1,221,Perdidos / Hibernando,0,1,1,1,Valor medio
9B8WDY6RJT,Reparación y limpieza,Moda / Zapatería,Soacha,2021-03-21 15:39:00,2021-03-21 15:46:00,2021-05-15 17:48:00,1,141000.0,140000,False,70500.0,7050.0,0,2,2,5,1,1,511,Nuevos / En crecimiento,0,0,1,0,Valor medio-alto
9CGNELV4ZK,Alimentos y bebidas,Comida rápida,Bogotá D.C.,2021-02-25 14:49:00,2021-02-25 14:54:00,2021-02-25 14:57:00,1,2414850.0,206500,False,43122.32142857143,120742.5,0,56,4,5,5,3,553,Leales,2,0,0,0,Valor medio-alto
9CVKUXBA5V,Comercio detallista,Ropa / Accesorios,Bogotá D.C.,2021-03-18 14:38:00,2021-03-18 14:45:00,2021-03-18 14:49:00,1,6930000.0,1423000,False,77000.0,346500.0,0,90,3,5,5,5,555,Campeones,2,0,0,0,Valor medio-alto
9DGB3NPBLJ,Transporte,Servicio especial,Bogotá D.C.,2021-03-18 09:45:00,2021-03-18 09:51:00,2021-03-18 10:00:00,1,1184000.0,75000,False,296000.0,59200.0,0,4,3,5,2,3,523,Nuevos / En crecimiento,0,0,0,0,Valor medio-alto
9DK9UKZTIJ,Comercio detallista,Materiales de construcción,Bogotá D.C.,2021-03-03 12:12:00,2021-03-03 12:25:00,2021-03-03 12:27:00,1,2316120.0,443120,False,178163.07692307694,115806.0,0,13,3,5,3,3,533,Leales,0,0,0,0,Valor medio-alto
9EGOYZE1DU,Servicios,Medicina / Odontología,Bogotá D.C.,2021-02-09 12:15:00,2021-02-09 13:07:00,2021-02-09 13:09:00,1,2000.0,0,False,2000.0,100.0,3,1,1,1,1,1,111,Perdidos / Hibernando,1,1,2,1,Valor medio
9EHLWVHVVG,Transporte,Servicio especial,Bogotá D.C.,,,,1,691000.0,0,False,53153.846153846156,34550.0,0,13,5,5,3,2,532,Leales,0,0,0,0,Valor medio-alto
9EWN8QR77M,Comercio detallista,Juguetería / Piñatería,Bogotá D.C.,2021-03-25 11:45:00,2021-03-25 12:00:00,2021-03-25 12:11:00,1,1000.0,0,False,1000.0,50.0,2,1,1,1,1,1,111,Perdidos / Hibernando,1,1,2,1,Valor medio
9F1XY080GB,Comercio detallista,Elementos del hogar,Bogotá D.C.,2021-02-20 14:08:00,2021-02-20 14:16:00,2021-02-20 14:21:00,1,1152000.0,1150000,False,1152000.0,57600.0,3,1,1,1,1,3,113,Potenciales,1,1,1,1,Valor medio
9G2CXE5CQL,Comercio detallista,Elementos de seguridad,Bogotá D.C.,2021-03-08 16:32:00,2021-03-08 16:50:00,2021-03-08 16:54:00,1,2000.0,0,False,2000.0,100.0,2,1,1,1,1,1,111,Perdidos / Hibernando,1,1,2,1,Valor medio
9GU2K8KIJT,Comercio detallista,Ropa / Accesorios,Bogotá D.C.,2021-03-10 21:15:00,2021-03-10 21:34:00,2021-03-10 21:37:00,1,379000.0,0,False,37900.0,18950.0,0,10,3,5,3,2,532,Leales,0,0,0,0,Valor medio-alto
9H9ABU528P,Turismo y entretenimiento,Centro de recreación y deporte,Soacha,2021-03-19 14:26:00,2021-03-19 14:35:00,2021-03-19 14:39:00,1,35009500.0,3541800,False,89309.94897959183,1750475.0,0,392,3,5,5,5,555,Campeones,2,0,0,0,Valor medio-alto
9HOYBBD5TC,Comercio detallista,Ropa / Accesorios,Bogotá D.C.,2021-02-08 09:20:00,2021-02-08 09:41:00,2021-02-08 09:43:00,1,604000.0,0,False,201333.33333333334,30200.0,1,3,2,2,2,2,222,Perdidos / Hibernando,0,0,1,0,Valor medio-alto
9HVOIH91X3,Servicios,Otro,Bogotá D.C.,2021-02-24 18:22:00,2021-02-24 18:27:00,2021-02-24 18:29:00,1,152000.0,0,False,76000.0,7600.0,0,2,2,5,1,1,511,Nuevos / En crecimiento,0,0,1,0,Valor medio-alto
9JMW8C9UPH,Servicios,Otro,Bogotá D.C.,2021-02-16 14:20:00,2021-02-16 14:32:00,2021-02-16 14:34:00,1,4000.0,0,False,2000.0,200.0,3,2,1,1,1,1,111,Perdidos / Hibernando,1,1,2,1,Valor medio
9JV4OGS8V1,Turismo y entretenimiento,Centro de recreación y deporte,Bogotá D.C.,2021-02-13 15:32:00,2021-02-13 15:43:00,2021-02-13 15:49:00,1,4014738.0,498000,False,105651.0,200736.90000000002,0,38,4,5,5,4,554,Campeones,2,0,0,0,Valor medio-alto
9JZMEI012L,Comercio detallista,Auto partes,Bogotá D.C.,2021-03-09 14:18:00,2021-03-09 14:32:00,2021-03-09 14:35:00,1,2111000.0,139000,False,95954.54545454546,105550.0,0,22,3,5,4,3,543,Leales,2,0,0,0,Valor medio-alto
9KBI4HLCF2,Comercio detallista,Artesanías,Bogotá D.C.,,,,1,287000.0,0,False,71750.0,14350.0,5,4,1,1,2,2,122,Perdidos / Hibernando,1,1,2,1,Valor medio
9KG4O5OH23,Alimentos y bebidas,Comida rápida,Bogotá D.C.,2021-03-06 15:44:00,2021-03-06 16:09:00,2021-03-06 16:14:00,1,213500.0,51200,False,14233.333333333334,10675.0,0,15,3,5,4,2,542,Leales,0,0,0,0,Valor medio-alto
9L4B6D15Q6,Servicios,Tecnología y software,Bogotá D.C.,2021-03-17 11:27:00,2021-03-17 11:31:00,2021-03-17 11:34:00,1,15252500.0,7129000,False,177354.6511627907,762625.0,0,86,3,5,5,5,555,Campeones,2,0,0,0,Valor medio-alto
9L5LAWPLAY,Comercio detallista,Tienda de deportes,Bogotá D.C.,2021-03-15 13:33:00,2021-03-15 13:41:00,2021-03-15 13:45:00,1,195500.0,138500,False,48875.0,9775.0,1,4,2,2,2,2,222,Perdidos / Hibernando,0,0,1,0,Valor medio-alto
9L624JVA2N,Comercio detallista,Electrodomésticos,Bogotá D.C.,2021-03-24 11:33:00,2021-03-24 11:40:00,2021-03-24 11:42:00,1,10403126.0,1657000,False,297232.17142857146,520156.30000000005,0,35,3,5,5,5,555,Campeones,2,0,0,0,Valor medio-alto
9MKSM6OUJF,Belleza y cuidado personal,Otro,Bogotá D.C.,2021-03-16 09:06:00,2021-03-16 09:16:00,2021-03-19 10:08:00,1,2571300.0,1220000,False,116877.27272727272,128565.0,0,22,3,5,4,4,544,Campeones,2,0,0,0,Valor medio-alto
9MOCQ49HT3,Belleza y cuidado personal,Distribuidora,Bogotá D.C.,2021-03-09 10:09:00,2021-03-09 10:23:00,2021-03-09 10:24:00,1,1667000.0,260800,False,35468.085106382976,83350.0,0,47,3,5,5,3,553,Leales,2,0,0,0,Valor medio-alto
9MOOEI3C2V,Alimentos y bebidas,Restaurante / Café,Bogotá D.C.,2021-02-12 12:23:00,2021-02-12 12:30:00,2021-02-12 12:32:00,1,7792321.0,0,False,50930.202614379086,389616.05000000005,1,153,3,2,5,5,255,En riesgo (antes valiosos),2,0,0,0,Valor medio-alto
9MU0FNNHS5,Alimentos y bebidas,Bar / Club / Discoteca,Bogotá D.C.,2021-03-30 16:28:00,2021-03-30 16:39:00,2021-03-30 16:42:00,1,581200.0,361200,False,290600.0,29060.0,1,2,2,2,1,2,212,Perdidos / Hibernando,0,0,1,0,Valor medio-alto
9NDQHVA2KP,Servicios,Terapias,Bogotá D.C.,,,,1,2000.0,0,False,666.6666666666666,100.0,1,3,2,2,2,1,221,Perdidos / Hibernando,1,1,1,1,Valor medio
9NFCEI2I03,Belleza y cuidado personal,Otro,Bogotá D.C.,2021-03-26 16:55:00,2021-03-26 17:25:00,2021-03-26 17:27:00,1,3099000.0,1101000,False,99967.74193548386,154950.0,0,31,3,5,5,4,554,Campeones,2,0,0,0,Valor medio-alto
9NG0LSKM8G,Alimentos y bebidas,Repostería / Panadería,Bogotá D.C.,2021-03-12 11:03:00,2021-03-12 11:16:00,2021-03-12 11:18:00,1,6272750.0,1545500,False,31363.75,313637.5,0,200,3,5,5,5,555,Campeones,2,0,0,0,Valor medio-alto
9NOCF49QGP,Comercio detallista,Óptica,Soacha,2021-02-03 17:09:00,2021-02-03 17:16:00,2021-02-03 17:19:00,1,1987000.0,0,False,220777.77777777778,99350.0,0,9,3,5,3,3,533,Leales,0,0,0,0,Valor medio-alto
9OIYNOKPU0,Comercio detallista,Óptica,Soacha,2021-02-08 13:46:00,2021-02-08 13:57:00,2021-02-08 14:00:00,1,12537000.0,2710000,False,284931.8181818182,626850.0,0,44,4,5,5,5,555,Campeones,2,0,0,0,Valor medio-alto
9OMRZXP97P,Alimentos y bebidas,Restaurante / Café,Bogotá D.C.,2021-03-12 16:13:00,2021-03-12 16:21:00,2021-03-12 16:22:00,1,2000.0,0,False,2000.0,100.0,2,1,1,1,1,1,111,Perdidos / Hibernando,1,1,2,1,Valor medio
9PI87FHNCA,Comercio detallista,Muebles / Decoración,Bogotá D.C.,,,,1,2000.0,0,False,2000.0,100.0,5,1,1,1,1,1,111,Perdidos / Hibernando,1,1,2,1,Valor medio
9PJ58EVGGR,Servicios,Tecnología y software,Girardot,2021-03-18 15:00:00,2021-03-18 15:07:00,2021-03-18 15:13:00,1,516500.0,0,False,172166.66666666666,25825.0,0,3,2,5,2,2,522,Nuevos / En crecimiento,0,0,0,0,Valor medio-alto
9PO9V8SM6F,Comercio detallista,Otro,Bogotá D.C.,2021-03-02 15:04:00,2021-03-02 15:10:00,2021-03-02 15:12:00,2,6400920.0,592500,False,118535.55555555556,320046.0,0,54,3,5,5,5,555,Campeones,2,2,0,2,Valor alto
9PV4X99U29,Comercio detallista,Muebles / Decoración,Bogotá D.C.,2021-02-06 12:49:00,2021-02-06 12:58:00,2021-02-06 13:02:00,1,15286000.0,2131000,False,727904.7619047619,764300.0,0,21,4,5,4,5,545,Campeones,2,0,0,0,Valor medio-alto
9R1LMEHV5W,Alimentos y bebidas,Comida rápida,Bogotá D.C.,,,,1,104050.0,0,False,14864.285714285714,5202.5,0,7,5,5,3,1,531,Leales,0,0,1,0,Valor medio-alto
9RE2SXGLL9,Servicios,Otro,Bogotá D.C.,2021-02-23 12:38:00,2021-02-23 12:43:00,2021-02-23 12:45:00,1,6144000.0,1337000,False,74926.82926829268,307200.0,0,82,4,5,5,4,554,Campeones,2,0,0,0,Valor medio-alto
9REC9FEUWX,Servicios,Otro,Bogotá D.C.,2021-02-26 14:54:00,2021-02-26 15:01:00,2021-02-26 15:04:00,1,3407000.0,609000,False,262076.92307692306,170350.0,0,13,4,5,3,4,534,Leales,0,0,0,0,Valor medio-alto
9RNB4JQR7P,Reparación y limpieza,Automotriz y autopartes,Bogotá D.C.,2021-03-30 14:26:00,2021-03-30 15:05:00,2021-03-30 15:07:00,1,2464400.0,381400,False,189569.23076923078,123220.0,0,13,3,5,3,3,533,Leales,0,0,0,0,Valor medio-alto
9SP0EGGMJY,Comercio detallista,Óptica,Bogotá D.C.,2021-03-04 16:40:00,2021-03-04 16:47:00,2021-03-04 16:50:00,1,2000.0,0,False,2000.0,100.0,2,1,1,1,1,1,111,Perdidos / Hibernando,1,1,2,1,Valor medio
9SPOLBCU5O,Comercio detallista,Materiales de construcción,Bogotá D.C.,2021-03-30 17:31:00,2021-03-30 17:38:00,2021-03-30 17:42:00,1,879000.0,12000,False,48833.333333333336,43950.0,0,18,3,5,4,2,542,Leales,0,0,0,0,Valor medio-alto
9T4BGWT2A4,Comercio detallista,Tienda de deportes,Bogotá D.C.,2021-03-23 13:28:00,2021-03-23 13:34:00,2021-03-23 13:36:00,1,2344000.0,251000,False,130222.22222222222,117200.0,0,18,3,5,4,3,543,Leales,2,0,0,0,Valor medio-alto
9UAEO3JHGW,Alimentos y bebidas,Abarrotes / Mercado,Soacha,2021-03-20 09:22:00,2021-03-20 09:33:00,2021-03-20 09:38:00,1,2000.0,0,False,2000.0,100.0,2,1,1,1,1,1,111,Perdidos / Hibernando,1,1,2,1,Valor medio
9UVO7T4SWE,Comercio detallista,Otro,Bogotá D.C.,2021-02-24 15:20:00,2021-02-24 15:25:00,2021-02-24 15:29:00,1,2408000.0,293000,False,92615.38461538461,120400.0,0,26,4,5,4,3,543,Leales,2,0,0,0,Valor medio-alto
9UXQGCMOPZ,Comercio detallista,Elementos de seguridad,Bogotá D.C.,2021-03-25 12:47:00,2021-03-25 12:55:00,2021-03-25 12:57:00,1,15547900.0,5172000,False,282689.0909090909,777395.0,0,55,3,5,5,5,555,Campeones,2,0,0,0,Valor medio-alto
9VATW17QFG,Comercio detallista,Óptica,Bogotá D.C.,2021-03-16 16:09:00,2021-03-16 16:17:00,2021-03-16 16:19:00,1,4302000.0,720000,False,391090.9090909091,215100.0,0,11,2,5,3,4,534,Leales,0,0,0,0,Valor medio-alto
9VHH6IUMQA,Alimentos y bebidas,Restaurante / Café,Bogotá D.C.,2021-03-19 12:14:00,2021-03-19 12:22:00,2021-03-19 12:25:00,1,6377916.0,1338897,False,35630.8156424581,318895.80000000005,0,179,3,5,5,5,555,Campeones,2,0,0,0,Valor medio-alto
9W4VLX3UDC,Comercio detallista,Óptica,Bogotá D.C.,2021-03-26 11:23:00,2021-03-26 12:06:00,2021-03-26 12:08:00,1,10302000.0,3220000,False,412080.0,515100.0,0,25,3,5,4,5,545,Campeones,2,0,0,0,Valor medio-alto
9WEPENSRWI,Comercio detallista,Muebles / Decoración,Bogotá D.C.,,,,5,6896373.0,2000000,False,362967.0,344818.65,0,19,4,5,4,5,545,Campeones,2,2,0,2,Valor alto
9WJ4X6V4VS,Comercio detallista,Óptica,Bogotá D.C.,,,,1,7824000.0,650000,False,340173.9130434783,391200.0,0,23,5,5,4,5,545,Campeones,2,0,0,0,Valor medio-alto
9X7IADXF8C,Comercio detallista,Tecnología,Girardot,2021-03-18 12:35:00,2021-03-18 12:41:00,2021-03-18 12:43:00,1,4790000.0,875000,False,114047.61904761905,239500.0,0,42,3,5,5,4,554,Campeones,2,0,0,0,Valor medio-alto
9XJK6NLI6Z,Alimentos y bebidas,Otro,Armenia,2021-03-13 09:54:00,2021-03-13 14:58:00,2021-03-13 20:12:00,1,10000.0,0,False,10000.0,500.0,2,1,1,1,1,1,111,Perdidos / Hibernando,1,1,2,1,Valor medio
9XKYCGI675,Servicios,Otro,Bogotá D.C.,2021-03-06 15:53:00,2021-03-06 16:00:00,2021-03-06 16:05:00,1,4000.0,0,False,2000.0,200.0,2,2,1,1,1,1,111,Perdidos / Hibernando,1,1,2,1,Valor medio
9YI8JG5N03,Comercio detallista,Materiales de construcción,Soacha,,,,1,47286750.0,2578600,False,639010.1351351351,2364337.5,0,74,6,5,5,5,555,Campeones,2,0,0,0,Valor medio-alto
9YISMZ6H7I,Comercio detallista,Óptica,Bogotá D.C.,2021-02-01 13:18:00,2021-02-01 13:23:00,2021-02-01 13:24:00,1,9634000.0,350000,False,481700.0,481700.0,0,20,4,5,4,5,545,Campeones,2,0,0,0,Valor medio-alto
9YOXXJZG7F,Comercio detallista,Otro,Bogotá D.C.,2021-02-24 13:48:00,2021-02-24 13:55:00,2021-02-24 13:57:00,1,2762000.0,690000,False,552400.0,138100.0,0,5,4,5,2,4,524,Nuevos / En crecimiento,0,0,0,0,Valor medio-alto
9ZORQEIHNF,Alimentos y bebidas,Restaurante / Café,Bogotá D.C.,2021-03-23 16:29:00,2021-03-23 16:33:00,2021-03-23 16:38:00,1,492500.0,0,False,32833.333333333336,24625.0,0,15,2,5,4,2,542,Leales,0,0,0,0,Valor medio-alto
9ZUT8SSPFW,Transporte,Servicio especial,Cali,2021-03-18 11:46:00,2021-03-18 11:55:00,2021-03-18 12:07:00,1,32088325.0,8461525,False,943774.2647058824,1604416.25,0,34,3,5,5,5,555,Campeones,2,0,0,0,Valor medio-alto
A0CKFIWFL1,Comercio detallista,Óptica,Bogotá D.C.,2021-03-30 17:05:00,2021-03-30 17:20:00,2021-03-30 17:23:00,1,462000.0,0,False,231000.0,23100.0,2,2,1,1,1,2,112,Perdidos / Hibernando,1,1,1,1,Valor medio
A0DS1XC3AI,Comercio detallista,Tecnología,Chía,2021-03-19 15:40:00,2021-03-19 15:48:00,2021-03-19 15:51:00,1,735600.0,134800,False,66872.72727272728,36780.0,0,11,3,5,3,2,532,Leales,0,0,0,0,Valor medio-alto
A0UBIZOKF5,Comercio detallista,Óptica,Bogotá D.C.,,,,1,2875000.0,0,False,319444.44444444444,143750.0,0,9,5,5,3,4,534,Leales,0,0,0,0,Valor medio-alto
A1V5LV6ZAH,Comercio detallista,Ropa / Accesorios,Bogotá D.C.,2021-03-24 19:02:00,2021-03-24 19:09:00,2021-03-24 19:11:00,1,109000.0,0,False,27250.0,5450.0,0,4,2,5,2,1,521,Nuevos / En crecimiento,0,0,1,0,Valor medio-alto
A25900YBI8,Comercio detallista,Ropa / Accesorios,Bogotá D.C.,2021-03-12 16:38:00,2021-03-12 16:47:00,2021-03-12 16:48:00,1,3115000.0,1543000,False,346111.1111111111,155750.0,0,9,3,5,3,4,534,Leales,0,0,0,0,Valor medio-alto
A2Y6OA9YJT,Comercio detallista,Auto partes,Bogotá D.C.,2021-03-26 18:20:00,2021-03-26 18:28:00,2021-03-26 18:29:00,1,877000.0,274000,False,292333.3333333333,43850.0,1,3,2,2,2,2,222,Perdidos / Hibernando,0,0,1,0,Valor medio-alto
A3BRD8IJUT,Servicios,Otro,Bogotá D.C.,2021-03-06 14:55:00,2021-03-06 15:07:00,2021-03-06 15:09:00,1,362000.0,115000,False,120666.66666666667,18100.0,1,3,2,2,2,2,222,Perdidos / Hibernando,0,0,1,0,Valor medio-alto
A3IF6VGL0B,Alimentos y bebidas,Abarrotes / Mercado,Bogotá D.C.,,,,1,933600.0,0,False,34577.77777777778,46680.0,0,27,5,5,4,2,542,Leales,2,0,0,0,Valor medio-alto
A4K2KGSHRC,Alimentos y bebidas,Abarrotes / Mercado,Bogotá D.C.,2021-02-19 07:54:00,2021-02-19 20:41:00,2021-02-19 20:47:00,1,184500.0,0,False,46125.0,9225.0,0,4,3,5,2,2,522,Nuevos / En crecimiento,0,0,1,0,Valor medio-alto
A573V27NHP,Reparación y limpieza,Automotriz y autopartes,Madrid,2021-03-19 11:33:00,2021-03-20 19:43:00,2021-03-23 10:01:00,1,1413900.0,0,False,117825.0,70695.0,0,12,3,5,3,3,533,Leales,0,0,0,0,Valor medio-alto
A5DAPV5MMT,Servicios,Otro,Cali,2021-03-23 11:40:00,2021-03-23 11:53:00,2021-03-23 11:56:00,1,1050.0,0,False,1050.0,52.5,2,1,1,1,1,1,111,Perdidos / Hibernando,1,1,2,1,Valor medio
A6YKCMK1VI,Servicios,Otro,Bogotá D.C.,2021-03-30 15:43:00,2021-03-30 15:53:00,2021-03-30 15:55:00,1,1919500.0,971500,False,191950.0,95975.0,0,10,3,5,3,3,533,Leales,0,0,0,0,Valor medio-alto
A7JRAASQSG,Comercio detallista,Óptica,Bogotá D.C.,,,,1,10120000.0,1950000,False,361428.5714285714,506000.0,0,28,5,5,4,5,545,Campeones,2,0,0,0,Valor medio-alto
A7KCD1VLLQ,Reparación y limpieza,Automotriz y autopartes,Bogotá D.C.,2021-03-18 15:55:00,2021-03-18 16:09:00,2021-03-18 16:10:00,1,10112000.0,2167000,False,116229.88505747127,505600.0,0,87,3,5,5,5,555,Campeones,2,0,0,0,Valor medio-alto
A7VA6XXI5U,Belleza y cuidado personal,Estilista independiente,Cali,2021-03-24 17:22:00,2021-03-24 17:30:00,2021-03-26 13:41:00,1,106000.0,0,False,21200.0,5300.0,1,5,2,2,2,1,221,Perdidos / Hibernando,0,1,1,1,Valor medio
A90C1HRTKT,Comercio detallista,Materiales de construcción,Fusagasugá,2021-03-10 11:43:00,2021-03-10 11:48:00,2021-03-10 11:50:00,1,396888.0,0,False,79377.6,19844.4,0,5,2,5,2,2,522,Nuevos / En crecimiento,0,0,1,0,Valor medio-alto
ABD0HS1KK2,Comercio detallista,Óptica,Bogotá D.C.,2021-02-19 17:08:00,2021-02-19 17:15:00,2021-02-19 17:18:00,2,1875000.0,0,False,156250.0,93750.0,2,12,2,1,3,3,133,Potenciales,0,2,1,2,Valor alto
ABOSZB2QWO,Comercio detallista,Muebles / Decoración,Bogotá D.C.,2021-03-10 10:43:00,2021-03-10 10:54:00,2021-03-10 10:56:00,1,22164000.0,6900000,False,1477600.0,1108200.0,0,15,3,5,4,5,545,Campeones,2,0,0,0,Valor medio-alto
ABSEV8AZ16,Alimentos y bebidas,Restaurante / Café,Chía,2021-03-11 13:47:00,2021-03-11 13:57:00,2021-03-11 14:01:00,1,1688000.0,0,False,73391.30434782608,84400.0,0,23,3,5,4,3,543,Leales,2,0,0,0,Valor medio-alto
ABWWIHR82Q,Alimentos y bebidas,Abarrotes / Mercado,Bogotá D.C.,2021-03-09 12:33:00,2021-03-09 12:40:00,2021-03-09 12:42:00,1,1486500.0,222800,False,33784.09090909091,74325.0,0,44,3,4,5,3,453,Leales,2,0,0,0,Valor medio-alto
ABYKWRWT6L,Alimentos y bebidas,Abarrotes / Mercado,Bogotá D.C.,2021-03-30 14:17:00,2021-03-30 14:24:00,2021-03-30 14:25:00,1,2000.0,0,False,2000.0,100.0,2,1,1,1,1,1,111,Perdidos / Hibernando,1,1,2,1,Valor medio
ACJP05VNZQ,Servicios,Diseño / Fotografía,Bogotá D.C.,2021-03-29 14:15:00,2021-03-29 14:20:00,2021-03-29 14:23:00,1,1179370.0,0,False,131041.11111111111,58968.5,0,9,3,4,3,3,433,Leales,0,0,0,0,Valor medio-alto
AD0ZG8RS2I,Alimentos y bebidas,Restaurante / Café,Bogotá D.C.,2021-03-23 17:56:00,2021-03-23 18:01:00,2021-03-23 18:05:00,1,36874520.0,11185590,False,126282.60273972603,1843726.0,0,292,3,4,5,5,455,Campeones,2,0,0,0,Valor medio-alto
AD9UKWME72,Comercio detallista,Óptica,Bogotá D.C.,,,,1,19515000.0,4240000,False,390300.0,975750.0,0,50,5,4,5,5,455,Campeones,2,0,0,0,Valor medio-alto
ADPS2H5P18,Reparación y limpieza,Reparaciones locativas,Bogotá D.C.,2021-02-19 15:59:00,2021-02-19 16:05:00,2021-02-19 16:09:00,1,3603000.0,1319000,False,514714.28571428574,180150.0,0,7,4,4,3,4,434,Leales,0,0,0,0,Valor medio-alto
ADQWVMPM3Y,Comercio detallista,Otro,Bogotá D.C.,2021-02-22 11:08:00,2021-02-22 11:19:00,2021-02-22 11:21:00,1,12428500.0,3472000,False,345236.1111111111,621425.0,0,36,4,4,5,5,455,Campeones,2,0,0,0,Valor medio-alto
AE0YH34UBT,Alimentos y bebidas,Abarrotes / Mercado,Soacha,2021-03-16 12:23:00,2021-03-16 12:38:00,2021-03-16 12:39:00,1,253700.0,0,False,63425.0,12685.0,0,4,3,4,2,2,422,Nuevos / En crecimiento,0,0,1,0,Valor medio-alto
AEFLJZSXEK,Comercio detallista,Óptica,Fusagasugá,2021-03-10 15:45:00,2021-03-10 15:52:00,2021-03-10 15:55:00,1,9296000.0,345000,False,281696.9696969697,464800.0,0,33,3,4,5,5,455,Campeones,2,0,0,0,Valor medio-alto
AEI23KKMTA,Comercio detallista,Otro,Bogotá D.C.,2021-03-26 16:24:00,2021-03-26 16:40:00,2021-03-26 16:45:00,1,3227500.0,1305500,False,215166.66666666666,161375.0,0,15,3,4,4,4,444,Campeones,2,0,0,0,Valor medio-alto
AFQ5DTVKJY,Comercio detallista,Materiales de construcción,Soacha,,,,1,875920.0,0,False,109490.0,43796.0,1,8,4,2,3,2,232,Potenciales,0,0,1,0,Valor medio-alto
AFXKRB63BX,Reparación y limpieza,Reparaciones locativas,Soacha,2021-02-22 16:57:00,2021-02-22 17:04:00,2021-02-22 17:08:00,1,7285500.0,2039000,False,1214250.0,364275.0,0,6,4,4,2,5,425,Nuevos / En crecimiento,0,0,0,0,Valor medio-alto
AGLJ7175F1,Comercio detallista,Tecnología,Bogotá D.C.,2021-03-16 11:34:00,2021-03-16 11:41:00,2021-03-16 11:43:00,1,3342000.0,810000,False,175894.73684210525,167100.0,0,19,3,4,4,4,444,Campeones,2,0,0,0,Valor medio-alto
AGZHL38F0K,Servicios,Contabilidad / Asesorías,Bogotá D.C.,2021-03-31 19:35:00,2021-03-31 19:39:00,2021-03-31 19:41:00,1,2000.0,0,False,2000.0,100.0,2,1,1,1,1,1,111,Perdidos / Hibernando,1,1,2,1,Valor medio
AHRPVUB9AU,Alimentos y bebidas,Licores,Bogotá D.C.,2021-03-11 17:16:00,2021-03-11 17:21:00,2021-03-11 17:23:00,1,1535800.0,0,False,85322.22222222222,76790.0,0,18,3,4,4,3,443,Leales,2,0,0,0,Valor medio-alto
AIPG0NZIVD,Belleza y cuidado personal,Salón de belleza,Bogotá D.C.,2021-02-10 12:43:00,2021-02-10 12:58:00,2021-02-10 13:05:00,1,1580000.0,969000,False,105333.33333333333,79000.0,0,15,4,4,4,3,443,Leales,0,0,0,0,Valor medio-alto
AIYK6JGV9B,Alimentos y bebidas,Comida rápida,Bogotá D.C.,2021-03-29 19:03:00,2021-03-29 19:19:00,2021-03-29 19:22:00,1,5979750.0,721800,False,27684.027777777777,298987.5,0,216,3,4,5,4,454,Campeones,2,0,0,0,Valor medio-alto
AJ6J6UT2ZC,Servicios,Tecnología y software,Bogotá D.C.,2021-03-15 16:30:00,2021-03-15 16:36:00,2021-03-15 16:39:00,1,1133600.0,0,False,226720.0,56680.0,0,5,3,4,2,3,423,Nuevos / En crecimiento,0,0,0,0,Valor medio-alto
AJR75N2XPN,Alimentos y bebidas,Licores,Bogotá D.C.,2021-02-15 16:56:00,2021-02-15 17:12:00,2021-02-15 17:14:00,1,2000.0,0,False,2000.0,100.0,3,1,1,1,1,1,111,Perdidos / Hibernando,1,1,2,1,Valor medio
AKNALYT10C,Alimentos y bebidas,Abarrotes / Mercado,Bogotá D.C.,,,,1,94500.0,0,False,18900.0,4725.0,0,5,3,4,2,1,421,Nuevos / En crecimiento,0,0,1,0,Valor medio-alto
AKPEOP7S3T,Belleza y cuidado personal,Otro,Bogotá D.C.,2021-03-03 14:44:00,2021-03-03 14:56:00,2021-03-03 14:58:00,1,1237000.0,75000,False,176714.2857142857,61850.0,0,7,2,4,3,3,433,Leales,0,0,0,0,Valor medio-alto
AKQGB4XMST,Comercio detallista,Ropa / Accesorios,Bogotá D.C.,2021-03-19 18:47:00,2021-03-19 18:59:00,2021-03-19 19:01:00,1,1404000.0,333000,False,127636.36363636363,70200.0,0,11,3,4,3,3,433,Leales,0,0,0,0,Valor medio-alto
ALDP0J3Q0L,Reparación y limpieza,Automotriz y autopartes,Bogotá D.C.,2021-03-23 10:32:00,2021-03-23 10:36:00,2021-03-23 10:46:00,1,390000.0,220000,False,65000.0,19500.0,0,6,3,4,2,2,422,Nuevos / En crecimiento,0,0,1,0,Valor medio-alto
AM4JMYOP1X,Comercio detallista,Ropa / Accesorios,Bogotá D.C.,2021-03-06 13:11:00,2021-03-06 13:25:00,2021-03-06 13:28:00,1,1739000.0,0,False,133769.23076923078,86950.0,0,13,3,4,3,3,433,Leales,0,0,0,0,Valor medio-alto
AMJJ4338TZ,Comercio detallista,Ropa / Accesorios,Bogotá D.C.,2021-03-09 15:03:00,2021-03-09 15:17:00,2021-03-09 15:19:00,1,46000.0,1000,False,23000.0,2300.0,2,2,1,1,1,1,111,Perdidos / Hibernando,1,1,1,1,Valor medio
AMWY6ZN07A,Comercio detallista,Insumos,Bogotá D.C.,2021-02-15 16:10:00,2021-02-15 16:20:00,2021-02-15 16:22:00,1,1635200.0,660000,False,204400.0,81760.0,0,8,4,4,3,3,433,Leales,0,0,0,0,Valor medio-alto
ANBX35WXDD,Comercio detallista,Óptica,Bogotá D.C.,,,,2,43880000.0,4120000,False,510232.5581395349,2194000.0,0,86,6,4,5,5,455,Campeones,2,2,0,2,Valor alto
ANI3NZVW47,Comercio detallista,Ropa / Accesorios,Bogotá D.C.,2021-02-24 11:37:00,2021-02-24 11:48:00,2021-02-24 11:53:00,1,3556000.0,348000,False,57354.83870967742,177800.0,0,62,4,4,5,4,454,Campeones,2,0,0,0,Valor medio-alto
APYNMIFUYZ,Alimentos y bebidas,Restaurante / Café,Bogotá D.C.,2021-02-25 13:29:00,2021-02-26 15:52:00,2021-02-27 11:39:00,1,44744173.0,9353740,False,136000.52583586625,2237208.65,0,329,4,4,5,5,455,Campeones,2,0,0,0,Valor medio-alto
AQ0N0TDFSY,Comercio detallista,Ropa / Accesorios,Bogotá D.C.,2021-03-24 17:47:00,2021-03-24 17:56:00,2021-03-24 17:58:00,1,367000.0,60000,False,61166.666666666664,18350.0,0,6,2,4,2,2,422,Nuevos / En crecimiento,0,0,1,0,Valor medio-alto
AQRE11V2LR,Servicios,Veterinaria,Bogotá D.C.,2021-02-02 17:18:00,2021-02-02 17:38:00,2021-02-02 17:54:00,1,605500.0,193500,False,60550.0,30275.0,0,10,3,4,3,2,432,Leales,0,0,0,0,Valor medio-alto
AR1IYSNXG8,Transporte,Servicio especial,Bogotá D.C.,2021-03-18 10:17:00,2021-03-18 10:32:00,2021-03-18 10:39:00,1,363000.0,0,False,45375.0,18150.0,1,8,2,2,3,2,232,Potenciales,0,0,1,0,Valor medio-alto
AR4T4YTS7Z,Alimentos y bebidas,Abarrotes / Mercado,Bogotá D.C.,2021-02-10 19:16:00,2021-03-06 17:30:00,2021-03-06 17:32:00,1,503600.0,100600,False,38738.46153846154,25180.0,0,13,2,4,3,2,432,Leales,0,0,0,0,Valor medio-alto
ARVT8WHHXN,Comercio detallista,Óptica,Bogotá D.C.,2021-02-15 12:47:00,2021-02-15 12:56:00,2021-02-15 13:08:00,1,5573000.0,630000,False,348312.5,278650.0,0,16,3,4,4,4,444,Campeones,2,0,0,0,Valor medio-alto
AT6PW42C0A,Servicios,Otro,Bogotá D.C.,,,,1,4587000.0,441000,False,67455.88235294117,229350.0,0,68,6,4,5,4,454,Campeones,2,0,0,0,Valor medio-alto
ATDLYMFF14,Comercio detallista,Óptica,Bogotá D.C.,2021-03-23 19:26:00,2021-03-23 19:34:00,2021-03-23 19:37:00,1,9886000.0,2100000,False,274611.1111111111,494300.0,0,36,3,4,5,5,455,Campeones,2,0,0,0,Valor medio-alto
ATHL45GVRS,Comercio detallista,Materiales de construcción,Bogotá D.C.,2021-03-13 11:41:00,2021-03-13 11:49:00,2021-03-13 11:51:00,1,441600.0,0,False,220800.0,22080.0,0,2,2,4,1,2,412,Nuevos / En crecimiento,0,0,1,0,Valor medio-alto
ATMGVM8TRD,Servicios,Medicina / Odontología,Bogotá D.C.,2021-03-10 13:35:00,2021-03-10 13:43:00,2021-03-10 13:52:00,1,2284000.0,410000,False,228400.0,114200.0,0,10,3,4,3,3,433,Leales,0,0,0,0,Valor medio-alto
AUCHZLW39W,Comercio detallista,Tecnología,Bogotá D.C.,2021-03-18 13:02:00,2021-03-18 13:08:00,2021-03-27 11:26:00,1,707000.0,30000,False,101000.0,35350.0,0,7,3,4,3,2,432,Leales,0,0,0,0,Valor medio-alto
AVURWX81WV,Comercio detallista,Muebles / Decoración,Bogotá D.C.,2021-03-09 11:30:00,2021-03-09 11:36:00,2021-03-09 11:39:00,1,318000.0,0,False,79500.0,15900.0,0,4,3,4,2,2,422,Nuevos / En crecimiento,0,0,1,0,Valor medio-alto
AX7JODLM2S,Transporte,Taxi,Cali,2021-03-19 11:05:00,2021-03-19 11:20:00,2021-03-19 11:24:00,1,1000.0,0,False,1000.0,50.0,2,1,1,1,1,1,111,Perdidos / Hibernando,1,1,2,1,Valor medio
AYFNNEAF05,Alimentos y bebidas,Licores,Bogotá D.C.,2021-03-09 18:50:00,2021-03-09 19:00:00,2021-03-09 19:02:00,1,6005635.0,3879960,False,150140.875,300281.75,0,40,3,4,5,4,454,Campeones,2,0,0,0,Valor medio-alto
AZ36F3W5FE,Alimentos y bebidas,Abarrotes / Mercado,Zipaquirá,2021-03-19 16:53:00,2021-03-19 17:01:00,2021-03-19 17:03:00,1,28400.0,0,False,9466.666666666666,1420.0,0,3,2,4,2,1,421,Nuevos / En crecimiento,0,1,1,1,Valor medio
AZPVO74FDX,Servicios,Tecnología y software,Bogotá D.C.,2021-03-11 15:43:00,2021-03-11 17:34:00,2021-03-12 15:11:00,1,3450000.0,0,False,1725000.0,172500.0,0,2,2,4,1,4,414,Nuevos / En crecimiento,0,0,0,0,Valor medio-alto
AZZ5HJQV71,Comercio detallista,Elementos del hogar,Bogotá D.C.,2021-02-18 16:32:00,2021-02-18 16:44:00,2021-02-18 16:46:00,1,6773000.0,2000,False,322523.8095238095,338650.0,0,21,3,4,4,5,445,Campeones,2,0,0,0,Valor medio-alto
B02D3XWBJR,Alimentos y bebidas,Otro,Bogotá D.C.,2021-03-01 17:27:00,2021-03-01 17:44:00,2021-03-01 17:52:00,1,2000.0,0,False,1000.0,100.0,2,2,1,1,1,1,111,Perdidos / Hibernando,1,1,2,1,Valor medio
B0HZAK5T87,Servicios,Diseño / Fotografía,Bogotá D.C.,2021-03-24 16:59:00,2021-03-24 17:08:00,2021-03-24 17:10:00,1,1104500.0,157000,False,84961.53846153847,55225.0,0,13,3,4,3,3,433,Leales,0,0,0,0,Valor medio-alto
B0MV3TKT7S,Alimentos y bebidas,Abarrotes / Mercado,Soacha,2021-03-11 16:33:00,2021-03-11 16:41:00,2021-03-11 16:43:00,1,361960.0,0,False,27843.076923076922,18098.0,0,13,3,4,3,2,432,Leales,0,0,0,0,Valor medio-alto
B0TVWPVC11,Reparación y limpieza,Automotriz y autopartes,Bogotá D.C.,2021-03-17 08:53:00,2021-03-17 09:05:00,2021-03-17 09:09:00,1,10681500.0,1667000,False,464413.04347826086,534075.0,0,23,3,4,4,5,445,Campeones,2,0,0,0,Valor medio-alto
B13MSYR19B,Servicios,Tecnología y software,Bogotá D.C.,,,,1,1374000.0,0,False,98142.85714285714,68700.0,0,14,6,4,3,3,433,Leales,0,0,0,0,Valor medio-alto
B1TQHOTJAA,Servicios,Otro,Bogotá D.C.,,,,1,6802000.0,1209000,False,309181.8181818182,340100.0,0,22,6,4,4,5,445,Campeones,2,0,0,0,Valor medio-alto
B2BX82T7SU,Alimentos y bebidas,Otro,Bogotá D.C.,2021-03-18 11:06:00,2021-03-18 11:18:00,2021-03-18 11:20:00,1,1000.0,0,False,1000.0,50.0,2,1,1,1,1,1,111,Perdidos / Hibernando,1,1,2,1,Valor medio
B2GABRK5IK,Comercio detallista,Óptica,Bogotá D.C.,2021-02-10 12:43:00,2021-02-10 12:50:00,2021-02-10 12:53:00,1,1032000.0,280000,False,258000.0,51600.0,0,4,3,4,2,3,423,Nuevos / En crecimiento,0,0,0,0,Valor medio-alto
B3199LFS8F,Alimentos y bebidas,Abarrotes / Mercado,Bogotá D.C.,2021-03-30 09:32:00,2021-03-30 09:43:00,2021-03-30 09:46:00,1,13000.0,0,False,4333.333333333333,650.0,1,3,2,2,2,1,221,Perdidos / Hibernando,1,1,1,1,Valor medio
B3Q79UX04I,Servicios,Tecnología y software,Bogotá D.C.,2021-03-11 21:14:00,2021-03-11 21:23:00,2021-03-11 21:25:00,1,2000.0,0,False,2000.0,100.0,2,1,1,1,1,1,111,Perdidos / Hibernando,1,1,2,1,Valor medio
B3UFVUYMCG,Servicios,Tecnología y software,Bogotá D.C.,2021-03-15 12:32:00,2021-03-15 12:40:00,2021-03-15 12:42:00,1,4424200.0,597100,False,340323.07692307694,221210.0,0,13,3,4,3,4,434,Leales,0,0,0,0,Valor medio-alto
B4TG88DCMS,Comercio detallista,Otro,Fusagasugá,2021-03-10 14:45:00,2021-03-10 14:57:00,2021-03-10 14:58:00,1,3138200.0,1375800,False,209213.33333333334,156910.0,0,15,3,4,4,4,444,Campeones,2,0,0,0,Valor medio-alto
B78FKCW5XK,Comercio detallista,Ropa / Accesorios,Cali,2021-02-15 15:07:00,2021-03-09 08:56:00,2021-03-09 08:57:00,1,82000.0,0,False,27333.333333333332,4100.0,2,3,1,1,2,1,121,Perdidos / Hibernando,1,1,1,1,Valor medio
B7GQXNRKI8,Servicios,Otro,Bogotá D.C.,,,,1,202000.0,0,False,101000.0,10100.0,2,2,2,1,1,2,112,Perdidos / Hibernando,1,1,1,1,Valor medio
B7XGZ2YCPG,Comercio detallista,Ropa / Accesorios,Bogotá D.C.,2021-02-11 21:22:00,2021-02-12 14:59:00,2021-02-12 15:01:00,3,8483000.0,2225000,False,56932.88590604027,424150.0,0,149,4,4,5,5,455,Campeones,2,2,0,2,Valor alto
B8H4CO30SI,Comercio detallista,Óptica,Bogotá D.C.,,,,1,672000.0,0,False,134400.0,33600.0,0,5,4,4,2,2,422,Nuevos / En crecimiento,0,0,1,0,Valor medio-alto
B94PTWXPV5,Comercio detallista,Ropa / Accesorios,Soacha,,,,1,17774000.0,3647000,False,214144.578313253,888700.0,0,83,5,4,5,5,455,Campeones,2,0,0,0,Valor medio-alto
B9AYXD9ORU,Comercio detallista,Óptica,Bogotá D.C.,,,,1,17457000.0,680000,False,405976.74418604653,872850.0,0,43,6,4,5,5,455,Campeones,2,0,0,0,Valor medio-alto
B9ORM4QCBL,Comercio detallista,Ropa / Accesorios,Bogotá D.C.,2021-03-11 11:13:00,2021-03-11 11:21:00,2021-03-11 11:24:00,1,1328000.0,70000,False,120727.27272727272,66400.0,0,11,2,4,3,3,433,Leales,0,0,0,0,Valor medio-alto
B9Z0GJK6RL,Comercio detallista,Óptica,Bogotá D.C.,2021-03-18 14:59:00,2021-03-18 15:14:00,2021-03-18 15:24:00,1,8578700.0,700000,False,252314.70588235295,428935.0,0,34,3,4,5,5,455,Campeones,2,0,0,0,Valor medio-alto
BA8JA7NYPP,Comercio detallista,Tecnología,Bogotá D.C.,2021-03-12 11:52:00,2021-03-12 12:13:00,2021-03-12 12:16:00,1,6185800.0,826800,False,1546450.0,309290.0,1,4,2,2,2,4,224,Potenciales,0,0,1,0,Valor medio-alto
BAHXGWOQ3B,Comercio detallista,Venta de bicicletas y accesorios,Bogotá D.C.,2021-03-10 17:50:00,2021-03-10 18:03:00,2021-03-10 18:08:00,1,32561450.0,8143000,False,1162908.9285714286,1628072.5,0,28,3,4,4,5,445,Campeones,2,0,0,0,Valor medio-alto
BBIJB7ISH6,Comercio detallista,Otro,Bogotá D.C.,2021-03-12 11:45:00,2021-03-12 11:53:00,2021-03-12 12:01:00,1,29469606.0,180000,False,1637200.3333333333,1473480.3,0,18,3,4,4,5,445,Campeones,2,0,0,0,Valor medio-alto
BBL7LBZWGG,Comercio detallista,Óptica,Bogotá D.C.,2021-03-02 13:48:00,2021-03-02 13:53:00,2021-03-02 13:57:00,1,6717000.0,0,False,335850.0,335850.0,0,20,3,4,4,5,445,Campeones,2,0,0,0,Valor medio-alto
BC3E6Z902F,Comercio detallista,Tecnología,Bogotá D.C.,2021-02-17 21:13:00,2021-02-19 00:18:00,,1,872852.9411764705,0,True,174570.5882352941,43642.647058823524,0,5,3,4,2,2,422,Nuevos / En crecimiento,0,0,0,0,Valor medio-alto
BCGIJVNT0Z,Comercio detallista,Tecnología,Bogotá D.C.,2021-03-09 15:55:00,2021-03-09 16:05:00,2021-03-09 16:09:00,1,1092000.0,105000,False,49636.36363636364,54600.0,0,22,3,4,4,3,443,Leales,2,0,0,0,Valor medio-alto
BCN9CIBIPU,Comercio detallista,Óptica,Cali,2021-03-23 16:56:00,2021-03-23 17:22:00,2021-03-23 17:48:00,1,1692000.0,1060000,False,338400.0,84600.0,1,5,2,2,2,3,223,Potenciales,0,0,1,0,Valor medio-alto
BCY6JWXZS8,Comercio detallista,Otro,Villa de San Diego de Ubate,2021-03-19 16:22:00,2021-03-19 16:29:00,2021-03-19 16:31:00,1,3929000.0,437000,False,245562.5,196450.0,0,16,3,4,4,4,444,Campeones,2,0,0,0,Valor medio-alto
BDI23QUKRV,Belleza y cuidado personal,Centro de tatuajes,Sibaté,2021-03-10 11:03:00,2021-03-10 11:07:00,2021-03-10 11:11:00,1,2000.0,0,False,2000.0,100.0,2,1,1,1,1,1,111,Perdidos / Hibernando,1,1,2,1,Valor medio
BE8OW3MSQB,Belleza y cuidado personal,Salón de belleza,Bogotá D.C.,2021-02-05 11:19:00,2021-02-05 11:24:00,2021-02-17 20:42:00,1,967750.0,0,False,87977.27272727272,48387.5,1,11,3,2,3,2,232,Potenciales,0,0,1,0,Valor medio-alto
BEE1ORHUAG,Comercio detallista,Tecnología,Bogotá D.C.,2021-03-03 16:44:00,2021-03-03 16:49:00,2021-03-03 16:53:00,1,1446000.0,143000,False,85058.82352941176,72300.0,0,17,3,4,4,3,443,Leales,2,0,0,0,Valor medio-alto
BEIFSRUXUL,Comercio detallista,Artesanías,Bogotá D.C.,2021-03-26 16:05:00,2021-03-26 16:15:00,2021-03-26 16:17:00,1,407000.0,133000,False,37000.0,20350.0,0,11,3,4,3,2,432,Leales,0,0,0,0,Valor medio-alto
BESWM4HGP7,Comercio detallista,Elementos de seguridad,Bogotá D.C.,2021-03-27 18:30:00,2021-03-27 18:38:00,2021-03-27 18:39:00,1,5187500.0,1127900,False,152573.5294117647,259375.0,0,34,3,4,5,4,454,Campeones,2,0,0,0,Valor medio-alto
BF0ES8VQ4O,Comercio detallista,Muebles / Decoración,Cartagena de Indias,,,,1,36831569.0,5742888,False,497723.9054054054,1841578.4500000002,0,74,5,4,5,5,455,Campeones,2,0,0,0,Valor medio-alto
BF7G18FTZL,Alimentos y bebidas,Abarrotes / Mercado,Bogotá D.C.,2020-09-21 17:10:00,2021-02-16 16:37:00,2021-02-16 16:40:00,1,1502000.0,0,False,751000.0,75100.0,1,2,2,2,1,3,213,Potenciales,0,0,1,0,Valor medio-alto
BF8756YIFJ,Transporte,Taxi,Cali,2021-03-13 13:42:00,2021-03-13 14:31:00,2021-03-13 14:34:00,1,356000.0,0,False,50857.142857142855,17800.0,0,7,3,4,3,2,432,Leales,0,0,1,0,Valor medio-alto
BFCUZJJ1OC,Reparación y limpieza,Automotriz y autopartes,Bogotá D.C.,2021-02-09 16:45:00,2021-02-11 12:13:00,2021-02-11 12:22:00,1,4000.0,0,False,1000.0,200.0,0,4,3,4,2,1,421,Nuevos / En crecimiento,0,1,1,1,Valor medio
BFKDFJQRCL,Comercio detallista,Venta de bicicletas y accesorios,Bogotá D.C.,2021-02-10 13:17:00,2021-02-12 11:00:00,2021-02-12 11:02:00,1,58483000.0,11450000,False,680034.8837209302,2924150.0,0,86,4,4,5,5,455,Campeones,2,0,0,0,Valor medio-alto
BGB2D2WQMU,Reparación y limpieza,Moda / Zapatería,Bogotá D.C.,2021-03-17 12:52:00,2021-03-17 13:06:00,2021-03-17 13:11:00,1,3532000.0,565000,False,207764.70588235295,176600.0,0,17,3,4,4,4,444,Campeones,2,0,0,0,Valor medio-alto
BGQW5GY1V0,Comercio detallista,Libros / Papelería,Bogotá D.C.,2021-02-10 14:35:00,2021-02-10 14:51:00,2021-02-10 14:58:00,1,2000.0,0,False,2000.0,100.0,3,1,1,1,1,1,111,Perdidos / Hibernando,1,1,2,1,Valor medio
BH6OWLPR8K,Comercio detallista,Otro,Bogotá D.C.,2021-03-30 13:33:00,2021-03-30 13:44:00,2021-03-30 13:47:00,1,1182300.0,549000,False,78820.0,59115.0,0,15,3,4,4,3,443,Leales,0,0,0,0,Valor medio-alto
BHBJ09LVLE,Servicios,Otro,Bogotá D.C.,2021-03-09 21:34:00,2021-03-16 12:46:00,2021-03-19 12:25:00,1,605000.0,0,False,100833.33333333333,30250.0,0,6,2,4,2,2,422,Nuevos / En crecimiento,0,0,0,0,Valor medio-alto
BHGXJE4KNM,Comercio detallista,Otro,Bogotá D.C.,2021-02-25 10:07:00,2021-02-25 21:15:00,2021-03-04 18:52:00,1,164000.0,0,False,27333.333333333332,8200.0,0,6,4,4,2,1,421,Nuevos / En crecimiento,0,0,1,0,Valor medio-alto
BHLYPQ7WNJ,Servicios,Otro,Cali,2021-03-02 15:03:00,2021-03-02 15:15:00,2021-03-02 15:18:00,1,987300.0,80000,False,54850.0,49365.0,0,18,3,4,4,3,443,Leales,0,0,0,0,Valor medio-alto
BHRICJTVCQ,Alimentos y bebidas,Restaurante / Café,Bogotá D.C.,2021-03-23 15:43:00,2021-03-23 16:01:00,2021-03-23 16:07:00,1,1293000.0,1289000,False,323250.0,64650.0,2,4,1,1,2,3,123,Potenciales,0,1,1,1,Valor medio
BIY83F15BJ,Reparación y limpieza,Lavandería,Bogotá D.C.,2021-03-02 16:11:00,2021-03-02 16:23:00,2021-03-02 16:25:00,1,2000.0,0,False,2000.0,100.0,2,1,1,1,1,1,111,Perdidos / Hibernando,1,1,2,1,Valor medio
BJOWG1DH5U,Alimentos y bebidas,Comida rápida,Armenia,2021-02-19 11:11:00,2021-02-21 23:18:00,2021-02-21 23:20:00,1,713000.0,54000,False,31000.0,35650.0,0,23,4,4,4,2,442,Leales,2,0,0,0,Valor medio-alto
BK81RRY4MJ,Servicios,Otro,Bogotá D.C.,2021-03-23 13:54:00,2021-03-23 14:01:00,2021-03-23 14:04:00,1,2847700.0,927000,False,101703.57142857143,142385.0,0,28,3,4,4,4,444,Campeones,2,0,0,0,Valor medio-alto
BKOFMM45DJ,Comercio detallista,Equipos médicos,Bogotá D.C.,,,,1,2849616.0,0,False,189974.4,142480.80000000002,0,15,5,4,4,4,444,Campeones,2,0,0,0,Valor medio-alto
BL63REUZHM,Servicios,Contabilidad / Asesorías,Cajicá,,,,1,2000.0,0,False,2000.0,100.0,5,1,1,1,1,1,111,Perdidos / Hibernando,1,1,2,1,Valor medio
BL64JGZ1MZ,Comercio detallista,Ropa / Accesorios,Bogotá D.C.,2021-03-08 10:22:00,2021-03-08 10:48:00,2021-03-08 10:52:00,1,4000.0,0,False,2000.0,200.0,2,2,1,1,1,1,111,Perdidos / Hibernando,1,1,2,1,Valor medio
BLKX6B0PKW,Servicios,Tecnología y software,Bogotá D.C.,2021-03-13 12:19:00,2021-03-13 12:27:00,2021-03-13 12:30:00,1,1459350.0,0,False,182418.75,72967.5,0,8,3,4,3,3,433,Leales,0,0,0,0,Valor medio-alto
BLNLBIXL1W,Comercio detallista,Ropa / Accesorios,Bogotá D.C.,2021-03-14 16:10:00,2021-03-14 17:09:00,2021-03-14 17:11:00,1,1413000.0,231000,False,83117.64705882352,70650.0,0,17,3,4,4,3,443,Leales,0,0,0,0,Valor medio-alto
BNVSFAV16A,Comercio detallista,Tecnología,Bogotá D.C.,,,,1,2815400.0,0,False,938466.6666666666,140770.0,4,3,1,1,2,4,124,Potenciales,1,1,2,1,Valor medio
BOF1DF1JM3,Alimentos y bebidas,Restaurante / Café,Bogotá D.C.,2021-03-30 14:10:00,2021-03-30 14:17:00,2021-03-30 14:22:00,1,301500.0,0,False,43071.42857142857,15075.0,0,7,3,4,3,2,432,Leales,0,0,1,0,Valor medio-alto
BOH0Y09FO1,Servicios,Diseño / Fotografía,Bogotá D.C.,2021-03-13 10:49:00,2021-03-13 10:55:00,2021-03-13 10:58:00,1,2000.0,0,False,2000.0,100.0,2,1,1,1,1,1,111,Perdidos / Hibernando,1,1,2,1,Valor medio
BOIR203IEU,Comercio detallista,Auto partes,Bogotá D.C.,2021-03-15 13:40:00,2021-03-15 13:46:00,2021-03-15 13:52:00,1,21730000.0,4920000,False,1278235.294117647,1086500.0,0,17,3,4,4,5,445,Campeones,2,0,0,0,Valor medio-alto
BOL0KPH7PW,Comercio detallista,Electrodomésticos,Bogotá D.C.,2021-03-29 13:14:00,2021-03-29 13:24:00,2021-03-29 13:28:00,2,6248000.0,865000,False,223142.85714285713,312400.0,0,28,3,4,4,5,445,Campeones,2,2,0,2,Valor alto
BP2NFU30WN,Alimentos y bebidas,Comida rápida,Cali,2021-02-05 10:52:00,2021-02-05 10:59:00,2021-02-05 11:05:00,1,3285300.0,824000,False,38201.16279069767,164265.0,0,86,4,4,5,4,454,Campeones,2,0,0,0,Valor medio-alto
BP43P6O5XP,Comercio detallista,Óptica,Soacha,2021-03-23 14:44:00,2021-03-23 14:51:00,2021-03-23 14:59:00,1,5035000.0,1210000,False,359642.85714285716,251750.0,0,14,3,4,3,4,434,Leales,2,0,0,0,Valor medio-alto
BPNTWNO6JC,Servicios,Medicina / Odontología,Chía,,,,1,1252000.0,280000,False,313000.0,62600.0,3,4,3,1,2,3,123,Potenciales,1,0,1,0,Valor medio-alto
BPS3IX5CAK,Comercio detallista,Óptica,Bogotá D.C.,,,,1,6336200.0,600000,False,422413.3333333333,316810.0,0,15,5,4,4,5,445,Campeones,2,0,0,0,Valor medio-alto
BPZU9K91E3,Alimentos y bebidas,Restaurante / Café,Bogotá D.C.,,,,1,1215800.0,161400,False,46761.53846153846,60790.0,0,26,6,4,4,3,443,Leales,2,0,0,0,Valor medio-alto
BQ4RWZRMJW,Comercio detallista,Muebles / Decoración,Bogotá D.C.,2021-03-17 11:15:00,2021-03-17 11:27:00,2021-03-17 11:29:00,1,2000.0,0,False,2000.0,100.0,2,1,1,1,1,1,111,Perdidos / Hibernando,1,1,2,1,Valor medio
BQ7K2TW1H7,Comercio detallista,Ropa / Accesorios,Sibaté,2021-03-26 11:59:00,2021-03-26 12:04:00,2021-03-26 12:06:00,1,1057500.0,170000,False,176250.0,52875.0,0,6,3,4,2,3,423,Nuevos / En crecimiento,0,0,0,0,Valor medio-alto
BR2TW7KOFR,Reparación y limpieza,Automotriz y autopartes,Bogotá D.C.,2021-03-12 16:34:00,2021-03-12 16:39:00,2021-03-12 16:43:00,1,752000.0,0,False,250666.66666666666,37600.0,1,3,2,2,2,2,222,Perdidos / Hibernando,0,0,1,0,Valor medio-alto
BR8CXYNNZF,Transporte,Taxi,Cali,2021-03-02 15:01:00,2021-03-02 15:16:00,2021-03-02 15:19:00,1,11000.0,0,False,5500.0,550.0,2,2,1,1,1,1,111,Perdidos / Hibernando,1,1,2,1,Valor medio
BRDJLUHAVK,Comercio detallista,Elementos del hogar,Bogotá D.C.,2021-03-23 14:13:00,2021-03-23 14:21:00,2021-03-23 14:26:00,1,1644100.0,0,False,234871.42857142858,82205.0,0,7,3,4,3,3,433,Leales,0,0,0,0,Valor medio-alto
BRJSTQL878,Comercio detallista,Ropa / Accesorios,Bogotá D.C.,2021-03-29 11:37:00,2021-03-29 11:52:00,2021-03-29 11:55:00,1,2000.0,0,False,1000.0,100.0,2,2,1,1,1,1,111,Perdidos / Hibernando,1,1,2,1,Valor medio
BRKX5IKY96,Comercio detallista,Óptica,Bogotá D.C.,,,,1,392000.0,0,False,130666.66666666667,19600.0,4,3,1,1,2,2,122,Perdidos / Hibernando,1,1,2,1,Valor medio
BRM61JOD19,Alimentos y bebidas,Abarrotes / Mercado,Bogotá D.C.,2021-03-10 10:42:00,2021-03-10 10:51:00,2021-03-15 17:18:00,1,432850.0,42200,False,33296.153846153844,21642.5,0,13,3,4,3,2,432,Leales,0,0,0,0,Valor medio-alto
BS67TNFHC1,Belleza y cuidado personal,Masajista independiente,Bogotá D.C.,2021-03-18 21:58:00,2021-03-19 08:30:00,2021-03-19 08:34:00,1,2000.0,0,False,2000.0,100.0,2,1,1,1,1,1,111,Perdidos / Hibernando,1,1,2,1,Valor medio
BS6JNVLDNX,Educación,Talleres / Cursos / Capacitaciones,Bogotá D.C.,2021-02-02 15:34:00,2021-02-02 15:56:00,2021-02-02 16:00:00,1,2000.0,0,False,2000.0,100.0,3,1,1,1,1,1,111,Perdidos / Hibernando,1,1,2,1,Valor medio
BSIES0W2M3,Comercio detallista,Materiales de construcción,Soacha,2021-03-03 11:44:00,2021-03-03 12:28:00,2021-03-03 12:30:00,1,802000.0,0,False,267333.3333333333,40100.0,2,3,1,1,2,2,122,Perdidos / Hibernando,0,1,1,1,Valor medio
BSTDIQ82CR,Alimentos y bebidas,Comida rápida,Bucaramanga,2021-03-08 16:34:00,2021-03-08 17:18:00,2021-03-09 21:14:00,1,4265400.0,829100,False,40622.857142857145,213270.0,0,105,3,4,5,4,454,Campeones,2,0,0,0,Valor medio-alto
BT9FC4NGKK,Belleza y cuidado personal,Otro,Bogotá D.C.,2021-03-05 14:18:00,2021-03-05 14:32:00,2021-03-05 14:33:00,1,8693750.0,814500,False,395170.45454545453,434687.5,0,22,3,4,4,5,445,Campeones,2,0,0,0,Valor medio-alto
BTUPTDPNBO,Servicios,Otro,Barranquilla,2021-03-12 16:25:00,2021-03-12 16:31:00,2021-03-12 16:32:00,1,1837000.0,120000,False,87476.19047619047,91850.0,0,21,3,4,4,3,443,Leales,2,0,0,0,Valor medio-alto
BU3JSDVYIT,Comercio detallista,Óptica,Bogotá D.C.,,,,1,4806000.0,1000,False,369692.3076923077,240300.0,1,13,4,2,3,4,234,Potenciales,0,0,0,0,Valor medio-alto
BUD7779RPW,Comercio detallista,Muebles / Decoración,Bogotá D.C.,2021-03-11 16:09:00,2021-03-11 16:15:00,2021-03-11 16:17:00,1,11709000.0,1355000,False,433666.6666666667,585450.0,0,27,3,4,4,5,445,Campeones,2,0,0,0,Valor medio-alto
BUOBHDFCFX,Comercio detallista,Muebles / Decoración,Bogotá D.C.,2021-03-24 13:51:00,2021-03-24 14:02:00,2021-03-24 14:04:00,1,5657800.0,2116500,False,628644.4444444445,282890.0,0,9,3,4,3,4,434,Leales,0,0,0,0,Valor medio-alto
BVAOE4QH1V,Servicios,Otro,Bogotá D.C.,2021-03-02 15:53:00,2021-03-02 16:11:00,2021-03-02 16:15:00,1,17995295.0,5052745,False,666492.4074074074,899764.75,0,27,3,4,4,5,445,Campeones,2,0,0,0,Valor medio-alto
BW3WV686SI,Comercio detallista,Óptica,Bogotá D.C.,2021-03-06 15:50:00,2021-03-06 16:09:00,2021-03-08 14:16:00,1,5803500.0,560000,False,200120.6896551724,290175.0,0,29,3,4,4,4,444,Campeones,2,0,0,0,Valor medio-alto
BWH9FD0D5E,Comercio detallista,Ropa / Accesorios,Bogotá D.C.,2021-03-25 12:22:00,2021-03-25 12:28:00,2021-03-25 12:30:00,1,227000.0,0,False,45400.0,11350.0,0,5,3,4,2,2,422,Nuevos / En crecimiento,0,0,1,0,Valor medio-alto
BWI2BTUE5B,Alimentos y bebidas,Comida rápida,Bogotá D.C.,,,,1,775500.0,0,False,43083.333333333336,38775.0,0,18,5,4,4,2,442,Leales,0,0,0,0,Valor medio-alto
BX7C3TGWIZ,Comercio detallista,Materiales de construcción,Bogotá D.C.,2021-03-10 17:34:00,2021-03-10 17:47:00,2021-03-10 17:49:00,1,6874000.0,963750,False,229133.33333333334,343700.0,0,30,3,4,5,5,455,Campeones,2,0,0,0,Valor medio-alto
BXSM6KZFKT,Comercio detallista,Maquinaria,Bogotá D.C.,,,,1,13681500.0,0,False,3420375.0,684075.0,0,4,3,4,2,5,425,Nuevos / En crecimiento,0,0,0,0,Valor medio-alto
BY2593BQNU,Comercio detallista,Otro,Bogotá D.C.,2021-02-11 14:13:00,2021-02-11 14:29:00,2021-02-11 14:31:00,1,859300.0,0,False,429650.0,42965.0,2,2,2,1,1,2,112,Perdidos / Hibernando,1,0,1,0,Valor medio-alto
BYBPCGRJHU,Comercio detallista,Ropa / Accesorios,Bogotá D.C.,2021-03-20 09:45:00,2021-03-24 15:03:00,2021-03-25 11:56:00,1,12806000.0,3038000,False,266791.6666666667,640300.0,0,48,3,4,5,5,455,Campeones,2,0,0,0,Valor medio-alto
BYSTFMPIZ4,Servicios,Otro,Sibaté,2021-03-23 16:20:00,2021-03-23 16:27:00,2021-03-23 16:47:00,1,2000.0,0,False,2000.0,100.0,2,1,1,1,1,1,111,Perdidos / Hibernando,1,1,2,1,Valor medio
BZ0QC6H29B,Comercio detallista,Óptica,Bogotá D.C.,2021-03-01 13:46:00,2021-03-01 13:52:00,2021-03-01 13:54:00,1,3157000.0,610000,False,263083.3333333333,157850.0,0,12,3,4,3,4,434,Leales,0,0,0,0,Valor medio-alto
BZK8T16B8R,Alimentos y bebidas,Comida rápida,Bogotá D.C.,2021-02-01 17:31:00,2021-02-01 17:36:00,2021-02-01 17:41:00,1,338500.0,0,False,21156.25,16925.0,2,16,2,1,4,2,142,En riesgo (antes valiosos),0,1,1,1,Valor medio
C0KYR3HCVF,Belleza y cuidado personal,Distribuidora,Bogotá D.C.,2021-03-09 16:42:00,2021-03-09 16:54:00,2021-03-09 16:57:00,1,6970400.0,720000,False,205011.76470588235,348520.0,0,34,3,4,5,5,455,Campeones,2,0,0,0,Valor medio-alto
C10R9W8GE3,Comercio detallista,Tecnología,Bogotá D.C.,,,,1,124450.0,0,False,20741.666666666668,6222.5,2,6,3,1,2,1,121,Perdidos / Hibernando,1,1,1,1,Valor medio
C1FNFV5OY7,Comercio detallista,Elementos del hogar,Bogotá D.C.,2021-03-26 12:18:00,2021-03-26 12:24:00,2021-03-26 12:27:00,1,905790.0,432150,False,113223.75,45289.5,0,8,3,4,3,2,432,Leales,0,0,0,0,Valor medio-alto
C1W33WNTZH,Belleza y cuidado personal,Spa,Bogotá D.C.,2021-03-18 14:04:00,2021-03-18 14:17:00,2021-03-18 14:24:00,1,223000.0,220000,False,111500.0,11150.0,2,2,1,1,1,2,112,Perdidos / Hibernando,1,1,1,1,Valor medio
C1XSBT6GFO,Comercio detallista,Artesanías,La Calera,2021-03-30 16:40:00,2021-03-30 16:52:00,2021-03-30 16:54:00,1,433000.0,0,False,86600.0,21650.0,1,5,2,2,2,2,222,Perdidos / Hibernando,0,0,1,0,Valor medio-alto
C21FOSU0AE,Comercio detallista,Auto partes,Bogotá D.C.,2021-03-03 14:08:00,2021-03-03 14:26:00,2021-03-03 14:29:00,1,4607700.0,1174000,False,164560.7142857143,230385.0,0,28,3,4,4,4,444,Campeones,2,0,0,0,Valor medio-alto
C2KY8Q8O1V,Comercio detallista,Otro,Bogotá D.C.,,2021-03-15 13:11:00,2021-03-15 13:18:00,1,1599500.0,0,False,266583.3333333333,79975.0,0,6,3,4,2,3,423,Nuevos / En crecimiento,0,0,0,0,Valor medio-alto
C2LTJZTRTQ,Belleza y cuidado personal,Distribuidora,Bogotá D.C.,,,,2,722800.0,0,False,34419.04761904762,36140.0,2,21,3,1,4,2,142,En riesgo (antes valiosos),0,2,1,2,Valor alto
C3P0LGGRFD,Comercio detallista,Otro,Bogotá D.C.,2021-02-19 17:04:00,2021-02-19 17:12:00,2021-02-19 17:14:00,1,2788500.0,0,False,199178.57142857142,139425.0,0,14,4,4,3,4,434,Leales,0,0,0,0,Valor medio-alto
C3VIUXV7OQ,Reparación y limpieza,Automotriz y autopartes,Bogotá D.C.,2021-03-19 17:04:00,2021-03-19 17:13:00,2021-03-19 17:15:00,1,3206000.0,140000,False,320600.0,160300.0,0,10,3,4,3,4,434,Leales,0,0,0,0,Valor medio-alto
C45PZ945U4,Comercio detallista,Ropa / Accesorios,Bogotá D.C.,2021-03-27 12:15:00,2021-03-27 12:21:00,2021-03-27 12:22:00,1,2000.0,0,False,2000.0,100.0,2,1,1,1,1,1,111,Perdidos / Hibernando,1,1,2,1,Valor medio
C4AA0IYYVD,Servicios,Tecnología y software,Sibaté,2021-03-06 11:29:00,2021-03-06 11:37:00,2021-03-06 11:52:00,1,6232800.0,732800,False,692533.3333333334,311640.0,0,9,3,4,3,5,435,Leales,0,0,0,0,Valor medio-alto
C4VJ4MRO0Y,Comercio detallista,Otro,Bogotá D.C.,2021-02-24 16:13:00,2021-02-24 16:32:00,2021-02-24 16:35:00,1,32768440.0,3738800,False,368184.71910112357,1638422.0,0,89,4,4,5,5,455,Campeones,2,0,0,0,Valor medio-alto
C5XTD3D1FP,Comercio detallista,Muebles / Decoración,Bogotá D.C.,2021-03-19 12:39:00,2021-03-19 12:44:00,2021-03-19 12:48:00,1,5734000.0,2000000,False,1433500.0,286700.0,2,4,1,1,2,4,124,Potenciales,0,0,1,0,Valor medio-alto
C6JNOZR4L9,Alimentos y bebidas,Restaurante / Café,Bogotá D.C.,2021-03-26 18:02:00,2021-03-26 18:09:00,2021-03-26 18:12:00,1,2497500.0,644000,False,75681.81818181818,124875.0,0,33,3,4,5,3,453,Leales,2,0,0,0,Valor medio-alto
C713I02TPO,Servicios,Carpintería,Bogotá D.C.,,,,1,15238000.0,950000,False,346318.1818181818,761900.0,0,44,6,4,5,5,455,Campeones,2,0,0,0,Valor medio-alto
C724QJZEJH,Transporte,Taxi,Cali,2021-02-20 12:43:00,2021-02-20 12:54:00,2021-02-20 12:57:00,1,19000.0,0,False,4750.0,950.0,2,4,2,1,2,1,121,Perdidos / Hibernando,1,1,1,1,Valor medio
C7B534YRPI,Comercio detallista,Tecnología,Cali,2021-03-24 12:24:00,2021-03-24 12:38:00,2021-03-24 12:40:00,1,42000.0,40000,False,10500.0,2100.0,0,4,2,4,2,1,421,Nuevos / En crecimiento,0,1,1,1,Valor medio
C7LPM20B97,Comercio detallista,Tecnología,Bogotá D.C.,2021-03-29 15:21:00,2021-03-29 15:30:00,2021-03-29 15:36:00,1,11139000.0,3980000,False,1113900.0,556950.0,0,10,3,4,3,5,435,Leales,0,0,0,0,Valor medio-alto
CA615GK848,Comercio detallista,Otro,Bogotá D.C.,2021-03-23 11:49:00,2021-03-23 12:01:00,2021-03-23 12:03:00,1,837000.0,0,False,119571.42857142857,41850.0,0,7,2,4,3,2,432,Leales,0,0,0,0,Valor medio-alto
CBUF400324,Comercio detallista,Libros / Papelería,Bogotá D.C.,2020-10-28 22:33:00,2021-03-17 10:56:00,2021-03-17 10:58:00,1,295800.0,21100,False,32866.666666666664,14790.0,0,9,3,4,3,2,432,Leales,0,0,0,0,Valor medio-alto
CCRPB3PTOX,Comercio detallista,Óptica,Bogotá D.C.,2021-03-30 14:17:00,2021-03-30 14:25:00,2021-03-30 14:27:00,1,234000.0,230000,False,117000.0,11700.0,2,2,1,1,1,2,112,Perdidos / Hibernando,1,1,1,1,Valor medio
CD2BI2NXT9,Belleza y cuidado personal,Spa,Bogotá D.C.,2021-03-15 15:02:00,2021-03-15 15:12:00,2021-03-15 15:18:00,1,1116000.0,280000,False,279000.0,55800.0,0,4,3,4,2,3,423,Nuevos / En crecimiento,0,0,0,0,Valor medio-alto
CD2G3B1OE9,Servicios,Otro,Fusagasugá,2021-02-25 13:41:00,2021-02-25 13:46:00,2021-02-25 13:51:00,1,7000.0,0,False,3500.0,350.0,3,2,1,1,1,1,111,Perdidos / Hibernando,1,1,2,1,Valor medio
CDCISZ41GT,Turismo y entretenimiento,Otro,Bogotá D.C.,2021-03-11 16:39:00,2021-03-11 16:51:00,2021-03-11 16:53:00,1,8000.0,0,False,2000.0,400.0,2,4,1,1,2,1,121,Perdidos / Hibernando,1,1,2,1,Valor medio
CDP96NSCMC,Comercio detallista,Óptica,Bogotá D.C.,2021-03-02 13:11:00,2021-03-02 13:23:00,2021-03-02 13:25:00,1,7206000.0,889000,False,313304.347826087,360300.0,0,23,3,4,4,5,445,Campeones,2,0,0,0,Valor medio-alto
CDU3T437MY,Comercio detallista,Mascotas,Bogotá D.C.,2021-02-14 14:23:00,2021-02-14 14:29:00,2021-02-14 14:33:00,1,3814100.0,780850,False,58678.46153846154,190705.0,0,65,4,4,5,4,454,Campeones,2,0,0,0,Valor medio-alto
CE1KRAZCP1,Comercio detallista,Electrodomésticos,Bogotá D.C.,2021-03-12 10:56:00,2021-03-12 11:10:00,2021-03-12 11:16:00,1,302000.0,0,False,302000.0,15100.0,2,1,1,1,1,2,112,Perdidos / Hibernando,1,1,1,1,Valor medio
CE4VN8WOSU,Comercio detallista,Otro,Bogotá D.C.,2021-03-18 10:34:00,2021-03-18 10:48:00,2021-03-18 10:51:00,1,1080350.0,306000,False,120038.88888888889,54017.5,0,9,3,4,3,3,433,Leales,0,0,0,0,Valor medio-alto
CEAS180U5O,Comercio detallista,Joyería,Bogotá D.C.,2021-03-11 10:50:00,2021-03-25 15:33:00,2021-03-25 15:35:00,1,2000.0,0,False,2000.0,100.0,2,1,1,1,1,1,111,Perdidos / Hibernando,1,1,2,1,Valor medio
CEDD4BWRAK,Reparación y limpieza,Lavandería,Bogotá D.C.,2021-03-26 10:44:00,2021-03-26 10:57:00,2021-03-26 11:01:00,1,2133000.0,430000,False,533250.0,106650.0,0,4,3,4,2,3,423,Nuevos / En crecimiento,0,0,0,0,Valor medio-alto
CEFZQM8Y04,Servicios,Tecnología y software,Sibaté,2021-03-10 11:41:00,2021-03-10 11:50:00,2021-03-10 12:03:00,1,2997000.0,130000,False,499500.0,149850.0,0,6,3,4,2,4,424,Nuevos / En crecimiento,0,0,0,0,Valor medio-alto
CETI4YTM7S,Comercio detallista,Tecnología,Bogotá D.C.,2021-03-12 17:20:00,2021-03-12 17:29:00,2021-03-12 17:36:00,1,23000500.0,2798000,False,1642892.857142857,1150025.0,0,14,3,4,3,5,435,Leales,2,0,0,0,Valor medio-alto
CFLQBU23ZS,Comercio detallista,Auto partes,Bogotá D.C.,2021-02-03 17:49:00,2021-02-03 17:56:00,2021-02-03 17:59:00,1,9202000.0,0,False,278848.48484848486,460100.0,0,33,4,4,5,5,455,Campeones,2,0,0,0,Valor medio-alto
CGAJHTR04Z,Alimentos y bebidas,Licores,Cali,2021-03-12 20:42:00,2021-03-12 20:59:00,2021-03-12 21:02:00,1,1138500.0,74500,False,22323.529411764706,56925.0,0,51,3,4,5,3,453,Leales,2,0,0,0,Valor medio-alto
CHKIW13N92,Alimentos y bebidas,Abarrotes / Mercado,Bogotá D.C.,2021-03-16 17:22:00,2021-03-16 17:36:00,2021-03-16 17:40:00,1,3391900.0,993200,False,21742.94871794872,169595.0,0,156,3,4,5,4,454,Campeones,2,0,0,0,Valor medio-alto
CHTAADLAFN,Comercio detallista,Materiales de construcción,Bogotá D.C.,2021-02-01 12:55:00,2021-02-01 13:23:00,2021-02-01 13:27:00,1,15876366.0,39600,False,1058424.4,793818.3,0,15,4,4,4,5,445,Campeones,2,0,0,0,Valor medio-alto
CI00DJDS7L,Reparación y limpieza,Automotriz y autopartes,Bogotá D.C.,2021-03-27 11:02:00,2021-03-27 11:36:00,2021-03-27 11:40:00,1,162000.0,0,False,81000.0,8100.0,1,2,2,2,1,1,211,Perdidos / Hibernando,0,0,1,0,Valor medio-alto
CIPJS3DD2O,Alimentos y bebidas,Abarrotes / Mercado,Bogotá D.C.,2021-03-26 20:39:00,2021-03-26 20:45:00,2021-03-26 20:48:00,1,841580.0,0,False,64736.92307692308,42079.0,0,13,3,4,3,2,432,Leales,0,0,0,0,Valor medio-alto
CJ54W1DINT,Comercio detallista,Ropa / Accesorios,Bogotá D.C.,2021-03-12 16:28:00,2021-03-12 16:42:00,2021-03-12 16:45:00,1,3282000.0,0,False,164100.0,164100.0,0,20,3,4,4,4,444,Campeones,2,0,0,0,Valor medio-alto
CJKZR8CRSC,Servicios,Tecnología y software,Bogotá D.C.,2021-03-25 14:02:00,2021-03-25 14:09:00,2021-03-25 14:11:00,1,8539759.0,1664000,False,474431.05555555556,426987.95,0,18,3,4,4,5,445,Campeones,2,0,0,0,Valor medio-alto
CJOGYM8B3R,Comercio detallista,Ropa / Accesorios,Bogotá D.C.,2021-03-09 14:01:00,2021-03-09 14:16:00,2021-03-09 14:20:00,1,59000.0,0,False,14750.0,2950.0,0,4,2,4,2,1,421,Nuevos / En crecimiento,0,0,1,0,Valor medio-alto
CJRDUUMZCO,Comercio detallista,Electrodomésticos,Bogotá D.C.,2021-03-18 16:59:00,2021-03-18 17:08:00,2021-03-18 17:11:00,1,8192000.0,3220000,False,1024000.0,409600.0,0,8,3,4,3,5,435,Leales,0,0,0,0,Valor medio-alto
CJYO8DVYXX,Comercio detallista,Ropa / Accesorios,Bogotá D.C.,2021-03-10 15:50:00,2021-03-10 16:00:00,2021-03-10 16:05:00,1,508000.0,0,False,63500.0,25400.0,0,8,3,4,3,2,432,Leales,0,0,0,0,Valor medio-alto
CKVT36LPFM,Alimentos y bebidas,Abarrotes / Mercado,Bogotá D.C.,2021-02-16 12:46:00,2021-02-16 13:01:00,2021-02-16 13:05:00,1,1064300.0,0,False,30408.571428571428,53215.0,0,35,4,4,5,3,453,Leales,2,0,0,0,Valor medio-alto
CL8K2ZJBU2,Servicios,Veterinaria,Bogotá D.C.,2021-02-11 10:27:00,2021-02-11 10:34:00,2021-02-11 10:38:00,1,2608935.0,120750,False,153466.76470588235,130446.75,0,17,4,4,4,4,444,Campeones,2,0,0,0,Valor medio-alto
CLMR5JF0E9,Comercio detallista,Materiales de construcción,Bogotá D.C.,2021-03-10 12:39:00,2021-03-10 12:51:00,2021-03-10 12:55:00,1,7000.0,0,False,3500.0,350.0,2,2,1,1,1,1,111,Perdidos / Hibernando,1,1,2,1,Valor medio
CM8GAMTA8T,Comercio detallista,Óptica,Bogotá D.C.,,,,1,24614000.0,675000,False,300170.73170731706,1230700.0,0,82,6,4,5,5,455,Campeones,2,0,0,0,Valor medio-alto
CMETP35AVL,Comercio detallista,Ropa / Accesorios,Cali,2021-03-20 17:27:00,2021-03-20 17:44:00,2021-03-20 17:46:00,1,399000.0,35000,False,66500.0,19950.0,0,6,2,4,2,2,422,Nuevos / En crecimiento,0,0,1,0,Valor medio-alto
CMYZEEPNNO,Comercio detallista,Óptica,Bogotá D.C.,,,,1,3872000.0,100000,False,227764.70588235295,193600.0,1,17,5,2,4,4,244,En riesgo (antes valiosos),2,0,0,0,Valor medio-alto
CNARKPKAZV,Comercio detallista,Tecnología,Fusagasugá,2021-03-10 16:12:00,2021-03-10 16:22:00,2021-03-10 16:26:00,1,3208850.0,1600000,False,320885.0,160442.5,0,10,3,4,3,4,434,Leales,0,0,0,0,Valor medio-alto
CNDDJ6Y4E1,Reparación y limpieza,Otro,Bogotá D.C.,2021-02-17 07:53:00,2021-02-17 08:06:00,2021-02-17 08:08:00,1,8253010.0,0,False,2063252.5,412650.5,1,4,2,2,2,5,225,Potenciales,0,0,1,0,Valor medio-alto
COI0EC7N9J,Comercio detallista,Muebles / Decoración,Bogotá D.C.,2021-02-08 15:56:00,2021-02-08 16:06:00,2021-02-08 16:14:00,1,2000.0,0,False,2000.0,100.0,3,1,1,1,1,1,111,Perdidos / Hibernando,1,1,2,1,Valor medio
CPCB3T0OCN,Comercio detallista,Elementos de seguridad,Bogotá D.C.,2021-03-04 18:40:00,2021-03-04 18:50:00,2021-03-04 18:52:00,1,13285800.0,1128000,False,301950.0,664290.0,0,44,3,4,5,5,455,Campeones,2,0,0,0,Valor medio-alto
CPST7T76BE,Alimentos y bebidas,Otro,Soacha,2021-02-01 14:11:00,2021-02-01 14:44:00,2021-02-01 14:49:00,1,4834255.0,752900,False,43551.84684684685,241712.75,0,111,4,4,5,4,454,Campeones,2,0,0,0,Valor medio-alto
CPV0I966UV,Comercio detallista,Insumos,Bogotá D.C.,,,,1,1505700.0,0,False,301140.0,75285.0,0,5,4,4,2,3,423,Nuevos / En crecimiento,0,0,0,0,Valor medio-alto
CQK9GJ41NL,Comercio detallista,Otro,Bogotá D.C.,2021-03-03 12:40:00,2021-03-03 12:48:00,2021-03-03 12:53:00,1,2406700.0,848400,False,240670.0,120335.0,0,10,3,4,3,3,433,Leales,0,0,0,0,Valor medio-alto
CR80R3DC84,Comercio detallista,Auto partes,Bogotá D.C.,2021-03-18 15:19:00,2021-03-18 15:27:00,2021-03-18 15:29:00,1,1117500.0,0,False,186250.0,55875.0,0,6,3,4,2,3,423,Nuevos / En crecimiento,0,0,0,0,Valor medio-alto
CRANYOMDR8,Belleza y cuidado personal,Distribuidora,Bogotá D.C.,2021-03-12 13:02:00,2021-03-12 13:13:00,2021-03-12 13:18:00,1,221000.0,0,False,73666.66666666667,11050.0,1,3,2,2,2,2,222,Perdidos / Hibernando,0,0,1,0,Valor medio-alto
CRB9TWJURR,Comercio detallista,Óptica,Bogotá D.C.,2021-02-09 14:30:00,2021-02-15 16:05:00,2021-02-09 14:42:00,1,13718000.0,1492000,False,370756.75675675675,685900.0,0,37,4,4,5,5,455,Campeones,2,0,0,0,Valor medio-alto
CRJBL97HCP,Transporte,Taxi,Cali,2021-03-13 13:39:00,2021-03-13 13:50:00,2021-03-13 14:06:00,1,1000.0,0,False,1000.0,50.0,2,1,1,1,1,1,111,Perdidos / Hibernando,1,1,2,1,Valor medio
CSGAEQUZO7,Servicios,Otro,Bogotá D.C.,2021-03-05 14:14:00,2021-03-05 14:25:00,2021-03-05 14:26:00,1,16012309.0,0,False,2668718.1666666665,800615.4500000001,0,6,3,4,2,5,425,Nuevos / En crecimiento,0,0,0,0,Valor medio-alto
CSLLV7YNRH,Transporte,Taxi,Cali,2020-11-26 14:25:00,2021-02-12 09:23:00,2021-02-12 09:26:00,1,117000.0,0,False,19500.0,5850.0,1,6,3,2,2,1,221,Perdidos / Hibernando,0,0,1,0,Valor medio-alto
CT1Z4K5VBL,Comercio detallista,Materiales de construcción,Soacha,2021-02-25 12:13:00,2021-02-25 12:20:00,2021-02-25 12:25:00,1,20191225.0,1185000,False,877879.3478260869,1009561.25,0,23,4,4,4,5,445,Campeones,2,0,0,0,Valor medio-alto
CTEACWPAO5,Comercio detallista,Materiales de construcción,Soacha,,,,1,20044043.0,5519600,False,911092.8636363636,1002202.15,0,22,5,4,4,5,445,Campeones,2,0,0,0,Valor medio-alto
CTUXS2CSI4,Comercio detallista,Electrodomésticos,Soacha,,,,1,3722000.0,1538000,False,465250.0,186100.0,0,8,4,4,3,4,434,Leales,0,0,0,0,Valor medio-alto
CU23FU1MNP,Comercio detallista,Elementos del hogar,Bogotá D.C.,2021-03-17 12:08:00,2021-03-17 12:24:00,2021-03-17 12:31:00,1,544350.0,374000,False,77764.28571428571,27217.5,1,7,2,2,3,2,232,Potenciales,0,0,1,0,Valor medio-alto
CUIXMNX1BX,Comercio detallista,Muebles / Decoración,Bogotá D.C.,,,,1,11919000.0,1480000,False,496625.0,595950.0,0,24,5,4,4,5,445,Campeones,2,0,0,0,Valor medio-alto
CUPC73R55L,Transporte,Domicilios,Bogotá D.C.,,,,1,2000.0,0,False,2000.0,100.0,5,1,1,1,1,1,111,Perdidos / Hibernando,1,1,2,1,Valor medio
CV0FB2EZHN,Comercio detallista,Ropa / Accesorios,Bogotá D.C.,2021-03-30 12:53:00,2021-03-30 13:00:00,2021-03-30 13:03:00,1,2207800.0,496000,False,78850.0,110390.0,0,28,3,4,4,3,443,Leales,2,0,0,0,Valor medio-alto
CV1HOCI571,Servicios,Medicina / Odontología,Bogotá D.C.,2021-03-24 10:49:00,2021-03-24 10:56:00,2021-03-24 11:00:00,1,5781000.0,520000,False,963500.0,289050.0,1,6,2,2,2,4,224,Potenciales,0,0,1,0,Valor medio-alto
CV34C7QEP0,Comercio detallista,Tecnología,Bogotá D.C.,2021-03-03 15:53:00,2021-03-05 15:36:00,2021-03-05 15:40:00,1,3245500.0,359000,False,75476.74418604652,162275.0,0,43,3,4,5,4,454,Campeones,2,0,0,0,Valor medio-alto
CV7S3NS6WP,Belleza y cuidado personal,Distribuidora,Bogotá D.C.,2021-03-12 18:16:00,2021-03-12 18:21:00,2021-03-12 18:23:00,1,361000.0,0,False,120333.33333333333,18050.0,0,3,2,4,2,2,422,Nuevos / En crecimiento,0,0,1,0,Valor medio-alto
CV9XONX3U3,Comercio detallista,Electrodomésticos,Bogotá D.C.,2021-03-15 15:21:00,2021-03-15 15:27:00,2021-03-15 15:46:00,1,10105000.0,3450000,False,777307.6923076923,505250.0,0,13,3,4,3,5,435,Leales,2,0,0,0,Valor medio-alto
CVTJ65F2EZ,Belleza y cuidado personal,Suplementos,Bogotá D.C.,2021-03-30 13:58:00,2021-03-30 14:03:00,2021-03-30 14:11:00,1,2847275.0,1002225,False,237272.91666666666,142363.75,0,12,3,4,3,4,434,Leales,0,0,0,0,Valor medio-alto
CW28UZ940F,Alimentos y bebidas,Otro,Bogotá D.C.,2021-03-12 12:28:00,2021-03-12 12:37:00,2021-03-12 12:49:00,1,818100.0,57300,False,58435.71428571428,40905.0,0,14,3,4,3,2,432,Leales,0,0,0,0,Valor medio-alto
CWM0GGQ66A,Comercio detallista,Óptica,Bogotá D.C.,2021-03-15 15:25:00,2021-03-15 15:33:00,2021-03-15 15:35:00,1,349000.0,0,False,174500.0,17450.0,0,2,2,4,1,2,412,Nuevos / En crecimiento,0,0,1,0,Valor medio-alto
CWR16N3W8S,Alimentos y bebidas,Abarrotes / Mercado,Bogotá D.C.,2021-03-18 13:10:00,2021-03-18 13:18:00,2021-03-18 13:22:00,1,1557600.0,460400,False,33140.425531914894,77880.0,0,47,3,4,5,3,453,Leales,2,0,0,0,Valor medio-alto
CX0MGFIXCR,Comercio detallista,Óptica,Bogotá D.C.,,,,1,24100000.0,2980000,False,446296.2962962963,1205000.0,0,54,5,4,5,5,455,Campeones,2,0,0,0,Valor medio-alto
CX26HD1MJY,Comercio detallista,Tienda de deportes,Choachí,2021-03-08 12:12:00,2021-03-08 12:23:00,2021-03-08 12:28:00,1,2369900.0,0,False,94796.0,118495.0,0,25,3,4,4,3,443,Leales,2,0,0,0,Valor medio-alto
CXCC3Y5VUV,Comercio detallista,Óptica,Bogotá D.C.,2021-02-02 15:05:00,2021-02-02 15:15:00,2021-02-02 15:18:00,1,9885500.0,2000,False,898681.8181818182,494275.0,0,11,4,4,3,5,435,Leales,2,0,0,0,Valor medio-alto
CXP83392NI,Belleza y cuidado personal,Distribuidora,Bogotá D.C.,2021-03-09 16:29:00,2021-03-09 16:41:00,2021-03-09 16:45:00,1,1647000.0,965000,False,117642.85714285714,82350.0,0,14,3,4,3,3,433,Leales,0,0,0,0,Valor medio-alto
CXRRYFCD1V,Comercio detallista,Óptica,Bogotá D.C.,2021-03-03 17:52:00,2021-03-03 17:59:00,2021-03-03 18:02:00,1,21259000.0,2824000,False,342887.0967741936,1062950.0,0,62,3,4,5,5,455,Campeones,2,0,0,0,Valor medio-alto
CY4151640U,Comercio detallista,Tecnología,Bogotá D.C.,2021-03-10 17:58:00,2021-03-10 18:05:00,2021-03-10 18:07:00,1,534150.0,0,False,133537.5,26707.5,0,4,3,4,2,2,422,Nuevos / En crecimiento,0,0,1,0,Valor medio-alto
CY4H32UADM,Comercio detallista,Elementos de seguridad,Bogotá D.C.,2021-02-22 17:33:00,2021-02-22 17:40:00,2021-02-22 17:55:00,1,9622000.0,2115000,False,234682.92682926828,481100.0,0,41,4,4,5,5,455,Campeones,2,0,0,0,Valor medio-alto
CZBCA7OKOK,Comercio detallista,Ropa / Accesorios,Bogotá D.C.,2021-03-23 11:43:00,2021-03-23 11:54:00,2021-03-23 12:09:00,1,2302000.0,1320000,False,328857.14285714284,115100.0,0,7,3,4,3,3,433,Leales,0,0,0,0,Valor medio-alto
CZEMGUXM95,Comercio detallista,Ropa / Accesorios,Bogotá D.C.,2021-03-08 10:55:00,2021-03-08 11:09:00,2021-03-08 11:11:00,1,2577000.0,617000,False,112043.47826086957,128850.0,0,23,3,4,4,4,444,Campeones,2,0,0,0,Valor medio-alto
CZP9DBOAE2,Comercio detallista,Tecnología,Bogotá D.C.,2021-03-17 11:36:00,2021-03-17 11:43:00,2021-03-17 11:45:00,1,20371200.0,4497000,False,1358080.0,1018560.0,0,15,3,4,4,5,445,Campeones,2,0,0,0,Valor medio-alto
D071NQF0XK,Comercio detallista,Insumos,Bogotá D.C.,2021-03-03 11:03:00,2021-03-03 11:13:00,2021-03-03 11:18:00,1,9687499.0,0,False,3229166.3333333335,484374.95,2,3,1,1,2,5,125,Potenciales,0,0,1,0,Valor medio-alto
D0IXC2V9W6,Comercio detallista,Floristería,Bogotá D.C.,2021-02-04 15:45:00,2021-02-04 15:50:00,2021-02-04 15:54:00,1,2000.0,0,False,2000.0,100.0,3,1,1,1,1,1,111,Perdidos / Hibernando,1,1,2,1,Valor medio
D0QD6TVA6B,Comercio detallista,Óptica,Bogotá D.C.,2021-02-20 12:21:00,2021-02-20 12:28:00,2021-02-20 12:30:00,1,1662000.0,690000,False,237428.57142857142,83100.0,0,7,4,4,3,3,433,Leales,0,0,0,0,Valor medio-alto
D1BTL1JSWO,Comercio detallista,Materiales de construcción,Bogotá D.C.,2021-03-17 10:27:00,2021-03-17 10:37:00,2021-03-17 10:39:00,1,37409000.0,15892000,False,1700409.0909090908,1870450.0,0,22,3,4,4,5,445,Campeones,2,0,0,0,Valor medio-alto
D2I0ULKET8,Transporte,Otro,Bogotá D.C.,2021-03-23 20:07:00,2021-03-23 20:18:00,2021-03-23 20:20:00,1,12896565.0,3441000,False,268678.4375,644828.25,0,48,3,4,5,5,455,Campeones,2,0,0,0,Valor medio-alto
D2Z3BPLFBT,Reparación y limpieza,Automotriz y autopartes,Bogotá D.C.,2021-03-31 14:21:00,2021-03-31 14:35:00,2021-03-31 14:40:00,1,3998500.0,1621500,False,399850.0,199925.0,0,10,3,4,3,4,434,Leales,0,0,0,0,Valor medio-alto
D31I3B9S1C,Comercio detallista,Elementos de seguridad,Bogotá D.C.,2021-03-09 12:06:00,2021-03-09 12:14:00,2021-03-09 12:22:00,1,1952000.0,0,False,488000.0,97600.0,0,4,2,4,2,3,423,Nuevos / En crecimiento,0,0,0,0,Valor medio-alto
D44V5GZ0U1,Educación,Jardín infantil,Bogotá D.C.,2021-03-29 10:59:00,2021-03-29 11:09:00,2021-03-29 11:14:00,1,2304000.0,270000,False,460800.0,115200.0,0,5,3,4,2,3,423,Nuevos / En crecimiento,0,0,0,0,Valor medio-alto
D477ZA15QR,Comercio detallista,Ropa / Accesorios,Villavicencio,2021-02-12 09:50:00,2021-02-12 13:44:00,2021-02-12 13:46:00,1,2000.0,0,False,2000.0,100.0,3,1,1,1,1,1,111,Perdidos / Hibernando,1,1,2,1,Valor medio
D4N338MMQ1,Servicios,Otro,Bogotá D.C.,2021-03-20 12:48:00,2021-03-20 12:59:00,2021-03-20 13:01:00,1,1000.0,0,False,1000.0,50.0,2,1,1,1,1,1,111,Perdidos / Hibernando,1,1,2,1,Valor medio
D4WRAG5DD8,Comercio detallista,Ropa / Accesorios,Bogotá D.C.,2021-03-18 12:19:00,2021-03-18 12:26:00,2021-03-18 12:28:00,1,5714000.0,1263000,False,93672.13114754099,285700.0,0,61,3,4,5,4,454,Campeones,2,0,0,0,Valor medio-alto
D5JGBK4UEE,Transporte,Domicilios,Bogotá D.C.,2021-03-25 12:42:00,2021-03-25 13:03:00,2021-03-25 13:06:00,1,227400.0,0,False,45480.0,11370.0,1,5,2,2,2,2,222,Perdidos / Hibernando,0,0,1,0,Valor medio-alto
D5Y5VQHFFV,Comercio detallista,Otro,Bogotá D.C.,,2021-03-17 09:24:00,2021-03-17 09:27:00,1,2000.0,0,False,2000.0,100.0,2,1,1,1,1,1,111,Perdidos / Hibernando,1,1,2,1,Valor medio
D6H62EHONV,Comercio detallista,Tecnología,Bogotá D.C.,2021-03-25 14:28:00,2021-03-25 14:39:00,2021-03-25 14:41:00,1,1226700.0,450000,False,204450.0,61335.0,0,6,3,4,2,3,423,Nuevos / En crecimiento,0,0,0,0,Valor medio-alto
D6PJJ3Q32W,Turismo y entretenimiento,Turismo,Bogotá D.C.,,,,1,4000.0,0,False,500.0,200.0,0,8,4,4,3,1,431,Leales,0,1,1,1,Valor medio
D6XAXDS21H,Servicios,Logística,Fusagasugá,2021-02-25 10:44:00,2021-02-25 10:53:00,2021-02-25 10:55:00,1,2000.0,0,False,1000.0,100.0,1,2,2,2,1,1,211,Perdidos / Hibernando,1,1,1,1,Valor medio
D7JR9KZSWH,Belleza y cuidado personal,Salón de belleza,Bogotá D.C.,,,,1,706000.0,0,False,78444.44444444444,35300.0,0,9,5,4,3,2,432,Leales,0,0,0,0,Valor medio-alto
D83Q0ANCQT,Comercio detallista,Otro,Bogotá D.C.,2021-03-05 10:50:00,2021-03-05 17:13:00,2021-03-05 17:15:00,1,1820000.0,372000,False,165454.54545454544,91000.0,0,11,3,4,3,3,433,Leales,0,0,0,0,Valor medio-alto
D887T108PX,Comercio detallista,Tecnología,Cali,2021-02-05 14:15:00,2021-02-05 14:21:00,2021-02-05 14:23:00,1,8751000.0,0,False,1250142.857142857,437550.0,0,7,3,4,3,5,435,Leales,0,0,0,0,Valor medio-alto
D8S0XI8TXJ,Servicios,Diseño / Fotografía,Bogotá D.C.,2021-03-08 15:39:00,2021-03-08 15:56:00,2021-03-08 16:01:00,1,1262000.0,0,False,252400.0,63100.0,0,5,2,4,2,3,423,Nuevos / En crecimiento,0,0,0,0,Valor medio-alto
D8Y1H69O57,Comercio detallista,Materiales de construcción,Bogotá D.C.,2021-02-16 11:14:00,2021-02-16 11:31:00,2021-02-16 11:43:00,1,8010133.0,63000,False,348266.652173913,400506.65,0,23,4,4,4,5,445,Campeones,2,0,0,0,Valor medio-alto
D9B0MFYV37,Comercio detallista,Óptica,Bogotá D.C.,2021-03-17 12:54:00,2021-03-17 12:58:00,2021-03-17 13:00:00,1,1352000.0,550000,False,450666.6666666667,67600.0,0,3,2,4,2,3,423,Nuevos / En crecimiento,0,0,0,0,Valor medio-alto
D9CP15FM3V,Comercio detallista,Ropa / Accesorios,Bogotá D.C.,2021-03-24 18:12:00,2021-03-24 18:22:00,2021-03-24 18:25:00,1,74000.0,0,False,18500.0,3700.0,1,4,2,2,2,1,221,Perdidos / Hibernando,0,1,1,1,Valor medio
DA3XLA9K9R,Alimentos y bebidas,Restaurante / Café,Bogotá D.C.,,,,1,1121600.0,198900,False,36180.645161290326,56080.0,0,31,6,4,5,3,453,Leales,2,0,0,0,Valor medio-alto
DAGQFHSGM1,Comercio detallista,Ropa / Accesorios,Bogotá D.C.,2021-03-17 12:06:00,2021-03-17 12:13:00,2021-03-17 12:16:00,1,503000.0,0,False,45727.27272727273,25150.0,1,11,2,2,3,2,232,Potenciales,0,0,1,0,Valor medio-alto
DAM4SNP03E,Alimentos y bebidas,Comida rápida,Bogotá D.C.,2021-03-04 18:02:00,2021-03-04 18:15:00,2021-03-04 18:17:00,1,1339100.0,0,False,18598.61111111111,66955.0,0,72,3,4,5,3,453,Leales,2,0,0,0,Valor medio-alto
DAS6I1JCIY,Comercio detallista,Auto partes,Choachí,2021-03-08 10:56:00,2021-03-08 11:00:00,2021-03-08 11:15:00,1,4538190.0,858690,False,189091.25,226909.5,0,24,3,4,4,4,444,Campeones,2,0,0,0,Valor medio-alto
DASY7ESJD4,Comercio detallista,Otro,Bogotá D.C.,2021-03-19 10:20:00,2021-03-19 10:29:00,2021-03-19 10:34:00,1,3000.0,0,False,1500.0,150.0,2,2,1,1,1,1,111,Perdidos / Hibernando,1,1,2,1,Valor medio
DAWKBX49TF,Servicios,Otro,Caldas,2021-03-12 14:14:00,2021-03-12 16:18:00,2021-03-12 16:21:00,1,7737000.0,1390000,False,131135.59322033898,386850.0,0,59,3,4,5,5,455,Campeones,2,0,0,0,Valor medio-alto
DCFFYF70LY,Comercio detallista,Tecnología,Bogotá D.C.,2021-03-16 18:01:00,2021-03-16 18:09:00,2021-03-16 18:11:00,1,5811000.0,1222000,False,65292.13483146067,290550.0,0,89,3,4,5,4,454,Campeones,2,0,0,0,Valor medio-alto
DCIIS321YM,Servicios,Diseño / Fotografía,Bogotá D.C.,2021-02-10 17:36:00,2021-02-10 17:50:00,2021-02-10 17:52:00,1,15752000.0,0,False,2625333.3333333335,787600.0,2,6,2,1,2,5,125,Potenciales,0,0,1,0,Valor medio-alto
DCQ4R7ADXS,Servicios,Otro,Bogotá D.C.,,,,2,17559297.0,2673260,False,418078.5,877964.8500000001,0,42,6,4,5,5,455,Campeones,2,2,0,2,Valor alto
DCXKRBPUGU,Belleza y cuidado personal,Centro de tatuajes,Cali,2021-03-20 17:22:00,2021-03-20 17:30:00,2021-03-20 17:37:00,1,4098750.0,77250,False,819750.0,204937.5,0,5,3,4,2,4,424,Nuevos / En crecimiento,0,0,0,0,Valor medio-alto
DDQ69M9TCI,Alimentos y bebidas,Comida rápida,Bogotá D.C.,2021-02-20 13:59:00,2021-02-20 14:04:00,2021-02-20 14:12:00,1,3813121.0,460338,False,27631.3115942029,190656.05000000002,0,138,4,4,5,4,454,Campeones,2,0,0,0,Valor medio-alto
DE2EWB8CRD,Comercio detallista,Muebles / Decoración,Bogotá D.C.,,,,1,2000.0,0,False,2000.0,100.0,5,1,1,1,1,1,111,Perdidos / Hibernando,1,1,2,1,Valor medio
DE8IYWQ2VR,Alimentos y bebidas,Restaurante / Café,Soacha,2021-03-11 13:18:00,2021-03-11 14:09:00,2021-03-11 14:13:00,1,11510657.0,2307406,False,37739.85901639344,575532.85,0,305,3,4,5,5,455,Campeones,2,0,0,0,Valor medio-alto
DE9FKRR439,Comercio detallista,Elementos de seguridad,Cota,2021-03-19 15:59:00,2021-03-19 16:10:00,2021-03-19 16:15:00,1,237000.0,0,False,79000.0,11850.0,0,3,3,4,2,2,422,Nuevos / En crecimiento,0,0,1,0,Valor medio-alto
DER801WL2V,Comercio detallista,Muebles / Decoración,Bogotá D.C.,2021-02-12 17:05:00,2021-02-12 17:22:00,2021-02-12 17:24:00,1,12094000.0,4510000,False,863857.1428571428,604700.0,0,14,3,4,3,5,435,Leales,2,0,0,0,Valor medio-alto
DF4V54WGGI,Belleza y cuidado personal,Distribuidora,Bogotá D.C.,2021-03-24 14:18:00,2021-03-24 14:31:00,2021-03-24 14:33:00,1,3299300.0,702800,False,824825.0,164965.0,0,4,3,4,2,4,424,Nuevos / En crecimiento,0,0,0,0,Valor medio-alto
DFBSIO3GI2,Servicios,Tecnología y software,Bogotá D.C.,2021-02-10 12:38:00,2021-02-10 12:45:00,2021-02-10 12:46:00,1,202000.0,0,False,67333.33333333333,10100.0,1,3,2,2,2,2,222,Perdidos / Hibernando,0,0,1,0,Valor medio-alto
DG81FP3P1V,Alimentos y bebidas,Restaurante / Café,Bogotá D.C.,2021-03-29 14:29:00,2021-03-29 14:42:00,2021-03-29 14:44:00,1,2000.0,0,False,2000.0,100.0,2,1,1,1,1,1,111,Perdidos / Hibernando,1,1,2,1,Valor medio
DGNKZKDLFH,Alimentos y bebidas,Restaurante / Café,Bogotá D.C.,2021-03-15 16:24:00,2021-03-15 16:32:00,2021-03-15 16:35:00,1,2151200.0,599650,False,26234.146341463416,107560.0,0,82,3,4,5,3,453,Leales,2,0,0,0,Valor medio-alto
DGSLXYAZNX,Comercio detallista,Artesanías,Bogotá D.C.,2021-03-15 15:35:00,2021-03-15 15:47:00,2021-03-15 15:56:00,1,1456000.0,673000,False,91000.0,72800.0,0,16,3,4,4,3,443,Leales,0,0,0,0,Valor medio-alto
DHI7USM5AB,Comercio detallista,Ropa / Accesorios,Bogotá D.C.,2021-03-20 13:35:00,2021-03-20 13:59:00,2021-03-20 14:01:00,1,214000.0,0,False,26750.0,10700.0,0,8,3,4,3,2,432,Leales,0,0,1,0,Valor medio-alto
DHKST1O5E0,Alimentos y bebidas,Restaurante / Café,Bogotá D.C.,2021-03-11 10:08:00,2021-03-11 10:13:00,2021-03-11 10:17:00,1,468500.0,0,False,78083.33333333333,23425.0,2,6,1,1,2,2,122,Perdidos / Hibernando,0,1,1,1,Valor medio
DI41473SQA,Transporte,Servicio especial,Bogotá D.C.,2021-03-18 13:29:00,2021-03-18 16:06:00,2021-03-18 16:09:00,1,66000.0,0,False,22000.0,3300.0,1,3,2,2,2,1,221,Perdidos / Hibernando,0,1,1,1,Valor medio
DI7S77HE83,Comercio detallista,Ropa / Accesorios,Bogotá D.C.,2021-03-30 11:11:00,2021-03-30 11:27:00,,1,174570.5882352941,0,True,174570.5882352941,8728.529411764704,2,1,1,1,1,2,112,Perdidos / Hibernando,1,1,1,1,Valor medio
DID8B9PGI4,Alimentos y bebidas,Restaurante / Café,Chía,2021-03-18 12:31:00,2021-03-18 13:03:00,2021-03-18 13:09:00,1,315300.0,0,False,78825.0,15765.0,2,4,1,1,2,2,122,Perdidos / Hibernando,1,1,1,1,Valor medio
DIL5KF9A1V,Servicios,Medicina / Odontología,Bogotá D.C.,2021-03-30 13:31:00,2021-03-30 13:38:00,2021-03-30 13:42:00,1,746000.0,465000,False,373000.0,37300.0,1,2,2,2,1,2,212,Perdidos / Hibernando,0,0,1,0,Valor medio-alto
DIXIEP4GWY,Comercio detallista,Óptica,Bogotá D.C.,2021-02-08 13:52:00,2021-02-08 14:10:00,2021-02-08 14:24:00,1,9965000.0,0,False,383269.23076923075,498250.0,2,26,2,1,4,5,145,En riesgo (antes valiosos),2,0,1,0,Valor medio-alto
DIZTPHCW02,Comercio detallista,Otro,Bogotá D.C.,2021-03-10 13:46:00,2021-03-10 14:07:00,2021-03-10 14:11:00,1,21812450.0,2414000,False,335576.1538461539,1090622.5,0,65,3,4,5,5,455,Campeones,2,0,0,0,Valor medio-alto
DJ0NINIUE0,Comercio detallista,Elementos del hogar,Soacha,2021-03-03 16:03:00,2021-03-03 16:14:00,2021-03-03 16:20:00,1,5613000.0,135000,False,431769.23076923075,280650.0,0,13,3,4,3,4,434,Leales,2,0,0,0,Valor medio-alto
DKTAXGMF59,Comercio detallista,Óptica,Bogotá D.C.,2021-03-23 16:29:00,2021-03-23 16:46:00,2021-03-23 16:49:00,1,19597000.0,1315000,False,376865.3846153846,979850.0,0,52,3,4,5,5,455,Campeones,2,0,0,0,Valor medio-alto
DL8CEBVJEA,Belleza y cuidado personal,Salón de belleza,Bogotá D.C.,2021-03-16 10:37:00,2021-03-16 10:48:00,2021-03-16 10:50:00,1,754000.0,272000,False,251333.33333333334,37700.0,0,3,2,4,2,2,422,Nuevos / En crecimiento,0,0,0,0,Valor medio-alto
DL9T4K3VTS,Servicios,Tecnología y software,Bogotá D.C.,2021-03-17 10:45:00,2021-03-17 11:02:00,2021-03-17 11:05:00,1,2000.0,0,False,2000.0,100.0,2,1,1,1,1,1,111,Perdidos / Hibernando,1,1,2,1,Valor medio
DLGHWMI3QS,Alimentos y bebidas,Restaurante / Café,Choachí,2021-03-30 19:44:00,2021-03-30 19:50:00,2021-03-30 19:54:00,1,6480200.0,3350200,False,111727.58620689655,324010.0,0,58,3,4,5,5,455,Campeones,2,0,0,0,Valor medio-alto
DMAR5RV4XP,Comercio detallista,Mascotas,Soacha,2021-02-18 14:49:00,2021-02-18 15:12:00,2021-02-18 15:16:00,1,18232250.0,1316500,False,167268.3486238532,911612.5,0,109,4,4,5,5,455,Campeones,2,0,0,0,Valor medio-alto
DMBSQJ3C2L,Comercio detallista,Ropa / Accesorios,Madrid,2021-03-25 11:43:00,2021-03-25 12:27:00,2021-03-25 12:30:00,1,664000.0,200000,False,110666.66666666667,33200.0,0,6,3,4,2,2,422,Nuevos / En crecimiento,0,0,0,0,Valor medio-alto
DMD9DTY508,Comercio detallista,Materiales de construcción,Soacha,,,,1,12818030.0,0,False,267042.2916666667,640901.5,0,48,5,4,5,5,455,Campeones,2,0,0,0,Valor medio-alto
DNGA6YPHAZ,Servicios,Diseño / Fotografía,Bogotá D.C.,2021-03-09 13:05:00,2021-03-09 13:13:00,2021-03-09 13:16:00,1,1784000.0,0,False,356800.0,89200.0,1,5,2,2,2,3,223,Potenciales,0,0,1,0,Valor medio-alto
DNU6XXQF12,Belleza y cuidado personal,Distribuidora,Tuluá,2021-03-20 11:10:00,2021-03-20 11:20:00,2021-03-20 11:30:00,1,664700.0,177000,False,73855.55555555556,33235.0,0,9,3,4,3,2,432,Leales,0,0,0,0,Valor medio-alto
DNXOZCY5KK,Comercio detallista,Óptica,Bogotá D.C.,2021-03-26 13:44:00,2021-03-26 13:53:00,2021-03-26 13:55:00,1,19442000.0,5220000,False,441863.63636363635,972100.0,0,44,3,4,5,5,455,Campeones,2,0,0,0,Valor medio-alto
DOFYZR3W4S,Turismo y entretenimiento,Otro,Juan de Acosta,2021-02-02 06:17:00,2021-02-09 15:37:00,2021-02-11 16:46:00,1,30917000.0,0,False,1145074.0740740742,1545850.0,0,27,4,4,4,5,445,Campeones,2,0,0,0,Valor medio-alto
DOPST1A2HM,Comercio detallista,Floristería,Bogotá D.C.,2021-03-09 10:56:00,2021-03-09 11:08:00,2021-03-09 11:14:00,1,7000.0,0,False,3500.0,350.0,2,2,1,1,1,1,111,Perdidos / Hibernando,1,1,2,1,Valor medio
DP4JGMNDXF,Alimentos y bebidas,Restaurante / Café,Soacha,,,,1,2000.0,0,False,2000.0,100.0,5,1,1,1,1,1,111,Perdidos / Hibernando,1,1,2,1,Valor medio
DP4R8SQTDE,Servicios,Veterinaria,Bogotá D.C.,2021-03-15 19:12:00,2021-03-15 19:22:00,2021-03-15 19:25:00,1,347525.0,25000,False,38613.88888888889,17376.25,0,9,3,4,3,2,432,Leales,0,0,0,0,Valor medio-alto
DPIGE8FYAV,Servicios,Tecnología y software,Bogotá D.C.,2021-03-15 15:08:00,2021-03-15 15:21:00,2021-03-15 15:23:00,1,1647000.0,0,False,235285.7142857143,82350.0,0,7,3,4,3,3,433,Leales,0,0,0,0,Valor medio-alto
DPUYQL4XYS,Alimentos y bebidas,Comida rápida,Bogotá D.C.,2021-03-09 09:56:00,2021-03-09 10:08:00,2021-03-09 10:24:00,1,741600.0,83000,False,19015.384615384617,37080.0,0,39,3,4,5,2,452,Leales,2,0,0,0,Valor medio-alto
DQ73Q204YW,Comercio detallista,Materiales de construcción,Bogotá D.C.,2021-03-30 12:50:00,2021-03-30 12:57:00,2021-03-30 13:00:00,1,9617200.0,1171000,False,384688.0,480860.0,0,25,3,4,4,5,445,Campeones,2,0,0,0,Valor medio-alto
DQEUPQDC6N,Servicios,Tecnología y software,Bogotá D.C.,,,,1,15274450.0,2021800,False,664106.5217391305,763722.5,1,23,4,2,4,5,245,En riesgo (antes valiosos),2,0,0,0,Valor medio-alto
DQV14A2B9W,Alimentos y bebidas,Comida rápida,Bogotá D.C.,2021-02-05 14:18:00,2021-02-05 14:38:00,2021-02-05 18:47:00,1,1674900.0,78450,False,35636.17021276596,83745.0,0,47,4,4,5,3,453,Leales,2,0,0,0,Valor medio-alto
DR5QEPX4ND,Belleza y cuidado personal,Otro,Bogotá D.C.,2021-03-18 17:01:00,2021-03-18 17:09:00,2021-03-18 17:13:00,1,1300000.0,0,False,81250.0,65000.0,0,16,3,4,4,3,443,Leales,0,0,0,0,Valor medio-alto
DR6CLKKR5B,Comercio detallista,Auto partes,Bogotá D.C.,2021-03-09 17:48:00,2021-03-09 17:57:00,2021-03-09 18:01:00,1,4515900.0,882000,False,196343.47826086957,225795.0,0,23,3,4,4,4,444,Campeones,2,0,0,0,Valor medio-alto
DR8LRTCSQ4,Reparación y limpieza,Otro,Funza,2021-03-09 15:52:00,2021-03-09 16:06:00,2021-03-09 16:09:00,1,2000.0,0,False,2000.0,100.0,2,1,1,1,1,1,111,Perdidos / Hibernando,1,1,2,1,Valor medio
DSLBAOL71U,Comercio detallista,Elementos de seguridad,Bogotá D.C.,2021-03-12 14:19:00,2021-03-12 14:24:00,2021-03-12 14:26:00,1,5390932.0,0,False,269546.6,269546.60000000003,0,20,3,4,4,4,444,Campeones,2,0,0,0,Valor medio-alto
DSSFDVSK6V,Servicios,Tecnología y software,Bogotá D.C.,2021-03-15 16:08:00,2021-03-15 16:20:00,2021-03-15 16:22:00,1,4000.0,0,False,2000.0,200.0,1,2,2,2,1,1,211,Perdidos / Hibernando,1,1,1,1,Valor medio
DSZPZRXP47,Alimentos y bebidas,Comida rápida,Funza,2021-03-19 10:26:00,2021-03-19 10:38:00,2021-03-19 10:40:00,1,746100.0,12600,False,27633.333333333332,37305.0,0,27,3,4,4,2,442,Leales,2,0,0,0,Valor medio-alto
DT83QD0OET,Servicios,Veterinaria,Bogotá D.C.,2021-03-20 11:30:00,2021-03-20 11:41:00,2021-03-20 11:43:00,1,173500.0,86500,False,57833.333333333336,8675.0,0,3,2,4,2,2,422,Nuevos / En crecimiento,0,0,1,0,Valor medio-alto
DTIAERYDU8,Comercio detallista,Óptica,Bogotá D.C.,,,,1,4062000.0,240000,False,507750.0,203100.0,1,8,4,2,3,4,234,Potenciales,0,0,1,0,Valor medio-alto
DTIYG8FA2N,Comercio detallista,Materiales de construcción,Bogotá D.C.,,,,1,6865088.0,0,False,686508.8,343254.4,1,10,5,2,3,5,235,Potenciales,0,0,0,0,Valor medio-alto
DU4CG6E0KK,Servicios,Terapias,Bogotá D.C.,2021-02-19 19:38:00,2021-02-19 19:48:00,2021-02-19 19:52:00,1,2872000.0,300000,False,410285.71428571426,143600.0,0,7,3,4,3,4,434,Leales,0,0,0,0,Valor medio-alto
DU51U5LUMT,Comercio detallista,Óptica,Bogotá D.C.,2021-03-02 13:21:00,2021-03-02 13:26:00,2021-03-02 13:28:00,1,8533000.0,0,False,328192.3076923077,426650.0,0,26,3,4,4,5,445,Campeones,2,0,0,0,Valor medio-alto
DUIEG72RWU,Comercio detallista,Otro,Villa de San Diego de Ubate,2021-03-19 12:50:00,2021-03-19 13:09:00,2021-03-19 13:12:00,1,3027500.0,1343000,False,605500.0,151375.0,0,5,3,4,2,4,424,Nuevos / En crecimiento,0,0,0,0,Valor medio-alto
DV921XEE8T,Comercio detallista,Electrodomésticos,Choachí,2021-03-03 18:39:00,2021-03-03 18:54:00,2021-03-03 18:59:00,1,3614500.0,200000,False,602416.6666666666,180725.0,1,6,2,2,2,4,224,Potenciales,0,0,1,0,Valor medio-alto
DVF7H6NTSV,Comercio detallista,Elementos del hogar,Bogotá D.C.,2021-03-03 13:17:00,2021-03-03 13:27:00,2021-03-03 13:30:00,1,2357500.0,353000,False,63716.21621621621,117875.0,0,37,3,4,5,3,453,Leales,2,0,0,0,Valor medio-alto
DXMWUHW48Y,Comercio detallista,Materiales de construcción,Bogotá D.C.,2021-02-09 16:23:00,2021-02-09 16:30:00,2021-02-09 16:33:00,1,2114200.0,391700,False,105710.0,105710.0,0,20,4,4,4,3,443,Leales,2,0,0,0,Valor medio-alto
DY2E6DT3ZP,Turismo y entretenimiento,Entretenimiento,Bogotá D.C.,2021-03-31 12:26:00,2021-03-31 12:36:00,2021-03-31 12:39:00,1,2000.0,0,False,2000.0,100.0,2,1,1,1,1,1,111,Perdidos / Hibernando,1,1,2,1,Valor medio
DYWTJM0WEO,Comercio detallista,Ropa / Accesorios,Bogotá D.C.,2021-03-05 18:22:00,2021-03-05 18:30:00,2021-03-05 18:33:00,1,3857000.0,645000,False,133000.0,192850.0,0,29,3,4,5,4,454,Campeones,2,0,0,0,Valor medio-alto
DZ4TAPD7L1,Reparación y limpieza,Moda / Zapatería,Bogotá D.C.,2021-03-11 13:04:00,2021-03-11 13:15:00,2021-03-11 13:20:00,1,2485000.0,490000,False,80161.29032258065,124250.0,0,31,3,4,5,3,453,Leales,2,0,0,0,Valor medio-alto
E0GD14FIB4,Comercio detallista,Ropa / Accesorios,Bogotá D.C.,2021-03-08 12:51:00,2021-03-08 13:07:00,2021-03-08 13:09:00,1,2902000.0,734000,False,103642.85714285714,145100.0,0,28,3,4,4,4,444,Campeones,2,0,0,0,Valor medio-alto
E0HB3Q6T0H,Alimentos y bebidas,Restaurante / Café,Bogotá D.C.,2021-03-08 13:08:00,2021-03-08 13:20:00,2021-03-08 13:22:00,1,484350.0,0,False,22015.909090909092,24217.5,0,22,3,4,4,2,442,Leales,2,0,0,0,Valor medio-alto
E15YOUIETT,Servicios,Carpintería,Madrid,2021-03-15 17:27:00,2021-03-15 17:34:00,2021-03-15 17:42:00,1,6124000.0,0,False,1020666.6666666666,306200.0,0,6,3,4,2,4,424,Nuevos / En crecimiento,0,0,0,0,Valor medio-alto
E1HIB4LZPX,Reparación y limpieza,Moda / Zapatería,Bogotá D.C.,2021-02-23 15:50:00,2021-02-23 16:00:00,2021-02-23 16:03:00,1,52000.0,0,False,17333.333333333332,2600.0,2,3,2,1,2,1,121,Perdidos / Hibernando,1,1,1,1,Valor medio
E2NQWEPT01,Comercio detallista,Óptica,Bogotá D.C.,,,,1,17643000.0,1610000,False,320781.8181818182,882150.0,0,55,5,4,5,5,455,Campeones,2,0,0,0,Valor medio-alto
E3AHZU5GGE,Reparación y limpieza,Automotriz y autopartes,Bogotá D.C.,2021-03-23 11:26:00,2021-03-23 11:34:00,2021-03-23 11:37:00,1,2000.0,0,False,2000.0,100.0,2,1,1,1,1,1,111,Perdidos / Hibernando,1,1,2,1,Valor medio
E3NB1UNLOU,Servicios,Medicina / Odontología,Bogotá D.C.,2021-02-03 12:20:00,2021-02-03 12:38:00,2021-02-03 12:40:00,1,2968500.0,1531400,False,212035.7142857143,148425.0,0,14,3,4,3,4,434,Leales,0,0,0,0,Valor medio-alto
E3TRE9DAJA,Belleza y cuidado personal,Salón de belleza,Bogotá D.C.,2021-02-10 12:37:00,2021-02-10 12:47:00,2021-02-10 13:09:00,1,16730000.0,1010000,False,253484.84848484848,836500.0,0,66,4,4,5,5,455,Campeones,2,0,0,0,Valor medio-alto
E3Y5JNPXCH,Servicios,Medicina / Odontología,Bogotá D.C.,2021-03-09 11:29:00,2021-03-09 11:58:00,2021-03-09 12:02:00,1,3425000.0,586000,False,97857.14285714286,171250.0,0,35,3,4,5,4,454,Campeones,2,0,0,0,Valor medio-alto
E4XG72YSS5,Belleza y cuidado personal,Distribuidora,Bogotá D.C.,2021-03-20 17:24:00,2021-03-20 17:29:00,2021-03-20 17:31:00,1,762500.0,16000,False,44852.94117647059,38125.0,0,17,3,4,4,2,442,Leales,0,0,0,0,Valor medio-alto
E52AP4FTD8,Comercio detallista,Auto partes,Bogotá D.C.,2021-02-24 17:23:00,2021-02-24 17:31:00,2021-02-24 17:34:00,1,35801000.0,5243000,False,250356.64335664336,1790050.0,0,143,4,4,5,5,455,Campeones,2,0,0,0,Valor medio-alto
E6A71HUKMB,Reparación y limpieza,Automotriz y autopartes,Bogotá D.C.,2021-03-12 12:07:00,2021-03-12 12:15:00,2021-03-12 12:19:00,1,8447000.0,2207000,False,222289.47368421053,422350.0,0,38,3,4,5,5,455,Campeones,2,0,0,0,Valor medio-alto
E6D0E1VLZF,Alimentos y bebidas,Abarrotes / Mercado,Bogotá D.C.,2021-02-10 19:51:00,2021-02-10 20:01:00,2021-02-10 20:04:00,2,2323650.0,0,False,35206.818181818184,116182.5,0,66,4,4,5,3,453,Leales,2,2,0,2,Valor alto
E6VX2JWGQW,Comercio detallista,Electrodomésticos,Bogotá D.C.,2021-03-12 11:19:00,2021-03-12 11:26:00,2021-03-12 11:30:00,1,1002000.0,0,False,334000.0,50100.0,1,3,2,2,2,3,223,Potenciales,0,0,1,0,Valor medio-alto
E6WMPDA5BH,Alimentos y bebidas,Comida rápida,Bogotá D.C.,2021-03-23 16:43:00,2021-03-23 16:54:00,2021-03-23 16:59:00,1,355000.0,91200,False,27307.69230769231,17750.0,0,13,2,4,3,2,432,Leales,0,0,0,0,Valor medio-alto
E73K1PXPMQ,Servicios,Medicina / Odontología,Bogotá D.C.,,,,1,80330200.0,17596000,False,2591296.7741935486,4016510.0,0,31,6,4,5,5,455,Campeones,2,0,0,0,Valor medio-alto
E7K105W1UN,Alimentos y bebidas,Comida rápida,Bogotá D.C.,2021-03-23 15:40:00,2021-03-23 15:48:00,2021-03-23 15:55:00,1,9573200.0,2599700,False,59093.82716049383,478660.0,0,162,3,4,5,5,455,Campeones,2,0,0,0,Valor medio-alto
E9NWEHGSD8,Servicios,Tecnología y software,Madrid,2021-03-25 10:28:00,2021-03-25 10:40:00,2021-03-25 10:43:00,1,1000.0,0,False,1000.0,50.0,2,1,1,1,1,1,111,Perdidos / Hibernando,1,1,2,1,Valor medio
EA41W7MR0G,Alimentos y bebidas,Abarrotes / Mercado,Soacha,2021-03-16 10:12:00,2021-03-16 17:18:00,2021-03-16 17:24:00,1,570150.0,46700,False,31675.0,28507.5,0,18,3,4,4,2,442,Leales,0,0,0,0,Valor medio-alto
EAG2VA3X5E,Reparación y limpieza,Automotriz y autopartes,Jamundí,2021-03-30 12:10:00,2021-03-30 12:17:00,,1,159915.4135338346,0,True,159915.4135338346,7995.77067669173,2,1,1,1,1,1,111,Perdidos / Hibernando,1,1,1,1,Valor medio
EAPN6NMSLO,Comercio detallista,Óptica,Fusagasugá,2021-02-12 12:47:00,2021-02-12 13:07:00,2021-02-12 13:09:00,1,2000.0,0,False,2000.0,100.0,3,1,1,1,1,1,111,Perdidos / Hibernando,1,1,2,1,Valor medio
EB9TZS03QA,Comercio detallista,Óptica,Tocancipá,2021-02-08 17:04:00,2021-02-08 17:12:00,2021-02-08 17:14:00,1,12630000.0,1323000,False,164025.97402597402,631500.0,0,77,4,4,5,5,455,Campeones,2,0,0,0,Valor medio-alto
ECFA94KW43,Comercio detallista,Óptica,Bogotá D.C.,2021-03-05 15:03:00,2021-03-05 15:14:00,2021-03-05 15:18:00,1,986000.0,0,False,140857.14285714287,49300.0,2,7,1,1,3,3,133,Potenciales,0,1,1,1,Valor medio
ECGTFEGY7G,Comercio detallista,Auto partes,Cali,2021-02-16 18:18:00,2021-02-16 18:29:00,2021-02-16 18:32:00,1,1663000.0,0,False,237571.42857142858,83150.0,1,7,3,2,3,3,233,Potenciales,0,0,1,0,Valor medio-alto
ED0TWWY6V6,Comercio detallista,Otro,Bogotá D.C.,2021-02-22 13:30:00,2021-02-22 13:41:00,2021-02-22 13:47:00,1,8692700.0,2667500,False,263415.1515151515,434635.0,0,33,4,4,5,5,455,Campeones,2,0,0,0,Valor medio-alto
EF457MTZTJ,Comercio detallista,Electrodomésticos,Soacha,2021-02-09 10:13:00,2021-02-09 10:22:00,2021-02-09 10:26:00,1,62000.0,0,False,20666.666666666668,3100.0,1,3,2,2,2,1,221,Perdidos / Hibernando,0,1,1,1,Valor medio
EFTCJZFTKJ,Reparación y limpieza,Reparaciones locativas,Soacha,2021-02-19 18:09:00,2021-02-19 18:18:00,2021-02-19 18:21:00,1,3767000.0,3180000,False,941750.0,188350.0,1,4,3,2,2,4,224,Potenciales,0,0,1,0,Valor medio-alto
EG7BDL6U5H,Belleza y cuidado personal,Spa,Bogotá D.C.,2021-03-24 11:58:00,2021-03-24 12:13:00,2021-03-24 12:16:00,1,509000.0,33000,False,101800.0,25450.0,0,5,3,4,2,2,422,Nuevos / En crecimiento,0,0,1,0,Valor medio-alto
EGCQF4DWV7,Servicios,Logística,Bogotá D.C.,2021-03-05 17:16:00,2021-03-05 17:34:00,2021-03-05 17:36:00,1,57000.0,0,False,14250.0,2850.0,2,4,1,1,2,1,121,Perdidos / Hibernando,1,1,1,1,Valor medio
EGR67KAGR4,Comercio detallista,Libros / Papelería,Sibaté,2021-03-09 15:37:00,2021-03-09 15:45:00,2021-03-09 15:47:00,1,254542.0,15000,False,36363.142857142855,12727.1,0,7,3,4,3,2,432,Leales,0,0,1,0,Valor medio-alto
EGTKQZUJLE,Servicios,Arquitectura e ingeniería,Bogotá D.C.,2021-03-23 15:42:00,2021-03-23 15:51:00,2021-03-23 15:54:00,1,502000.0,0,False,167333.33333333334,25100.0,1,3,2,2,2,2,222,Perdidos / Hibernando,0,0,1,0,Valor medio-alto
EH2RRAQK8I,Alimentos y bebidas,Licores,Cali,2021-03-13 16:10:00,2021-03-13 16:19:00,2021-03-13 16:21:00,1,2311100.0,1012300,False,115555.0,115555.0,0,20,3,4,4,3,443,Leales,2,0,0,0,Valor medio-alto
EH48A3P812,Transporte,Taxi,Cali,2021-03-13 13:47:00,2021-03-13 14:05:00,2021-03-13 14:08:00,1,1000.0,0,False,1000.0,50.0,2,1,1,1,1,1,111,Perdidos / Hibernando,1,1,2,1,Valor medio
EHO8ORC6V9,Reparación y limpieza,Reparaciones locativas,Soacha,,,,1,4696500.0,0,False,782750.0,234825.0,0,6,3,4,2,4,424,Nuevos / En crecimiento,0,0,0,0,Valor medio-alto
EIMRQ8EZ86,Alimentos y bebidas,Restaurante / Café,Tenjo,2021-03-23 14:35:00,2021-03-23 14:55:00,2021-03-23 15:01:00,1,1100.0,0,False,1100.0,55.0,2,1,1,1,1,1,111,Perdidos / Hibernando,1,1,2,1,Valor medio
EIPQ6LIED5,Comercio detallista,Elementos de seguridad,Bogotá D.C.,2021-03-25 12:18:00,2021-03-25 12:31:00,2021-03-25 12:34:00,1,855000.0,258000,False,142500.0,42750.0,0,6,2,4,2,2,422,Nuevos / En crecimiento,0,0,0,0,Valor medio-alto
EIVQHII7JA,Belleza y cuidado personal,Estilista independiente,Bogotá D.C.,2021-03-06 12:31:00,2021-03-06 12:42:00,2021-03-06 12:51:00,1,626000.0,178000,False,69555.55555555556,31300.0,0,9,3,4,3,2,432,Leales,0,0,0,0,Valor medio-alto
EJ0R5MCDI8,Comercio detallista,Otro,Bogotá D.C.,2021-03-17 10:22:00,2021-03-17 10:33:00,2021-03-17 10:37:00,1,325850.0,102700,False,65170.0,16292.5,0,5,3,4,2,2,422,Nuevos / En crecimiento,0,0,1,0,Valor medio-alto
EJC0246CXZ,Comercio detallista,Ropa / Accesorios,Bogotá D.C.,2021-03-03 20:32:00,2021-03-03 20:38:00,2021-03-03 20:40:00,1,907000.0,485000,False,100777.77777777778,45350.0,0,9,3,4,3,2,432,Leales,0,0,0,0,Valor medio-alto
EJN3R7Z87Q,Comercio detallista,Tecnología,Bogotá D.C.,2021-03-16 14:36:00,2021-03-16 14:45:00,2021-03-16 15:01:00,1,21410000.0,0,False,362881.3559322034,1070500.0,0,59,3,4,5,5,455,Campeones,2,0,0,0,Valor medio-alto
EJRFMFCI3Z,Servicios,Otro,Medellín,2021-03-12 16:37:00,2021-03-12 16:42:00,2021-03-12 16:43:00,1,12393000.0,1260000,False,93886.36363636363,619650.0,0,132,3,4,5,5,455,Campeones,2,0,0,0,Valor medio-alto
EK29CKNPSC,Belleza y cuidado personal,Distribuidora,Bogotá D.C.,2021-03-25 12:41:00,2021-03-25 12:50:00,2021-03-25 12:54:00,1,385800.0,53500,False,42866.666666666664,19290.0,1,9,2,2,3,2,232,Potenciales,0,0,1,0,Valor medio-alto
EK70J8MYI6,Servicios,Tecnología y software,Bogotá D.C.,2021-03-10 15:43:00,2021-03-10 15:49:00,2021-03-10 15:50:00,1,2000.0,0,False,2000.0,100.0,2,1,1,1,1,1,111,Perdidos / Hibernando,1,1,2,1,Valor medio
EKPA345T2O,Servicios,Tecnología y software,Bogotá D.C.,2021-02-08 09:18:00,2021-02-08 09:27:00,2021-02-08 09:29:00,1,9000.0,0,False,3000.0,450.0,3,3,1,1,2,1,121,Perdidos / Hibernando,1,1,2,1,Valor medio
ENH7YT22OF,Alimentos y bebidas,Repostería / Panadería,Cali,,2021-02-13 10:48:00,2021-02-13 10:54:00,1,171000.0,0,False,42750.0,8550.0,3,4,1,1,2,1,121,Perdidos / Hibernando,1,1,1,1,Valor medio
ENIURKO2SF,Comercio detallista,Auto partes,Bogotá D.C.,2021-03-16 14:32:00,2021-03-16 14:50:00,2021-03-16 15:01:00,1,4185200.0,580000,False,279013.3333333333,209260.0,0,15,3,4,4,4,444,Campeones,2,0,0,0,Valor medio-alto
EO61OWL74Y,Servicios,Contabilidad / Asesorías,Bogotá D.C.,2021-02-23 18:54:00,2021-02-23 19:10:00,2021-02-23 19:12:00,1,2000.0,0,False,2000.0,100.0,3,1,1,1,1,1,111,Perdidos / Hibernando,1,1,2,1,Valor medio
EO8WKWCXBQ,Turismo y entretenimiento,Entretenimiento,Bogotá D.C.,2021-03-13 14:11:00,2021-03-13 14:24:00,2021-03-13 14:27:00,1,3841650.0,1000000,False,426850.0,192082.5,0,9,3,4,3,4,434,Leales,0,0,0,0,Valor medio-alto
EOIX8EJFSG,Servicios,Arquitectura e ingeniería,Chía,2021-03-03 11:34:00,2021-03-03 11:49:00,2021-03-03 11:51:00,1,2000.0,0,False,2000.0,100.0,2,1,1,1,1,1,111,Perdidos / Hibernando,1,1,2,1,Valor medio
EOLG59EU54,Servicios,Tecnología y software,Bogotá D.C.,2021-03-19 18:09:00,2021-03-19 18:18:00,2021-03-19 18:21:00,1,1047500.0,283500,False,174583.33333333334,52375.0,0,6,2,4,2,3,423,Nuevos / En crecimiento,0,0,0,0,Valor medio-alto
EPKT0SKAJV,Comercio detallista,Otro,Funza,2021-03-13 16:54:00,2021-03-13 17:24:00,2021-03-13 17:26:00,1,113000.0,0,False,37666.666666666664,5650.0,1,3,2,2,2,1,221,Perdidos / Hibernando,0,1,1,1,Valor medio
EQ7XBC6430,Transporte,Servicio especial,Bogotá D.C.,2021-03-24 10:07:00,2021-03-24 10:18:00,2021-03-24 10:21:00,1,1002000.0,0,False,501000.0,50100.0,1,2,2,2,1,3,213,Potenciales,0,0,1,0,Valor medio-alto
EQAI0ZGKGY,Comercio detallista,Otro,Bogotá D.C.,,,,1,2000.0,0,False,2000.0,100.0,4,1,1,1,1,1,111,Perdidos / Hibernando,1,1,2,1,Valor medio
EQT0X28MYE,Comercio detallista,Óptica,Bogotá D.C.,,,,1,2349000.0,0,False,213545.45454545456,117450.0,1,11,4,2,3,3,233,Potenciales,0,0,1,0,Valor medio-alto
EQZL0GKY30,Servicios,Otro,Medellín,2021-03-12 16:48:00,2021-03-12 16:56:00,2021-03-12 16:59:00,1,5540000.0,2485000,False,138500.0,277000.0,0,40,3,4,5,4,454,Campeones,2,0,0,0,Valor medio-alto
ERC5OB3SM1,Comercio detallista,Ropa / Accesorios,Barranquilla,2021-03-13 13:06:00,2021-03-13 13:28:00,2021-03-13 14:02:00,1,7230040.0,838530,False,328638.1818181818,361502.0,0,22,3,4,4,5,445,Campeones,2,0,0,0,Valor medio-alto
ERLETO5YXC,Servicios,Tecnología y software,Bogotá D.C.,2021-03-08 18:19:00,2021-03-08 18:23:00,2021-03-08 18:26:00,1,5599900.0,815000,False,329405.8823529412,279995.0,0,17,3,4,4,4,444,Campeones,2,0,0,0,Valor medio-alto
ERVFJIP9LE,Comercio detallista,Ropa / Accesorios,Bogotá D.C.,2021-03-18 11:12:00,2021-03-18 11:18:00,2021-03-18 11:26:00,1,1342000.0,0,False,63904.76190476191,67100.0,0,21,3,4,4,3,443,Leales,2,0,0,0,Valor medio-alto
ES9PBAUMP6,Servicios,Otro,Bogotá D.C.,2021-02-03 11:11:00,2021-02-03 11:22:00,2021-02-03 11:24:00,1,9897000.0,0,False,706928.5714285715,494850.0,0,14,4,4,3,5,435,Leales,2,0,0,0,Valor medio-alto
ESMO710S4U,Turismo y entretenimiento,Eventos / Festivales,Bogotá D.C.,2021-02-18 19:15:00,2021-02-18 19:26:00,2021-02-18 19:28:00,1,15933900.0,1891000,False,133898.3193277311,796695.0,0,119,4,4,5,5,455,Campeones,2,0,0,0,Valor medio-alto
ET84Z5TAEC,Comercio detallista,Materiales de construcción,Bogotá D.C.,2021-03-06 10:27:00,2021-03-06 10:39:00,2021-03-06 10:43:00,1,6848035.0,788320,False,244572.67857142858,342401.75,0,28,3,4,4,5,445,Campeones,2,0,0,0,Valor medio-alto
ETUR5HE65M,Comercio detallista,Ropa / Accesorios,Bogotá D.C.,,,,1,5047000.0,130000,False,123097.56097560975,252350.0,0,41,6,4,5,4,454,Campeones,2,0,0,0,Valor medio-alto
EUT5E1OHLO,Comercio detallista,Óptica,Bogotá D.C.,,,,1,20925000.0,6906000,False,486627.9069767442,1046250.0,0,43,5,4,5,5,455,Campeones,2,0,0,0,Valor medio-alto
EUY3ZY9SDD,Servicios,Otro,Bogotá D.C.,2021-03-11 16:30:00,2021-03-11 16:39:00,2021-03-11 16:41:00,1,3674000.0,0,False,229625.0,183700.0,0,16,3,4,4,4,444,Campeones,2,0,0,0,Valor medio-alto
EUZBP66XOY,Alimentos y bebidas,Bar / Club / Discoteca,Bogotá D.C.,2021-03-29 09:08:00,2021-03-29 09:13:00,2021-03-29 09:21:00,1,12543000.0,4792000,False,202306.4516129032,627150.0,0,62,3,4,5,5,455,Campeones,2,0,0,0,Valor medio-alto
EV8BCDZ4XB,Comercio detallista,Juguetería / Piñatería,Bogotá D.C.,2021-03-12 11:47:00,2021-03-12 11:52:00,2021-03-12 11:53:00,1,2121950.0,215000,False,53048.75,106097.5,0,40,3,4,5,3,453,Leales,2,0,0,0,Valor medio-alto
EV9MPTZRZP,Comercio detallista,Elementos de seguridad,Bogotá D.C.,2021-03-20 11:12:00,2021-03-20 11:21:00,2021-03-20 11:26:00,1,19471200.0,2743500,False,811300.0,973560.0,0,24,3,4,4,5,445,Campeones,2,0,0,0,Valor medio-alto
EVL22AHEJ8,Comercio detallista,Tecnología,Bogotá D.C.,2021-03-20 13:06:00,2021-03-20 13:14:00,2021-03-20 13:16:00,1,2692060.0,320000,False,538412.0,134603.0,0,5,3,4,2,4,424,Nuevos / En crecimiento,0,0,0,0,Valor medio-alto
EVPEO560JW,Comercio detallista,Otro,Bogotá D.C.,2021-03-20 12:16:00,2021-03-20 12:29:00,2021-03-20 12:31:00,1,613800.0,120700,False,38362.5,30690.0,0,16,3,4,4,2,442,Leales,0,0,0,0,Valor medio-alto
EWI9LRZOJ7,Servicios,Otro,Bogotá D.C.,2021-03-03 14:50:00,2021-03-03 15:00:00,2021-03-03 15:02:00,1,1211437.0,54850,False,37857.40625,60571.850000000006,0,32,3,4,5,3,453,Leales,2,0,0,0,Valor medio-alto
EXI9MPB2AO,Alimentos y bebidas,Bar / Club / Discoteca,Bogotá D.C.,2021-03-08 18:28:00,2021-03-08 18:42:00,2021-03-08 18:56:00,1,5143000.0,421200,False,65935.89743589744,257150.0,0,78,3,4,5,4,454,Campeones,2,0,0,0,Valor medio-alto
EXKC1F2FDP,Servicios,Tecnología y software,Bogotá D.C.,,,,1,9531140.0,5071040,False,453863.8095238095,476557.0,0,21,5,4,4,5,445,Campeones,2,0,0,0,Valor medio-alto
EYLFJ1A5MU,Servicios,Logística,Bogotá D.C.,2021-03-09 15:49:00,2021-03-09 15:55:00,2021-03-09 15:57:00,1,15212000.0,1400000,False,1170153.8461538462,760600.0,0,13,3,4,3,5,435,Leales,2,0,0,0,Valor medio-alto
EZ3QMU7DP6,Servicios,Medicina / Odontología,Bogotá D.C.,2021-03-20 16:20:00,2021-03-20 16:30:00,2021-03-20 16:34:00,1,156500.0,0,False,78250.0,7825.0,1,2,2,2,1,1,211,Perdidos / Hibernando,0,0,1,0,Valor medio-alto
F06G2GFZ41,Comercio detallista,Elementos del hogar,Sibaté,2021-03-13 16:20:00,2021-03-13 16:27:00,2021-03-13 16:37:00,1,1517000.0,0,False,379250.0,75850.0,0,4,2,4,2,3,423,Nuevos / En crecimiento,0,0,0,0,Valor medio-alto
F0NI65Y4E9,Belleza y cuidado personal,Distribuidora,Bogotá D.C.,2021-03-19 11:30:00,2021-03-19 11:41:00,2021-03-19 11:43:00,1,340700.0,76700,False,30972.727272727272,17035.0,0,11,3,4,3,2,432,Leales,0,0,0,0,Valor medio-alto
F180MWIBAX,Transporte,Otro,Bogotá D.C.,2021-02-24 13:02:00,2021-02-24 13:11:00,2021-02-24 13:18:00,1,5900000.0,700000,False,268181.8181818182,295000.0,0,22,4,4,4,4,444,Campeones,2,0,0,0,Valor medio-alto
F1NDS5PTTS,Comercio detallista,Ropa / Accesorios,Bogotá D.C.,2021-03-12 13:38:00,2021-03-12 13:53:00,2021-03-12 13:57:00,1,2313600.0,0,False,231360.0,115680.0,0,10,3,4,3,3,433,Leales,0,0,0,0,Valor medio-alto
F1OG1SHNHN,Alimentos y bebidas,Comida rápida,Bogotá D.C.,,,,1,1519500.0,28000,False,29221.153846153848,75975.0,0,52,5,4,5,3,453,Leales,2,0,0,0,Valor medio-alto
F2O1Q31H5P,Comercio detallista,Elementos del hogar,Bogotá D.C.,2021-03-08 11:29:00,2021-03-08 11:35:00,2021-03-08 11:38:00,1,13306800.0,1960600,False,887120.0,665340.0,0,15,3,4,4,5,445,Campeones,2,0,0,0,Valor medio-alto
F37NI04ZVB,Comercio detallista,Ropa / Accesorios,La Calera,2021-03-23 16:49:00,2021-03-23 17:12:00,2021-03-23 17:16:00,1,1877300.0,569000,False,78220.83333333333,93865.0,0,24,3,4,4,3,443,Leales,2,0,0,0,Valor medio-alto
F385BS9ICW,Educación,Talleres / Cursos / Capacitaciones,Bogotá D.C.,2021-03-16 16:11:00,2021-03-16 16:17:00,2021-03-16 16:19:00,1,175000.0,0,False,58333.333333333336,8750.0,2,3,1,1,2,2,122,Perdidos / Hibernando,1,1,1,1,Valor medio
F3QOWHOWZV,Alimentos y bebidas,Abarrotes / Mercado,Bogotá D.C.,2021-02-13 10:50:00,2021-02-13 11:12:00,2021-02-13 11:15:00,1,381000.0,377000,False,190500.0,19050.0,0,2,2,4,1,2,412,Nuevos / En crecimiento,0,0,1,0,Valor medio-alto
F4FXYY12LX,Comercio detallista,Ropa / Accesorios,Bogotá D.C.,2021-03-30 12:53:00,2021-03-30 13:10:00,2021-03-30 13:12:00,1,771000.0,56000,False,59307.692307692305,38550.0,0,13,3,4,3,2,432,Leales,0,0,0,0,Valor medio-alto
F4LYF5IL1W,Belleza y cuidado personal,Distribuidora,Bogotá D.C.,2021-03-06 18:00:00,2021-03-06 18:11:00,2021-03-06 18:14:00,1,83900.0,0,False,41950.0,4195.0,0,2,2,4,1,1,411,Nuevos / En crecimiento,0,0,1,0,Valor medio-alto
F4PXTZW2UP,Servicios,Otro,Bogotá D.C.,2021-02-18 11:28:00,2021-02-18 11:36:00,2021-02-18 11:39:00,1,2639050.0,1007000,False,114741.30434782608,131952.5,0,23,4,4,4,4,444,Campeones,2,0,0,0,Valor medio-alto
F4T1KKA9XN,Belleza y cuidado personal,Distribuidora,Bogotá D.C.,2021-03-12 14:39:00,2021-03-12 14:47:00,2021-03-12 14:50:00,1,381000.0,0,False,95250.0,19050.0,1,4,2,2,2,2,222,Perdidos / Hibernando,0,0,1,0,Valor medio-alto
F4U4CRZ2O8,Servicios,Arquitectura e ingeniería,Bogotá D.C.,2021-03-11 08:16:00,2021-03-11 08:36:00,2021-03-11 08:41:00,1,2000.0,0,False,2000.0,100.0,2,1,1,1,1,1,111,Perdidos / Hibernando,1,1,2,1,Valor medio
F4YEAH3Z7Y,Servicios,Arquitectura e ingeniería,Bogotá D.C.,2021-03-10 13:33:00,2021-03-10 13:47:00,2021-03-10 13:49:00,1,7226000.0,0,False,1445200.0,361300.0,0,5,3,4,2,5,425,Nuevos / En crecimiento,0,0,0,0,Valor medio-alto
F4ZA8KP7VM,Comercio detallista,Materiales de construcción,Bogotá D.C.,2021-03-26 16:19:00,2021-03-27 18:54:00,2021-03-27 18:55:00,1,1000.0,0,False,1000.0,50.0,2,1,1,1,1,1,111,Perdidos / Hibernando,1,1,2,1,Valor medio
F5T78LFMR3,Alimentos y bebidas,Repostería / Panadería,Cali,2021-03-29 09:50:00,2021-03-30 15:29:00,,1,37300.0,0,True,37300.0,1865.0,2,1,1,1,1,1,111,Perdidos / Hibernando,1,1,1,1,Valor medio
F6D1ZICKH9,Servicios,Tecnología y software,Soacha,2021-03-25 12:54:00,2021-03-25 13:00:00,2021-03-25 13:06:00,1,2006000.0,0,False,334333.3333333333,100300.0,1,6,2,2,2,3,223,Potenciales,0,0,1,0,Valor medio-alto
F6ZTP77AIZ,Comercio detallista,Muebles / Decoración,Bogotá D.C.,2021-02-12 18:50:00,2021-02-12 19:06:00,2021-02-12 19:08:00,1,20689500.0,2123000,False,422234.693877551,1034475.0,0,49,4,4,5,5,455,Campeones,2,0,0,0,Valor medio-alto
F722D6SR21,Alimentos y bebidas,Abarrotes / Mercado,Bogotá D.C.,2021-03-17 12:48:00,2021-03-17 12:57:00,2021-03-17 12:59:00,1,4585800.0,717500,False,72790.47619047618,229290.0,0,63,3,4,5,4,454,Campeones,2,0,0,0,Valor medio-alto
F73JX9NLVE,Comercio detallista,Auto partes,Bogotá D.C.,2021-03-24 11:00:00,2021-03-24 11:06:00,2021-03-24 11:10:00,1,996184.0,189600,False,66412.26666666666,49809.200000000004,0,15,3,4,4,3,443,Leales,0,0,0,0,Valor medio-alto
F75XA7QS7Q,Comercio detallista,Mascotas,Bogotá D.C.,2021-03-18 11:07:00,2021-03-18 11:11:00,2021-03-27 20:38:00,1,1428059.0,228225,False,285611.8,71402.95,0,5,2,4,2,3,423,Nuevos / En crecimiento,0,0,0,0,Valor medio-alto
F7BQUP7JPW,Comercio detallista,Mascotas,Jamundí,2021-03-23 12:42:00,2021-03-23 12:56:00,2021-03-23 13:01:00,1,1000.0,0,False,1000.0,50.0,2,1,1,1,1,1,111,Perdidos / Hibernando,1,1,2,1,Valor medio
F8AXC45AAH,Comercio detallista,Muebles / Decoración,Bogotá D.C.,2021-03-08 17:09:00,2021-03-08 17:18:00,2021-03-08 17:21:00,1,6398000.0,350000,False,914000.0,319900.0,0,7,2,4,3,5,435,Leales,0,0,0,0,Valor medio-alto
F8HAGY1M3T,Transporte,Servicio especial,Bogotá D.C.,2021-03-19 11:10:00,2021-03-19 11:16:00,2021-03-19 11:18:00,1,1000.0,0,False,1000.0,50.0,2,1,1,1,1,1,111,Perdidos / Hibernando,1,1,2,1,Valor medio
F8NJCIP7PF,Belleza y cuidado personal,Salón de belleza,Bogotá D.C.,2021-03-08 15:20:00,2021-03-08 15:33:00,2021-03-08 15:35:00,1,2000.0,0,False,2000.0,100.0,2,1,1,1,1,1,111,Perdidos / Hibernando,1,1,2,1,Valor medio
F9HY0SMQ0I,Comercio detallista,Elementos del hogar,Bogotá D.C.,2021-03-23 10:56:00,2021-03-23 11:12:00,2021-03-24 17:35:00,1,3135000.0,2150000,False,627000.0,156750.0,0,5,2,4,2,4,424,Nuevos / En crecimiento,0,0,0,0,Valor medio-alto
F9XGNG0V1A,Alimentos y bebidas,Repostería / Panadería,Bogotá D.C.,2021-03-12 09:48:00,2021-03-12 09:58:00,2021-03-12 13:09:00,1,387303.0,0,False,25820.2,19365.15,0,15,3,4,4,2,442,Leales,0,0,0,0,Valor medio-alto
FANU36406L,Belleza y cuidado personal,Salón de belleza,Cali,2021-03-13 10:57:00,2021-03-13 11:08:00,2021-03-13 11:10:00,1,1000.0,0,False,1000.0,50.0,2,1,1,1,1,1,111,Perdidos / Hibernando,1,1,2,1,Valor medio
FB52A0ZCDK,Comercio detallista,Óptica,Bogotá D.C.,2021-03-16 13:19:00,2021-03-16 13:27:00,2021-03-16 13:29:00,1,202000.0,0,False,101000.0,10100.0,1,2,2,2,1,2,212,Perdidos / Hibernando,0,0,1,0,Valor medio-alto
FBJ6IVKWXR,Belleza y cuidado personal,Centro de tatuajes,Bogotá D.C.,2021-02-12 11:56:00,2021-02-12 14:52:00,2021-02-12 14:57:00,1,3214000.0,100000,False,321400.0,160700.0,0,10,4,4,3,4,434,Leales,0,0,0,0,Valor medio-alto
FBKB69PPPG,Comercio detallista,Ropa / Accesorios,Bogotá D.C.,2021-03-10 17:14:00,2021-03-10 17:25:00,2021-03-10 17:29:00,1,2448000.0,220000,False,222545.45454545456,122400.0,2,11,1,1,3,3,133,Potenciales,0,0,1,0,Valor medio-alto
FC0LHN3IWG,Comercio detallista,Óptica,Bogotá D.C.,2021-03-19 12:49:00,2021-03-19 13:05:00,2021-03-19 13:08:00,1,1554000.0,800000,False,388500.0,77700.0,0,4,2,4,2,3,423,Nuevos / En crecimiento,0,0,0,0,Valor medio-alto
FCEG0KL3DY,Comercio detallista,Otro,Bogotá D.C.,2021-03-26 09:10:00,2021-03-26 09:20:00,2021-03-26 09:25:00,1,402600.0,0,False,80520.0,20130.0,0,5,2,4,2,2,422,Nuevos / En crecimiento,0,0,1,0,Valor medio-alto
FCQBDFURMJ,Reparación y limpieza,Otro,Bogotá D.C.,,,,1,2000.0,0,False,2000.0,100.0,4,1,1,1,1,1,111,Perdidos / Hibernando,1,1,2,1,Valor medio
FCWYQHO7S6,Comercio detallista,Materiales de construcción,Bogotá D.C.,2021-03-06 13:58:00,2021-03-06 14:09:00,2021-03-06 14:12:00,1,296000.0,0,False,59200.0,14800.0,0,5,2,4,2,2,422,Nuevos / En crecimiento,0,0,1,0,Valor medio-alto
FD3GGEYJCJ,Servicios,Otro,Bogotá D.C.,2021-03-08 15:16:00,2021-03-08 15:25:00,2021-03-08 15:29:00,1,663100.0,576900,False,331550.0,33155.0,2,2,1,1,1,2,112,Perdidos / Hibernando,1,1,1,1,Valor medio
FEDDGXVFDK,Reparación y limpieza,Automotriz y autopartes,Bogotá D.C.,2021-03-18 12:04:00,2021-03-18 12:53:00,2021-03-18 13:00:00,1,2000.0,0,False,2000.0,100.0,2,1,1,1,1,1,111,Perdidos / Hibernando,1,1,2,1,Valor medio
FEQXJUHW78,Servicios,Tecnología y software,Bogotá D.C.,2021-03-12 13:33:00,2021-03-12 13:43:00,2021-03-12 13:47:00,1,3681400.0,0,False,736280.0,184070.0,1,5,2,2,2,4,224,Potenciales,0,0,1,0,Valor medio-alto
FFC1YIU3VQ,Alimentos y bebidas,Comida rápida,Cartagena de Indias,2021-03-05 08:51:00,2021-03-05 09:06:00,2021-03-05 09:10:00,1,425900.0,96000,False,30421.428571428572,21295.0,0,14,3,4,3,2,432,Leales,0,0,0,0,Valor medio-alto
FFKNO8PZK2,Servicios,Otro,Bogotá D.C.,2021-03-16 11:26:00,2021-03-16 11:32:00,2021-03-16 11:36:00,1,749000.0,0,False,187250.0,37450.0,0,4,2,4,2,2,422,Nuevos / En crecimiento,0,0,0,0,Valor medio-alto
FFMOTDNZHP,Comercio detallista,Tecnología,Bogotá D.C.,2021-03-12 12:19:00,2021-03-12 12:28:00,2021-03-12 12:30:00,1,1264050.0,0,False,210675.0,63202.5,0,6,2,4,2,3,423,Nuevos / En crecimiento,0,0,0,0,Valor medio-alto
FFQAVJJGFD,Comercio detallista,Elementos de seguridad,Bogotá D.C.,2021-02-09 10:05:00,2021-02-09 10:18:00,2021-02-09 10:37:00,1,2715000.0,0,False,142894.73684210525,135750.0,0,19,4,4,4,4,444,Campeones,2,0,0,0,Valor medio-alto
FG57OU2ZPC,Comercio detallista,Artesanías,Bogotá D.C.,2021-03-15 12:09:00,2021-03-15 12:24:00,2021-03-15 12:26:00,1,5058000.0,0,False,389076.92307692306,252900.0,0,13,3,4,3,4,434,Leales,2,0,0,0,Valor medio-alto
FGO2HO4L13,Comercio detallista,Elementos del hogar,Mosquera,2021-03-30 12:51:00,2021-03-30 13:01:00,2021-03-30 13:07:00,1,2428500.0,388500,False,46701.92307692308,121425.0,0,52,3,4,5,3,453,Leales,2,0,0,0,Valor medio-alto
FGYA4UDUIC,Comercio detallista,Muebles / Decoración,Bogotá D.C.,2021-02-11 13:17:00,2021-02-12 17:30:00,2021-02-12 17:31:00,1,10813400.0,0,False,831800.0,540670.0,0,13,4,4,3,5,435,Leales,2,0,0,0,Valor medio-alto
FH6RBOL8YH,Comercio detallista,Ropa / Accesorios,Bogotá D.C.,2021-03-12 10:47:00,2021-03-12 11:04:00,2021-03-12 11:18:00,1,1349000.0,0,False,192714.2857142857,67450.0,0,7,2,4,3,3,433,Leales,0,0,0,0,Valor medio-alto
FI60BTVXQO,Comercio detallista,Libros / Papelería,Bogotá D.C.,2021-03-19 11:55:00,2021-03-19 12:04:00,2021-03-19 12:18:00,1,454400.0,77500,False,28400.0,22720.0,0,16,3,4,4,2,442,Leales,0,0,0,0,Valor medio-alto
FIFPQ97TZF,Servicios,Tecnología y software,Bogotá D.C.,2021-03-26 12:34:00,2021-03-26 12:43:00,2021-03-26 12:46:00,1,144100.0,0,False,72050.0,7205.0,0,2,2,4,1,1,411,Nuevos / En crecimiento,0,0,1,0,Valor medio-alto
FIOD75I5A0,Servicios,Otro,Bogotá D.C.,2021-02-26 14:41:00,2021-02-26 14:47:00,2021-02-26 14:51:00,1,2532000.0,310000,False,253200.0,126600.0,0,10,4,4,3,4,434,Leales,0,0,0,0,Valor medio-alto
FJC23764Z5,Alimentos y bebidas,Comida rápida,Mosquera,2021-03-23 14:01:00,2021-03-23 14:05:00,2021-03-23 14:10:00,1,8667800.0,1250800,False,39760.550458715596,433390.0,0,218,3,4,5,5,455,Campeones,2,0,0,0,Valor medio-alto
FJHXXQGBT8,Comercio detallista,Óptica,Bogotá D.C.,2021-03-09 11:25:00,2021-03-09 11:31:00,2021-03-09 11:33:00,1,7232000.0,590000,False,278153.8461538461,361600.0,0,26,3,4,4,5,445,Campeones,2,0,0,0,Valor medio-alto
FJJ4XSRBMN,Comercio detallista,Juguetería / Piñatería,Bogotá D.C.,2021-03-08 14:39:00,2021-03-08 15:12:00,2021-03-08 15:13:00,1,3633100.0,571500,False,80735.55555555556,181655.0,0,45,3,4,5,4,454,Campeones,2,0,0,0,Valor medio-alto
FJTLHFGLYG,Servicios,Veterinaria,Bogotá D.C.,2021-02-15 13:19:00,2021-02-15 13:32:00,2021-02-15 20:05:00,1,565325.0,0,False,141331.25,28266.25,3,4,1,1,2,2,122,Perdidos / Hibernando,1,1,1,1,Valor medio
FJUSIAAVPV,Belleza y cuidado personal,Centro de tatuajes,Chía,2021-03-19 15:37:00,2021-03-19 15:46:00,2021-03-19 16:06:00,1,1423000.0,203000,False,129363.63636363637,71150.0,0,11,3,4,3,3,433,Leales,0,0,0,0,Valor medio-alto
FJVYT26EK5,Servicios,Medicina / Odontología,Bogotá D.C.,2021-02-17 09:41:00,2021-02-17 09:59:00,2021-02-17 10:04:00,1,2582000.0,90000,False,322750.0,129100.0,0,8,4,4,3,4,434,Leales,0,0,0,0,Valor medio-alto
FK3706XIAS,Alimentos y bebidas,Abarrotes / Mercado,Bogotá D.C.,2021-03-12 12:23:00,2021-03-12 12:32:00,2021-03-13 20:04:00,1,860770.0,12500,False,22071.02564102564,43038.5,0,39,3,4,5,2,452,Leales,2,0,0,0,Valor medio-alto
FK8ABUXXDQ,Servicios,Medicina / Odontología,Bogotá D.C.,2021-02-01 17:35:00,2021-02-01 17:47:00,2021-02-01 17:52:00,1,1514000.0,0,False,189250.0,75700.0,0,8,4,4,3,3,433,Leales,0,0,0,0,Valor medio-alto
FKFNRB72EI,Comercio detallista,Ropa / Accesorios,Bogotá D.C.,2021-03-15 14:16:00,2021-03-15 14:24:00,2021-03-15 14:26:00,1,5219100.0,541000,False,102335.29411764706,260955.0,0,51,3,4,5,4,454,Campeones,2,0,0,0,Valor medio-alto
FKQE85D0I7,Servicios,Carpintería,Bogotá D.C.,,,,1,7000.0,0,False,2333.3333333333335,350.0,0,3,3,4,2,1,421,Nuevos / En crecimiento,0,1,1,1,Valor medio
FM2SKSM5B7,Comercio detallista,Óptica,Bogotá D.C.,2021-03-26 11:27:00,2021-03-26 11:40:00,2021-03-26 11:43:00,1,2514000.0,0,False,628500.0,125700.0,2,4,1,1,2,3,123,Potenciales,0,0,1,0,Valor medio-alto
FNFUGKFNEQ,Servicios,Diseño / Fotografía,Bogotá D.C.,2021-03-08 11:42:00,2021-03-08 11:49:00,2021-03-08 11:53:00,1,357000.0,0,False,178500.0,17850.0,2,2,1,1,1,2,112,Perdidos / Hibernando,1,1,1,1,Valor medio
FO5T3MO1UN,Comercio detallista,Ropa / Accesorios,Bogotá D.C.,2021-03-17 11:35:00,2021-03-17 11:41:00,2021-03-17 11:43:00,1,3571000.0,1032000,False,102028.57142857143,178550.0,0,35,3,4,5,4,454,Campeones,2,0,0,0,Valor medio-alto
FO8QNFT2YH,Comercio detallista,Tecnología,Cali,2021-03-19 10:56:00,2021-03-19 11:07:00,2021-03-19 11:11:00,1,1891000.0,45000,False,126066.66666666667,94550.0,0,15,3,4,4,3,443,Leales,0,0,0,0,Valor medio-alto
FOVRMI1PHP,Comercio detallista,Juguetería / Piñatería,Bogotá D.C.,2021-02-15 14:18:00,2021-02-15 14:52:00,2021-02-15 14:54:00,1,642000.0,90000,False,214000.0,32100.0,2,3,2,1,2,2,122,Perdidos / Hibernando,1,0,1,0,Valor medio-alto
FPXQWSMGNE,Transporte,Servicio especial,Cali,2021-03-04 11:22:00,2021-03-04 11:32:00,2021-03-04 11:34:00,1,832000.0,0,False,92444.44444444444,41600.0,1,9,2,2,3,2,232,Potenciales,0,0,1,0,Valor medio-alto
FQBF8ZOQU2,Comercio detallista,Tecnología,Cali,2021-02-09 15:34:00,2021-02-09 15:43:00,2021-02-09 15:45:00,1,788550.0,0,False,394275.0,39427.5,3,2,1,1,1,2,112,Perdidos / Hibernando,1,1,1,1,Valor medio
FQIS424CAX,Comercio detallista,Materiales de construcción,Melgar,2021-03-25 10:06:00,2021-03-25 10:15:00,2021-03-25 10:17:00,1,194500.0,151000,False,97250.0,9725.0,1,2,2,2,1,2,212,Perdidos / Hibernando,0,0,1,0,Valor medio-alto
FR7CKPN2AY,Comercio detallista,Ropa / Accesorios,Madrid,2021-03-15 13:16:00,2021-03-15 13:30:00,2021-03-15 13:34:00,1,2285000.0,1236500,False,120263.15789473684,114250.0,0,19,3,4,4,3,443,Leales,2,0,0,0,Valor medio-alto
FRY1NREVPW,Comercio detallista,Auto partes,Bogotá D.C.,2021-02-02 11:13:00,2021-02-02 11:20:00,2021-02-02 11:21:00,1,8230000.0,1111000,False,117571.42857142857,411500.0,0,70,4,4,5,5,455,Campeones,2,0,0,0,Valor medio-alto
FS4EQWAPYF,Comercio detallista,Óptica,Bogotá D.C.,2021-02-17 13:46:00,2021-02-17 13:57:00,2021-02-17 14:00:00,1,3292000.0,900000,False,329200.0,164600.0,0,10,4,4,3,4,434,Leales,0,0,0,0,Valor medio-alto
FSMQVQ959E,Comercio detallista,Otro,Bogotá D.C.,2021-02-18 12:28:00,2021-02-18 12:33:00,2021-02-18 12:35:00,1,37224100.0,2060000,False,539479.7101449275,1861205.0,0,69,4,4,5,5,455,Campeones,2,0,0,0,Valor medio-alto
FSYC81RODK,Comercio detallista,Óptica,Bogotá D.C.,2021-03-09 12:37:00,2021-03-09 12:56:00,2021-03-09 13:00:00,1,5452000.0,150000,False,340750.0,272600.0,0,16,3,4,4,4,444,Campeones,2,0,0,0,Valor medio-alto
FTEV7CNGZH,Transporte,Taxi,Cali,2021-03-18 17:15:00,2021-03-18 17:39:00,2021-03-18 17:43:00,1,1000.0,0,False,1000.0,50.0,2,1,1,1,1,1,111,Perdidos / Hibernando,1,1,2,1,Valor medio
FTLLTXDSFC,Comercio detallista,Insumos,Bogotá D.C.,2021-03-17 11:38:00,2021-03-17 11:46:00,2021-03-17 11:49:00,1,1797000.0,614000,False,224625.0,89850.0,0,8,3,4,3,3,433,Leales,0,0,0,0,Valor medio-alto
FTSS1Y19KR,Comercio detallista,Tecnología,Bogotá D.C.,2021-03-18 14:56:00,2021-03-18 15:06:00,,1,174570.5882352941,0,True,174570.5882352941,8728.529411764704,2,1,1,1,1,2,112,Perdidos / Hibernando,1,1,1,1,Valor medio
FU0HX0T0MM,Comercio detallista,Óptica,Bogotá D.C.,2021-02-01 12:08:00,2021-02-01 12:16:00,2021-02-01 12:18:00,1,5381000.0,359000,False,316529.4117647059,269050.0,0,17,4,4,4,4,444,Campeones,2,0,0,0,Valor medio-alto
FUSFJMY7YR,Comercio detallista,Óptica,Bogotá D.C.,2021-02-01 12:04:00,2021-02-01 12:28:00,2021-02-01 12:30:00,1,18145000.0,940000,False,283515.625,907250.0,0,64,4,4,5,5,455,Campeones,2,0,0,0,Valor medio-alto
FV8PDZRSV3,Comercio detallista,Óptica,Bogotá D.C.,2021-03-17 17:39:00,2021-03-17 17:50:00,2021-03-17 17:51:00,1,12083000.0,830000,False,302075.0,604150.0,0,40,3,4,5,5,455,Campeones,2,0,0,0,Valor medio-alto
FVBSSWB1AX,Transporte,Servicio especial,Bogotá D.C.,2021-03-19 12:50:00,2021-03-19 13:02:00,2021-03-19 13:05:00,1,1147000.0,0,False,191166.66666666666,57350.0,0,6,3,4,2,3,423,Nuevos / En crecimiento,0,0,0,0,Valor medio-alto
FVRXQ5DQFF,Servicios,Arquitectura e ingeniería,Bogotá D.C.,2021-03-08 14:26:00,2021-03-08 14:34:00,2021-03-09 17:04:00,1,12000.0,0,False,6000.0,600.0,2,2,1,1,1,1,111,Perdidos / Hibernando,1,1,2,1,Valor medio
FVUFF7KV8L,Comercio detallista,Otro,Bogotá D.C.,2021-02-24 12:52:00,2021-02-24 13:02:00,2021-02-24 13:06:00,1,572000.0,0,False,190666.66666666666,28600.0,2,3,2,1,2,2,122,Perdidos / Hibernando,1,0,1,0,Valor medio-alto
FVXU7DOAQK,Comercio detallista,Muebles / Decoración,Soacha,2021-02-03 13:37:00,2021-02-03 13:55:00,2021-02-03 14:00:00,1,1642000.0,0,False,328400.0,82100.0,1,5,2,2,2,3,223,Potenciales,0,0,1,0,Valor medio-alto
FW7T3M427D,Comercio detallista,Materiales de construcción,Girardot,2021-03-18 11:55:00,2021-03-18 12:04:00,2021-03-18 12:11:00,1,1470100.0,252300,False,122508.33333333333,73505.0,0,12,3,4,3,3,433,Leales,0,0,0,0,Valor medio-alto
FWPF0OA196,Comercio detallista,Venta de bicicletas y accesorios,Soacha,2021-02-05 10:37:00,2021-02-05 10:49:00,2021-02-05 10:56:00,1,8554630.0,1822970,False,251606.76470588235,427731.5,0,34,4,4,5,5,455,Campeones,2,0,0,0,Valor medio-alto
FWYXQ49Q0N,Servicios,Otro,Bogotá D.C.,2021-02-17 17:15:00,2021-02-17 17:21:00,2021-02-17 17:23:00,1,1133250.0,0,False,80946.42857142857,56662.5,0,14,4,4,4,3,443,Leales,0,0,0,0,Valor medio-alto
FXT7JE9DU9,Comercio detallista,Óptica,Bogotá D.C.,,,,1,52000.0,0,False,26000.0,2600.0,4,2,1,1,1,1,111,Perdidos / Hibernando,1,1,2,1,Valor medio
FYE81CLSA9,Comercio detallista,Óptica,Bogotá D.C.,2021-03-18 14:10:00,2021-03-18 14:14:00,2021-03-18 14:17:00,1,1006000.0,0,False,251500.0,50300.0,2,4,1,1,2,3,123,Potenciales,0,1,1,1,Valor medio
FYZFSM7VXF,Servicios,Veterinaria,Bogotá D.C.,2021-03-17 17:55:00,2021-03-17 18:03:00,2021-03-17 18:05:00,1,991750.0,0,False,330583.3333333333,49587.5,0,3,3,4,2,3,423,Nuevos / En crecimiento,0,0,0,0,Valor medio-alto
G08VZHDYJE,Comercio detallista,Óptica,Bogotá D.C.,2021-03-16 17:47:00,2021-03-16 17:54:00,2021-03-16 17:56:00,1,5144000.0,500000,False,321500.0,257200.0,0,16,3,4,4,4,444,Campeones,2,0,0,0,Valor medio-alto
G0A5P3W7EJ,Servicios,Otro,Bogotá D.C.,2021-03-09 13:19:00,2021-03-09 13:27:00,2021-03-09 13:29:00,1,9113700.0,2249000,False,293990.32258064515,455685.0,0,31,3,4,5,5,455,Campeones,2,0,0,0,Valor medio-alto
G0NZ7AKQWZ,Belleza y cuidado personal,Centro de tatuajes,Bogotá D.C.,2021-03-24 12:54:00,2021-03-24 13:20:00,2021-03-24 13:25:00,1,82000.0,0,False,41000.0,4100.0,1,2,2,2,1,1,211,Perdidos / Hibernando,0,1,1,1,Valor medio
G18K4S9AE6,Alimentos y bebidas,Restaurante / Café,Villa de San Diego de Ubate,2021-03-20 14:56:00,2021-03-20 15:03:00,2021-03-20 15:09:00,1,3364940.0,311325,False,50222.985074626864,168247.0,0,67,3,4,5,4,454,Campeones,2,0,0,0,Valor medio-alto
G1AHQ45OSZ,Comercio detallista,Otro,Funza,2021-03-14 15:15:00,2021-03-14 15:31:00,2021-03-14 15:45:00,1,694250.0,452550,False,53403.846153846156,34712.5,0,13,2,4,3,2,432,Leales,0,0,0,0,Valor medio-alto
G28MIX9ZQR,Servicios,Otro,Bogotá D.C.,2021-03-09 16:56:00,2021-03-09 17:03:00,2021-03-09 17:07:00,1,4000.0,0,False,2000.0,200.0,2,2,1,1,1,1,111,Perdidos / Hibernando,1,1,2,1,Valor medio
G301LS4PKP,Comercio detallista,Auto partes,Bogotá D.C.,2021-03-17 10:20:00,2021-03-17 10:25:00,2021-03-17 10:33:00,1,94000.0,0,False,23500.0,4700.0,0,4,2,4,2,1,421,Nuevos / En crecimiento,0,0,1,0,Valor medio-alto
G3FILP74GH,Comercio detallista,Óptica,Bogotá D.C.,2021-02-11 12:39:00,2021-02-11 12:47:00,2021-02-11 12:48:00,1,704000.0,124000,False,54153.846153846156,35200.0,1,13,3,2,3,2,232,Potenciales,0,0,1,0,Valor medio-alto
G4OZ617G9J,Comercio detallista,Venta de bicicletas y accesorios,Bogotá D.C.,2021-03-23 12:21:00,2021-03-23 12:28:00,2021-03-23 12:31:00,1,543000.0,0,False,108600.0,27150.0,0,5,3,4,2,2,422,Nuevos / En crecimiento,0,0,1,0,Valor medio-alto
G5IEN4ASKV,Comercio detallista,Muebles / Decoración,Bogotá D.C.,2021-02-02 13:32:00,2021-02-02 13:49:00,2021-02-02 13:53:00,1,8768000.0,5004000,False,974222.2222222222,438400.0,0,9,3,4,3,5,435,Leales,0,0,0,0,Valor medio-alto
G5VCV8AR5V,Comercio detallista,Ropa / Accesorios,Bogotá D.C.,2021-03-08 15:43:00,2021-03-08 15:53:00,2021-03-08 15:55:00,1,1092000.0,444000,False,109200.0,54600.0,0,10,3,4,3,3,433,Leales,0,0,0,0,Valor medio-alto
G6R4ND7X8B,Servicios,Otro,Bogotá D.C.,2021-03-08 14:32:00,2021-03-08 14:39:00,2021-03-08 14:41:00,1,7000.0,0,False,2333.3333333333335,350.0,2,3,1,1,2,1,121,Perdidos / Hibernando,1,1,2,1,Valor medio
G737J22K0J,Belleza y cuidado personal,Distribuidora,Chía,2021-03-19 13:27:00,2021-03-19 13:36:00,2021-03-19 13:38:00,1,48500.0,0,False,24250.0,2425.0,1,2,2,2,1,1,211,Perdidos / Hibernando,0,1,1,1,Valor medio
G7BOB7ZEHG,Alimentos y bebidas,Licores,Cúcuta,2021-02-04 11:23:00,2021-02-06 11:39:00,2021-02-20 16:13:00,1,2325960.0,24000,False,145372.5,116298.0,0,16,4,4,4,3,443,Leales,2,0,0,0,Valor medio-alto
G7LQ8S77WE,Belleza y cuidado personal,Distribuidora,Bogotá D.C.,2021-03-06 08:32:00,2021-03-06 08:44:00,2021-03-06 08:48:00,1,486900.0,0,False,97380.0,24345.0,0,5,2,4,2,2,422,Nuevos / En crecimiento,0,0,1,0,Valor medio-alto
G822CJSJZX,Comercio detallista,Tienda de deportes,Villa de San Diego de Ubate,2021-03-19 13:59:00,2021-03-19 14:09:00,2021-03-19 17:38:00,1,3733900.0,205000,False,196521.05263157896,186695.0,0,19,3,4,4,4,444,Campeones,2,0,0,0,Valor medio-alto
G858XO8SKC,Alimentos y bebidas,Restaurante / Café,Zipaquirá,2021-02-22 17:51:00,2021-02-24 14:43:00,2021-02-24 14:46:00,1,4935100.0,382800,False,33121.476510067114,246755.0,0,149,4,4,5,4,454,Campeones,2,0,0,0,Valor medio-alto
G8EQL5ZPM6,Servicios,Diseño / Fotografía,Bogotá D.C.,2021-03-15 07:57:00,2021-03-15 08:12:00,2021-03-15 08:14:00,1,212000.0,0,False,30285.714285714286,10600.0,0,7,2,4,3,2,432,Leales,0,0,1,0,Valor medio-alto
G8EY07DH65,Comercio detallista,Muebles / Decoración,Soacha,2021-03-15 15:30:00,2021-03-15 15:40:00,2021-03-15 15:43:00,1,5100000.0,0,False,728571.4285714285,255000.0,0,7,3,4,3,4,434,Leales,0,0,0,0,Valor medio-alto
G8TB2Q7W39,Alimentos y bebidas,Restaurante / Café,Bogotá D.C.,2021-03-06 13:49:00,2021-03-06 14:06:00,2021-03-06 14:11:00,1,1915265.0,687585,False,112662.64705882352,95763.25,0,17,3,4,4,3,443,Leales,2,0,0,0,Valor medio-alto
G8X8OEU1T6,Alimentos y bebidas,Bar / Club / Discoteca,Bogotá D.C.,2021-03-09 08:32:00,2021-03-09 08:51:00,2021-03-20 21:06:00,1,4341000.0,300500,False,114236.84210526316,217050.0,0,38,3,4,5,4,454,Campeones,2,0,0,0,Valor medio-alto
G9ICNAON6S,Comercio detallista,Tecnología,Bogotá D.C.,2021-03-12 13:28:00,2021-03-12 13:34:00,2021-03-12 13:38:00,1,695000.0,0,False,139000.0,34750.0,0,5,2,4,2,2,422,Nuevos / En crecimiento,0,0,1,0,Valor medio-alto
GBKJRFA9GA,Servicios,Carpintería,Bogotá D.C.,,,,1,5233000.0,0,False,1046600.0,261650.0,0,5,3,4,2,4,424,Nuevos / En crecimiento,0,0,0,0,Valor medio-alto
GC69XS8G7O,Alimentos y bebidas,Restaurante / Café,Cajicá,2021-03-24 14:14:00,2021-03-24 14:20:00,2021-03-24 14:22:00,1,1321000.0,408000,False,38852.94117647059,66050.0,0,34,3,4,5,3,453,Leales,2,0,0,0,Valor medio-alto
GCJ0YNEHWC,Comercio detallista,Óptica,Bogotá D.C.,,,,1,6504000.0,1500000,False,325200.0,325200.0,0,20,5,4,4,5,445,Campeones,2,0,0,0,Valor medio-alto
GD041IMJPO,Belleza y cuidado personal,Spa,Pereira,,,,1,1731000.0,60000,False,41214.28571428572,86550.0,0,42,6,4,5,3,453,Leales,2,0,0,0,Valor medio-alto
GDIXTK157P,Alimentos y bebidas,Comida rápida,Sibaté,2021-03-26 11:32:00,2021-03-26 11:39:00,2021-03-26 11:41:00,1,976650.0,84950,False,57450.0,48832.5,0,17,3,4,4,2,442,Leales,0,0,0,0,Valor medio-alto
GEP4V08P37,Comercio detallista,Ropa / Accesorios,Bogotá D.C.,2021-03-15 15:09:00,2021-03-15 15:18:00,2021-03-15 15:21:00,1,15406500.0,3055000,False,275116.0714285714,770325.0,0,56,3,4,5,5,455,Campeones,2,0,0,0,Valor medio-alto
GF1NR1ZF4E,Comercio detallista,Óptica,Bogotá D.C.,2021-03-05 15:42:00,2021-03-05 15:48:00,2021-03-05 15:55:00,1,11034000.0,1380000,False,525428.5714285715,551700.0,0,21,3,4,4,5,445,Campeones,2,0,0,0,Valor medio-alto
GHD37A8CA2,Alimentos y bebidas,Otro,Soacha,2021-03-16 09:30:00,2021-03-16 09:37:00,2021-03-16 09:42:00,1,1478000.0,161900,False,43470.58823529412,73900.0,0,34,3,4,5,3,453,Leales,2,0,0,0,Valor medio-alto
GHG4VUOWS6,Comercio detallista,Ropa / Accesorios,Medellín,,,,1,1445000.0,80000,False,131363.63636363635,72250.0,0,11,4,4,3,3,433,Leales,0,0,0,0,Valor medio-alto
GHG6FIM7TX,Transporte,Servicio especial,Cali,2021-03-09 14:14:00,2021-03-09 14:23:00,2021-03-09 14:24:00,1,13101000.0,4500000,False,2620200.0,655050.0,0,5,2,4,2,5,425,Nuevos / En crecimiento,0,0,0,0,Valor medio-alto
GHQ1IFZGA7,Servicios,Otro,Bogotá D.C.,2021-02-02 12:02:00,2021-02-02 12:29:00,2021-02-02 12:31:00,1,2223000.0,340000,False,96652.17391304347,111150.0,0,23,4,4,4,3,443,Leales,2,0,0,0,Valor medio-alto
GILZD9EJ9U,Servicios,Tecnología y software,Bogotá D.C.,2021-03-09 12:00:00,2021-03-09 12:07:00,2021-03-09 12:09:00,1,1904000.0,100000,False,272000.0,95200.0,0,7,3,4,3,3,433,Leales,0,0,0,0,Valor medio-alto
GIOKELHOIV,Comercio detallista,Ropa / Accesorios,Soacha,2021-02-06 10:51:00,2021-02-06 11:05:00,2021-02-06 11:10:00,1,1461000.0,450000,False,146100.0,73050.0,0,10,3,4,3,3,433,Leales,0,0,0,0,Valor medio-alto
GIWJ54GLB1,Comercio detallista,Tecnología,Bogotá D.C.,2021-03-24 17:46:00,2021-03-24 17:52:00,2021-03-24 17:54:00,1,1035330.0,32100,False,103533.0,51766.5,0,10,3,4,3,3,433,Leales,0,0,0,0,Valor medio-alto
GJFWM7F9UW,Comercio detallista,Tecnología,Bogotá D.C.,2021-03-10 11:29:00,2021-03-10 11:39:00,2021-03-10 11:44:00,1,605400.0,0,False,121080.0,30270.0,1,5,2,2,2,2,222,Perdidos / Hibernando,0,0,1,0,Valor medio-alto
GJRT4ZDJ5I,Reparación y limpieza,Reparaciones locativas,Soacha,2021-02-20 11:51:00,2021-02-20 11:54:00,2021-02-20 12:06:00,1,10858650.0,1120000,False,638744.1176470588,542932.5,0,17,4,4,4,5,445,Campeones,2,0,0,0,Valor medio-alto
GJUJ26ZW5G,Comercio detallista,Muebles / Decoración,Bogotá D.C.,2021-03-11 14:53:00,2021-03-11 15:08:00,2021-03-11 15:11:00,1,13347750.0,2880000,False,606715.9090909091,667387.5,0,22,3,4,4,5,445,Campeones,2,0,0,0,Valor medio-alto
GK22F2OZ9Y,Comercio detallista,Ropa / Accesorios,Bogotá D.C.,2021-03-08 17:25:00,2021-03-08 17:39:00,2021-03-08 17:44:00,1,530000.0,50000,False,75714.28571428571,26500.0,0,7,3,4,3,2,432,Leales,0,0,0,0,Valor medio-alto
GKPM4WP9DX,Comercio detallista,Tecnología,Bogotá D.C.,2021-03-14 14:21:00,2021-03-14 14:28:00,2021-03-14 14:33:00,1,197000.0,0,False,65666.66666666667,9850.0,0,3,3,4,2,2,422,Nuevos / En crecimiento,0,0,1,0,Valor medio-alto
GKQM97E129,Comercio detallista,Tienda de deportes,Girardot,2021-03-18 16:32:00,2021-03-18 16:41:00,2021-03-18 16:43:00,1,15752000.0,3110000,False,384195.1219512195,787600.0,0,41,3,4,5,5,455,Campeones,2,0,0,0,Valor medio-alto
GKSDQHFHD7,Comercio detallista,Otro,Bogotá D.C.,2021-02-24 12:45:00,2021-02-24 12:54:00,2021-02-24 12:55:00,1,21566800.0,4807000,False,353554.0983606557,1078340.0,0,61,4,4,5,5,455,Campeones,2,0,0,0,Valor medio-alto
GKSL1LJPVC,Belleza y cuidado personal,Salón de belleza,Girardot,2021-03-18 17:29:00,2021-03-18 17:35:00,2021-03-18 17:38:00,1,423000.0,146000,False,30214.285714285714,21150.0,0,14,3,4,4,2,442,Leales,0,0,0,0,Valor medio-alto
GLD6GVKG5Q,Servicios,Otro,Bogotá D.C.,2021-03-08 13:24:00,2021-03-08 13:44:00,2021-03-08 13:48:00,1,1077000.0,0,False,359000.0,53850.0,0,3,2,4,2,3,423,Nuevos / En crecimiento,0,0,0,0,Valor medio-alto
GM6QVXS6IA,Comercio detallista,Óptica,Bogotá D.C.,2021-02-15 13:14:00,2021-02-15 13:21:00,2021-02-15 13:24:00,1,558000.0,0,False,93000.0,27900.0,2,6,2,1,2,2,122,Perdidos / Hibernando,0,0,1,0,Valor medio-alto
GMFCJGOQ5P,Comercio detallista,Ropa / Accesorios,Soacha,2021-03-12 12:09:00,2021-03-12 12:17:00,2021-03-12 12:24:00,1,7383000.0,2320000,False,273444.44444444444,369150.0,0,27,3,4,4,5,445,Campeones,2,0,0,0,Valor medio-alto
GMG6I43FFD,Alimentos y bebidas,Restaurante / Café,Bogotá D.C.,2021-03-23 16:36:00,2021-03-23 16:55:00,2021-03-23 18:26:00,1,9435165.0,2472500,False,49141.484375,471758.25,0,192,3,4,5,5,455,Campeones,2,0,0,0,Valor medio-alto
GMM7NAAMA4,Comercio detallista,Otro,Bogotá D.C.,2021-03-09 17:58:00,2021-03-09 18:07:00,2021-03-09 18:09:00,1,1526657.0,0,False,190832.125,76332.85,0,8,3,4,3,3,433,Leales,0,0,0,0,Valor medio-alto
GMSTODDB9K,Servicios,Medicina / Odontología,Soacha,2021-02-05 16:58:00,2021-02-05 17:05:00,2021-02-05 17:10:00,1,2704000.0,870000,False,169000.0,135200.0,0,16,4,4,4,4,444,Campeones,2,0,0,0,Valor medio-alto
GMUDSOM20R,Alimentos y bebidas,Comida rápida,Bogotá D.C.,2021-03-14 10:06:00,2021-03-14 10:17:00,2021-03-14 10:19:00,1,2000.0,0,False,2000.0,100.0,2,1,1,1,1,1,111,Perdidos / Hibernando,1,1,2,1,Valor medio
GMZSGY47A5,Comercio detallista,Ropa / Accesorios,Bogotá D.C.,2021-03-11 11:44:00,2021-03-11 11:52:00,2021-03-11 11:55:00,1,102000.0,0,False,51000.0,5100.0,2,2,1,1,1,1,111,Perdidos / Hibernando,1,1,1,1,Valor medio
GOQF6P1RZ8,Alimentos y bebidas,Restaurante / Café,Bogotá D.C.,2021-02-12 14:03:00,2021-02-12 14:11:00,2021-02-12 14:15:00,1,765000.0,121000,False,27321.428571428572,38250.0,0,28,4,4,4,2,442,Leales,2,0,0,0,Valor medio-alto
GP4H4QAIAF,Belleza y cuidado personal,Otro,Cajicá,2021-03-24 16:45:00,2021-03-24 16:52:00,2021-03-24 17:03:00,1,882800.0,200600,False,46463.15789473684,44140.0,0,19,3,4,4,2,442,Leales,0,0,0,0,Valor medio-alto
GPEGEY7BX3,Alimentos y bebidas,Comida rápida,Bogotá D.C.,2021-03-19 12:54:00,2021-03-19 13:04:00,,1,37300.0,0,True,37300.0,1865.0,2,1,1,1,1,1,111,Perdidos / Hibernando,1,1,1,1,Valor medio
GQ9MRX3QVD,Comercio detallista,Auto partes,Bogotá D.C.,2021-03-19 17:40:00,2021-03-19 17:53:00,2021-03-19 17:55:00,1,160000.0,74000,False,22857.14285714286,8000.0,0,7,3,4,3,1,431,Leales,0,0,1,0,Valor medio-alto
GQJRURRJ2Q,Alimentos y bebidas,Restaurante / Café,Bogotá D.C.,2021-03-18 16:16:00,2021-03-18 16:30:00,2021-03-18 16:33:00,1,1867000.0,575000,False,47871.794871794875,93350.0,0,39,3,4,5,3,453,Leales,2,0,0,0,Valor medio-alto
GQM6OJTQRL,Comercio detallista,Tecnología,Cota,2021-03-17 11:54:00,2021-03-17 12:03:00,2021-03-17 12:06:00,1,199500.0,0,False,66500.0,9975.0,2,3,1,1,2,2,122,Perdidos / Hibernando,1,1,1,1,Valor medio
GR1K4689L0,Reparación y limpieza,Reparaciones locativas,Bogotá D.C.,2021-03-17 09:56:00,2021-03-17 10:28:00,2021-03-17 10:31:00,1,1602060.0,1600000,False,1602060.0,80103.0,2,1,1,1,1,3,113,Potenciales,1,1,1,1,Valor medio
GRV74YVKRG,Comercio detallista,Ropa / Accesorios,Bogotá D.C.,2021-03-18 14:13:00,2021-03-18 14:20:00,2021-03-18 14:23:00,1,2968700.0,523800,False,109951.85185185185,148435.0,0,27,3,4,4,4,444,Campeones,2,0,0,0,Valor medio-alto
GT1UG6IZ89,Transporte,Servicio especial,Cali,2021-03-04 07:20:00,2021-03-04 07:30:00,2021-03-04 07:32:00,1,6241000.0,30000,False,168675.67567567568,312050.0,0,37,3,4,5,5,455,Campeones,2,0,0,0,Valor medio-alto
GTFOQEI03L,Alimentos y bebidas,Bar / Club / Discoteca,Medellín,2021-02-15 18:32:00,2021-02-16 13:24:00,2021-02-28 02:08:00,1,4075000.0,0,False,679166.6666666666,203750.0,3,6,1,1,2,4,124,Potenciales,1,1,1,1,Valor medio
GU41PFEEJT,Comercio detallista,Insumos,Bogotá D.C.,2021-02-06 15:55:00,2021-02-06 16:04:00,2021-02-06 16:07:00,1,1214000.0,1200000,False,404666.6666666667,60700.0,0,3,2,4,2,3,423,Nuevos / En crecimiento,0,0,0,0,Valor medio-alto
GUBR3VGWT7,Comercio detallista,Elementos de seguridad,Bogotá D.C.,2021-02-26 15:48:00,2021-02-26 15:56:00,2021-02-26 16:00:00,1,7900000.0,1430000,False,464705.8823529412,395000.0,0,17,4,4,4,5,445,Campeones,2,0,0,0,Valor medio-alto
GUENFC64SG,Comercio detallista,Libros / Papelería,Bogotá D.C.,2021-03-26 14:34:00,2021-03-26 14:43:00,2021-03-26 14:45:00,1,2570950.0,654900,False,128547.5,128547.5,0,20,3,4,4,4,444,Campeones,2,0,0,0,Valor medio-alto
GUU22FSGZV,Comercio detallista,Óptica,Bogotá D.C.,2021-02-08 10:04:00,2021-02-11 16:35:00,2021-02-13 17:27:00,2,5036000.0,155000,False,296235.29411764705,251800.0,0,17,4,4,4,4,444,Campeones,2,2,0,2,Valor alto
GV4SZK04GY,Alimentos y bebidas,Repostería / Panadería,Bogotá D.C.,2021-02-11 14:59:00,2021-02-11 15:04:00,2021-02-14 17:24:00,1,2548300.0,328500,False,20224.603174603173,127415.0,0,126,4,4,5,4,454,Campeones,2,0,0,0,Valor medio-alto
GVI5P3YHQN,Reparación y limpieza,Moda / Zapatería,Bogotá D.C.,2021-03-10 15:47:00,2021-03-10 16:03:00,2021-03-10 16:06:00,1,4000.0,0,False,2000.0,200.0,2,2,1,1,1,1,111,Perdidos / Hibernando,1,1,2,1,Valor medio
GWFOVAH5BW,Comercio detallista,Óptica,Bogotá D.C.,2021-03-09 12:47:00,2021-03-09 12:59:00,2021-03-09 13:02:00,1,451000.0,200000,False,150333.33333333334,22550.0,1,3,2,2,2,2,222,Perdidos / Hibernando,0,0,1,0,Valor medio-alto
GWGMVNOIZ8,Comercio detallista,Óptica,Bogotá D.C.,2021-02-04 17:32:00,2021-02-04 17:37:00,2021-02-04 17:39:00,1,2000.0,0,False,2000.0,100.0,3,1,1,1,1,1,111,Perdidos / Hibernando,1,1,2,1,Valor medio
GWKC1583G2,Belleza y cuidado personal,Distribuidora,Bogotá D.C.,2021-03-16 11:52:00,2021-03-16 12:05:00,2021-03-16 12:07:00,1,257000.0,0,False,128500.0,12850.0,1,2,2,2,1,2,212,Perdidos / Hibernando,0,0,1,0,Valor medio-alto
GXBX52P8M5,Comercio detallista,Otro,Bogotá D.C.,2021-03-03 12:38:00,2021-03-03 12:46:00,2021-03-03 12:48:00,1,4513870.0,669000,False,265521.76470588235,225693.5,0,17,3,4,4,4,444,Campeones,2,0,0,0,Valor medio-alto
GY22CAR5ZU,Comercio detallista,Otro,Bogotá D.C.,2021-03-11 13:35:00,2021-03-11 13:44:00,2021-03-11 13:49:00,1,8060000.0,1292000,False,230285.7142857143,403000.0,0,35,3,4,5,5,455,Campeones,2,0,0,0,Valor medio-alto
GYA3N8LHZH,Servicios,Otro,Bogotá D.C.,2021-02-24 16:01:00,2021-02-24 16:15:00,2021-02-24 16:17:00,1,1877000.0,235000,False,375400.0,93850.0,0,5,3,4,2,3,423,Nuevos / En crecimiento,0,0,0,0,Valor medio-alto
GZHIG48X2X,Belleza y cuidado personal,Distribuidora,Soacha,2021-02-16 14:02:00,2021-02-16 14:13:00,2021-02-16 14:15:00,1,2881900.0,566400,False,62650.0,144095.0,0,46,4,4,5,4,454,Campeones,2,0,0,0,Valor medio-alto
GZOJ20HLAC,Servicios,Medicina / Odontología,Bogotá D.C.,2021-03-08 13:22:00,2021-03-08 13:34:00,2021-03-08 13:36:00,1,3615500.0,597500,False,258250.0,180775.0,0,14,3,4,4,4,444,Campeones,2,0,0,0,Valor medio-alto
H0WD2LRW9T,Comercio detallista,Ropa / Accesorios,Bogotá D.C.,2021-02-22 14:03:00,2021-02-22 14:15:00,2021-02-22 14:18:00,1,7201520.0,1895000,False,379027.36842105264,360076.0,0,19,4,4,4,5,445,Campeones,2,0,0,0,Valor medio-alto
H1DACLN48E,Servicios,Medicina / Odontología,Bogotá D.C.,,,,1,17274415.0,542645,False,172744.15,863720.75,0,100,6,4,5,5,455,Campeones,2,0,0,0,Valor medio-alto
H1LGHS0CWN,Servicios,Diseño / Fotografía,Bogotá D.C.,2021-03-29 15:17:00,2021-03-29 15:27:00,2021-03-29 15:29:00,1,14000.0,0,False,7000.0,700.0,1,2,2,2,1,1,211,Perdidos / Hibernando,1,1,1,1,Valor medio
H1LPY12BJR,Servicios,Otro,Bogotá D.C.,2021-03-09 16:41:00,2021-03-09 16:51:00,2021-03-09 16:56:00,1,1884000.0,492000,False,78500.0,94200.0,0,24,3,4,4,3,443,Leales,2,0,0,0,Valor medio-alto
H1QHUT37HH,Comercio detallista,Venta de bicicletas y accesorios,Bogotá D.C.,2021-03-18 14:58:00,2021-03-18 15:08:00,2021-03-18 15:11:00,1,1000.0,0,False,1000.0,50.0,2,1,1,1,1,1,111,Perdidos / Hibernando,1,1,2,1,Valor medio
H2566LYR3K,Comercio detallista,Ropa / Accesorios,Bogotá D.C.,,,,1,3734900.0,0,False,128789.6551724138,186745.0,1,29,5,2,5,4,254,En riesgo (antes valiosos),2,0,0,0,Valor medio-alto
H2FLQ2PVRM,Comercio detallista,Electrodomésticos,Bogotá D.C.,2021-02-23 19:40:00,2021-02-23 19:46:00,2021-02-23 19:47:00,1,2000.0,0,False,666.6666666666666,100.0,2,3,2,1,2,1,121,Perdidos / Hibernando,1,1,2,1,Valor medio
H31AYY9IIV,Reparación y limpieza,Automotriz y autopartes,Cali,2021-03-19 11:44:00,2021-03-19 11:50:00,2021-03-19 11:54:00,1,4525000.0,680000,False,266176.4705882353,226250.0,0,17,3,4,4,4,444,Campeones,2,0,0,0,Valor medio-alto
H479Q8KS25,Turismo y entretenimiento,Eventos / Festivales,Cajicá,2021-03-23 19:18:00,2021-03-23 19:24:00,2021-03-23 19:25:00,1,71400.0,0,False,14280.0,3570.0,0,5,3,4,2,1,421,Nuevos / En crecimiento,0,0,1,0,Valor medio-alto
H48W2VWKQD,Servicios,Otro,Bogotá D.C.,2021-03-08 15:54:00,2021-03-08 15:59:00,2021-03-08 16:00:00,1,4007000.0,192000,False,133566.66666666666,200350.0,0,30,3,4,5,4,454,Campeones,2,0,0,0,Valor medio-alto
H4Q7FPNBNY,Alimentos y bebidas,Licores,Bogotá D.C.,2021-02-12 13:18:00,2021-02-12 16:16:00,2021-02-12 16:18:00,1,15734800.0,1759700,False,403456.41025641025,786740.0,0,39,3,4,5,5,455,Campeones,2,0,0,0,Valor medio-alto
H5W393LR81,Transporte,Taxi,Cali,2021-02-21 10:16:00,2021-02-21 10:22:00,2021-02-21 10:24:00,1,1000.0,0,False,1000.0,50.0,3,1,1,1,1,1,111,Perdidos / Hibernando,1,1,2,1,Valor medio
H6INB91Y0C,Comercio detallista,Materiales de construcción,Bogotá D.C.,2021-02-15 15:51:00,2021-02-15 15:57:00,2021-02-15 16:03:00,1,8509435.0,222000,False,567295.6666666666,425471.75,0,15,4,4,4,5,445,Campeones,2,0,0,0,Valor medio-alto
H7RX6QQX50,Comercio detallista,Otro,Fusagasugá,2021-03-10 16:26:00,2021-03-10 16:32:00,2021-03-10 16:35:00,1,257000.0,0,False,85666.66666666667,12850.0,1,3,2,2,2,2,222,Perdidos / Hibernando,0,0,1,0,Valor medio-alto
H7WJQ6P8NP,Comercio detallista,Tecnología,Bogotá D.C.,2021-03-23 11:57:00,2021-03-23 12:12:00,2021-03-23 12:22:00,1,89000.0,0,False,22250.0,4450.0,0,4,3,4,2,1,421,Nuevos / En crecimiento,0,0,1,0,Valor medio-alto
H82UVARGMB,Alimentos y bebidas,Restaurante / Café,Bogotá D.C.,2021-03-26 16:24:00,2021-03-26 16:40:00,2021-03-26 16:42:00,1,1000.0,0,False,1000.0,50.0,2,1,1,1,1,1,111,Perdidos / Hibernando,1,1,2,1,Valor medio
H8C6CF4PWB,Comercio detallista,Ropa / Accesorios,Soacha,2021-02-11 13:13:00,2021-02-11 13:21:00,2021-02-11 13:23:00,1,8886200.0,1614500,False,86273.786407767,444310.0,0,103,4,4,5,5,455,Campeones,2,0,0,0,Valor medio-alto
H8KHKYKBF2,Comercio detallista,Tecnología,Bogotá D.C.,2021-03-06 18:32:00,2021-03-06 18:40:00,2021-03-06 18:45:00,1,1056700.0,110200,False,55615.78947368421,52835.0,0,19,3,4,4,3,443,Leales,2,0,0,0,Valor medio-alto
H8MCDS6T0A,Comercio detallista,Óptica,Bogotá D.C.,2021-03-11 14:01:00,2021-03-11 14:07:00,2021-03-11 14:09:00,1,1713000.0,400000,False,244714.2857142857,85650.0,0,7,3,4,3,3,433,Leales,0,0,0,0,Valor medio-alto
H8MMIR0P9N,Comercio detallista,Óptica,Bogotá D.C.,2021-03-09 10:29:00,2021-03-09 10:44:00,2021-03-09 10:51:00,1,88000.0,0,False,44000.0,4400.0,2,2,1,1,1,1,111,Perdidos / Hibernando,1,1,1,1,Valor medio
H94V7PP1W2,Comercio detallista,Auto partes,Bogotá D.C.,2021-03-06 12:21:00,2021-03-06 12:35:00,2021-03-06 12:36:00,1,506200.0,42000,False,63275.0,25310.0,0,8,2,4,3,2,432,Leales,0,0,0,0,Valor medio-alto
H9C68PLPLU,Comercio detallista,Ropa / Accesorios,Bogotá D.C.,2021-02-11 12:51:00,2021-02-11 13:01:00,2021-02-11 13:04:00,1,2186000.0,510000,False,80962.96296296296,109300.0,0,27,4,4,4,3,443,Leales,2,0,0,0,Valor medio-alto
H9WCAB13MI,Servicios,Otro,Bogotá D.C.,2021-02-26 17:18:00,2021-02-26 17:35:00,2021-02-26 17:38:00,1,9686600.0,2003600,False,1076288.888888889,484330.0,1,9,3,2,3,5,235,Potenciales,0,0,0,0,Valor medio-alto
HA63CG2U5G,Comercio detallista,Venta de bicicletas y accesorios,Bogotá D.C.,2021-03-11 13:18:00,2021-03-11 13:27:00,2021-03-11 13:32:00,1,1514500.0,0,False,126208.33333333333,75725.0,0,12,3,4,3,3,433,Leales,0,0,0,0,Valor medio-alto
HAKPE76DEQ,Comercio detallista,Insumos,Bogotá D.C.,2021-03-24 16:47:00,2021-03-24 16:55:00,2021-03-24 16:58:00,1,461750.0,300000,False,115437.5,23087.5,0,4,3,4,2,2,422,Nuevos / En crecimiento,0,0,1,0,Valor medio-alto
HAMCKB196C,Comercio detallista,Elementos del hogar,Bogotá D.C.,2021-03-18 11:01:00,2021-03-18 11:11:00,2021-03-18 11:16:00,1,2713000.0,285000,False,100481.48148148147,135650.0,0,27,3,4,4,4,444,Campeones,2,0,0,0,Valor medio-alto
HAQAPS8CAZ,Comercio detallista,Muebles / Decoración,Bogotá D.C.,2021-03-09 17:17:00,2021-03-09 17:28:00,2021-03-09 17:31:00,1,2139500.0,517500,False,427900.0,106975.0,0,5,2,4,2,3,423,Nuevos / En crecimiento,0,0,0,0,Valor medio-alto
HAS890D6AF,Comercio detallista,Óptica,Bogotá D.C.,2021-03-24 12:09:00,2021-03-24 12:18:00,2021-03-24 12:20:00,1,3267300.0,1287200,False,326730.0,163365.0,0,10,3,4,3,4,434,Leales,0,0,0,0,Valor medio-alto
HBB87EEZ6I,Transporte,Servicio especial,Bogotá D.C.,2021-03-24 09:22:00,2021-03-24 09:35:00,2021-03-24 09:38:00,1,27000.0,0,False,13500.0,1350.0,1,2,2,2,1,1,211,Perdidos / Hibernando,1,1,1,1,Valor medio
HBM6EWDP4O,Belleza y cuidado personal,Distribuidora,Fusagasugá,2021-03-10 11:31:00,2021-03-10 11:40:00,2021-03-10 11:45:00,1,363500.0,0,False,181750.0,18175.0,2,2,1,1,1,2,112,Perdidos / Hibernando,1,1,1,1,Valor medio
HBWSDZ2Q2J,Alimentos y bebidas,Comida rápida,Fusagasugá,2021-03-05 16:30:00,2021-03-05 16:41:00,2021-03-05 16:43:00,1,2000.0,0,False,2000.0,100.0,2,1,1,1,1,1,111,Perdidos / Hibernando,1,1,2,1,Valor medio
HBYR7OAAYP,Comercio detallista,Otro,Bogotá D.C.,2021-03-25 13:54:00,2021-03-25 14:03:00,2021-03-25 14:05:00,1,18523000.0,5957000,False,686037.0370370371,926150.0,0,27,3,4,4,5,445,Campeones,2,0,0,0,Valor medio-alto
HBZBV98N6H,Comercio detallista,Elementos de seguridad,Bogotá D.C.,2021-03-18 18:03:00,2021-03-18 18:17:00,2021-03-18 18:23:00,1,5032100.0,712600,False,173520.6896551724,251605.0,0,29,3,4,5,4,454,Campeones,2,0,0,0,Valor medio-alto
HCIZJKZZKQ,Servicios,Medicina / Odontología,Bogotá D.C.,2021-03-23 10:18:00,2021-03-23 10:49:00,2021-03-23 10:58:00,1,485000.0,0,False,242500.0,24250.0,1,2,2,2,1,2,212,Perdidos / Hibernando,0,0,1,0,Valor medio-alto
HCOJD776WE,Alimentos y bebidas,Abarrotes / Mercado,Bogotá D.C.,2021-03-24 15:30:00,2021-03-24 15:48:00,2021-03-24 15:52:00,1,1699400.0,367500,False,49982.35294117647,84970.0,0,34,3,4,5,3,453,Leales,2,0,0,0,Valor medio-alto
HDLZQGFJJ8,Servicios,Otro,Bogotá D.C.,,,,1,132000.0,0,False,66000.0,6600.0,0,2,2,4,1,1,411,Nuevos / En crecimiento,0,0,1,0,Valor medio-alto
HDNH4B5RZC,Comercio detallista,Ropa / Accesorios,Bogotá D.C.,2021-03-23 11:21:00,2021-03-23 11:30:00,2021-03-23 11:32:00,1,3677000.0,300000,False,105057.14285714286,183850.0,0,35,3,4,5,4,454,Campeones,2,0,0,0,Valor medio-alto
HDXABWIGWD,Comercio detallista,Óptica,Bogotá D.C.,2021-03-03 17:48:00,2021-03-03 17:52:00,2021-03-03 17:58:00,1,2662000.0,0,False,332750.0,133100.0,0,8,2,4,3,4,434,Leales,0,0,0,0,Valor medio-alto
HECJU9XL88,Comercio detallista,Otro,Bogotá D.C.,,,,1,4938000.0,820000,False,126615.38461538461,246900.0,0,39,6,4,5,4,454,Campeones,2,0,0,0,Valor medio-alto
HFY280198B,Belleza y cuidado personal,Distribuidora,Bogotá D.C.,2021-03-31 15:49:00,2021-03-31 16:00:00,2021-03-31 16:04:00,1,858400.0,0,False,122628.57142857143,42920.0,0,7,3,4,3,2,432,Leales,0,0,0,0,Valor medio-alto
HGE1ZF5CAU,Comercio detallista,Elementos de seguridad,Bogotá D.C.,2021-03-08 16:39:00,2021-03-08 16:49:00,2021-03-08 16:52:00,1,6000.0,0,False,2000.0,300.0,2,3,1,1,2,1,121,Perdidos / Hibernando,1,1,2,1,Valor medio
HGOQTSZ383,Transporte,Servicio especial,Bogotá D.C.,2021-03-19 12:02:00,2021-03-19 12:12:00,2021-03-19 12:18:00,1,1022500.0,0,False,146071.42857142858,51125.0,1,7,2,2,3,3,233,Potenciales,0,0,1,0,Valor medio-alto
HHIJHP4451,Comercio detallista,Auto partes,Bucaramanga,2021-02-04 11:08:00,2021-02-15 17:04:00,2021-02-17 16:25:00,1,1425000.0,0,False,1425000.0,71250.0,3,1,1,1,1,3,113,Potenciales,1,1,1,1,Valor medio
HIHHVO2N0F,Comercio detallista,Venta de bicicletas y accesorios,Bogotá D.C.,2021-02-23 16:07:00,2021-02-23 16:14:00,2021-02-23 16:20:00,1,4000.0,0,False,2000.0,200.0,3,2,1,1,1,1,111,Perdidos / Hibernando,1,1,2,1,Valor medio
HIJMYXF6QM,Alimentos y bebidas,Comida rápida,Bogotá D.C.,2021-02-09 13:15:00,2021-02-09 13:29:00,2021-02-09 13:34:00,1,559400.0,218700,False,46616.666666666664,27970.0,0,12,3,4,3,2,432,Leales,0,0,0,0,Valor medio-alto
HIKGX7DMSO,Comercio detallista,Mascotas,Bogotá D.C.,,,,1,607900.0,47000,False,35758.82352941176,30395.0,1,17,4,2,4,2,242,En riesgo (antes valiosos),0,0,1,0,Valor medio-alto
HJCH4PGO3G,Comercio detallista,Óptica,Bogotá D.C.,2021-03-03 18:39:00,2021-03-03 18:46:00,2021-03-03 18:50:00,1,3334000.0,0,False,370444.44444444444,166700.0,1,9,2,2,3,4,234,Potenciales,0,0,1,0,Valor medio-alto
HJNHZQ1015,Comercio detallista,Elementos de seguridad,Bogotá D.C.,2021-02-22 16:57:00,2021-02-22 17:12:00,2021-02-22 17:14:00,1,13658800.0,2936000,False,252940.74074074073,682940.0,0,54,4,4,5,5,455,Campeones,2,0,0,0,Valor medio-alto
HJSKT043XM,Comercio detallista,Óptica,Bogotá D.C.,2021-02-15 14:03:00,2021-02-15 14:32:00,2021-02-15 14:34:00,1,1404000.0,580000,False,234000.0,70200.0,0,6,3,4,2,3,423,Nuevos / En crecimiento,0,0,0,0,Valor medio-alto
HLLHE9J7GX,Comercio detallista,Tecnología,Bogotá D.C.,,,,1,214000.0,0,False,71333.33333333333,10700.0,3,3,2,1,2,2,122,Perdidos / Hibernando,1,1,1,1,Valor medio
HLQXUYLL2W,Comercio detallista,Óptica,Villapinzón,2021-03-19 16:21:00,2021-03-19 16:28:00,2021-03-19 16:30:00,1,494000.0,0,False,123500.0,24700.0,1,4,2,2,2,2,222,Perdidos / Hibernando,0,0,1,0,Valor medio-alto
HMKCWB5RAB,Comercio detallista,Tienda naturista,Cali,2021-02-09 09:33:00,2021-02-09 09:43:00,2021-02-10 10:47:00,1,16775700.0,3712800,False,258087.6923076923,838785.0,0,65,4,4,5,5,455,Campeones,2,0,0,0,Valor medio-alto
HMO95G712J,Comercio detallista,Materiales de construcción,Bogotá D.C.,2021-03-12 16:23:00,2021-03-12 16:30:00,2021-03-12 16:33:00,1,2000.0,0,False,2000.0,100.0,2,1,1,1,1,1,111,Perdidos / Hibernando,1,1,2,1,Valor medio
HOBYR23RY1,Alimentos y bebidas,Restaurante / Café,Nemocón,2021-03-02 10:07:00,2021-03-02 21:26:00,2021-03-02 21:28:00,1,10913000.0,1849000,False,125436.7816091954,545650.0,0,87,3,4,5,5,455,Campeones,2,0,0,0,Valor medio-alto
HOLTC0A1DF,Servicios,Medicina / Odontología,Bogotá D.C.,2021-03-24 09:47:00,2021-03-24 09:55:00,2021-03-24 09:57:00,1,2000.0,0,False,2000.0,100.0,2,1,1,1,1,1,111,Perdidos / Hibernando,1,1,2,1,Valor medio
HOYFGHMBCO,Comercio detallista,Óptica,Bogotá D.C.,2021-03-25 10:15:00,2021-03-25 10:43:00,2021-03-25 10:46:00,1,2293000.0,743000,False,229300.0,114650.0,0,10,3,4,3,3,433,Leales,0,0,0,0,Valor medio-alto
HP35FNIOZD,Comercio detallista,Auto partes,Cali,2021-03-15 19:50:00,2021-03-15 19:58:00,2021-03-15 20:11:00,1,721459.0,0,False,51532.78571428572,36072.950000000004,1,14,2,2,4,2,242,En riesgo (antes valiosos),0,0,1,0,Valor medio-alto
HPDGBUZVPQ,Comercio detallista,Tecnología,Bogotá D.C.,2021-03-29 12:10:00,2021-03-29 12:27:00,2021-03-29 12:29:00,1,3476000.0,1570000,False,869000.0,173800.0,0,4,2,4,2,4,424,Nuevos / En crecimiento,0,0,0,0,Valor medio-alto
HQ4K6MYSNL,Comercio detallista,Artesanías,Nuquí,,,,1,2000.0,0,False,2000.0,100.0,5,1,1,1,1,1,111,Perdidos / Hibernando,1,1,2,1,Valor medio
HQWXQE3WZ4,Comercio detallista,Tecnología,Bogotá D.C.,2021-03-27 13:23:00,2021-03-27 13:35:00,2021-03-27 13:42:00,1,107060.0,0,False,53530.0,5353.0,1,2,2,2,1,1,211,Perdidos / Hibernando,0,1,1,1,Valor medio
HRNWSEBPDB,Comercio detallista,Óptica,Bogotá D.C.,,,,1,4732000.0,710000,False,338000.0,236600.0,0,14,4,4,4,4,444,Campeones,2,0,0,0,Valor medio-alto
HRW0HSBGZL,Comercio detallista,Venta de vehículos usados,Bogotá D.C.,2021-03-02 18:13:00,2021-03-02 18:20:00,2021-03-02 18:24:00,1,93000.0,0,False,31000.0,4650.0,1,3,2,2,2,1,221,Perdidos / Hibernando,0,1,1,1,Valor medio
HSBGLHAGH5,Educación,Otro,Bogotá D.C.,2021-03-26 09:33:00,2021-03-26 09:43:00,2021-03-26 09:48:00,1,1451825.0,477225,False,145182.5,72591.25,0,10,3,4,3,3,433,Leales,0,0,0,0,Valor medio-alto
HSCA5ZMD0S,Servicios,Tecnología y software,Cartagena de Indias,2021-03-06 16:36:00,2021-03-06 16:43:00,2021-03-06 16:46:00,1,1302000.0,0,False,325500.0,65100.0,1,4,2,2,2,3,223,Potenciales,0,0,1,0,Valor medio-alto
HSGWJ6JWHQ,Turismo y entretenimiento,Entretenimiento,Bogotá D.C.,2021-03-11 15:13:00,2021-03-11 15:20:00,2021-03-11 15:24:00,1,3092000.0,480000,False,181882.35294117648,154600.0,0,17,3,4,4,4,444,Campeones,2,0,0,0,Valor medio-alto
HSQK3AGU81,Belleza y cuidado personal,Distribuidora,Bogotá D.C.,2021-03-15 18:06:00,2021-03-15 18:17:00,2021-03-15 18:20:00,1,2000.0,0,False,2000.0,100.0,2,1,1,1,1,1,111,Perdidos / Hibernando,1,1,2,1,Valor medio
HSYYBFZ0MS,Comercio detallista,Materiales de construcción,Bogotá D.C.,2021-03-23 12:12:00,2021-03-23 12:18:00,2021-03-23 12:20:00,1,6106194.0,310300,False,305309.7,305309.7,0,20,3,4,4,4,444,Campeones,2,0,0,0,Valor medio-alto
HT814H4MP5,Servicios,Otro,Bogotá D.C.,2021-03-24 10:48:00,2021-03-24 11:10:00,2021-03-24 11:12:00,1,2901100.0,556600,False,161172.22222222222,145055.0,0,18,3,4,4,4,444,Campeones,2,0,0,0,Valor medio-alto
HTCQJJWYDW,Comercio detallista,Otro,Bogotá D.C.,,,,1,5550200.0,0,False,89519.35483870968,277510.0,0,62,5,4,5,4,454,Campeones,2,0,0,0,Valor medio-alto
HTF8SN9O7L,Reparación y limpieza,Automotriz y autopartes,Bogotá D.C.,2021-03-08 13:08:00,2021-03-08 13:23:00,2021-03-08 13:31:00,1,252000.0,0,False,126000.0,12600.0,2,2,1,1,1,2,112,Perdidos / Hibernando,1,1,1,1,Valor medio
HU0UBZP618,Comercio detallista,Auto partes,Bogotá D.C.,2021-02-03 16:29:00,2021-02-03 16:35:00,2021-02-03 16:39:00,1,5787500.0,3881000,False,413392.85714285716,289375.0,0,14,3,4,4,4,444,Campeones,2,0,0,0,Valor medio-alto
HU1ILS4JRE,Servicios,Veterinaria,Bogotá D.C.,,,,1,16076020.0,1342000,False,87369.67391304347,803801.0,0,184,6,4,5,5,455,Campeones,2,0,0,0,Valor medio-alto
HV5AQ6MPPI,Servicios,Otro,Bogotá D.C.,2021-03-30 17:38:00,2021-03-30 17:44:00,2021-03-30 17:48:00,1,762600.0,0,False,254200.0,38130.0,1,3,2,2,2,2,222,Perdidos / Hibernando,0,0,1,0,Valor medio-alto
HVITWVW9WR,Comercio detallista,Ropa / Accesorios,Bogotá D.C.,2021-03-11 12:41:00,2021-03-11 12:48:00,2021-03-24 12:44:00,1,431000.0,430000,False,215500.0,21550.0,0,2,2,4,1,2,412,Nuevos / En crecimiento,0,0,1,0,Valor medio-alto
HVJUSRVV0L,Comercio detallista,Elementos de seguridad,Bogotá D.C.,2021-02-22 16:00:00,2021-02-22 16:11:00,2021-02-22 16:15:00,1,1799000.0,485000,False,149916.66666666666,89950.0,0,12,4,4,3,3,433,Leales,0,0,0,0,Valor medio-alto
HVOSDSXBSF,Alimentos y bebidas,Abarrotes / Mercado,Bogotá D.C.,2021-02-16 14:14:00,2021-02-16 14:23:00,2021-02-16 14:25:00,2,301050.0,0,False,14335.714285714286,15052.5,2,21,2,1,4,2,142,En riesgo (antes valiosos),0,2,1,2,Valor alto
HVWU0XSHUW,Comercio detallista,Ropa / Accesorios,Bogotá D.C.,2021-03-12 15:07:00,2021-03-12 15:16:00,2021-03-12 15:20:00,1,2133000.0,40000,False,152357.14285714287,106650.0,0,14,2,4,4,3,443,Leales,0,0,0,0,Valor medio-alto
HW22Q1UK3K,Comercio detallista,Tecnología,Bogotá D.C.,2021-03-11 13:28:00,2021-03-11 13:35:00,2021-03-11 13:37:00,1,10250000.0,2581000,False,683333.3333333334,512500.0,0,15,3,4,4,5,445,Campeones,2,0,0,0,Valor medio-alto
HWF1ASSNE8,Comercio detallista,Óptica,Bogotá D.C.,,,,1,636700.0,516000,False,106116.66666666667,31835.0,2,6,3,1,2,2,122,Perdidos / Hibernando,0,0,1,0,Valor medio-alto
HWHW7PRC54,Servicios,Otro,Bogotá D.C.,,,,1,982000.0,0,False,491000.0,49100.0,3,2,2,1,1,3,113,Potenciales,1,1,1,1,Valor medio
HXH54F6U4I,Comercio detallista,Elementos de seguridad,Bogotá D.C.,2021-03-03 17:21:00,2021-03-03 17:30:00,2021-03-03 17:32:00,1,3253000.0,330000,False,271083.3333333333,162650.0,0,12,2,4,3,4,434,Leales,0,0,0,0,Valor medio-alto
HXI0IIR4FH,Servicios,Veterinaria,Bogotá D.C.,2021-03-19 14:43:00,2021-03-19 14:49:00,2021-03-19 14:54:00,1,3034600.0,0,False,74014.63414634146,151730.0,0,41,3,4,5,4,454,Campeones,2,0,0,0,Valor medio-alto
HY5CY95C58,Belleza y cuidado personal,Salón de belleza,Bogotá D.C.,2021-02-28 12:11:00,2021-02-28 12:20:00,2021-02-28 12:23:00,1,252000.0,0,False,31500.0,12600.0,0,8,4,4,3,2,432,Leales,0,0,1,0,Valor medio-alto
HYE8AWJPKY,Alimentos y bebidas,Comida rápida,Bogotá D.C.,2021-03-24 17:21:00,2021-03-24 17:35:00,2021-03-24 17:39:00,1,11127100.0,1111300,False,31081.28491620112,556355.0,0,358,3,4,5,5,455,Campeones,2,0,0,0,Valor medio-alto
HYI51UM0Q0,Alimentos y bebidas,Comida rápida,Bogotá D.C.,2021-03-30 11:13:00,2021-03-30 11:33:00,2021-03-30 11:36:00,1,3807100.0,758400,False,23356.44171779141,190355.0,0,163,3,4,5,4,454,Campeones,2,0,0,0,Valor medio-alto
HYVYRLM6N2,Reparación y limpieza,Automotriz y autopartes,Bogotá D.C.,,,,1,11258365.0,486000,False,160833.7857142857,562918.25,0,70,5,4,5,5,455,Campeones,2,0,0,0,Valor medio-alto
HYXD3E3XZA,Comercio detallista,Tienda de deportes,Bogotá D.C.,2021-02-06 15:54:00,2021-02-06 16:01:00,2021-02-08 13:15:00,1,9520500.0,0,False,680035.7142857143,476025.0,0,14,3,4,4,5,445,Campeones,2,0,0,0,Valor medio-alto
HYYNP4V5BN,Servicios,Medicina / Odontología,Bogotá D.C.,2021-03-06 17:30:00,2021-03-06 17:38:00,2021-03-06 17:41:00,1,1227600.0,805600,False,613800.0,61380.0,0,2,2,4,1,3,413,Nuevos / En crecimiento,0,0,1,0,Valor medio-alto
HZ8NEPAK16,Comercio detallista,Ropa / Accesorios,Fusagasugá,2021-03-26 10:56:00,2021-03-26 11:03:00,2021-03-26 11:10:00,1,15666000.0,3347900,False,116044.44444444444,783300.0,0,135,3,4,5,5,455,Campeones,2,0,0,0,Valor medio-alto
I029NL3QMH,Comercio detallista,Tienda de deportes,Bogotá D.C.,2021-02-18 16:16:00,2021-02-19 10:52:00,2021-02-19 10:55:00,1,21219000.0,5003000,False,146337.93103448275,1060950.0,0,145,4,4,5,5,455,Campeones,2,0,0,0,Valor medio-alto
I06KMDOQ4V,Comercio detallista,Óptica,Bogotá D.C.,2021-03-09 10:50:00,2021-03-09 11:01:00,2021-03-09 13:36:00,1,14108550.0,1266000,False,287929.5918367347,705427.5,0,49,3,4,5,5,455,Campeones,2,0,0,0,Valor medio-alto
I06YDZ157S,Comercio detallista,Tecnología,El Rosal,2021-03-16 13:05:00,2021-03-16 13:12:00,2021-03-16 13:15:00,1,947900.0,177000,False,118487.5,47395.0,0,8,3,4,3,2,432,Leales,0,0,0,0,Valor medio-alto
I0BKZZ2TZ0,Belleza y cuidado personal,Distribuidora,Bogotá D.C.,2021-03-08 15:33:00,2021-03-08 15:48:00,2021-03-08 15:51:00,1,781000.0,174500,False,48812.5,39050.0,0,16,3,4,4,2,442,Leales,0,0,0,0,Valor medio-alto
I0LHWE3MX1,Comercio detallista,Muebles / Decoración,Bogotá D.C.,2021-02-09 16:28:00,2021-02-09 16:34:00,2021-02-09 16:37:00,1,3000.0,0,False,1500.0,150.0,3,2,1,1,1,1,111,Perdidos / Hibernando,1,1,2,1,Valor medio
I0U7Q5C8FH,Comercio detallista,Ropa / Accesorios,Bogotá D.C.,2021-02-24 14:47:00,2021-02-24 14:55:00,2021-02-24 15:00:00,1,6449000.0,118000,False,322450.0,322450.0,0,20,4,4,4,5,445,Campeones,2,0,0,0,Valor medio-alto
I13A7CA5S8,Alimentos y bebidas,Comida rápida,Fomeque,2021-03-11 20:26:00,2021-03-11 20:34:00,2021-05-10 19:48:00,1,3000.0,0,False,1500.0,150.0,0,2,2,4,1,1,411,Nuevos / En crecimiento,0,1,1,1,Valor medio
I1AEF37MBJ,Comercio detallista,Óptica,Bogotá D.C.,2021-02-11 13:51:00,2021-02-11 14:00:00,2021-02-11 14:01:00,1,1554000.0,0,False,222000.0,77700.0,0,7,4,4,3,3,433,Leales,0,0,0,0,Valor medio-alto
I1FR85H2MO,Comercio detallista,Otro,Bogotá D.C.,,,,1,2121947.0,133107,False,47154.37777777778,106097.35,0,45,5,4,5,3,453,Leales,2,0,0,0,Valor medio-alto
I1HE0BCXFO,Comercio detallista,Insumos,Bogotá D.C.,2021-03-12 15:43:00,2021-03-12 15:52:00,2021-03-12 15:56:00,1,246000.0,0,False,123000.0,12300.0,2,2,1,1,1,2,112,Perdidos / Hibernando,1,1,1,1,Valor medio
I21QIL3WZV,Comercio detallista,Óptica,Bogotá D.C.,2021-03-16 12:53:00,2021-03-16 12:58:00,2021-03-16 13:15:00,1,663000.0,0,False,132600.0,33150.0,1,5,2,2,2,2,222,Perdidos / Hibernando,0,0,1,0,Valor medio-alto
I2TRHKQDXO,Comercio detallista,Otro,Ibagué,2021-03-19 16:42:00,2021-03-19 16:49:00,2021-03-19 16:51:00,1,462000.0,0,False,92400.0,23100.0,0,5,2,4,2,2,422,Nuevos / En crecimiento,0,0,1,0,Valor medio-alto
I2WP56YMFF,Comercio detallista,Óptica,Cajicá,2021-03-24 13:18:00,2021-03-24 13:24:00,2021-03-24 13:29:00,1,17859000.0,3800000,False,350176.4705882353,892950.0,0,51,3,4,5,5,455,Campeones,2,0,0,0,Valor medio-alto
I41OBTJM9Z,Comercio detallista,Óptica,Bogotá D.C.,2021-02-05 18:26:00,2021-02-05 18:37:00,2021-02-05 18:39:00,1,2000.0,0,False,2000.0,100.0,3,1,1,1,1,1,111,Perdidos / Hibernando,1,1,2,1,Valor medio
I47ZLYL99H,Alimentos y bebidas,Comida rápida,Bogotá D.C.,2021-02-05 21:41:00,2021-02-05 21:58:00,2021-02-05 22:02:00,1,2000.0,0,False,2000.0,100.0,3,1,1,1,1,1,111,Perdidos / Hibernando,1,1,2,1,Valor medio
I4FYQ8ORW4,Comercio detallista,Ropa / Accesorios,Bogotá D.C.,2021-03-29 15:10:00,2021-03-29 15:27:00,2021-03-29 15:30:00,1,4000.0,0,False,2000.0,200.0,2,2,1,1,1,1,111,Perdidos / Hibernando,1,1,2,1,Valor medio
I4MAQ7P6ZP,Servicios,Medicina / Odontología,Bogotá D.C.,2021-03-25 14:37:00,2021-03-25 14:54:00,2021-03-26 11:03:00,1,2717000.0,0,False,150944.44444444444,135850.0,0,18,3,4,4,4,444,Campeones,2,0,0,0,Valor medio-alto
I4MKPP8LRB,Servicios,Otro,Bogotá D.C.,2021-02-24 13:46:00,2021-02-24 14:08:00,2021-02-24 14:11:00,1,1514000.0,248000,False,216285.7142857143,75700.0,0,7,4,4,3,3,433,Leales,0,0,0,0,Valor medio-alto
I51UATSL7J,Reparación y limpieza,Reparaciones locativas,Soacha,2021-02-10 11:27:00,2021-02-10 11:34:00,2021-02-10 11:40:00,1,3140000.0,1000000,False,1570000.0,157000.0,2,2,2,1,1,4,114,Potenciales,0,0,1,0,Valor medio-alto
I5JDQ4XNKZ,Comercio detallista,Materiales de construcción,Bogotá D.C.,2021-03-09 12:55:00,2021-03-09 13:25:00,2021-03-09 13:27:00,1,13637300.0,1132500,False,717752.6315789474,681865.0,0,19,3,4,4,5,445,Campeones,2,0,0,0,Valor medio-alto
I5JQY4NUEC,Servicios,Otro,Soacha,2021-03-03 16:33:00,2021-03-03 16:40:00,2021-03-03 16:44:00,1,396590.0,394590,False,396590.0,19829.5,2,1,1,1,1,2,112,Perdidos / Hibernando,1,1,1,1,Valor medio
I5QJP7UJIQ,Comercio detallista,Ropa / Accesorios,Bogotá D.C.,,,,1,5695000.0,1336000,False,219038.46153846153,284750.0,0,26,5,4,4,4,444,Campeones,2,0,0,0,Valor medio-alto
I5XKWE6C8M,Comercio detallista,Ropa / Accesorios,Bogotá D.C.,2021-03-14 15:02:00,2021-03-14 15:12:00,2021-03-14 15:17:00,1,41800.0,0,False,20900.0,2090.0,2,2,1,1,1,1,111,Perdidos / Hibernando,1,1,1,1,Valor medio
I5XVOZFE0R,Alimentos y bebidas,Bar / Club / Discoteca,Soacha,2021-02-02 15:34:00,2021-02-02 15:46:00,2021-02-02 15:50:00,1,2969840.0,801400,False,76149.7435897436,148492.0,0,39,4,4,5,4,454,Campeones,2,0,0,0,Valor medio-alto
I60XH1KL18,Comercio detallista,Ropa / Accesorios,Bogotá D.C.,2021-03-23 13:35:00,2021-03-23 13:39:00,2021-03-23 13:41:00,1,3466000.0,1138000,False,105030.30303030302,173300.0,0,33,3,4,5,4,454,Campeones,2,0,0,0,Valor medio-alto
I6UNFTD52G,Comercio detallista,Venta de bicicletas y accesorios,Bogotá D.C.,2021-03-16 15:32:00,2021-03-16 15:41:00,2021-03-16 15:46:00,1,8706000.0,4220000,False,791454.5454545454,435300.0,0,11,3,4,3,5,435,Leales,0,0,0,0,Valor medio-alto
I8NP9MIYTI,Comercio detallista,Insumos,Bogotá D.C.,2021-03-11 14:34:00,2021-03-11 14:42:00,2021-03-11 14:52:00,1,5174800.0,655400,False,86246.66666666667,258740.0,0,60,3,4,5,4,454,Campeones,2,0,0,0,Valor medio-alto
I8YJAXIQFN,Belleza y cuidado personal,Centro de tatuajes,Bogotá D.C.,2021-03-03 13:37:00,2021-03-03 13:51:00,2021-03-03 13:54:00,1,2883700.0,78000,False,160205.55555555556,144185.0,0,18,3,4,4,4,444,Campeones,2,0,0,0,Valor medio-alto
I94DS4S439,Comercio detallista,Ropa / Accesorios,Bogotá D.C.,2021-03-29 12:29:00,2021-03-29 13:40:00,2021-03-29 13:43:00,1,2447000.0,437000,False,152937.5,122350.0,0,16,3,4,4,3,443,Leales,2,0,0,0,Valor medio-alto
I9W2UUZQQ3,Belleza y cuidado personal,Distribuidora,Bogotá D.C.,2021-03-01 12:58:00,2021-03-01 13:11:00,2021-03-01 13:22:00,1,4000.0,0,False,2000.0,200.0,2,2,1,1,1,1,111,Perdidos / Hibernando,1,1,2,1,Valor medio
I9WDEDO31P,Comercio detallista,Juguetería / Piñatería,Madrid,2021-03-19 08:53:00,2021-03-19 09:11:00,2021-03-19 09:16:00,1,7989000.0,1264800,False,99862.5,399450.0,0,80,3,4,5,5,455,Campeones,2,0,0,0,Valor medio-alto
IA03B7X1W7,Comercio detallista,Óptica,Bogotá D.C.,,,,1,238000.0,0,False,79333.33333333333,11900.0,4,3,2,1,2,2,122,Perdidos / Hibernando,1,1,2,1,Valor medio
IA8Y2Z4Q3O,Servicios,Otro,Bogotá D.C.,2021-02-09 00:13:00,2021-02-09 16:38:00,2021-02-09 16:41:00,1,2000.0,0,False,2000.0,100.0,3,1,1,1,1,1,111,Perdidos / Hibernando,1,1,2,1,Valor medio
IALSUP65Y6,Comercio detallista,Óptica,Soacha,2021-02-01 18:18:00,2021-02-01 18:27:00,2021-02-01 18:28:00,1,5109888.0,1244000,False,393068.3076923077,255494.40000000002,0,13,3,4,3,4,434,Leales,2,0,0,0,Valor medio-alto
ICEZJ3GYVE,Servicios,Veterinaria,Bogotá D.C.,2021-03-17 13:41:00,2021-03-17 13:47:00,2021-03-17 13:50:00,1,13223870.0,1938750,False,206622.96875,661193.5,0,64,3,4,5,5,455,Campeones,2,0,0,0,Valor medio-alto
ICHCT1VH7E,Comercio detallista,Tecnología,Bogotá D.C.,2021-03-10 13:14:00,2021-03-10 13:20:00,2021-03-10 13:27:00,1,7490000.0,0,False,1872500.0,374500.0,0,4,3,4,2,5,425,Nuevos / En crecimiento,0,0,0,0,Valor medio-alto
ICMPLJLYQ0,Comercio detallista,Elementos del hogar,Bogotá D.C.,,,,1,13013650.0,3355200,False,929546.4285714285,650682.5,0,14,5,4,4,5,445,Campeones,2,0,0,0,Valor medio-alto
ICTII577VU,Comercio detallista,Maquinaria,Bogotá D.C.,2021-03-03 15:12:00,2021-03-03 15:25:00,2021-03-03 15:28:00,1,1134300.0,752300,False,378100.0,56715.0,0,3,2,4,2,3,423,Nuevos / En crecimiento,0,0,0,0,Valor medio-alto
IEP6EX5JFT,Comercio detallista,Mascotas,Bogotá D.C.,2021-03-05 16:06:00,2021-03-05 16:17:00,2021-03-05 16:21:00,1,12800.0,0,False,6400.0,640.0,2,2,1,1,1,1,111,Perdidos / Hibernando,1,1,2,1,Valor medio
IES1LWJZXM,Servicios,Diseño / Fotografía,Bogotá D.C.,2021-03-11 11:58:00,2021-03-11 12:16:00,2021-03-11 12:18:00,1,107500.0,0,False,15357.142857142857,5375.0,0,7,2,4,3,1,431,Leales,0,0,1,0,Valor medio-alto
IFEW2GTT4I,Servicios,Tecnología y software,Cali,2021-03-03 16:26:00,2021-03-03 16:42:00,2021-03-03 16:44:00,1,1000.0,0,False,1000.0,50.0,2,1,1,1,1,1,111,Perdidos / Hibernando,1,1,2,1,Valor medio
IFFBVASF3T,Comercio detallista,Electrodomésticos,Facatativá,2021-02-24 15:22:00,2021-02-24 15:44:00,2021-02-24 15:49:00,1,899955.0,0,False,149992.5,44997.75,0,6,4,4,2,2,422,Nuevos / En crecimiento,0,0,0,0,Valor medio-alto
IFRHH1XUVJ,Comercio detallista,Joyería,Bogotá D.C.,2021-03-19 13:19:00,2021-03-19 13:42:00,2021-03-19 13:49:00,1,3132000.0,420000,False,626400.0,156600.0,0,5,3,4,2,4,424,Nuevos / En crecimiento,0,0,0,0,Valor medio-alto
IFVH0BOIOA,Alimentos y bebidas,Restaurante / Café,Bogotá D.C.,2021-03-08 14:13:00,2021-03-08 14:27:00,2021-03-08 14:29:00,1,4000.0,0,False,2000.0,200.0,0,2,2,4,1,1,411,Nuevos / En crecimiento,0,1,1,1,Valor medio
IH26IQEVMA,Alimentos y bebidas,Restaurante / Café,Bogotá D.C.,,,,1,12000.0,0,False,6000.0,600.0,4,2,1,1,1,1,111,Perdidos / Hibernando,1,1,2,1,Valor medio
IH3RPDB0DZ,Belleza y cuidado personal,Centro de tatuajes,Bogotá D.C.,2021-03-25 11:42:00,2021-03-25 14:42:00,2021-03-25 14:44:00,1,2000.0,0,False,2000.0,100.0,2,1,1,1,1,1,111,Perdidos / Hibernando,1,1,2,1,Valor medio
IHKVRAAXCM,Comercio detallista,Revendedor,Bogotá D.C.,2021-03-09 10:54:00,2021-03-09 11:03:00,2021-03-09 11:05:00,1,1108500.0,0,False,158357.14285714287,55425.0,1,7,2,2,3,3,233,Potenciales,0,0,1,0,Valor medio-alto
IHMO9VY1LA,Turismo y entretenimiento,Agencia de Viajes,Bogotá D.C.,2021-03-23 09:49:00,2021-03-23 10:00:00,2021-03-23 10:06:00,1,24274000.0,0,False,1055391.3043478262,1213700.0,1,23,2,2,4,5,245,En riesgo (antes valiosos),2,0,0,0,Valor medio-alto
IJJ03BYINX,Comercio detallista,Elementos de seguridad,Bogotá D.C.,2021-03-11 15:16:00,2021-03-11 15:22:00,2021-03-11 15:23:00,1,8284688.0,3181888,False,318641.8461538461,414234.4,0,26,3,4,4,5,445,Campeones,2,0,0,0,Valor medio-alto
IKG7J3UC26,Comercio detallista,Ropa / Accesorios,Bogotá D.C.,2021-03-23 12:12:00,2021-03-23 12:28:00,2021-03-23 12:31:00,1,3652000.0,206000,False,260857.14285714287,182600.0,0,14,3,4,4,4,444,Campeones,2,0,0,0,Valor medio-alto
IKP51W5G7O,Servicios,Medicina / Odontología,Bogotá D.C.,2021-03-24 17:13:00,2021-03-24 17:19:00,2021-03-24 17:21:00,1,1615888.0,554888,False,269314.6666666667,80794.40000000001,1,6,2,2,2,3,223,Potenciales,0,0,1,0,Valor medio-alto
IL1YC2YEAA,Comercio detallista,Óptica,Bogotá D.C.,2021-02-03 16:08:00,2021-02-03 16:20:00,2021-02-03 16:37:00,1,5612000.0,340000,False,187066.66666666666,280600.0,0,30,4,4,5,4,454,Campeones,2,0,0,0,Valor medio-alto
IL2H1OMJF3,Comercio detallista,Ropa / Accesorios,Jamundí,2021-03-23 17:58:00,2021-03-23 18:06:00,2021-03-23 18:10:00,1,4185000.0,660500,False,102073.17073170732,209250.0,0,41,3,4,5,4,454,Campeones,2,0,0,0,Valor medio-alto
ILDKP48TO3,Alimentos y bebidas,Restaurante / Café,Bogotá D.C.,2021-03-26 18:46:00,2021-03-26 18:52:00,2021-03-26 18:53:00,1,570700.0,568700,False,570700.0,28535.0,2,1,1,1,1,2,112,Perdidos / Hibernando,1,1,1,1,Valor medio
IM4OJENR20,Belleza y cuidado personal,Salón de belleza,Bogotá D.C.,,,,1,10122000.0,1206000,False,59541.17647058824,506100.0,0,170,5,4,5,5,455,Campeones,2,0,0,0,Valor medio-alto
IN2EQLOW1U,Comercio detallista,Joyería,El Rosal,2021-03-16 11:23:00,2021-03-16 11:32:00,2021-03-16 11:34:00,1,564000.0,0,False,51272.72727272727,28200.0,1,11,2,2,3,2,232,Potenciales,0,0,1,0,Valor medio-alto
IN82SWD0FF,Alimentos y bebidas,Otro,Sibaté,2021-03-10 14:56:00,2021-03-10 15:07:00,2021-03-10 15:16:00,1,329400.0,0,False,17336.842105263157,16470.0,0,19,3,4,4,2,442,Leales,0,0,0,0,Valor medio-alto
IOV1OT47SX,Comercio detallista,Ropa / Accesorios,Bogotá D.C.,2021-03-18 10:54:00,2021-03-18 11:15:00,2021-03-18 11:19:00,1,4177000.0,1240000,False,101878.0487804878,208850.0,0,41,3,4,5,4,454,Campeones,2,0,0,0,Valor medio-alto
IPMDI2JW1W,Comercio detallista,Óptica,Bogotá D.C.,2021-02-24 13:11:00,2021-02-24 13:29:00,2021-02-24 13:31:00,1,2000.0,0,False,2000.0,100.0,3,1,1,1,1,1,111,Perdidos / Hibernando,1,1,2,1,Valor medio
IPRZKJWTUT,Servicios,Veterinaria,Bogotá D.C.,2021-03-10 14:09:00,2021-03-10 14:20:00,2021-03-10 14:22:00,1,2552250.0,193000,False,116011.36363636363,127612.5,0,22,3,4,4,4,444,Campeones,2,0,0,0,Valor medio-alto
IQTQDOO9SW,Alimentos y bebidas,Abarrotes / Mercado,Bogotá D.C.,,,,1,3669750.0,366300,False,30581.25,183487.5,0,120,6,4,5,4,454,Campeones,2,0,0,0,Valor medio-alto
IREWY2G7KT,Belleza y cuidado personal,Otro,Cajicá,2021-03-09 17:50:00,2021-03-11 14:44:00,2021-03-11 15:05:00,1,681000.0,160000,False,227000.0,34050.0,0,3,2,4,2,2,422,Nuevos / En crecimiento,0,0,0,0,Valor medio-alto
IRFXVG3YU8,Transporte,Servicio especial,Bogotá D.C.,2021-03-25 15:17:00,2021-03-29 15:17:00,2021-03-29 15:39:00,1,227000.0,0,False,45400.0,11350.0,0,5,3,4,2,2,422,Nuevos / En crecimiento,0,0,1,0,Valor medio-alto
IRJDTF9GYC,Comercio detallista,Ropa / Accesorios,Bogotá D.C.,2021-03-18 12:31:00,2021-03-18 12:50:00,2021-03-18 12:52:00,1,4277000.0,818000,False,72491.52542372882,213850.0,0,59,3,4,5,4,454,Campeones,2,0,0,0,Valor medio-alto
IRML226ZRA,Comercio detallista,Materiales de construcción,Bogotá D.C.,2021-03-03 15:42:00,2021-03-03 15:48:00,2021-03-03 15:51:00,1,2000.0,0,False,2000.0,100.0,2,1,1,1,1,1,111,Perdidos / Hibernando,1,1,2,1,Valor medio
IS2YIVAKIK,Servicios,Medicina / Odontología,Bogotá D.C.,,,,1,9010600.0,1100000,False,429076.1904761905,450530.0,0,21,4,4,4,5,445,Campeones,2,0,0,0,Valor medio-alto
IS8XFIGWY2,Comercio detallista,Tienda naturista,Bogotá D.C.,2021-03-24 13:27:00,2021-03-24 13:33:00,2021-03-24 13:37:00,1,2000.0,0,False,2000.0,100.0,2,1,1,1,1,1,111,Perdidos / Hibernando,1,1,2,1,Valor medio
ISWAIP1G2P,Comercio detallista,Ropa / Accesorios,Bogotá D.C.,2021-03-29 11:51:00,2021-03-29 11:58:00,2021-03-29 12:03:00,1,1392000.0,288000,False,53538.46153846154,69600.0,0,26,3,4,4,3,443,Leales,2,0,0,0,Valor medio-alto
ITW2E08JLP,Comercio detallista,Tecnología,Bogotá D.C.,2021-03-24 18:11:00,2021-03-24 18:20:00,2021-03-24 18:22:00,1,2787250.0,414250,False,99544.64285714286,139362.5,0,28,3,4,4,4,444,Campeones,2,0,0,0,Valor medio-alto
IU5A1UXSTF,Comercio detallista,Óptica,Bogotá D.C.,2021-02-09 13:20:00,2021-02-09 13:27:00,2021-02-09 13:33:00,1,5139000.0,330000,False,302294.1176470588,256950.0,1,17,3,2,4,4,244,En riesgo (antes valiosos),2,0,0,0,Valor medio-alto
IU8JTQOKMP,Reparación y limpieza,Otro,Bogotá D.C.,,,,1,220000.0,204000,False,110000.0,11000.0,4,2,2,1,1,2,112,Perdidos / Hibernando,1,1,2,1,Valor medio
IUVXU3N85E,Comercio detallista,Ropa / Accesorios,Bogotá D.C.,,,,1,11099600.0,1470000,False,205548.14814814815,554980.0,0,54,5,4,5,5,455,Campeones,2,0,0,0,Valor medio-alto
IV356BCBI6,Transporte,Taxi,Cali,2021-03-04 09:33:00,2021-03-04 09:45:00,2021-03-04 09:47:00,1,89000.0,21800,False,22250.0,4450.0,1,4,2,2,2,1,221,Perdidos / Hibernando,0,1,1,1,Valor medio
IV8X553BBW,Comercio detallista,Elementos del hogar,Soacha,2021-02-02 14:09:00,2021-02-02 14:18:00,2021-02-02 14:21:00,1,9312000.0,1350000,False,582000.0,465600.0,0,16,4,4,4,5,445,Campeones,2,0,0,0,Valor medio-alto
IVE861CDNZ,Comercio detallista,Óptica,Bogotá D.C.,,,,1,5452000.0,550000,False,363466.6666666667,272600.0,0,15,5,4,4,4,444,Campeones,2,0,0,0,Valor medio-alto
IVR9LQXVYT,Comercio detallista,Óptica,Bogotá D.C.,2021-02-23 13:33:00,2021-02-23 13:47:00,2021-02-23 13:49:00,1,9078000.0,0,False,394695.652173913,453900.0,2,23,2,1,4,5,145,En riesgo (antes valiosos),2,0,1,0,Valor medio-alto
IVSDHVV8NK,Comercio detallista,Óptica,Bogotá D.C.,2021-02-15 12:58:00,2021-02-15 13:05:00,2021-02-15 13:06:00,1,1717000.0,0,False,286166.6666666667,85850.0,1,6,3,2,2,3,223,Potenciales,0,0,1,0,Valor medio-alto
IVVNAU5FIK,Transporte,Domicilios,Fusagasugá,2021-02-12 11:23:00,2021-02-12 11:30:00,2021-02-12 11:32:00,1,286200.0,282000,False,95400.0,14310.0,2,3,2,1,2,2,122,Perdidos / Hibernando,1,1,1,1,Valor medio
IXO6CSTOU4,Comercio detallista,Ropa / Accesorios,Bogotá D.C.,2021-03-05 17:26:00,2021-03-05 17:33:00,2021-03-05 17:43:00,1,645000.0,0,False,129000.0,32250.0,0,5,2,4,2,2,422,Nuevos / En crecimiento,0,0,1,0,Valor medio-alto
IYA63KKHB5,Comercio detallista,Óptica,Bogotá D.C.,,,,1,16021000.0,0,False,356022.22222222225,801050.0,0,45,5,4,5,5,455,Campeones,2,0,0,0,Valor medio-alto
IYFQQP5R8Z,Comercio detallista,Óptica,Bogotá D.C.,2021-03-17 13:52:00,2021-03-17 13:56:00,2021-03-17 13:58:00,1,4562000.0,2590000,False,651714.2857142857,228100.0,0,7,3,4,3,4,434,Leales,0,0,0,0,Valor medio-alto
IYI5OS7BXH,Comercio detallista,Óptica,Bogotá D.C.,2021-03-23 14:37:00,2021-03-23 14:42:00,2021-03-23 14:44:00,1,6656000.0,2464000,False,350315.7894736842,332800.0,0,19,3,4,4,5,445,Campeones,2,0,0,0,Valor medio-alto
IYNRK5E59K,Belleza y cuidado personal,Spa,Bogotá D.C.,,,,1,10500000.0,0,False,437500.0,525000.0,0,24,5,4,4,5,445,Campeones,2,0,0,0,Valor medio-alto
IYW3KM2DAT,Comercio detallista,Elementos de seguridad,Bogotá D.C.,2021-03-12 12:11:00,2021-03-12 12:19:00,2021-03-12 12:21:00,1,2951000.0,170000,False,122958.33333333333,147550.0,0,24,3,4,4,4,444,Campeones,2,0,0,0,Valor medio-alto
IZ1KMQTGJ0,Comercio detallista,Tecnología,Bogotá D.C.,2021-03-15 13:58:00,2021-03-15 14:10:00,2021-03-15 14:34:00,1,45098000.0,13430000,False,2652823.529411765,2254900.0,0,17,2,4,4,5,445,Campeones,2,0,0,0,Valor medio-alto
IZ4JUOD7LL,Comercio detallista,Óptica,Bogotá D.C.,2021-03-26 12:56:00,2021-03-26 13:05:00,2021-03-26 13:09:00,1,25693000.0,6510000,False,597511.6279069767,1284650.0,0,43,3,4,5,5,455,Campeones,2,0,0,0,Valor medio-alto
IZIEU1HATI,Comercio detallista,Auto partes,Zipaquirá,2021-03-19 14:51:00,2021-03-19 15:00:00,2021-03-19 15:04:00,1,567000.0,217000,False,189000.0,28350.0,0,3,3,4,2,2,422,Nuevos / En crecimiento,0,0,0,0,Valor medio-alto
J1MCLCTW2W,Comercio detallista,Otro,Bogotá D.C.,2021-03-18 10:01:00,2021-03-18 10:20:00,2021-03-18 10:24:00,1,12070150.0,4583750,False,180151.49253731343,603507.5,0,67,3,4,5,5,455,Campeones,2,0,0,0,Valor medio-alto
J2JLNECYEC,Comercio detallista,Venta de bicicletas y accesorios,Bogotá D.C.,2021-03-26 12:46:00,2021-03-26 12:56:00,2021-03-26 12:58:00,1,6473600.0,999100,False,588509.0909090909,323680.0,0,11,3,4,3,5,435,Leales,0,0,0,0,Valor medio-alto
J2P49649RA,Comercio detallista,Ropa / Accesorios,Bogotá D.C.,2021-03-16 15:32:00,2021-03-16 15:40:00,2021-03-16 15:42:00,1,8858000.0,144000,False,1265428.5714285714,442900.0,0,7,2,4,3,5,435,Leales,0,0,0,0,Valor medio-alto
J2VXVHQGSS,Turismo y entretenimiento,Entretenimiento,Bogotá D.C.,2021-03-10 16:30:00,2021-03-10 16:41:00,2021-03-10 16:48:00,1,3562000.0,310000,False,197888.88888888888,178100.0,0,18,3,4,4,4,444,Campeones,2,0,0,0,Valor medio-alto
J2ZOT956YF,Comercio detallista,Materiales de construcción,Bogotá D.C.,2021-03-30 13:36:00,2021-03-30 14:02:00,2021-03-30 14:07:00,1,1000.0,0,False,1000.0,50.0,2,1,1,1,1,1,111,Perdidos / Hibernando,1,1,2,1,Valor medio
J36KQMI071,Comercio detallista,Muebles / Decoración,Bogotá D.C.,2021-02-19 16:18:00,2021-02-19 16:25:00,2021-02-19 16:26:00,1,6455000.0,2800000,False,922142.8571428572,322750.0,0,7,4,4,3,5,435,Leales,0,0,0,0,Valor medio-alto
J38BAS24TT,Alimentos y bebidas,Otro,Bogotá D.C.,2021-03-23 16:34:00,2021-03-23 17:04:00,2021-03-23 17:07:00,1,2459250.0,657100,False,51234.375,122962.5,0,48,3,4,5,3,453,Leales,2,0,0,0,Valor medio-alto
J3H2JWM9JQ,Comercio detallista,Óptica,Bogotá D.C.,,,,1,33413000.0,3325000,False,303754.54545454547,1670650.0,0,110,5,4,5,5,455,Campeones,2,0,0,0,Valor medio-alto
J3I2LWGGNO,Comercio detallista,Venta de bicicletas y accesorios,Bogotá D.C.,2021-03-10 12:34:00,2021-03-10 12:48:00,2021-03-10 12:51:00,1,725000.0,56000,False,90625.0,36250.0,0,8,3,4,3,2,432,Leales,0,0,0,0,Valor medio-alto
J42P0WW7B6,Comercio detallista,Muebles / Decoración,Bogotá D.C.,2021-03-16 13:34:00,2021-03-16 13:38:00,2021-03-16 13:40:00,1,8665000.0,2050000,False,433250.0,433250.0,0,20,3,4,4,5,445,Campeones,2,0,0,0,Valor medio-alto
J4XTO62PZ9,Comercio detallista,Tecnología,Bogotá D.C.,2021-03-18 16:39:00,2021-03-18 16:59:00,2021-03-18 17:01:00,1,1054100.0,677200,False,150585.7142857143,52705.0,0,7,2,4,3,3,433,Leales,0,0,0,0,Valor medio-alto
J5DMNH5HWZ,Alimentos y bebidas,Restaurante / Café,Bogotá D.C.,2021-03-26 10:53:00,2021-03-26 11:01:00,2021-03-26 11:05:00,1,136555.0,18375,False,19507.85714285714,6827.75,0,7,3,4,3,1,431,Leales,0,0,1,0,Valor medio-alto
J5PGZONYEL,Comercio detallista,Tecnología,Soacha,2021-03-11 11:57:00,2021-03-11 12:04:00,2021-03-11 12:06:00,1,3129350.0,110000,False,284486.36363636365,156467.5,0,11,3,4,3,4,434,Leales,0,0,0,0,Valor medio-alto
J5SEA4P4VF,Comercio detallista,Auto partes,Bogotá D.C.,2021-03-16 09:51:00,2021-03-16 10:06:00,2021-03-16 10:08:00,1,431800.0,0,False,86360.0,21590.0,0,5,3,4,2,2,422,Nuevos / En crecimiento,0,0,1,0,Valor medio-alto
J5UDDQ6SYG,Comercio detallista,Floristería,Bogotá D.C.,2021-02-04 08:12:00,2021-02-04 10:18:00,2021-02-04 14:58:00,1,1291970.0,23920,False,49691.153846153844,64598.5,0,26,3,4,4,3,443,Leales,2,0,0,0,Valor medio-alto
J5WXNCVHUY,Servicios,Otro,Bogotá D.C.,,,,1,6597150.0,1056900,False,47805.434782608696,329857.5,0,138,6,4,5,5,455,Campeones,2,0,0,0,Valor medio-alto
J6BDSPHM6E,Comercio detallista,Tecnología,Chía,2021-03-19 12:24:00,2021-03-19 12:38:00,2021-03-19 12:43:00,1,571000.0,245000,False,71375.0,28550.0,0,8,3,4,3,2,432,Leales,0,0,0,0,Valor medio-alto
J6GREB8FEJ,Servicios,Medicina / Odontología,Cali,2021-03-25 11:14:00,2021-03-25 11:39:00,2021-03-25 11:45:00,1,656000.0,78000,False,93714.28571428571,32800.0,0,7,2,4,3,2,432,Leales,0,0,0,0,Valor medio-alto
J6HDLZZEJL,Servicios,Otro,Bogotá D.C.,,,,1,2000.0,0,False,2000.0,100.0,5,1,1,1,1,1,111,Perdidos / Hibernando,1,1,2,1,Valor medio
J73CG80B3Q,Comercio detallista,Ropa / Accesorios,Bogotá D.C.,2021-03-25 12:23:00,2021-03-25 12:37:00,2021-03-25 12:43:00,1,3285000.0,867000,False,102656.25,164250.0,0,32,3,4,5,4,454,Campeones,2,0,0,0,Valor medio-alto
J73OSQBU8H,Servicios,Otro,Bogotá D.C.,2021-03-05 12:18:00,2021-03-05 12:29:00,2021-03-05 12:36:00,1,20000.0,0,False,4000.0,1000.0,1,5,2,2,2,1,221,Perdidos / Hibernando,0,1,1,1,Valor medio
J7FBVIK2M5,Servicios,Otro,Bogotá D.C.,2021-03-17 09:20:00,2021-03-17 09:28:00,2021-03-17 09:30:00,1,2219000.0,164000,False,100863.63636363637,110950.0,0,22,2,4,4,3,443,Leales,2,0,0,0,Valor medio-alto
J7K0P5S76A,Alimentos y bebidas,Licores,Acacías,,,,1,4500.0,0,False,4500.0,225.0,4,1,1,1,1,1,111,Perdidos / Hibernando,1,1,2,1,Valor medio
J83Z8VO8GH,Comercio detallista,Ropa / Accesorios,Soacha,2021-03-29 11:25:00,2021-03-29 11:34:00,2021-03-29 11:36:00,1,2000.0,0,False,2000.0,100.0,2,1,1,1,1,1,111,Perdidos / Hibernando,1,1,2,1,Valor medio
J8DEC04OIX,Comercio detallista,Auto partes,Bogotá D.C.,2021-03-13 09:29:00,2021-03-13 09:37:00,2021-03-13 09:39:00,1,7265000.0,2112000,False,302708.3333333333,363250.0,0,24,3,4,4,5,445,Campeones,2,0,0,0,Valor medio-alto
J8NOYHN588,Comercio detallista,Tecnología,Bogotá D.C.,2021-03-25 15:30:00,2021-03-25 15:35:00,2021-03-25 15:37:00,1,1000.0,0,False,1000.0,50.0,2,1,1,1,1,1,111,Perdidos / Hibernando,1,1,2,1,Valor medio
J8P0A950PG,Reparación y limpieza,Reparaciones locativas,Bogotá D.C.,2021-03-08 12:05:00,2021-03-08 12:20:00,2021-03-08 14:55:00,1,2000.0,0,False,2000.0,100.0,2,1,1,1,1,1,111,Perdidos / Hibernando,1,1,2,1,Valor medio
J90BJQA2JH,Comercio detallista,Venta de bicicletas y accesorios,Bogotá D.C.,2021-03-23 11:18:00,2021-03-24 15:56:00,2021-03-31 16:57:00,1,9679800.0,940500,False,284700.0,483990.0,0,34,3,4,5,5,455,Campeones,2,0,0,0,Valor medio-alto
J91X1FYO7G,Alimentos y bebidas,Abarrotes / Mercado,Bogotá D.C.,2021-03-10 12:46:00,2021-03-10 12:59:00,2021-03-10 13:18:00,1,298400.0,95000,False,37300.0,14920.0,0,8,3,4,3,2,432,Leales,0,0,1,0,Valor medio-alto
JA9O1RAKRZ,Reparación y limpieza,Automotriz y autopartes,Bogotá D.C.,2021-02-25 14:07:00,2021-02-25 14:26:00,2021-02-25 14:29:00,1,2789000.0,270000,False,348625.0,139450.0,0,8,4,4,3,4,434,Leales,0,0,0,0,Valor medio-alto
JB0H16P7WL,Comercio detallista,Auto partes,Bogotá D.C.,2021-03-04 14:50:00,2021-03-04 14:59:00,2021-03-04 15:04:00,1,7576100.0,200000,False,505073.3333333333,378805.0,0,15,3,4,4,5,445,Campeones,2,0,0,0,Valor medio-alto
JB7QWVVIB9,Comercio detallista,Elementos del hogar,Madrid,2021-03-15 17:42:00,2021-03-15 17:53:00,2021-03-15 17:56:00,1,3357000.0,0,False,839250.0,167850.0,1,4,2,2,2,4,224,Potenciales,0,0,1,0,Valor medio-alto
JB81ZDAMYT,Reparación y limpieza,Otro,Bogotá D.C.,2021-02-03 16:01:00,2021-02-03 16:06:00,2021-02-03 16:12:00,1,3157000.0,398000,False,105233.33333333333,157850.0,0,30,4,4,5,4,454,Campeones,2,0,0,0,Valor medio-alto
JBBR2FXANF,Comercio detallista,Materiales de construcción,Bogotá D.C.,2021-02-22 18:12:00,2021-02-22 18:21:00,2021-02-22 18:25:00,1,873150.0,120000,False,87315.0,43657.5,0,10,4,4,3,2,432,Leales,0,0,0,0,Valor medio-alto
JBIQYRJEK8,Reparación y limpieza,Automotriz y autopartes,Soacha,2021-02-15 16:34:00,2021-02-15 16:44:00,2021-02-15 16:51:00,1,5106025.0,766450,False,134369.07894736843,255301.25,0,38,4,4,5,4,454,Campeones,2,0,0,0,Valor medio-alto
JBO5C1S9MK,Belleza y cuidado personal,Otro,Barranquilla,,,,1,1363000.0,0,False,227166.66666666666,68150.0,2,6,2,1,2,3,123,Potenciales,0,0,1,0,Valor medio-alto
JCPT06XW01,Servicios,Otro,Bogotá D.C.,2021-02-05 13:15:00,2021-02-05 13:27:00,2021-02-05 13:30:00,1,567400.0,0,False,70925.0,28370.0,1,8,3,2,3,2,232,Potenciales,0,0,1,0,Valor medio-alto
JDMBXPTU2D,Servicios,Tecnología y software,Bogotá D.C.,2021-03-25 12:41:00,2021-03-25 12:47:00,2021-03-25 12:51:00,1,1462050.0,791050,False,146205.0,73102.5,0,10,3,4,3,3,433,Leales,0,0,0,0,Valor medio-alto
JDNEZB0EBX,Alimentos y bebidas,Abarrotes / Mercado,Bogotá D.C.,2021-03-04 17:41:00,2021-03-04 17:49:00,2021-03-04 17:51:00,1,423100.0,53000,False,60442.857142857145,21155.0,0,7,3,4,3,2,432,Leales,0,0,0,0,Valor medio-alto
JE2DLX5YSD,Comercio detallista,Materiales de construcción,Bogotá D.C.,2021-02-01 14:31:00,2021-02-01 14:45:00,2021-02-01 14:48:00,1,1173000.0,0,False,391000.0,58650.0,3,3,1,1,2,3,123,Potenciales,1,1,1,1,Valor medio
JE8HN1B6LD,Alimentos y bebidas,Bar / Club / Discoteca,Bogotá D.C.,,,,1,185000.0,0,False,37000.0,9250.0,5,5,1,1,2,2,122,Perdidos / Hibernando,1,1,2,1,Valor medio
JFGTSL4OB0,Belleza y cuidado personal,Distribuidora,Bogotá D.C.,2021-03-24 13:17:00,2021-03-24 13:28:00,2021-03-24 13:34:00,1,128000.0,0,False,64000.0,6400.0,0,2,2,4,1,1,411,Nuevos / En crecimiento,0,0,1,0,Valor medio-alto
JFKIAXVDPX,Comercio detallista,Muebles / Decoración,Bogotá D.C.,2021-02-03 16:39:00,2021-02-03 16:53:00,2021-02-03 18:03:00,1,4488200.0,0,False,897640.0,224410.0,1,5,2,2,2,4,224,Potenciales,0,0,1,0,Valor medio-alto
JG9JC23CCK,Comercio detallista,Insumos,Bogotá D.C.,2021-02-11 13:40:00,2021-02-11 13:49:00,2021-02-11 13:51:00,1,1848200.0,590800,False,264028.5714285714,92410.0,0,7,4,4,3,3,433,Leales,0,0,0,0,Valor medio-alto
JHHS1OH6HJ,Comercio detallista,Perfumería,Bogotá D.C.,2021-03-30 18:08:00,2021-03-30 18:18:00,2021-03-30 18:27:00,1,1857840.0,418050,False,80775.65217391304,92892.0,0,23,3,4,4,3,443,Leales,2,0,0,0,Valor medio-alto
JI0NZQAWK8,Servicios,Otro,Soacha,2021-03-03 15:02:00,2021-03-03 15:26:00,2021-03-03 15:29:00,1,2469800.0,1382500,False,205816.66666666666,123490.0,0,12,3,4,3,3,433,Leales,0,0,0,0,Valor medio-alto
JIEJ5WGDTI,Alimentos y bebidas,Otro,Bogotá D.C.,,,,1,22319174.0,1855997,False,47286.38559322034,1115958.7,0,472,6,4,5,5,455,Campeones,2,0,0,0,Valor medio-alto
JILWUNOO9H,Servicios,Medicina / Odontología,El Rosal,2021-03-16 16:00:00,2021-03-16 16:06:00,2021-03-16 16:31:00,1,1605000.0,182000,False,133750.0,80250.0,0,12,3,4,3,3,433,Leales,0,0,0,0,Valor medio-alto
JJ0QV7N1C8,Servicios,Tecnología y software,Bogotá D.C.,2021-03-06 20:03:00,2021-03-06 20:17:00,2021-03-06 20:21:00,1,2000.0,0,False,2000.0,100.0,2,1,1,1,1,1,111,Perdidos / Hibernando,1,1,2,1,Valor medio
JJK8JB1XYR,Comercio detallista,Ropa / Accesorios,Bogotá D.C.,2021-03-23 13:09:00,2021-03-23 13:16:00,2021-03-23 13:19:00,1,1864000.0,462000,False,109647.05882352941,93200.0,0,17,3,4,4,3,443,Leales,2,0,0,0,Valor medio-alto
JJYHJEZ1BF,Comercio detallista,Óptica,Bogotá D.C.,,,,1,3956000.0,0,False,304307.6923076923,197800.0,2,13,3,1,3,4,134,Potenciales,0,0,1,0,Valor medio-alto
JKJRQ4OOKT,Comercio detallista,Óptica,Bogotá D.C.,2021-02-24 14:56:00,2021-02-24 15:06:00,2021-02-24 15:10:00,1,4000.0,0,False,2000.0,200.0,3,2,1,1,1,1,111,Perdidos / Hibernando,1,1,2,1,Valor medio
JKOEP711X2,Alimentos y bebidas,Otro,Bogotá D.C.,2021-03-06 13:48:00,2021-03-06 13:59:00,2021-03-06 14:01:00,1,4000.0,0,False,2000.0,200.0,1,2,2,2,1,1,211,Perdidos / Hibernando,1,1,1,1,Valor medio
JN5H8FYLTC,Comercio detallista,Ropa / Accesorios,Bogotá D.C.,2021-03-10 14:36:00,2021-03-10 14:44:00,2021-03-10 14:52:00,1,312000.0,153000,False,78000.0,15600.0,0,4,2,4,2,2,422,Nuevos / En crecimiento,0,0,1,0,Valor medio-alto
JN7DVCIIYU,Comercio detallista,Mascotas,Soacha,2021-02-02 11:49:00,2021-02-02 12:03:00,2021-02-02 12:06:00,1,2240400.0,467900,False,46675.0,112020.0,0,48,4,4,5,3,453,Leales,2,0,0,0,Valor medio-alto
JNJ3568J0K,Comercio detallista,Artesanías,Bogotá D.C.,2021-03-12 09:07:00,2021-03-12 09:43:00,2021-03-12 09:53:00,1,2000.0,0,False,1000.0,100.0,2,2,1,1,1,1,111,Perdidos / Hibernando,1,1,2,1,Valor medio
JNR6SGGBMN,Servicios,Medicina / Odontología,Bogotá D.C.,,,,1,555700.0,0,False,92616.66666666667,27785.0,2,6,2,1,2,2,122,Perdidos / Hibernando,0,0,1,0,Valor medio-alto
JNUFSNFLK9,Comercio detallista,Tecnología,Bogotá D.C.,,,,1,180750.0,0,False,20083.333333333332,9037.5,2,9,3,1,3,2,132,Potenciales,1,0,1,0,Valor medio-alto
JO3X2Y1PAK,Servicios,Tecnología y software,Bogotá D.C.,2020-09-29 11:18:00,2021-03-18 16:40:00,2021-03-18 16:48:00,1,997550.0,420000,False,166258.33333333334,49877.5,0,6,3,4,2,3,423,Nuevos / En crecimiento,0,0,0,0,Valor medio-alto
JO6MGINDMG,Comercio detallista,Óptica,Bogotá D.C.,2021-02-09 14:15:00,2021-02-09 14:20:00,2021-02-09 14:25:00,1,3582000.0,250000,False,255857.14285714287,179100.0,1,14,3,2,4,4,244,En riesgo (antes valiosos),0,0,0,0,Valor medio-alto
JP2PV42JCT,Servicios,Veterinaria,Bogotá D.C.,,,,1,2827000.0,0,False,706750.0,141350.0,3,4,3,1,2,4,124,Potenciales,1,0,1,0,Valor medio-alto
JPMBYKFZ7A,Servicios,Otro,Soacha,2021-03-02 11:53:00,2021-03-02 12:01:00,2021-03-02 12:02:00,1,4000.0,0,False,2000.0,200.0,2,2,1,1,1,1,111,Perdidos / Hibernando,1,1,2,1,Valor medio
JPXRIID53M,Comercio detallista,Auto partes,Bogotá D.C.,2021-03-24 15:26:00,2021-03-24 15:31:00,2021-03-24 15:33:00,1,6319000.0,0,False,789875.0,315950.0,0,8,3,4,3,5,435,Leales,0,0,0,0,Valor medio-alto
JQ8V0FF4GD,Belleza y cuidado personal,Salón de belleza,Bogotá D.C.,,,,1,4115900.0,614900,False,132770.96774193548,205795.0,0,31,5,4,5,4,454,Campeones,2,0,0,0,Valor medio-alto
JR5JM35QPP,Reparación y limpieza,Automotriz y autopartes,Bogotá D.C.,2021-03-15 12:51:00,2021-03-15 12:59:00,2021-03-20 12:48:00,1,8364000.0,913000,False,492000.0,418200.0,0,17,3,4,4,5,445,Campeones,2,0,0,0,Valor medio-alto
JR7DNNZ0D0,Comercio detallista,Óptica,Bogotá D.C.,2021-03-09 15:23:00,2021-03-09 15:39:00,2021-03-09 15:42:00,1,323000.0,150000,False,107666.66666666667,16150.0,2,3,1,1,2,2,122,Perdidos / Hibernando,1,1,1,1,Valor medio
JREV4I4WDN,Alimentos y bebidas,Abarrotes / Mercado,Bogotá D.C.,2021-03-27 12:54:00,2021-03-27 13:06:00,2021-03-27 13:08:00,2,443622.0,132700,False,17744.88,22181.100000000002,0,25,3,4,4,2,442,Leales,2,2,0,2,Valor alto
JREVA8ZGTS,Comercio detallista,Tecnología,Bogotá D.C.,2021-03-17 19:30:00,2021-03-17 19:40:00,2021-03-17 19:41:00,1,1487000.0,464000,False,297400.0,74350.0,0,5,3,4,2,3,423,Nuevos / En crecimiento,0,0,0,0,Valor medio-alto
JRUW2LWBOE,Alimentos y bebidas,Comida rápida,Villa de San Diego de Ubate,2021-03-17 12:32:00,2021-03-17 12:41:00,2021-03-17 12:42:00,1,936885.0,290750,False,49309.73684210526,46844.25,0,19,3,4,4,2,442,Leales,2,0,0,0,Valor medio-alto
JSFB113FFJ,Comercio detallista,Ropa / Accesorios,Bogotá D.C.,2021-03-30 17:14:00,2021-03-30 17:21:00,2021-03-30 17:25:00,1,1865000.0,520000,False,133214.2857142857,93250.0,0,14,3,4,4,3,443,Leales,0,0,0,0,Valor medio-alto
JSOJS8M9B7,Comercio detallista,Elementos de seguridad,Bogotá D.C.,2021-03-10 18:36:00,2021-03-10 18:44:00,2021-03-10 18:46:00,1,16542000.0,4416000,False,486529.4117647059,827100.0,0,34,3,4,5,5,455,Campeones,2,0,0,0,Valor medio-alto
JTUON762YO,Comercio detallista,Tecnología,Zipaquirá,2021-03-19 14:02:00,2021-03-19 14:13:00,2021-03-19 14:15:00,1,1534000.0,130000,False,255666.66666666666,76700.0,0,6,3,4,2,3,423,Nuevos / En crecimiento,0,0,0,0,Valor medio-alto
JTVC64DMGC,Comercio detallista,Ropa / Accesorios,Bogotá D.C.,2021-03-26 14:06:00,2021-03-26 14:15:00,2021-03-26 14:19:00,1,714000.0,290000,False,178500.0,35700.0,1,4,2,2,2,2,222,Perdidos / Hibernando,0,0,1,0,Valor medio-alto
JTZEEZD7V3,Comercio detallista,Ropa / Accesorios,Bogotá D.C.,,,,1,13828188.0,897000,False,122373.34513274336,691409.4,0,113,6,4,5,5,455,Campeones,2,0,0,0,Valor medio-alto
JUFXTGYWHN,Comercio detallista,Óptica,Bogotá D.C.,,,,1,10577000.0,1380000,False,257975.60975609755,528850.0,0,41,5,4,5,5,455,Campeones,2,0,0,0,Valor medio-alto
JUVP8XU35H,Comercio detallista,Muebles / Decoración,Bogotá D.C.,,,,1,8348000.0,1250000,False,642153.8461538461,417400.0,0,13,6,4,3,5,435,Leales,2,0,0,0,Valor medio-alto
JV65KEB33U,Alimentos y bebidas,Repostería / Panadería,Melgar,,,,1,77300.0,0,False,12883.333333333334,3865.0,4,6,2,1,2,1,121,Perdidos / Hibernando,1,1,2,1,Valor medio
JVJGU8HWVQ,Transporte,Servicio especial,Bogotá D.C.,2021-03-17 11:40:00,2021-03-17 11:51:00,2021-03-17 11:54:00,1,1003000.0,1000000,False,334333.3333333333,50150.0,1,3,2,2,2,3,223,Potenciales,0,0,1,0,Valor medio-alto
JVVADSOGKI,Comercio detallista,Otro,Bogotá D.C.,2021-03-02 16:11:00,2021-03-02 16:20:00,2021-03-02 16:26:00,1,510000.0,0,False,63750.0,25500.0,0,8,3,4,3,2,432,Leales,0,0,0,0,Valor medio-alto
JVWOITVTQU,Reparación y limpieza,Moda / Zapatería,Bogotá D.C.,2021-03-23 16:49:00,2021-03-23 16:58:00,2021-03-23 17:01:00,1,3244000.0,1300000,False,95411.76470588235,162200.0,0,34,3,4,5,4,454,Campeones,2,0,0,0,Valor medio-alto
JW36XTRH10,Comercio detallista,Artesanías,Bogotá D.C.,,,,1,2000.0,0,False,2000.0,100.0,5,1,1,1,1,1,111,Perdidos / Hibernando,1,1,2,1,Valor medio
JWED5KFL9K,Transporte,Taxi,Cali,2021-03-13 13:39:00,2021-03-15 13:23:00,2021-05-07 14:42:00,1,492490.0,150000,False,70355.71428571429,24624.5,0,7,2,4,3,2,432,Leales,0,0,0,0,Valor medio-alto
JXGU7PA2JI,Servicios,Contabilidad / Asesorías,Bogotá D.C.,,,,1,4196000.0,2000000,False,1049000.0,209800.0,0,4,4,4,2,4,424,Nuevos / En crecimiento,0,0,0,0,Valor medio-alto
JZAE7DYURO,Belleza y cuidado personal,Otro,Bogotá D.C.,2021-03-12 10:51:00,2021-03-12 11:01:00,2021-03-12 11:04:00,1,1475000.0,220000,False,92187.5,73750.0,0,16,3,4,4,3,443,Leales,0,0,0,0,Valor medio-alto
K01AUPOLSL,Comercio detallista,Otro,Bogotá D.C.,2021-03-25 13:38:00,2021-03-25 13:47:00,2021-03-25 13:51:00,1,230800.0,0,False,115400.0,11540.0,0,2,2,4,1,2,412,Nuevos / En crecimiento,0,0,1,0,Valor medio-alto
K02U83G0PV,Reparación y limpieza,Automotriz y autopartes,Sibaté,2021-03-10 09:56:00,2021-03-10 10:03:00,2021-03-10 10:05:00,1,1037200.0,0,False,259300.0,51860.0,1,4,2,2,2,3,223,Potenciales,0,0,1,0,Valor medio-alto
K03KFQ8YZZ,Alimentos y bebidas,Restaurante / Café,Soacha,2021-03-18 12:52:00,2021-03-18 13:04:00,2021-03-18 13:10:00,1,11939500.0,2002500,False,74158.3850931677,596975.0,0,161,3,4,5,5,455,Campeones,2,0,0,0,Valor medio-alto
K07ZL39HMO,Comercio detallista,Óptica,Bogotá D.C.,2021-03-05 15:42:00,2021-03-05 15:46:00,2021-03-05 15:48:00,1,2717000.0,0,False,247000.0,135850.0,0,11,3,4,3,4,434,Leales,0,0,0,0,Valor medio-alto
K0DL3RQGVW,Comercio detallista,Ropa / Accesorios,Bogotá D.C.,2021-03-29 16:08:00,2021-03-29 16:16:00,2021-03-29 16:21:00,1,13218000.0,6890000,False,600818.1818181818,660900.0,0,22,3,4,4,5,445,Campeones,2,0,0,0,Valor medio-alto
K0E1360J3O,Belleza y cuidado personal,Distribuidora,Cali,,2021-02-12 10:28:00,2021-02-12 10:32:00,1,701000.0,0,False,233666.66666666666,35050.0,1,3,3,2,2,2,222,Perdidos / Hibernando,0,0,1,0,Valor medio-alto
K0PVYGVVRX,Alimentos y bebidas,Comida rápida,Bogotá D.C.,,,,1,683100.0,33700,False,23555.172413793105,34155.0,0,29,6,4,5,2,452,Leales,2,0,0,0,Valor medio-alto
K111Z5G1A0,Alimentos y bebidas,Restaurante / Café,Bogotá D.C.,2021-02-11 09:03:00,2021-02-11 09:12:00,2021-02-11 09:14:00,1,355400.0,25725,False,14808.333333333334,17770.0,0,24,4,4,4,2,442,Leales,2,0,0,0,Valor medio-alto
K1YLKV4YZV,Servicios,Otro,Bogotá D.C.,2021-03-23 13:50:00,2021-03-23 13:58:00,2021-03-23 14:15:00,1,1062000.0,0,False,96545.45454545454,53100.0,0,11,2,4,3,3,433,Leales,0,0,0,0,Valor medio-alto
K2KIJZ1O5G,Servicios,Tecnología y software,Bogotá D.C.,2021-03-15 13:48:00,2021-03-15 13:55:00,2021-03-15 13:57:00,1,4908750.0,700000,False,545416.6666666666,245437.5,0,9,3,4,3,4,434,Leales,0,0,0,0,Valor medio-alto
K2Y0OCD131,Reparación y limpieza,Otro,Bogotá D.C.,2021-03-25 14:51:00,2021-03-25 14:59:00,2021-03-25 15:02:00,1,1278500.0,192000,False,213083.33333333334,63925.0,0,6,3,4,2,3,423,Nuevos / En crecimiento,0,0,0,0,Valor medio-alto
K30D6L3CFD,Comercio detallista,Óptica,Bogotá D.C.,2021-03-17 13:24:00,2021-03-17 13:29:00,2021-03-17 13:31:00,1,14927000.0,3640000,False,347139.5348837209,746350.0,0,43,3,4,5,5,455,Campeones,2,0,0,0,Valor medio-alto
K30V4PZSID,Alimentos y bebidas,Comida rápida,Soacha,2021-03-16 13:28:00,2021-03-16 13:36:00,2021-03-16 21:08:00,1,1224700.0,270300,False,34019.444444444445,61235.0,0,36,3,4,5,3,453,Leales,2,0,0,0,Valor medio-alto
K4NYP4BMQN,Comercio detallista,Ropa / Accesorios,Bogotá D.C.,2021-03-18 15:08:00,2021-03-18 15:18:00,2021-03-18 15:21:00,1,2766400.0,501800,False,95393.10344827586,138320.0,0,29,3,4,5,4,454,Campeones,2,0,0,0,Valor medio-alto
K52M1IH48X,Comercio detallista,Otro,Bogotá D.C.,2021-03-16 10:59:00,2021-03-16 11:14:00,2021-03-16 11:21:00,1,540000.0,249000,False,135000.0,27000.0,0,4,2,4,2,2,422,Nuevos / En crecimiento,0,0,1,0,Valor medio-alto
K55Z57TXEK,Reparación y limpieza,Reparaciones locativas,Bogotá D.C.,2021-03-12 12:27:00,2021-03-12 12:40:00,2021-03-12 12:43:00,1,2000.0,0,False,2000.0,100.0,2,1,1,1,1,1,111,Perdidos / Hibernando,1,1,2,1,Valor medio
K56KWRHJRH,Alimentos y bebidas,Comida rápida,Soacha,2021-03-03 14:40:00,2021-03-03 14:54:00,2021-03-03 14:56:00,1,1639700.0,620500,False,91094.44444444444,81985.0,0,18,3,4,4,3,443,Leales,2,0,0,0,Valor medio-alto
K6CK47KCVE,Alimentos y bebidas,Otro,Bogotá D.C.,2021-02-17 19:00:00,2021-02-17 19:10:00,2021-02-17 19:13:00,1,3500.0,0,False,1750.0,175.0,3,2,1,1,1,1,111,Perdidos / Hibernando,1,1,2,1,Valor medio
K786ZWLLR4,Comercio detallista,Ropa / Accesorios,Bogotá D.C.,2021-03-09 15:57:00,2021-03-09 16:09:00,2021-03-09 16:11:00,1,8696600.0,878800,False,271768.75,434830.0,0,32,3,4,5,5,455,Campeones,2,0,0,0,Valor medio-alto
K7NLKYK63V,Comercio detallista,Materiales de construcción,Bogotá D.C.,2021-03-16 16:33:00,2021-03-16 16:40:00,2021-03-16 16:43:00,1,19241300.0,4011800,False,1480100.0,962065.0,0,13,3,4,3,5,435,Leales,2,0,0,0,Valor medio-alto
K81AB3YYWE,Alimentos y bebidas,Restaurante / Café,Bogotá D.C.,2021-02-12 11:35:00,2021-02-12 11:43:00,2021-02-12 11:45:00,3,25478750.0,2895200,False,59115.42923433875,1273937.5,0,431,4,4,5,5,455,Campeones,2,2,0,2,Valor alto
K85A2YMIB7,Comercio detallista,Ropa / Accesorios,Bogotá D.C.,2021-03-27 15:09:00,2021-03-27 15:18:00,2021-03-27 15:22:00,1,1149600.0,400000,False,229920.0,57480.0,0,5,2,4,2,3,423,Nuevos / En crecimiento,0,0,0,0,Valor medio-alto
K8T65XSD8J,Servicios,Otro,Sibaté,2021-03-06 10:18:00,2021-03-06 10:35:00,2021-03-06 10:49:00,1,2174000.0,240000,False,310571.4285714286,108700.0,0,7,3,4,3,3,433,Leales,0,0,0,0,Valor medio-alto
K8XO4GI3DO,Comercio detallista,Materiales de construcción,Bogotá D.C.,2021-03-03 13:37:00,2021-03-03 13:48:00,2021-03-03 13:56:00,1,3474250.0,1889600,False,248160.7142857143,173712.5,0,14,3,4,4,4,444,Campeones,2,0,0,0,Valor medio-alto
K9I3NPY33E,Reparación y limpieza,Reparaciones locativas,Soacha,,,,1,18282000.0,0,False,2031333.3333333333,914100.0,1,9,4,2,3,5,235,Potenciales,0,0,0,0,Valor medio-alto
K9QUG2O46W,Comercio detallista,Ropa / Accesorios,Bogotá D.C.,2021-03-18 11:46:00,2021-03-18 12:00:00,,1,777000.0,88000,False,155400.0,38850.0,0,5,3,4,2,2,422,Nuevos / En crecimiento,0,0,0,0,Valor medio-alto
K9SKSRGDGB,Comercio detallista,Tecnología,Bogotá D.C.,2021-03-05 19:00:00,2021-03-05 19:41:00,2021-03-05 19:48:00,1,2932110.0,562460,False,127483.04347826086,146605.5,0,23,3,4,4,4,444,Campeones,2,0,0,0,Valor medio-alto
KAG9YD41V6,Comercio detallista,Tecnología,Bogotá D.C.,2021-03-18 15:58:00,2021-03-18 16:09:00,2021-03-18 16:13:00,1,2679000.0,588500,False,223250.0,133950.0,0,12,3,4,3,4,434,Leales,0,0,0,0,Valor medio-alto
KAPLJ6KNAJ,Comercio detallista,Tecnología,Bogotá D.C.,2021-03-11 10:37:00,2021-03-11 10:44:00,2021-03-11 10:47:00,1,9324800.0,0,False,321544.8275862069,466240.0,2,29,1,1,5,5,155,En riesgo (antes valiosos),2,0,1,0,Valor medio-alto
KB3LE1SCW4,Comercio detallista,Muebles / Decoración,Bogotá D.C.,2021-02-11 13:28:00,2021-02-11 15:19:00,2021-02-11 15:20:00,1,13686900.0,1351000,False,547476.0,684345.0,0,25,4,4,4,5,445,Campeones,2,0,0,0,Valor medio-alto
KCI2HYN9J5,Comercio detallista,Ropa / Accesorios,Bogotá D.C.,2021-03-30 16:20:00,2021-03-30 16:33:00,2021-03-30 16:36:00,1,3781800.0,1579000,False,140066.66666666666,189090.0,0,27,3,4,4,4,444,Campeones,2,0,0,0,Valor medio-alto
KCIA63YHIJ,Comercio detallista,Materiales de construcción,Bogotá D.C.,2021-02-27 10:10:00,2021-02-27 10:16:00,2021-02-27 10:21:00,1,2267200.0,0,False,206109.0909090909,113360.0,0,11,4,4,3,3,433,Leales,0,0,0,0,Valor medio-alto
KCK6I3IQXT,Comercio detallista,Elementos de seguridad,Bogotá D.C.,2021-02-26 13:51:00,2021-02-26 14:01:00,2021-02-26 14:04:00,1,3675350.0,1316000,False,367535.0,183767.5,0,10,4,4,3,4,434,Leales,0,0,0,0,Valor medio-alto
KCT51IYDMJ,Comercio detallista,Mascotas,Bogotá D.C.,2021-03-08 11:44:00,2021-03-08 11:59:00,2021-03-08 12:01:00,1,1968700.0,0,False,196870.0,98435.0,0,10,3,4,3,3,433,Leales,0,0,0,0,Valor medio-alto
KDYDAIFAYG,Comercio detallista,Otro,Bogotá D.C.,2021-03-06 10:59:00,2021-03-06 11:16:00,2021-03-06 11:21:00,1,197525.0,0,False,28217.85714285714,9876.25,1,7,2,2,3,2,232,Potenciales,0,0,1,0,Valor medio-alto
KDYDIIOIKM,Comercio detallista,Ropa / Accesorios,Bogotá D.C.,2021-02-23 14:07:00,2021-02-23 14:23:00,2021-02-23 14:27:00,1,12266000.0,1512000,False,109517.85714285714,613300.0,0,112,4,4,5,5,455,Campeones,2,0,0,0,Valor medio-alto
KFYMLB3CG0,Comercio detallista,Juguetería / Piñatería,Bogotá D.C.,2021-03-11 15:49:00,2021-03-11 15:54:00,2021-03-11 15:58:00,1,991500.0,250000,False,110166.66666666667,49575.0,0,9,3,4,3,3,433,Leales,0,0,0,0,Valor medio-alto
KH1JX2FY2U,Belleza y cuidado personal,Salón de belleza,Bogotá D.C.,,,,1,19364500.0,1285000,False,93098.55769230769,968225.0,0,208,6,4,5,5,455,Campeones,2,0,0,0,Valor medio-alto
KHL083LILA,Comercio detallista,Ropa / Accesorios,Bogotá D.C.,2021-03-10 20:11:00,2021-03-10 20:20:00,2021-03-10 20:22:00,1,829000.0,306000,False,118428.57142857143,41450.0,0,7,3,4,3,2,432,Leales,0,0,0,0,Valor medio-alto
KI0E4BC6GV,Comercio detallista,Muebles / Decoración,Bogotá D.C.,2021-02-11 20:01:00,2021-02-12 16:33:00,2021-02-12 16:35:00,1,10302400.0,795000,False,515120.0,515120.0,0,20,4,4,4,5,445,Campeones,2,0,0,0,Valor medio-alto
KIOY4ERU5W,Belleza y cuidado personal,Estilista independiente,Cali,2021-03-18 14:50:00,2021-03-18 15:07:00,2021-03-18 19:09:00,1,102000.0,0,False,25500.0,5100.0,1,4,2,2,2,1,221,Perdidos / Hibernando,0,1,1,1,Valor medio
KJ6MXK2O07,Belleza y cuidado personal,Centro de tatuajes,Bogotá D.C.,2021-03-23 14:37:00,2021-03-23 14:44:00,2021-03-23 14:46:00,1,768000.0,65000,False,76800.0,38400.0,0,10,2,4,3,2,432,Leales,0,0,0,0,Valor medio-alto
KJ7X85U1F9,Comercio detallista,Materiales de construcción,Bogotá D.C.,2021-03-17 10:43:00,2021-03-17 10:51:00,2021-03-17 10:54:00,1,4522150.0,2613450,False,1130537.5,226107.5,0,4,3,4,2,4,424,Nuevos / En crecimiento,0,0,0,0,Valor medio-alto
KJAS9YALPR,Comercio detallista,Tecnología,Bogotá D.C.,2021-03-17 19:02:00,2021-03-17 19:14:00,2021-03-17 19:20:00,1,6024250.0,864500,False,231701.92307692306,301212.5,0,26,3,4,4,4,444,Campeones,2,0,0,0,Valor medio-alto
KJO1ZCS4D4,Comercio detallista,Venta de bicicletas y accesorios,Bogotá D.C.,2021-03-25 13:49:00,2021-03-25 14:02:00,2021-03-25 14:10:00,1,146150.0,0,False,36537.5,7307.5,0,4,2,4,2,1,421,Nuevos / En crecimiento,0,0,1,0,Valor medio-alto
KKAMH1RNRD,Comercio detallista,Elementos de seguridad,Bogotá D.C.,2021-02-23 16:02:00,2021-02-23 16:13:00,2021-02-23 16:15:00,1,1311000.0,100000,False,163875.0,65550.0,0,8,3,4,3,3,433,Leales,0,0,0,0,Valor medio-alto
KKPMO81DPB,Servicios,Tecnología y software,Bogotá D.C.,2021-03-12 14:36:00,2021-03-12 14:45:00,2021-03-12 14:47:00,1,13901500.0,831000,False,631886.3636363636,695075.0,0,22,3,4,4,5,445,Campeones,2,0,0,0,Valor medio-alto
KKT4P04P2K,Servicios,Otro,Bogotá D.C.,2021-03-09 09:57:00,2021-03-09 10:11:00,2021-03-09 10:15:00,1,2011850.0,1365300,False,287407.14285714284,100592.5,0,7,3,4,3,3,433,Leales,0,0,0,0,Valor medio-alto
KLEKNMKGVI,Comercio detallista,Óptica,Bogotá D.C.,2021-02-03 10:16:00,2021-02-03 10:33:00,2021-02-03 10:38:00,1,2000.0,0,False,400.0,100.0,1,5,3,2,2,1,221,Perdidos / Hibernando,1,1,1,1,Valor medio
KMR0YYGB64,Servicios,Otro,Bogotá D.C.,2021-03-10 09:30:00,2021-03-10 09:40:00,2021-03-10 09:43:00,1,2000.0,0,False,2000.0,100.0,2,1,1,1,1,1,111,Perdidos / Hibernando,1,1,2,1,Valor medio
KN84JSIE1J,Belleza y cuidado personal,Salón de belleza,Bogotá D.C.,,,,1,3338000.0,469000,False,72565.21739130435,166900.0,0,46,6,4,5,4,454,Campeones,2,0,0,0,Valor medio-alto
KNYLXA4BYW,Reparación y limpieza,Automotriz y autopartes,Bogotá D.C.,2021-03-03 15:39:00,2021-03-03 15:50:00,2021-03-03 15:55:00,1,22522000.0,2585000,False,194155.1724137931,1126100.0,0,116,3,4,5,5,455,Campeones,2,0,0,0,Valor medio-alto
KO4CM3W6FN,Comercio detallista,Tienda de deportes,Cota,2021-03-25 12:23:00,2021-03-25 12:31:00,2021-03-25 12:34:00,1,1783000.0,610000,False,118866.66666666667,89150.0,0,15,3,4,4,3,443,Leales,0,0,0,0,Valor medio-alto
KOIW2YFJHZ,Alimentos y bebidas,Comida rápida,Bogotá D.C.,,,,1,2000.0,0,False,2000.0,100.0,4,1,1,1,1,1,111,Perdidos / Hibernando,1,1,2,1,Valor medio
KORXKF68CD,Alimentos y bebidas,Comida rápida,Bogotá D.C.,2021-02-16 15:19:00,2021-02-16 15:32:00,2021-02-16 15:34:00,1,3854200.0,692200,False,34107.96460176991,192710.0,0,113,4,4,5,4,454,Campeones,2,0,0,0,Valor medio-alto
KQJFAPEW9U,Comercio detallista,Libros / Papelería,Zipaquirá,2021-03-19 10:55:00,2021-03-19 11:06:00,2021-03-19 11:07:00,1,2000.0,0,False,2000.0,100.0,2,1,1,1,1,1,111,Perdidos / Hibernando,1,1,2,1,Valor medio
KQMGJKHJE2,Comercio detallista,Auto partes,Bogotá D.C.,2021-03-10 14:46:00,2021-03-10 15:02:00,2021-03-10 15:04:00,1,1266000.0,0,False,253200.0,63300.0,0,5,3,4,2,3,423,Nuevos / En crecimiento,0,0,0,0,Valor medio-alto
KS7X76LGM4,Servicios,Otro,Bogotá D.C.,,,,1,21889000.0,2260000,False,377396.5517241379,1094450.0,0,58,6,4,5,5,455,Campeones,2,0,0,0,Valor medio-alto
KSF1K2H3H5,Servicios,Otro,Bogotá D.C.,2020-11-17 14:13:00,2021-02-17 18:07:00,2021-02-17 18:10:00,1,103000.0,0,False,20600.0,5150.0,3,5,1,1,2,1,121,Perdidos / Hibernando,1,1,1,1,Valor medio
KSG3KGD863,Alimentos y bebidas,Comida rápida,Bogotá D.C.,2021-03-18 11:31:00,2021-03-18 11:52:00,2021-03-18 11:57:00,1,1221100.0,44700,False,27752.272727272728,61055.0,0,44,3,4,5,3,453,Leales,2,0,0,0,Valor medio-alto
KSHOFXMFEM,Comercio detallista,Óptica,Bogotá D.C.,2021-03-26 12:33:00,2021-03-26 12:46:00,2021-03-26 12:48:00,1,24572000.0,5771000,False,455037.037037037,1228600.0,0,54,3,3,5,5,355,Leales,2,0,0,0,Valor medio-alto
KSJ98EATWV,Comercio detallista,Óptica,Bogotá D.C.,2021-02-20 16:32:00,2021-02-20 16:39:00,2021-02-20 16:41:00,1,5366000.0,650000,False,357733.3333333333,268300.0,0,15,4,3,4,4,344,Leales,2,0,0,0,Valor medio-alto
KTG8YSX3QN,Comercio detallista,Otro,Soacha,2021-02-05 13:49:00,2021-02-05 14:00:00,2021-02-05 14:05:00,1,3304000.0,120000,False,110133.33333333333,165200.0,0,30,4,3,5,4,354,Leales,2,0,0,0,Valor medio-alto
KU16Q7Y7MH,Comercio detallista,Materiales de construcción,Bogotá D.C.,2021-03-23 11:05:00,2021-03-23 11:30:00,2021-03-23 11:34:00,1,489500.0,22000,False,34964.28571428572,24475.0,0,14,3,3,4,2,342,Leales,0,0,0,0,Valor medio-alto
KU7R9WIYYV,Comercio detallista,Muebles / Decoración,Bogotá D.C.,2020-10-21 18:28:00,,,1,818000.0,316000,False,272666.6666666667,40900.0,1,3,2,2,2,2,222,Perdidos / Hibernando,0,0,1,0,Valor medio-alto
KUDH4TKYJQ,Comercio detallista,Ropa / Accesorios,Fusagasugá,2021-03-10 16:41:00,2021-03-10 16:52:00,2021-03-10 16:54:00,1,2000.0,0,False,2000.0,100.0,2,1,1,1,1,1,111,Perdidos / Hibernando,1,1,2,1,Valor medio
KUYCWBEM4Z,Servicios,Medicina / Odontología,Soacha,2021-03-16 13:14:00,2021-03-16 13:26:00,2021-03-16 13:29:00,1,1597000.0,310000,False,199625.0,79850.0,0,8,3,3,3,3,333,Leales,0,0,0,0,Valor medio-alto
KV16V9FYQH,Servicios,Veterinaria,Bogotá D.C.,2021-03-11 11:55:00,2021-03-11 12:06:00,2021-03-11 12:10:00,1,2759400.0,263600,False,98550.0,137970.0,0,28,3,3,4,4,344,Leales,2,0,0,0,Valor medio-alto
KVD4GSV7YO,Comercio detallista,Ropa / Accesorios,Bogotá D.C.,2021-03-29 13:21:00,2021-03-29 13:40:00,2021-03-29 13:42:00,1,2108000.0,0,False,191636.36363636365,105400.0,0,11,3,3,3,3,333,Leales,0,0,0,0,Valor medio-alto
KVJWHWWEW3,Comercio detallista,Venta de bicicletas y accesorios,Bogotá D.C.,2021-03-24 15:56:00,2021-03-24 16:02:00,2021-03-24 16:05:00,1,11444000.0,1100000,False,880307.6923076923,572200.0,0,13,3,3,3,5,335,Leales,2,0,0,0,Valor medio-alto
KVR0NPNC4O,Servicios,Medicina / Odontología,Bogotá D.C.,2021-03-16 15:36:00,2021-03-16 15:47:00,2021-03-16 15:49:00,1,7161000.0,2400000,False,1432200.0,358050.0,0,5,3,3,2,5,325,Potenciales,0,0,0,0,Valor medio-alto
KVVETWK4UR,Comercio detallista,Ropa / Accesorios,Bogotá D.C.,2021-03-08 12:52:00,2021-03-08 13:08:00,2021-03-08 13:12:00,1,682000.0,66000,False,48714.28571428572,34100.0,0,14,3,3,4,2,342,Leales,0,0,0,0,Valor medio-alto
KWHGSUXU9E,Comercio detallista,Materiales de construcción,Bogotá D.C.,2021-03-03 14:16:00,2021-03-03 14:30:00,2021-03-03 14:33:00,1,276000.0,0,False,138000.0,13800.0,2,2,1,1,1,2,112,Perdidos / Hibernando,1,1,1,1,Valor medio
KWMHTOD4PW,Servicios,Otro,Bogotá D.C.,2021-03-03 12:28:00,2021-03-03 12:42:00,2021-03-03 12:47:00,1,984000.0,0,False,164000.0,49200.0,0,6,3,3,2,3,323,Potenciales,0,0,0,0,Valor medio-alto
KXPMR3QB7D,Comercio detallista,Ropa / Accesorios,Bogotá D.C.,2021-03-23 14:23:00,2021-03-23 14:28:00,2021-03-23 14:30:00,1,2330000.0,763000,False,72812.5,116500.0,0,32,3,3,5,3,353,Leales,2,0,0,0,Valor medio-alto
KXU2E80V4M,Alimentos y bebidas,Restaurante / Café,Bogotá D.C.,2021-02-17 19:57:00,2021-02-17 20:09:00,2021-02-17 20:12:00,1,2607710.0,474700,False,68623.94736842105,130385.5,0,38,4,3,5,4,354,Leales,2,0,0,0,Valor medio-alto
KY0DEYR79L,Comercio detallista,Tecnología,El Rosal,2021-03-16 12:09:00,2021-03-16 12:17:00,2021-03-16 12:24:00,1,3460000.0,1138300,False,144166.66666666666,173000.0,0,24,3,3,4,4,344,Leales,2,0,0,0,Valor medio-alto
KY7D698SGQ,Comercio detallista,Materiales de construcción,Bogotá D.C.,2021-03-03 15:19:00,2021-03-03 15:32:00,2021-03-03 15:40:00,1,4186706.0,229000,False,299050.4285714286,209335.30000000002,0,14,3,3,4,4,344,Leales,2,0,0,0,Valor medio-alto
KYQDB3MS9A,Servicios,Otro,Bogotá D.C.,2021-03-06 09:53:00,2021-03-06 10:06:00,2021-03-06 10:08:00,1,16467110.0,1919100,False,401636.8292682927,823355.5,0,41,3,3,5,5,355,Leales,2,0,0,0,Valor medio-alto
KZLLL4NV2O,Comercio detallista,Ropa / Accesorios,Bogotá D.C.,2021-03-26 17:24:00,2021-03-26 17:29:00,2021-03-26 17:31:00,1,9531000.0,1391500,False,51241.93548387097,476550.0,0,186,3,3,5,5,355,Leales,2,0,0,0,Valor medio-alto
KZMEOC8T9L,Servicios,Tecnología y software,Soacha,2021-02-18 13:07:00,2021-02-18 13:12:00,2021-02-18 13:14:00,1,6532000.0,0,False,435466.6666666667,326600.0,2,15,2,1,4,5,145,En riesgo (antes valiosos),0,0,1,0,Valor medio-alto
KZXU6HIN8L,Comercio detallista,Materiales de construcción,Bogotá D.C.,2021-03-24 10:20:00,2021-03-24 10:29:00,,1,217900.0,118200,False,72633.33333333333,10895.0,0,3,3,3,2,2,322,Potenciales,0,0,1,0,Valor medio-alto
L04TE178ZG,Alimentos y bebidas,Otro,Bogotá D.C.,2021-03-17 08:49:00,2021-03-17 08:59:00,2021-03-17 09:49:00,1,226050.0,0,False,32292.85714285714,11302.5,1,7,2,2,3,2,232,Potenciales,0,0,1,0,Valor medio-alto
L0JPD8Y3A7,Servicios,Tecnología y software,Bogotá D.C.,2021-02-17 17:29:00,2021-02-17 17:37:00,2021-02-17 17:42:00,1,1883250.0,654000,False,188325.0,94162.5,0,10,4,3,3,3,333,Leales,0,0,0,0,Valor medio-alto
L16C6E90T6,Alimentos y bebidas,Licores,Chía,2021-03-19 17:56:00,2021-03-19 18:04:00,2021-03-19 18:06:00,1,517500.0,114000,False,51750.0,25875.0,0,10,3,3,3,2,332,Leales,0,0,0,0,Valor medio-alto
L2Q656CHS2,Alimentos y bebidas,Restaurante / Café,Bogotá D.C.,2021-02-16 15:15:00,2021-02-16 15:32:00,2021-02-16 15:38:00,1,557000.0,249000,False,32764.70588235294,27850.0,0,17,4,3,4,2,342,Leales,0,0,0,0,Valor medio-alto
L2QDNLRM86,Alimentos y bebidas,Abarrotes / Mercado,Bogotá D.C.,2021-02-16 20:29:00,2021-02-16 20:37:00,2021-02-16 20:40:00,1,3047800.0,218200,False,36720.48192771084,152390.0,0,83,4,3,5,4,354,Leales,2,0,0,0,Valor medio-alto
L2R5706PCS,Comercio detallista,Auto partes,Bogotá D.C.,2021-02-10 12:43:00,2021-02-10 13:14:00,2021-02-10 13:17:00,1,9248500.0,650500,False,342537.037037037,462425.0,0,27,4,3,4,5,345,Leales,2,0,0,0,Valor medio-alto
L3ZF9WSECU,Comercio detallista,Tecnología,Bogotá D.C.,2021-03-17 12:31:00,2021-03-17 12:37:00,2021-03-17 12:44:00,1,18530800.0,3562000,False,1158175.0,926540.0,0,16,3,3,4,5,345,Leales,2,0,0,0,Valor medio-alto
L40CSRFA7B,Alimentos y bebidas,Bar / Club / Discoteca,Bogotá D.C.,2021-03-11 18:48:00,2021-03-11 19:08:00,2021-03-11 19:12:00,1,1116900.0,262700,False,50768.181818181816,55845.0,0,22,3,3,4,3,343,Leales,2,0,0,0,Valor medio-alto
L45BZYS1VZ,Comercio detallista,Materiales de construcción,Fusagasugá,2021-03-10 10:59:00,2021-03-10 11:05:00,2021-03-10 11:07:00,1,2458000.0,0,False,129368.42105263157,122900.0,0,19,3,3,4,3,343,Leales,2,0,0,0,Valor medio-alto
L4LUESYD1F,Servicios,Otro,Bogotá D.C.,,,,2,14817000.0,0,False,255465.5172413793,740850.0,0,58,5,3,5,5,355,Leales,2,2,0,2,Valor alto
L4PWR3QSHG,Servicios,Otro,Soacha,2021-03-23 16:22:00,2021-03-23 16:40:00,2021-03-23 16:42:00,1,2130050.0,455300,False,163850.0,106502.5,0,13,3,3,3,3,333,Leales,0,0,0,0,Valor medio-alto
L54P3Q0HAT,Reparación y limpieza,Reparaciones locativas,Soacha,,,,1,23758500.0,2389700,False,1131357.142857143,1187925.0,0,21,5,3,4,5,345,Leales,2,0,0,0,Valor medio-alto
L5NJ3KXKK4,Comercio detallista,Ropa / Accesorios,Bogotá D.C.,2021-03-17 11:51:00,2021-03-17 12:01:00,2021-03-17 12:07:00,1,238115.0,0,False,34016.42857142857,11905.75,0,7,3,3,3,2,332,Leales,0,0,1,0,Valor medio-alto
L5U0CXZN6U,Comercio detallista,Óptica,Bogotá D.C.,,,,1,3507000.0,0,False,389666.6666666667,175350.0,0,9,4,3,3,4,334,Leales,0,0,0,0,Valor medio-alto
L6AEQIZ6R8,Comercio detallista,Materiales de construcción,Soacha,,,,1,17573350.0,2197850,False,488148.6111111111,878667.5,0,36,6,3,5,5,355,Leales,2,0,0,0,Valor medio-alto
L6DA6YL86R,Comercio detallista,Óptica,Bogotá D.C.,2021-02-24 14:27:00,2021-02-24 14:33:00,2021-02-24 14:35:00,1,828000.0,0,False,138000.0,41400.0,0,6,4,3,2,2,322,Potenciales,0,0,0,0,Valor medio-alto
L6PPAT758D,Comercio detallista,Ropa / Accesorios,Cota,2021-03-20 14:48:00,2021-03-20 14:57:00,,2,1976554.0,821306,False,197655.4,98827.70000000001,0,10,3,3,3,3,333,Leales,0,2,0,2,Valor alto
L6TEKZSBS4,Servicios,Otro,Bogotá D.C.,2021-03-12 13:55:00,2021-03-12 14:05:00,2021-03-12 14:06:00,1,19694000.0,4040000,False,117226.19047619047,984700.0,0,168,3,3,5,5,355,Leales,2,0,0,0,Valor medio-alto
L6ZSVWHTD5,Comercio detallista,Muebles / Decoración,Bogotá D.C.,2021-02-17 17:26:00,2021-02-17 17:33:00,2021-02-17 17:36:00,1,2462000.0,0,False,615500.0,123100.0,2,4,2,1,2,3,123,Potenciales,0,0,1,0,Valor medio-alto
L7CF8MAPZF,Comercio detallista,Floristería,Bogotá D.C.,2021-03-03 12:59:00,2021-03-03 13:11:00,2021-03-03 13:13:00,1,2170000.0,267000,False,55641.02564102564,108500.0,0,39,3,3,5,3,353,Leales,2,0,0,0,Valor medio-alto
L7RHEM71N2,Servicios,Otro,Bogotá D.C.,2021-03-02 15:32:00,2021-03-02 15:41:00,2021-03-02 15:44:00,1,7379525.0,3077200,False,368976.25,368976.25,0,20,3,3,4,5,345,Leales,2,0,0,0,Valor medio-alto
L7UQV3QJ6E,Comercio detallista,Auto partes,Bogotá D.C.,2021-03-16 10:02:00,2021-03-16 10:11:00,2021-03-16 10:12:00,1,4151000.0,1750000,False,1383666.6666666667,207550.0,0,3,3,3,2,4,324,Potenciales,0,0,0,0,Valor medio-alto
L86H3259IK,Comercio detallista,Óptica,Bogotá D.C.,,,,1,504000.0,0,False,50400.0,25200.0,4,10,2,1,3,2,132,Potenciales,1,1,2,1,Valor medio
L9G4N5XDK7,Comercio detallista,Tienda de deportes,Bogotá D.C.,2021-03-09 15:34:00,2021-03-09 15:53:00,2021-03-09 15:58:00,1,1133000.0,0,False,125888.88888888889,56650.0,0,9,2,3,3,3,333,Leales,0,0,0,0,Valor medio-alto
LA24YH4QGC,Alimentos y bebidas,Abarrotes / Mercado,Cali,2021-03-27 14:55:00,2021-03-27 15:04:00,2021-03-27 15:06:00,1,679290.0,62000,False,25158.88888888889,33964.5,0,27,3,3,4,2,342,Leales,2,0,0,0,Valor medio-alto
LA8L8VVQCM,Belleza y cuidado personal,Distribuidora,Bogotá D.C.,2021-03-17 08:42:00,2021-03-17 08:56:00,2021-03-17 08:58:00,1,2000.0,0,False,2000.0,100.0,2,1,1,1,1,1,111,Perdidos / Hibernando,1,1,2,1,Valor medio
LAVJMTJHLY,Servicios,Diseño / Fotografía,Bogotá D.C.,2021-03-15 08:01:00,2021-03-15 08:14:00,2021-03-15 08:16:00,1,692000.0,0,False,76888.88888888889,34600.0,1,9,2,2,3,2,232,Potenciales,0,0,1,0,Valor medio-alto
LB1BDZIB23,Servicios,Tecnología y software,Bogotá D.C.,2021-03-25 15:04:00,2021-03-25 15:11:00,2021-03-25 15:13:00,1,2051000.0,680000,False,186454.54545454544,102550.0,0,11,3,3,3,3,333,Leales,0,0,0,0,Valor medio-alto
LBF0UNWLC9,Comercio detallista,Materiales de construcción,Bogotá D.C.,2021-02-15 14:25:00,2021-02-15 14:34:00,2021-02-15 14:35:00,1,692410.0,8000,False,76934.44444444444,34620.5,0,9,3,3,3,2,332,Leales,0,0,0,0,Valor medio-alto
LCN4P7I8T7,Comercio detallista,Tecnología,Bogotá D.C.,2021-03-23 15:31:00,2021-03-23 15:41:00,2021-03-23 15:45:00,1,6000700.0,608200,False,222248.14814814815,300035.0,0,27,3,3,4,4,344,Leales,2,0,0,0,Valor medio-alto
LCXVIY9YKI,Comercio detallista,Óptica,Bogotá D.C.,2021-03-29 17:59:00,2021-03-29 18:05:00,2021-03-29 18:07:00,1,954000.0,0,False,190800.0,47700.0,1,5,2,2,2,2,222,Perdidos / Hibernando,0,0,1,0,Valor medio-alto
LD48A98HYC,Servicios,Otro,Cota,2021-03-16 11:06:00,2021-03-16 11:14:00,2021-03-16 11:17:00,1,674000.0,0,False,224666.66666666666,33700.0,1,3,2,2,2,2,222,Perdidos / Hibernando,0,0,1,0,Valor medio-alto
LD8XETYJO2,Comercio detallista,Ropa / Accesorios,Bogotá D.C.,2021-03-16 15:13:00,2021-03-16 15:23:00,2021-03-16 15:26:00,1,4261800.0,1247000,False,146958.62068965516,213090.0,0,29,3,3,5,4,354,Leales,2,0,0,0,Valor medio-alto
LD9V4B8ZLY,Comercio detallista,Auto partes,Bogotá D.C.,2021-03-15 16:37:00,2021-03-15 16:46:00,2021-03-15 16:54:00,1,6050000.0,1819000,False,432142.85714285716,302500.0,0,14,3,3,4,4,344,Leales,2,0,0,0,Valor medio-alto
LDRDAYH8QE,Comercio detallista,Muebles / Decoración,Bogotá D.C.,2021-02-11 11:35:00,2021-02-11 11:44:00,2021-02-11 11:46:00,1,19166200.0,702000,False,709859.2592592592,958310.0,0,27,4,3,4,5,345,Leales,2,0,0,0,Valor medio-alto
LEDPJDIKHX,Comercio detallista,Artesanías,Bogotá D.C.,2021-03-26 14:51:00,2021-03-26 15:11:00,2021-03-26 15:13:00,1,2000.0,0,False,2000.0,100.0,2,1,1,1,1,1,111,Perdidos / Hibernando,1,1,2,1,Valor medio
LEDVD7Z6QB,Servicios,Veterinaria,Bogotá D.C.,,2021-03-25 09:28:00,2021-03-25 09:32:00,1,13830072.0,0,False,4610024.0,691503.6000000001,1,3,2,2,2,5,225,Potenciales,0,0,1,0,Valor medio-alto
LEWMBNH75B,Belleza y cuidado personal,Distribuidora,Bogotá D.C.,,,,1,1716300.0,340600,False,34326.0,85815.0,0,50,5,3,5,3,353,Leales,2,0,0,0,Valor medio-alto
LF3NR8C8LZ,Belleza y cuidado personal,Estilista independiente,Bogotá D.C.,2021-02-02 11:40:00,2021-02-02 11:50:00,2021-02-02 11:52:00,1,615000.0,198000,False,41000.0,30750.0,0,15,4,3,4,2,342,Leales,0,0,0,0,Valor medio-alto
LFYHGOXGRO,Servicios,Tecnología y software,Bogotá D.C.,2021-03-25 18:12:00,2021-03-25 18:17:00,2021-03-25 18:19:00,1,2559750.0,200000,False,182839.2857142857,127987.5,0,14,3,3,4,4,344,Leales,0,0,0,0,Valor medio-alto
LHOSSOIH1H,Servicios,Medicina / Odontología,Bogotá D.C.,2021-02-15 11:09:00,2021-02-22 18:07:00,2021-02-22 18:10:00,1,2000.0,0,False,2000.0,100.0,3,1,1,1,1,1,111,Perdidos / Hibernando,1,1,2,1,Valor medio
LHR78JH6HJ,Servicios,Veterinaria,Soacha,2021-03-16 12:46:00,2021-03-16 12:55:00,2021-03-16 12:58:00,1,6051900.0,684100,False,88998.5294117647,302595.0,0,68,3,3,5,4,354,Leales,2,0,0,0,Valor medio-alto
LKQGJTVQJR,Servicios,Veterinaria,Soacha,2021-03-16 14:35:00,2021-03-16 18:05:00,2021-03-16 18:07:00,1,10293700.0,3498300,False,87980.34188034188,514685.0,0,117,3,3,5,5,355,Leales,2,0,0,0,Valor medio-alto
LLFKRQPY8W,Comercio detallista,Artesanías,Bogotá D.C.,2021-03-20 15:35:00,2021-03-20 15:52:00,2021-03-20 15:54:00,1,3973000.0,0,False,331083.3333333333,198650.0,0,12,3,3,3,4,334,Leales,0,0,0,0,Valor medio-alto
LLT7ALN789,Reparación y limpieza,Automotriz y autopartes,Bogotá D.C.,2021-03-26 12:51:00,2021-03-26 12:55:00,2021-03-26 12:57:00,1,2050500.0,453200,False,170875.0,102525.0,0,12,3,3,3,3,333,Leales,0,0,0,0,Valor medio-alto
LLTXEFN5PT,Reparación y limpieza,Automotriz y autopartes,Bogotá D.C.,2021-02-11 13:38:00,2021-02-11 13:45:00,2021-02-11 13:47:00,1,4000.0,0,False,2000.0,200.0,3,2,1,1,1,1,111,Perdidos / Hibernando,1,1,2,1,Valor medio
LM2DOYFZFQ,Comercio detallista,Óptica,Bogotá D.C.,2021-02-15 11:39:00,2021-02-15 11:47:00,2021-02-15 11:49:00,1,787400.0,0,False,196850.0,39370.0,2,4,2,1,2,2,122,Perdidos / Hibernando,0,0,1,0,Valor medio-alto
LMX2GEGMF2,Comercio detallista,Óptica,Bogotá D.C.,2021-03-02 13:12:00,2021-03-02 13:16:00,2021-03-02 13:19:00,1,873000.0,0,False,218250.0,43650.0,0,4,2,3,2,2,322,Potenciales,0,0,0,0,Valor medio-alto
LNC9DV2PJX,Comercio detallista,Tecnología,Bogotá D.C.,2021-03-12 14:12:00,2021-03-12 16:48:00,2021-03-12 16:49:00,1,11347500.0,250000,False,630416.6666666666,567375.0,0,18,3,3,4,5,345,Leales,2,0,0,0,Valor medio-alto
LNFCB1HSTX,Comercio detallista,Libros / Papelería,Bogotá D.C.,2021-03-09 14:40:00,2021-03-09 14:47:00,2021-03-09 14:50:00,1,1906000.0,942000,False,211777.77777777778,95300.0,0,9,3,3,3,3,333,Leales,0,0,0,0,Valor medio-alto
LNPW8ZJ1VH,Comercio detallista,Tecnología,Bogotá D.C.,2021-03-11 15:31:00,2021-03-11 15:41:00,2021-03-11 15:44:00,1,4350000.0,291000,False,207142.85714285713,217500.0,0,21,3,3,4,4,344,Leales,2,0,0,0,Valor medio-alto
LNVAMYXMJV,Reparación y limpieza,Automotriz y autopartes,Soacha,,,,1,13727000.0,0,False,980500.0,686350.0,0,14,6,3,4,5,345,Leales,2,0,0,0,Valor medio-alto
LO5O0RZGD9,Servicios,Otro,Bogotá D.C.,2021-03-06 08:25:00,2021-03-06 08:35:00,2021-03-06 08:42:00,1,4667000.0,1364000,False,122815.78947368421,233350.0,0,38,3,3,5,4,354,Leales,2,0,0,0,Valor medio-alto
LO6UK40680,Servicios,Tecnología y software,Bogotá D.C.,2021-03-08 16:49:00,2021-03-08 17:01:00,2021-03-08 17:06:00,1,2120000.0,0,False,530000.0,106000.0,1,4,2,2,2,3,223,Potenciales,0,0,1,0,Valor medio-alto
LO82SA4FJH,Servicios,Medicina / Odontología,Bogotá D.C.,2021-03-09 10:46:00,2021-03-09 10:52:00,2021-03-09 10:56:00,1,1241000.0,1239000,False,1241000.0,62050.0,2,1,1,1,1,3,113,Potenciales,1,1,1,1,Valor medio
LOH0NFQP5O,Servicios,Medicina / Odontología,Bogotá D.C.,2021-03-09 11:47:00,2021-03-09 11:55:00,2021-03-09 12:06:00,1,2051680.0,84000,False,683893.3333333334,102584.0,0,3,2,3,2,3,323,Potenciales,0,0,0,0,Valor medio-alto
LPV2QOMYBB,Comercio detallista,Libros / Papelería,Bogotá D.C.,2021-03-12 17:42:00,2021-03-12 17:52:00,2021-03-12 18:01:00,1,88000.0,0,False,22000.0,4400.0,1,4,2,2,2,1,221,Perdidos / Hibernando,0,1,1,1,Valor medio
LQ2D24R9CM,Comercio detallista,Óptica,Bogotá D.C.,2021-03-04 18:10:00,2021-03-04 18:16:00,2021-03-04 18:18:00,1,10763000.0,400000,False,430520.0,538150.0,0,25,3,3,4,5,345,Leales,2,0,0,0,Valor medio-alto
LQ2SDUZGGI,Comercio detallista,Ropa / Accesorios,Bogotá D.C.,2021-03-29 17:47:00,2021-03-29 18:05:00,2021-03-29 18:13:00,1,3758000.0,926000,False,72269.23076923077,187900.0,0,52,3,3,5,4,354,Leales,2,0,0,0,Valor medio-alto
LQYUKPXH4J,Belleza y cuidado personal,Distribuidora,Soacha,,,,1,2000.0,0,False,2000.0,100.0,5,1,1,1,1,1,111,Perdidos / Hibernando,1,1,2,1,Valor medio
LRACMO8SZA,Servicios,Logística,Bogotá D.C.,2021-03-08 11:14:00,2021-03-08 11:22:00,2021-03-08 11:24:00,1,1990700.0,744700,False,180972.72727272726,99535.0,2,11,1,1,3,3,133,Potenciales,0,0,1,0,Valor medio-alto
LRCSJKCUCB,Comercio detallista,Libros / Papelería,Bogotá D.C.,2021-03-19 12:41:00,2021-03-19 12:44:00,2021-03-19 12:46:00,1,1000.0,0,False,1000.0,50.0,2,1,1,1,1,1,111,Perdidos / Hibernando,1,1,2,1,Valor medio
LRO5XR2AKA,Comercio detallista,Elementos del hogar,Bogotá D.C.,2021-03-03 16:18:00,2021-03-03 16:34:00,2021-03-03 16:37:00,1,15052200.0,804100,False,198055.26315789475,752610.0,0,76,3,3,5,5,355,Leales,2,0,0,0,Valor medio-alto
LRQHNOP7Z0,Comercio detallista,Tecnología,Bogotá D.C.,2021-03-12 13:46:00,2021-03-12 14:03:00,2021-03-12 14:11:00,1,3971843.0,935550,False,81058.02040816327,198592.15000000002,0,49,3,3,5,4,354,Leales,2,0,0,0,Valor medio-alto
LRQW9XDLNP,Comercio detallista,Óptica,Bogotá D.C.,2021-03-01 14:47:00,2021-03-01 14:50:00,2021-03-01 14:52:00,1,5489500.0,850000,False,365966.6666666667,274475.0,0,15,3,3,4,4,344,Leales,2,0,0,0,Valor medio-alto
LSTQ755L8C,Servicios,Tecnología y software,Bogotá D.C.,2021-03-31 15:13:00,2021-03-31 15:20:00,2021-03-31 15:27:00,1,999000.0,0,False,249750.0,49950.0,0,4,3,3,2,3,323,Potenciales,0,0,0,0,Valor medio-alto
LT2XN1KG9D,Comercio detallista,Ropa / Accesorios,Bogotá D.C.,2021-03-25 11:04:00,2021-03-25 11:22:00,2021-06-12 17:14:00,1,58000.0,58000,False,58000.0,2900.0,2,1,1,1,1,1,111,Perdidos / Hibernando,1,1,1,1,Valor medio
LTT023WHW4,Servicios,Otro,Bogotá D.C.,2021-03-18 11:55:00,2021-03-18 12:30:00,2021-03-18 12:31:00,1,298000.0,296000,False,298000.0,14900.0,2,1,1,1,1,2,112,Perdidos / Hibernando,1,1,1,1,Valor medio
LUG21AW7A9,Servicios,Medicina / Odontología,Bogotá D.C.,2021-03-16 14:33:00,2021-03-16 14:42:00,2021-03-16 15:01:00,1,8437000.0,790000,False,301321.4285714286,421850.0,0,28,3,3,4,5,345,Leales,2,0,0,0,Valor medio-alto
LUZKIAWNHC,Servicios,Veterinaria,Bogotá D.C.,2021-03-30 14:54:00,2021-03-30 15:02:00,2021-03-30 15:05:00,1,80400.0,0,False,13400.0,4020.0,0,6,3,3,2,1,321,Potenciales,0,0,1,0,Valor medio-alto
LV0J1DV42F,Servicios,Otro,Bogotá D.C.,2021-03-27 15:21:00,2021-03-27 17:01:00,2021-03-27 17:08:00,1,3155000.0,58000,False,631000.0,157750.0,0,5,3,3,2,4,324,Potenciales,0,0,0,0,Valor medio-alto
LVA6QGYR68,Alimentos y bebidas,Restaurante / Café,Bogotá D.C.,2021-02-12 13:09:00,2021-02-12 13:18:00,2021-02-12 13:20:00,1,7120600.0,0,False,58365.57377049181,356030.0,0,122,4,3,5,5,355,Leales,2,0,0,0,Valor medio-alto
LVKBK45C0I,Comercio detallista,Auto partes,Bogotá D.C.,2021-03-19 08:44:00,2021-03-19 08:49:00,2021-03-19 08:54:00,1,4000.0,0,False,2000.0,200.0,2,2,1,1,1,1,111,Perdidos / Hibernando,1,1,2,1,Valor medio
LWEL6V87EE,Comercio detallista,Óptica,Bogotá D.C.,2021-03-15 17:03:00,2021-03-15 17:19:00,2021-03-15 17:21:00,1,9661000.0,1830000,False,311645.1612903226,483050.0,0,31,3,3,5,5,355,Leales,2,0,0,0,Valor medio-alto
LWEWEIMQCK,Servicios,Tecnología y software,Bogotá D.C.,,,,1,7930000.0,3080000,False,360454.54545454547,396500.0,0,22,5,3,4,5,345,Leales,2,0,0,0,Valor medio-alto
LX14BZ6SA0,Comercio detallista,Ropa / Accesorios,Bogotá D.C.,2021-03-10 16:38:00,2021-03-10 16:43:00,2021-03-10 16:46:00,1,4184000.0,480000,False,190181.81818181818,209200.0,0,22,3,3,4,4,344,Leales,2,0,0,0,Valor medio-alto
LXNVLF5D83,Comercio detallista,Tecnología,Bogotá D.C.,2021-03-06 13:39:00,2021-03-06 13:48:00,2021-03-06 13:53:00,1,325550.0,122800,False,54258.333333333336,16277.5,0,6,3,3,2,2,322,Potenciales,0,0,1,0,Valor medio-alto
LXSJ3P1T8O,Comercio detallista,Ropa / Accesorios,Cali,2021-03-24 16:40:00,2021-03-24 17:00:00,2021-03-26 20:26:00,1,710000.0,60000,False,39444.444444444445,35500.0,0,18,3,3,4,2,342,Leales,0,0,0,0,Valor medio-alto
LY1UVMK8FJ,Comercio detallista,Ropa / Accesorios,Bogotá D.C.,2021-03-26 14:21:00,2021-03-26 14:30:00,2021-03-26 14:33:00,1,163000.0,146000,False,54333.333333333336,8150.0,0,3,2,3,2,1,321,Potenciales,0,0,1,0,Valor medio-alto
LYBIXD9KKF,Comercio detallista,Auto partes,Soacha,2021-03-01 13:54:00,2021-03-01 14:03:00,2021-03-01 14:07:00,1,2686500.0,473000,False,268650.0,134325.0,0,10,3,3,3,4,334,Leales,0,0,0,0,Valor medio-alto
LZ89FWJK0M,Servicios,Medicina / Odontología,Bogotá D.C.,2020-07-27 17:20:00,,,1,25877000.0,1525000,False,834741.9354838709,1293850.0,0,31,6,3,5,5,355,Leales,2,0,0,0,Valor medio-alto
M03LR5DJ36,Servicios,Carpintería,Bogotá D.C.,2021-03-10 10:46:00,2021-03-10 10:59:00,2021-03-10 11:02:00,1,5000.0,0,False,1250.0,250.0,2,4,1,1,2,1,121,Perdidos / Hibernando,1,1,2,1,Valor medio
M12WLROQTF,Belleza y cuidado personal,Spa,Bogotá D.C.,2021-03-23 12:28:00,2021-03-23 12:59:00,2021-03-23 13:01:00,1,2000.0,0,False,2000.0,100.0,2,1,1,1,1,1,111,Perdidos / Hibernando,1,1,2,1,Valor medio
M1IZ72RGWS,Servicios,Otro,Bogotá D.C.,2021-03-11 19:28:00,2021-03-11 19:35:00,2021-03-11 19:39:00,1,801000.0,0,False,100125.0,40050.0,2,8,1,1,3,2,132,Potenciales,0,1,1,1,Valor medio
M1J0PZLEWY,Comercio detallista,Ropa / Accesorios,Bogotá D.C.,2021-03-16 15:29:00,2021-03-16 15:46:00,2021-03-16 15:48:00,1,1266800.0,443800,False,140755.55555555556,63340.0,0,9,3,3,3,3,333,Leales,0,0,0,0,Valor medio-alto
M1RO2XZUNY,Servicios,Medicina / Odontología,Cali,2021-03-25 12:42:00,2021-03-25 12:48:00,2021-03-25 12:53:00,1,701000.0,0,False,350500.0,35050.0,1,2,2,2,1,2,212,Perdidos / Hibernando,0,0,1,0,Valor medio-alto
M2FKWED4JU,Comercio detallista,Óptica,Bogotá D.C.,2021-03-12 11:31:00,2021-03-12 11:40:00,2021-03-12 11:44:00,1,1300000.0,40000,False,216666.66666666666,65000.0,0,6,2,3,2,3,323,Potenciales,0,0,0,0,Valor medio-alto
M3FUXEI1AB,Comercio detallista,Óptica,Bogotá D.C.,2021-02-27 16:32:00,2021-02-27 16:40:00,2021-02-27 16:41:00,1,2833000.0,0,False,283300.0,141650.0,0,10,4,3,3,4,334,Leales,0,0,0,0,Valor medio-alto
M3M5SSQNXB,Alimentos y bebidas,Comida rápida,Bogotá D.C.,2021-03-17 10:57:00,2021-03-17 11:20:00,2021-03-18 10:17:00,1,188500.0,41000,False,18850.0,9425.0,0,10,3,3,3,2,332,Leales,0,0,0,0,Valor medio-alto
M3Z7P9TKSI,Comercio detallista,Óptica,Soacha,2021-02-03 14:47:00,2021-02-03 14:57:00,2021-02-03 15:02:00,1,3903000.0,620000,False,300230.76923076925,195150.0,0,13,4,3,3,4,334,Leales,0,0,0,0,Valor medio-alto
M4LEJ2UW3D,Comercio detallista,Elementos de seguridad,Tenjo,2021-03-11 12:02:00,2021-03-11 12:07:00,2021-03-11 12:09:00,1,1879000.0,0,False,268428.5714285714,93950.0,0,7,3,3,3,3,333,Leales,0,0,0,0,Valor medio-alto
M4MHAN3FGL,Reparación y limpieza,Otro,Bogotá D.C.,2021-03-11 10:48:00,2021-03-11 11:11:00,2021-03-11 11:13:00,1,217000.0,0,False,72333.33333333333,10850.0,2,3,1,1,2,2,122,Perdidos / Hibernando,1,1,1,1,Valor medio
M5HZ7X5U73,Comercio detallista,Otro,Bogotá D.C.,2021-02-22 11:43:00,2021-02-22 11:54:00,2021-02-22 11:57:00,1,7115800.0,3337800,False,646890.9090909091,355790.0,0,11,4,3,3,5,335,Leales,0,0,0,0,Valor medio-alto
M6DAT66S3X,Belleza y cuidado personal,Spa,Bogotá D.C.,,,,1,12443420.0,0,False,829561.3333333334,622171.0,0,15,6,3,4,5,345,Leales,2,0,0,0,Valor medio-alto
M6L291J9AL,Comercio detallista,Otro,Bogotá D.C.,2021-03-11 13:44:00,2021-03-11 13:53:00,2021-03-11 13:56:00,1,1017100.0,0,False,127137.5,50855.0,0,8,3,3,3,3,333,Leales,0,0,0,0,Valor medio-alto
M6OZBW3KV8,Comercio detallista,Óptica,Bogotá D.C.,2021-03-15 13:11:00,2021-03-15 13:18:00,2021-03-15 16:20:00,1,5785000.0,1225000,False,482083.3333333333,289250.0,0,12,3,3,3,4,334,Leales,0,0,0,0,Valor medio-alto
M6UN6KKMVK,Comercio detallista,Electrodomésticos,Bogotá D.C.,2021-03-30 13:25:00,2021-03-30 13:36:00,2021-03-30 13:38:00,1,1724000.0,133000,False,246285.7142857143,86200.0,0,7,3,3,3,3,333,Leales,0,0,0,0,Valor medio-alto
M7CPCAKDOW,Reparación y limpieza,Moda / Zapatería,Bogotá D.C.,2021-02-09 14:57:00,2021-02-09 15:02:00,2021-02-09 15:13:00,1,2000.0,0,False,2000.0,100.0,3,1,1,1,1,1,111,Perdidos / Hibernando,1,1,2,1,Valor medio
MA4Q90WWJP,Servicios,Otro,Bogotá D.C.,2021-03-03 15:50:00,2021-03-03 15:56:00,2021-03-03 15:58:00,1,4780000.0,693000,False,217272.72727272726,239000.0,0,22,3,3,4,4,344,Leales,2,0,0,0,Valor medio-alto
MA88HYP2K0,Reparación y limpieza,Moda / Zapatería,Bogotá D.C.,2021-03-11 16:52:00,2021-03-11 17:01:00,2021-03-11 17:03:00,1,185000.0,0,False,61666.666666666664,9250.0,0,3,2,3,2,2,322,Potenciales,0,0,1,0,Valor medio-alto
MABV7Z1QOS,Comercio detallista,Ropa / Accesorios,Bogotá D.C.,2021-02-22 11:55:00,2021-02-22 12:05:00,2021-02-22 12:08:00,1,18000.0,0,False,9000.0,900.0,3,2,1,1,1,1,111,Perdidos / Hibernando,1,1,2,1,Valor medio
MAN4695RE8,Servicios,Tecnología y software,Bogotá D.C.,2021-03-18 13:50:00,2021-03-18 14:05:00,,1,153466.76470588235,0,True,153466.76470588235,7673.338235294118,2,1,1,1,1,1,111,Perdidos / Hibernando,1,1,1,1,Valor medio
MATDNHL7KW,Comercio detallista,Óptica,Soacha,2021-02-10 15:35:00,2021-02-10 15:43:00,2021-02-10 15:48:00,1,1402000.0,60000,False,200285.7142857143,70100.0,1,7,3,2,3,3,233,Potenciales,0,0,1,0,Valor medio-alto
MB6DZQNR7S,Comercio detallista,Tienda de deportes,Bogotá D.C.,2021-03-24 15:03:00,2021-03-24 15:24:00,2021-03-24 15:34:00,1,3967750.0,417000,False,360704.54545454547,198387.5,0,11,3,3,3,4,334,Leales,0,0,0,0,Valor medio-alto
MB9ZFFD6U9,Comercio detallista,Joyería,Soacha,2021-03-18 14:14:00,2021-03-18 14:26:00,2021-03-18 14:30:00,1,1369000.0,55000,False,171125.0,68450.0,1,8,2,2,3,3,233,Potenciales,0,0,1,0,Valor medio-alto
MBAE22ZFET,Comercio detallista,Libros / Papelería,Bogotá D.C.,2021-03-26 15:14:00,2021-03-26 15:25:00,2021-03-26 15:29:00,1,2000.0,0,False,1000.0,100.0,0,2,2,3,1,1,311,Potenciales,1,1,1,1,Valor medio
MBAQXWNCA8,Alimentos y bebidas,Otro,Bogotá D.C.,,,,1,1290000.0,222000,False,80625.0,64500.0,0,16,6,3,4,3,343,Leales,0,0,0,0,Valor medio-alto
MBAT0CNCX3,Comercio detallista,Óptica,Bogotá D.C.,2021-03-05 15:06:00,2021-03-05 15:16:00,2021-03-05 15:20:00,1,15854000.0,2682000,False,587185.1851851852,792700.0,0,27,3,3,4,5,345,Leales,2,0,0,0,Valor medio-alto
MBG4BBS0ZF,Turismo y entretenimiento,Entrenador personal,Bogotá D.C.,2021-02-18 17:42:00,2021-02-18 17:53:00,2021-02-18 17:55:00,1,652000.0,0,False,130400.0,32600.0,1,5,3,2,2,2,222,Perdidos / Hibernando,0,0,1,0,Valor medio-alto
MBGZ788DAW,Comercio detallista,Otro,Bogotá D.C.,2021-03-22 10:37:00,2021-03-22 10:56:00,2021-03-22 10:59:00,1,593000.0,0,False,74125.0,29650.0,0,8,3,3,3,2,332,Leales,0,0,0,0,Valor medio-alto
MCIHBFIT21,Servicios,Veterinaria,Bogotá D.C.,2021-03-11 10:43:00,2021-03-11 10:48:00,2021-03-11 10:51:00,1,1742800.0,192300,False,87140.0,87140.0,0,20,3,3,4,3,343,Leales,2,0,0,0,Valor medio-alto
MCTSSCB8GF,Alimentos y bebidas,Abarrotes / Mercado,Bogotá D.C.,2021-03-25 12:31:00,2021-03-25 12:38:00,2021-03-25 17:56:00,1,1079550.0,302600,False,34824.1935483871,53977.5,0,31,3,3,5,3,353,Leales,2,0,0,0,Valor medio-alto
MCX49Q2ICS,Servicios,Tecnología y software,Bogotá D.C.,2021-03-03 16:35:00,2021-03-03 16:42:00,2021-03-03 16:46:00,1,1955300.0,231000,False,130353.33333333333,97765.0,0,15,3,3,4,3,343,Leales,0,0,0,0,Valor medio-alto
MDCITTJ051,Comercio detallista,Mascotas,Bogotá D.C.,2021-03-15 16:53:00,2021-03-15 17:01:00,2021-03-15 17:10:00,1,3428700.0,440100,False,61226.78571428572,171435.0,0,56,3,3,5,4,354,Leales,2,0,0,0,Valor medio-alto
MDMUSVHW27,Comercio detallista,Óptica,Bogotá D.C.,,,,1,5382000.0,0,False,316588.23529411765,269100.0,0,17,5,3,4,4,344,Leales,2,0,0,0,Valor medio-alto
MDQBI18G0H,Servicios,Otro,Bogotá D.C.,2021-03-15 20:03:00,2021-03-15 20:20:00,2021-03-18 14:35:00,1,3263304.0,185850,False,120863.11111111111,163165.2,0,27,3,3,4,4,344,Leales,2,0,0,0,Valor medio-alto
MDQD09KPD8,Comercio detallista,Tecnología,Bogotá D.C.,2021-03-29 11:56:00,2021-03-29 12:07:00,2021-03-29 12:12:00,1,1668000.0,50000,False,556000.0,83400.0,0,3,2,3,2,3,323,Potenciales,0,0,0,0,Valor medio-alto
MDYXP46Y6D,Comercio detallista,Óptica,Zipaquirá,2021-03-20 12:22:00,2021-03-20 12:30:00,2021-03-20 12:32:00,1,601000.0,0,False,150250.0,30050.0,1,4,2,2,2,2,222,Perdidos / Hibernando,0,0,1,0,Valor medio-alto
MEJ0Y2UWFC,Servicios,Otro,Bogotá D.C.,2021-02-23 14:59:00,2021-02-23 15:21:00,2021-02-23 15:23:00,1,1066450.0,0,False,71096.66666666667,53322.5,0,15,3,3,4,3,343,Leales,0,0,0,0,Valor medio-alto
MF1J9PLAZB,Comercio detallista,Juguetería / Piñatería,Bogotá D.C.,2021-03-10 16:58:00,2021-03-10 17:20:00,2021-03-10 17:24:00,1,103200.0,8700,False,17200.0,5160.0,0,6,2,3,2,1,321,Potenciales,0,0,1,0,Valor medio-alto
MG0TXIFH2Y,Comercio detallista,Materiales de construcción,Bogotá D.C.,,,,1,862800.0,14800,False,71900.0,43140.0,1,12,4,2,3,2,232,Potenciales,0,0,1,0,Valor medio-alto
MHA1W68HEF,Comercio detallista,Óptica,Bogotá D.C.,,,,1,1662000.0,0,False,277000.0,83100.0,1,6,4,2,2,3,223,Potenciales,0,0,1,0,Valor medio-alto
MHTOMTRPXW,Comercio detallista,Óptica,Bogotá D.C.,2021-02-09 15:14:00,2021-02-09 15:23:00,2021-02-09 15:25:00,1,1622000.0,0,False,270333.3333333333,81100.0,0,6,3,3,2,3,323,Potenciales,0,0,0,0,Valor medio-alto
MID8YJ7B2Q,Alimentos y bebidas,Repostería / Panadería,Bogotá D.C.,2021-03-18 12:27:00,2021-03-18 12:40:00,2021-03-18 12:43:00,1,986971.0,96800,False,29908.21212121212,49348.55,0,33,3,3,5,3,353,Leales,2,0,0,0,Valor medio-alto
MII41Z5CDJ,Comercio detallista,Artesanías,Bogotá D.C.,2021-03-15 16:43:00,2021-03-15 16:58:00,2021-03-15 17:08:00,1,4000.0,0,False,571.4285714285714,200.0,0,7,2,3,3,1,331,Leales,0,1,1,1,Valor medio
MILUR46FPC,Comercio detallista,Materiales de construcción,Bogotá D.C.,2021-03-29 14:35:00,2021-03-29 14:43:00,2021-03-29 14:46:00,1,1182900.0,86500,False,131433.33333333334,59145.0,0,9,3,3,3,3,333,Leales,0,0,0,0,Valor medio-alto
MJHRQNWSIA,Comercio detallista,Muebles / Decoración,Cali,2021-03-24 15:53:00,2021-03-24 16:01:00,2021-03-24 16:13:00,1,515000.0,505000,False,171666.66666666666,25750.0,1,3,2,2,2,2,222,Perdidos / Hibernando,0,0,1,0,Valor medio-alto
MJVN8KHF63,Reparación y limpieza,Moda / Zapatería,Bogotá D.C.,2021-03-24 18:19:00,2021-03-24 18:34:00,2021-03-24 18:36:00,1,1305200.0,775000,False,65260.0,65260.0,0,20,2,3,4,3,343,Leales,2,0,0,0,Valor medio-alto
MK1HU2V9VX,Belleza y cuidado personal,Salón de belleza,Bogotá D.C.,2021-03-19 12:09:00,2021-03-19 12:15:00,2021-03-19 12:23:00,1,267000.0,22000,False,38142.857142857145,13350.0,0,7,3,3,3,2,332,Leales,0,0,1,0,Valor medio-alto
MKGC0PHC6Q,Alimentos y bebidas,Bar / Club / Discoteca,Soacha,2021-03-09 15:08:00,2021-03-09 15:15:00,2021-03-09 15:17:00,1,183600.0,0,False,61200.0,9180.0,1,3,2,2,2,2,222,Perdidos / Hibernando,0,0,1,0,Valor medio-alto
MKT16Z8OOI,Comercio detallista,Elementos de seguridad,Bogotá D.C.,2021-03-26 12:03:00,2021-03-26 12:22:00,2021-03-26 12:25:00,1,552000.0,208000,False,110400.0,27600.0,0,5,2,3,2,2,322,Potenciales,0,0,1,0,Valor medio-alto
MLZY5KPHBV,Alimentos y bebidas,Restaurante / Café,Bogotá D.C.,2021-03-27 12:47:00,2021-03-27 12:54:00,2021-03-27 13:01:00,1,608500.0,257500,False,60850.0,30425.0,0,10,3,3,3,2,332,Leales,0,0,0,0,Valor medio-alto
MMX7SJT98E,Comercio detallista,Ropa / Accesorios,Bogotá D.C.,2021-03-02 10:55:00,2021-03-02 11:02:00,2021-03-02 11:05:00,1,1257000.0,139000,False,50280.0,62850.0,0,25,3,3,4,3,343,Leales,2,0,0,0,Valor medio-alto
MNHAH41IFF,Comercio detallista,Tecnología,Bogotá D.C.,2021-03-16 19:15:00,2021-03-16 19:30:00,2021-03-16 19:32:00,1,4932000.0,799800,False,214434.78260869565,246600.0,0,23,3,3,4,4,344,Leales,2,0,0,0,Valor medio-alto
MNQC513UIT,Comercio detallista,Tienda naturista,Soacha,2021-02-02 14:40:00,2021-02-02 14:49:00,2021-02-02 14:52:00,1,1969000.0,0,False,281285.71428571426,98450.0,0,7,3,3,3,3,333,Leales,0,0,0,0,Valor medio-alto
MOTBUA1AJN,Comercio detallista,Otro,Bogotá D.C.,2021-03-03 16:23:00,2021-03-03 16:34:00,2021-03-03 16:35:00,1,972000.0,498000,False,138857.14285714287,48600.0,0,7,2,3,3,2,332,Leales,0,0,0,0,Valor medio-alto
MOXR8NUMH9,Comercio detallista,Tecnología,Bogotá D.C.,2021-03-04 18:31:00,2021-03-04 18:39:00,2021-03-04 18:45:00,1,152000.0,0,False,38000.0,7600.0,0,4,3,3,2,1,321,Potenciales,0,0,1,0,Valor medio-alto
MQIXZ63VDC,Comercio detallista,Óptica,Bogotá D.C.,2021-02-09 15:04:00,2021-02-09 15:14:00,2021-02-09 15:16:00,1,7983000.0,0,False,347086.95652173914,399150.0,0,23,3,3,4,5,345,Leales,2,0,0,0,Valor medio-alto
MQPYBCAV04,Comercio detallista,Juguetería / Piñatería,Bogotá D.C.,,,,1,699400.0,52000,False,36810.52631578947,34970.0,0,19,4,3,4,2,342,Leales,0,0,0,0,Valor medio-alto
MRCUN9NU5L,Alimentos y bebidas,Abarrotes / Mercado,Bogotá D.C.,2021-03-04 19:32:00,2021-03-04 19:41:00,2021-03-04 19:45:00,1,2106210.0,271825,False,81008.07692307692,105310.5,0,26,3,3,4,3,343,Leales,2,0,0,0,Valor medio-alto
MRF5SEXRVL,Transporte,Taxi,Cali,2021-02-20 11:50:00,2021-02-20 12:32:00,2021-02-20 12:33:00,1,28000.0,0,False,14000.0,1400.0,3,2,1,1,1,1,111,Perdidos / Hibernando,1,1,2,1,Valor medio
MS0J1TKVJ8,Comercio detallista,Auto partes,Bogotá D.C.,,,,1,13723500.0,0,False,86857.59493670886,686175.0,0,158,5,3,5,5,355,Leales,2,0,0,0,Valor medio-alto
MSPPQDU7FT,Comercio detallista,Óptica,Bogotá D.C.,,,,1,6510700.0,2602700,False,382982.35294117645,325535.0,0,17,4,3,4,5,345,Leales,2,0,0,0,Valor medio-alto
MT1NAV81PW,Reparación y limpieza,Automotriz y autopartes,Bogotá D.C.,2021-03-16 13:34:00,2021-03-16 13:40:00,2021-03-16 13:42:00,1,182000.0,0,False,60666.666666666664,9100.0,2,3,1,1,2,2,122,Perdidos / Hibernando,1,1,1,1,Valor medio
MT2QVRHKL8,Alimentos y bebidas,Abarrotes / Mercado,Bogotá D.C.,,,,1,3734950.0,205000,False,51163.69863013698,186747.5,0,73,6,3,5,4,354,Leales,2,0,0,0,Valor medio-alto
MTRYBW9ZZS,Comercio detallista,Artesanías,Bogotá D.C.,,2021-03-17 10:37:00,2021-03-31 18:37:00,1,1508200.0,0,False,125683.33333333333,75410.0,0,12,3,3,3,3,333,Leales,0,0,0,0,Valor medio-alto
MTUHC740X1,Comercio detallista,Materiales de construcción,Bogotá D.C.,2021-03-03 12:51:00,2021-03-03 12:59:00,2021-03-03 13:01:00,1,19539634.0,6716044,False,1028401.7894736842,976981.7000000001,0,19,3,3,4,5,345,Leales,2,0,0,0,Valor medio-alto
MUYUXZR6H9,Alimentos y bebidas,Licores,Bogotá D.C.,2021-03-08 18:19:00,2021-03-08 18:32:00,2021-03-08 18:34:00,1,2148800.0,219000,False,53720.0,107440.0,0,40,3,3,5,3,353,Leales,2,0,0,0,Valor medio-alto
MVJYKIJZP9,Comercio detallista,Óptica,Bogotá D.C.,2021-02-16 10:27:00,2021-02-16 12:42:00,2021-02-16 12:45:00,1,5337000.0,625000,False,485181.8181818182,266850.0,0,11,3,3,3,4,334,Leales,0,0,0,0,Valor medio-alto
MVZZ6ITINJ,Servicios,Veterinaria,Bogotá D.C.,,,,1,3108400.0,202300,False,74009.52380952382,155420.0,0,42,6,3,5,4,354,Leales,2,0,0,0,Valor medio-alto
MX1SQKCAPE,Reparación y limpieza,Reparaciones locativas,Soacha,,,,1,23894000.0,3400000,False,1592933.3333333333,1194700.0,0,15,4,3,4,5,345,Leales,2,0,0,0,Valor medio-alto
MXP00L514B,Comercio detallista,Insumos,Bogotá D.C.,2021-03-29 18:18:00,2021-03-29 18:26:00,2021-03-29 18:29:00,1,918800.0,678000,False,459400.0,45940.0,0,2,2,3,1,2,312,Potenciales,0,0,1,0,Valor medio-alto
MXX4Y9TSGF,Servicios,Otro,Bogotá D.C.,2021-02-25 09:50:00,2021-02-25 16:14:00,,1,306933.5294117647,0,True,153466.76470588235,15346.676470588236,2,2,2,1,1,2,112,Perdidos / Hibernando,1,1,1,1,Valor medio
MYCIXQO8ST,Servicios,Medicina / Odontología,Bogotá D.C.,2021-03-08 17:19:00,2021-03-08 17:29:00,2021-03-08 17:31:00,1,663500.0,60000,False,82937.5,33175.0,0,8,3,3,3,2,332,Leales,0,0,0,0,Valor medio-alto
MYJZ3UF0R9,Alimentos y bebidas,Abarrotes / Mercado,Bogotá D.C.,2021-03-19 10:59:00,2021-03-19 11:16:00,2021-03-19 11:22:00,1,684800.0,163100,False,24457.14285714286,34240.0,0,28,3,3,4,2,342,Leales,2,0,0,0,Valor medio-alto
MZ896JX4D8,Comercio detallista,Óptica,Bogotá D.C.,2021-02-16 12:57:00,2021-02-16 13:04:00,2021-02-16 13:08:00,1,1778000.0,150000,False,98777.77777777778,88900.0,0,18,4,3,4,3,343,Leales,2,0,0,0,Valor medio-alto
N04ZQSMO6S,Comercio detallista,Materiales de construcción,Bogotá D.C.,2021-03-23 15:05:00,2021-03-23 15:16:00,2021-03-23 15:18:00,1,2728000.0,616000,False,909333.3333333334,136400.0,0,3,3,3,2,4,324,Potenciales,0,0,0,0,Valor medio-alto
N0M46T3Z15,Reparación y limpieza,Automotriz y autopartes,Bogotá D.C.,2021-02-22 15:56:00,2021-02-23 19:11:00,2021-02-23 19:21:00,1,1118030.0,143000,False,139753.75,55901.5,0,8,4,3,3,3,333,Leales,0,0,0,0,Valor medio-alto
N0ZJGQMQNF,Alimentos y bebidas,Abarrotes / Mercado,Bogotá D.C.,2021-03-10 11:36:00,2021-03-10 11:54:00,2021-03-10 12:00:00,1,104000.0,0,False,26000.0,5200.0,1,4,2,2,2,1,221,Perdidos / Hibernando,0,1,1,1,Valor medio
N1EFMFXFWF,Alimentos y bebidas,Bar / Club / Discoteca,Bogotá D.C.,2021-02-06 14:46:00,2021-02-06 14:53:00,2021-02-06 14:56:00,1,29002000.0,0,False,29002000.0,1450100.0,3,1,1,1,1,5,115,Potenciales,1,0,1,0,Valor medio-alto
N1LXZQRUJL,Comercio detallista,Óptica,Bogotá D.C.,2021-03-23 13:25:00,2021-03-23 13:31:00,2021-03-23 13:33:00,1,297000.0,0,False,29700.0,14850.0,0,10,3,3,3,2,332,Leales,0,0,0,0,Valor medio-alto
N1XP9WJDOM,Servicios,Otro,Bogotá D.C.,2021-02-04 15:01:00,2021-02-04 15:10:00,2021-02-04 15:13:00,1,4000.0,0,False,2000.0,200.0,3,2,1,1,1,1,111,Perdidos / Hibernando,1,1,2,1,Valor medio
N2SA4YW9HR,Servicios,Veterinaria,Bogotá D.C.,2021-03-18 16:05:00,2021-03-18 16:24:00,2021-03-18 16:25:00,1,3252275.0,281900,False,130091.0,162613.75,0,25,3,3,4,4,344,Leales,2,0,0,0,Valor medio-alto
N31C5HZ0TA,Belleza y cuidado personal,Spa,Bogotá D.C.,2021-03-08 09:26:00,2021-03-08 09:35:00,2021-03-08 09:38:00,1,479300.0,0,False,39941.666666666664,23965.0,1,12,2,2,3,2,232,Potenciales,0,0,1,0,Valor medio-alto
N35GIRSG0V,Servicios,Otro,Bogotá D.C.,2021-03-08 17:21:00,2021-03-08 17:26:00,2021-03-08 17:30:00,1,2902500.0,260000,False,290250.0,145125.0,0,10,3,3,3,4,334,Leales,0,0,0,0,Valor medio-alto
N3G1Y8W789,Servicios,Otro,Bogotá D.C.,2021-03-12 13:32:00,2021-03-12 13:42:00,2021-03-12 13:44:00,1,49369800.0,10867000,False,118963.3734939759,2468490.0,0,415,3,3,5,5,355,Leales,2,0,0,0,Valor medio-alto
N3ZM0JOFWJ,Reparación y limpieza,Automotriz y autopartes,Bogotá D.C.,,,,1,13859875.0,1800000,False,729467.1052631579,692993.75,0,19,6,3,4,5,345,Leales,2,0,0,0,Valor medio-alto
N404HN5ZOI,Comercio detallista,Muebles / Decoración,Bogotá D.C.,2021-03-16 17:41:00,2021-03-16 17:48:00,2021-03-16 17:51:00,1,10691000.0,4055000,False,1336375.0,534550.0,0,8,2,3,3,5,335,Leales,0,0,0,0,Valor medio-alto
N44MBOSHB8,Comercio detallista,Ropa / Accesorios,Bogotá D.C.,,2021-03-15 15:05:00,2021-03-15 15:11:00,1,786000.0,0,False,131000.0,39300.0,0,6,3,3,2,2,322,Potenciales,0,0,0,0,Valor medio-alto
N4W0AS3UO8,Comercio detallista,Otro,Bogotá D.C.,2021-02-23 14:11:00,2021-02-23 14:20:00,2021-02-23 14:22:00,1,26127800.0,4107000,False,287118.68131868134,1306390.0,0,91,4,3,5,5,355,Leales,2,0,0,0,Valor medio-alto
N608KWGN3F,Reparación y limpieza,Reparaciones locativas,Soacha,,,,1,7762500.0,2300000,False,862500.0,388125.0,0,9,4,3,3,5,335,Leales,0,0,0,0,Valor medio-alto
N6EOXET40P,Reparación y limpieza,Automotriz y autopartes,Soacha,2021-03-16 09:06:00,2021-03-16 09:15:00,2021-03-16 09:23:00,1,3828015.0,753000,False,174000.68181818182,191400.75,0,22,3,3,4,4,344,Leales,2,0,0,0,Valor medio-alto
N6J4NVC9M4,Reparación y limpieza,Reparaciones locativas,Bogotá D.C.,2021-03-11 16:01:00,2021-03-11 16:11:00,2021-03-11 16:13:00,1,13955100.0,77400,False,634322.7272727273,697755.0,0,22,3,3,4,5,345,Leales,2,0,0,0,Valor medio-alto
N6L2L682AM,Reparación y limpieza,Automotriz y autopartes,Bogotá D.C.,,,,1,2000.0,0,False,2000.0,100.0,5,1,1,1,1,1,111,Perdidos / Hibernando,1,1,2,1,Valor medio
N6UIQA504G,Comercio detallista,Tecnología,Bogotá D.C.,2021-03-19 20:12:00,2021-03-19 20:31:00,2021-03-19 20:34:00,1,798000.0,476000,False,88666.66666666667,39900.0,1,9,2,2,3,2,232,Potenciales,0,0,1,0,Valor medio-alto
N6WZU49VAK,Comercio detallista,Óptica,Bogotá D.C.,2021-03-26 20:13:00,2021-03-26 20:26:00,2021-03-26 20:30:00,1,3335000.0,0,False,476428.5714285714,166750.0,0,7,3,3,3,4,334,Leales,0,0,0,0,Valor medio-alto
N6YTX2K3FS,Comercio detallista,Óptica,Bogotá D.C.,,,,1,2064000.0,0,False,158769.23076923078,103200.0,2,13,3,1,3,3,133,Potenciales,0,0,1,0,Valor medio-alto
N7FTL6L4AW,Comercio detallista,Tecnología,El Rosal,2021-03-16 11:58:00,2021-03-16 12:14:00,2021-03-16 12:15:00,1,6600430.0,0,False,330021.5,330021.5,0,20,3,3,4,5,345,Leales,2,0,0,0,Valor medio-alto
N7RRLLHXAA,Belleza y cuidado personal,Salón de belleza,Bogotá D.C.,2021-02-19 18:01:00,2021-02-19 18:06:00,2021-02-27 14:58:00,1,103000.0,0,False,103000.0,5150.0,3,1,1,1,1,1,111,Perdidos / Hibernando,1,1,1,1,Valor medio
N7SGMZWH5W,Alimentos y bebidas,Licores,Choachí,2021-03-09 21:32:00,2021-03-09 21:45:00,2021-03-29 19:39:00,1,861025.0,408000,False,107628.125,43051.25,0,8,3,3,3,2,332,Leales,0,0,0,0,Valor medio-alto
N8PE0TF8B3,Servicios,Otro,Bogotá D.C.,2021-03-24 11:24:00,2021-03-24 11:33:00,2021-03-24 11:38:00,1,2374100.0,329600,False,263788.8888888889,118705.0,0,9,3,3,3,3,333,Leales,0,0,0,0,Valor medio-alto
N8ZFCDTI13,Comercio detallista,Óptica,Bogotá D.C.,2021-03-16 17:10:00,2021-03-16 17:21:00,2021-03-16 17:28:00,1,7909000.0,815000,False,416263.15789473685,395450.0,0,19,3,3,4,5,345,Leales,2,0,0,0,Valor medio-alto
N97HUV9GU4,Comercio detallista,Electrodomésticos,Bogotá D.C.,2021-03-06 13:05:00,2021-03-06 13:10:00,2021-03-06 13:12:00,1,1000.0,0,False,1000.0,50.0,2,1,1,1,1,1,111,Perdidos / Hibernando,1,1,2,1,Valor medio
N9B2RPJXMT,Transporte,Servicio especial,Bogotá D.C.,2021-03-24 09:45:00,2021-03-24 09:55:00,2021-03-24 09:58:00,1,7000.0,1000,False,1400.0,350.0,0,5,3,3,2,1,321,Potenciales,0,1,1,1,Valor medio
N9P7TD2J70,Reparación y limpieza,Reparaciones locativas,Fusagasugá,2021-03-10 10:05:00,2021-03-10 10:17:00,2021-03-10 10:25:00,2,8814500.0,570000,False,801318.1818181818,440725.0,0,11,3,3,3,5,335,Leales,0,2,0,2,Valor alto
N9QIOERYT9,Comercio detallista,Auto partes,Bogotá D.C.,2021-02-26 14:16:00,2021-02-26 14:25:00,2021-02-26 14:27:00,1,10785800.0,1569000,False,115976.3440860215,539290.0,0,93,4,3,5,5,355,Leales,2,0,0,0,Valor medio-alto
NAQNKNBIGG,Comercio detallista,Ropa / Accesorios,Soacha,2021-02-04 15:01:00,2021-02-04 15:20:00,2021-02-04 15:24:00,1,2000.0,0,False,2000.0,100.0,3,1,1,1,1,1,111,Perdidos / Hibernando,1,1,2,1,Valor medio
NBX81FR2HU,Comercio detallista,Tecnología,Bogotá D.C.,2021-03-10 12:07:00,2021-03-10 12:16:00,2021-03-10 12:21:00,1,1906950.0,463000,False,82910.86956521739,95347.5,0,23,3,3,4,3,343,Leales,2,0,0,0,Valor medio-alto
NCAGAOD6WX,Belleza y cuidado personal,Distribuidora,Bogotá D.C.,2021-03-20 09:16:00,2021-03-20 09:29:00,2021-03-20 09:34:00,1,12000.0,10000,False,12000.0,600.0,2,1,1,1,1,1,111,Perdidos / Hibernando,1,1,2,1,Valor medio
NCCEQTC04R,Belleza y cuidado personal,Otro,Bogotá D.C.,2021-03-20 16:08:00,2021-03-20 16:23:00,2021-03-20 16:26:00,1,5282000.0,2100000,False,880333.3333333334,264100.0,0,6,3,3,2,4,324,Potenciales,0,0,0,0,Valor medio-alto
ND1ENHC0KM,Alimentos y bebidas,Restaurante / Café,Bogotá D.C.,2021-03-24 16:26:00,2021-03-24 16:32:00,2021-03-24 16:34:00,1,40500.0,16000,False,8100.0,2025.0,0,5,2,3,2,1,321,Potenciales,0,1,1,1,Valor medio
NDHAAPXRNV,Servicios,Veterinaria,Chía,,,,1,2000.0,0,False,2000.0,100.0,5,1,1,1,1,1,111,Perdidos / Hibernando,1,1,2,1,Valor medio
NEAMOVE39C,Reparación y limpieza,Automotriz y autopartes,Bogotá D.C.,2021-03-29 12:48:00,2021-03-29 13:11:00,2021-03-29 13:13:00,1,875000.0,0,False,218750.0,43750.0,0,4,2,3,2,2,322,Potenciales,0,0,0,0,Valor medio-alto
NEARIBNJZG,Comercio detallista,Muebles / Decoración,Bogotá D.C.,2021-03-25 11:59:00,2021-03-25 12:05:00,2021-03-25 12:08:00,1,2000.0,0,False,2000.0,100.0,2,1,1,1,1,1,111,Perdidos / Hibernando,1,1,2,1,Valor medio
NEIYA69TIY,Comercio detallista,Otro,Bogotá D.C.,2021-02-15 16:37:00,2021-02-15 16:46:00,2021-02-15 16:47:00,1,2690500.0,304500,False,134525.0,134525.0,0,20,4,3,4,4,344,Leales,2,0,0,0,Valor medio-alto
NEQ9DTJ777,Comercio detallista,Óptica,Bogotá D.C.,2021-03-15 12:53:00,2021-03-15 13:04:00,2021-03-15 13:06:00,1,524000.0,0,False,174666.66666666666,26200.0,0,3,2,3,2,2,322,Potenciales,0,0,0,0,Valor medio-alto
NFMTYV8WBQ,Belleza y cuidado personal,Otro,Bogotá D.C.,2021-02-17 12:22:00,2021-02-17 12:29:00,2021-02-17 12:31:00,1,2000.0,0,False,2000.0,100.0,3,1,1,1,1,1,111,Perdidos / Hibernando,1,1,2,1,Valor medio
NFVSLAFT73,Comercio detallista,Elementos de seguridad,Bogotá D.C.,2021-03-08 14:03:00,2021-03-08 14:12:00,2021-03-08 14:17:00,1,3854200.0,184000,False,226717.64705882352,192710.0,0,17,3,3,4,4,344,Leales,2,0,0,0,Valor medio-alto
NG1HSXTIWA,Comercio detallista,Farmacia,Bogotá D.C.,2021-03-29 16:38:00,2021-03-29 17:04:00,2021-03-29 17:05:00,1,1387800.0,318400,False,66085.71428571429,69390.0,0,21,3,3,4,3,343,Leales,2,0,0,0,Valor medio-alto
NGAQ4W1AME,Comercio detallista,Ropa / Accesorios,Soacha,2021-03-16 16:17:00,2021-03-16 16:25:00,2021-03-16 16:27:00,1,12000.0,0,False,12000.0,600.0,2,1,1,1,1,1,111,Perdidos / Hibernando,1,1,2,1,Valor medio
NGGRF71F9C,Comercio detallista,Venta de bicicletas y accesorios,Bogotá D.C.,2021-03-26 15:11:00,2021-03-26 15:17:00,2021-03-26 15:21:00,1,5474000.0,638000,False,684250.0,273700.0,0,8,3,3,3,4,334,Leales,0,0,0,0,Valor medio-alto
NGNYLEU476,Comercio detallista,Juguetería / Piñatería,Bogotá D.C.,,,,1,138000.0,0,False,46000.0,6900.0,3,3,2,1,2,1,121,Perdidos / Hibernando,1,1,1,1,Valor medio
NGSGMDOWB1,Servicios,Veterinaria,Bogotá D.C.,,,,1,430000.0,180000,False,71666.66666666667,21500.0,1,6,3,2,2,2,222,Perdidos / Hibernando,0,0,1,0,Valor medio-alto
NH03J6I9RH,Comercio detallista,Auto partes,Bogotá D.C.,2021-02-22 14:19:00,2021-02-22 14:30:00,2021-02-22 14:31:00,1,8989500.0,1119500,False,749125.0,449475.0,0,12,4,3,3,5,335,Leales,2,0,0,0,Valor medio-alto
NHC4IP9H70,Comercio detallista,Ropa / Accesorios,Bogotá D.C.,2021-03-16 16:02:00,2021-03-16 16:08:00,2021-03-16 16:10:00,1,37000.0,0,False,12333.333333333334,1850.0,1,3,2,2,2,1,221,Perdidos / Hibernando,0,1,1,1,Valor medio
NHON1OIGF4,Comercio detallista,Muebles / Decoración,Bogotá D.C.,,,,1,46572524.0,12860000,False,665321.7714285714,2328626.2,0,70,5,3,5,5,355,Leales,2,0,0,0,Valor medio-alto
NIUT5ZZUPT,Servicios,Medicina / Odontología,Bogotá D.C.,2021-03-17 17:24:00,2021-03-17 17:38:00,2021-03-17 17:42:00,1,2000.0,0,False,2000.0,100.0,2,1,1,1,1,1,111,Perdidos / Hibernando,1,1,2,1,Valor medio
NIWLOJXBJJ,Servicios,Tecnología y software,Bogotá D.C.,2021-03-25 09:40:00,2021-03-25 11:46:00,2021-03-25 11:50:00,1,1041000.0,380000,False,208200.0,52050.0,0,5,2,3,2,3,323,Potenciales,0,0,0,0,Valor medio-alto
NJCE0BHTLI,Comercio detallista,Tienda de deportes,Bogotá D.C.,2021-03-29 12:46:00,2021-03-29 12:53:00,2021-03-29 12:55:00,1,2956000.0,1214000,False,268727.2727272727,147800.0,0,11,3,3,3,4,334,Leales,0,0,0,0,Valor medio-alto
NJYDUHVEP2,Comercio detallista,Tecnología,Bogotá D.C.,2021-03-25 18:39:00,2021-03-25 18:53:00,2021-03-25 18:57:00,1,2413850.0,0,False,185680.76923076922,120692.5,0,13,3,3,3,3,333,Leales,0,0,0,0,Valor medio-alto
NJZB3CCY2T,Comercio detallista,Óptica,Bogotá D.C.,2021-03-05 14:40:00,2021-03-05 14:47:00,2021-03-05 14:49:00,1,5212000.0,1070000,False,473818.1818181818,260600.0,0,11,3,3,3,4,334,Leales,0,0,0,0,Valor medio-alto
NK4QK0ET15,Servicios,Medicina / Odontología,Bogotá D.C.,2021-03-25 14:09:00,2021-03-25 14:32:00,2021-03-25 14:34:00,1,7720000.0,2618000,False,367619.04761904763,386000.0,0,21,3,3,4,5,345,Leales,2,0,0,0,Valor medio-alto
NKOF8KEQQI,Servicios,Otro,Bogotá D.C.,2021-03-04 15:56:00,2021-03-04 16:02:00,2021-03-04 16:04:00,1,765000.0,531000,False,191250.0,38250.0,2,4,1,1,2,2,122,Perdidos / Hibernando,0,1,1,1,Valor medio
NKV7GV7BEL,Comercio detallista,Auto partes,Bogotá D.C.,2021-03-15 16:41:00,2021-03-15 16:49:00,2021-03-15 16:54:00,1,1952000.0,0,False,390400.0,97600.0,1,5,2,2,2,3,223,Potenciales,0,0,1,0,Valor medio-alto
NLB22AXCTJ,Comercio detallista,Óptica,Bogotá D.C.,,,,1,20913000.0,2775000,False,303086.95652173914,1045650.0,0,69,5,3,5,5,355,Leales,2,0,0,0,Valor medio-alto
NLS9X2N5UB,Belleza y cuidado personal,Salón de belleza,Funza,2021-03-02 17:09:00,2021-03-02 17:21:00,2021-03-02 17:25:00,1,533000.0,0,False,88833.33333333333,26650.0,1,6,2,2,2,2,222,Perdidos / Hibernando,0,0,1,0,Valor medio-alto
NM5ILTMM7K,Alimentos y bebidas,Restaurante / Café,Pasto,2021-02-22 17:43:00,2021-03-01 13:28:00,2021-03-02 14:52:00,1,49127150.0,8378500,False,151627.0061728395,2456357.5,0,324,3,3,5,5,355,Leales,2,0,0,0,Valor medio-alto
NMJJKOS27I,Belleza y cuidado personal,Salón de belleza,Bogotá D.C.,2021-03-19 12:58:00,2021-03-19 13:05:00,2021-03-19 13:10:00,1,2000.0,0,False,2000.0,100.0,2,1,1,1,1,1,111,Perdidos / Hibernando,1,1,2,1,Valor medio
NMKD6JY5GJ,Comercio detallista,Materiales de construcción,Bogotá D.C.,2021-03-09 13:01:00,2021-03-09 13:09:00,2021-03-09 13:12:00,1,21508011.0,1797000,False,1344250.6875,1075400.55,0,16,3,3,4,5,345,Leales,2,0,0,0,Valor medio-alto
NMY7YZPPTD,Reparación y limpieza,Automotriz y autopartes,Bogotá D.C.,2021-03-18 17:56:00,2021-03-18 18:10:00,2021-03-18 18:11:00,1,875000.0,0,False,79545.45454545454,43750.0,0,11,3,3,3,2,332,Leales,0,0,0,0,Valor medio-alto
NNDMK03GZ9,Reparación y limpieza,Reparaciones locativas,Soacha,2021-02-04 09:52:00,2021-02-04 10:04:00,2021-02-04 10:07:00,1,2000.0,0,False,2000.0,100.0,3,1,1,1,1,1,111,Perdidos / Hibernando,1,1,2,1,Valor medio
NNS6KMWD7K,Reparación y limpieza,Automotriz y autopartes,Bogotá D.C.,2021-03-12 11:09:00,2021-03-12 11:22:00,2021-03-12 11:24:00,1,2688000.0,200000,False,244363.63636363635,134400.0,0,11,3,3,3,4,334,Leales,0,0,0,0,Valor medio-alto
NRGM093MBH,Reparación y limpieza,Automotriz y autopartes,Bogotá D.C.,,,,1,192000.0,0,False,48000.0,9600.0,1,4,3,2,2,2,222,Perdidos / Hibernando,0,0,1,0,Valor medio-alto
NRGOCCZLW3,Belleza y cuidado personal,Salón de belleza,Bogotá D.C.,,,,1,600000.0,0,False,85714.28571428571,30000.0,0,7,6,3,3,2,332,Leales,0,0,0,0,Valor medio-alto
NRH0495W52,Servicios,Tecnología y software,Bogotá D.C.,,,,1,9352000.0,1313000,False,252756.75675675675,467600.0,0,37,6,3,5,5,355,Leales,2,0,0,0,Valor medio-alto
NRWCAPVBVP,Comercio detallista,Elementos del hogar,Bogotá D.C.,2021-03-18 14:29:00,2021-03-18 14:38:00,2021-03-18 14:41:00,1,943600.0,434000,False,94360.0,47180.0,0,10,3,3,3,2,332,Leales,0,0,0,0,Valor medio-alto
NS48WBTDXL,Comercio detallista,Elementos de seguridad,Bogotá D.C.,2021-03-27 16:20:00,2021-03-27 16:41:00,2021-03-27 16:43:00,1,3907800.0,1146800,False,434200.0,195390.0,0,9,3,3,3,4,334,Leales,0,0,0,0,Valor medio-alto
NSTOLC0OEC,Alimentos y bebidas,Comida rápida,Bogotá D.C.,2021-03-25 14:51:00,2021-03-25 15:07:00,2021-03-25 15:10:00,1,9161000.0,1458600,False,50335.16483516483,458050.0,0,182,3,3,5,5,355,Leales,2,0,0,0,Valor medio-alto
NT7EFI86OD,Comercio detallista,Otro,Chía,,,,1,8999492.0,199800,False,138453.72307692308,449974.60000000003,0,65,6,3,5,5,355,Leales,2,0,0,0,Valor medio-alto
NTRXRTKXJ1,Alimentos y bebidas,Comida rápida,Bogotá D.C.,2021-02-17 17:10:00,2021-02-17 17:20:00,2021-02-17 17:26:00,1,1251000.0,201000,False,41700.0,62550.0,0,30,4,3,5,3,353,Leales,2,0,0,0,Valor medio-alto
NU4CR9LGLK,Belleza y cuidado personal,Centro de tatuajes,Bogotá D.C.,2021-03-19 16:30:00,2021-03-19 16:36:00,2021-03-24 11:47:00,1,1035000.0,115000,False,115000.0,51750.0,0,9,3,3,3,3,333,Leales,0,0,0,0,Valor medio-alto
NUBCQ989OW,Belleza y cuidado personal,Salón de belleza,Bogotá D.C.,2021-03-24 15:50:00,2021-03-24 16:00:00,2021-03-24 16:02:00,1,325000.0,0,False,81250.0,16250.0,0,4,3,3,2,2,322,Potenciales,0,0,1,0,Valor medio-alto
NUFKTKF0GA,Comercio detallista,Otro,Girardot,2021-03-18 14:49:00,2021-03-18 14:55:00,2021-03-18 14:59:00,1,116800.0,59900,False,58400.0,5840.0,1,2,2,2,1,1,211,Perdidos / Hibernando,0,1,1,1,Valor medio
NUJWKHKGH6,Alimentos y bebidas,Licores,Bogotá D.C.,2021-03-09 15:56:00,2021-03-09 16:04:00,2021-03-09 16:08:00,1,139200.0,0,False,17400.0,6960.0,1,8,2,2,3,1,231,Potenciales,0,0,1,0,Valor medio-alto
NUUZV6L6W4,Servicios,Otro,Bogotá D.C.,2021-03-17 12:33:00,2021-03-17 12:44:00,2021-03-17 12:46:00,1,11312100.0,898000,False,245915.21739130435,565605.0,0,46,3,3,5,5,355,Leales,2,0,0,0,Valor medio-alto
NVHV4M1LOQ,Comercio detallista,Mascotas,Bogotá D.C.,2021-03-17 10:55:00,2021-03-17 11:08:00,2021-03-17 11:12:00,1,1484200.0,609000,False,296840.0,74210.0,0,5,3,3,2,3,323,Potenciales,0,0,0,0,Valor medio-alto
NW5FQIRGHD,Servicios,Tecnología y software,Girardot,2021-03-18 16:53:00,2021-03-18 16:59:00,2021-03-18 17:05:00,1,10864000.0,771000,False,162149.25373134328,543200.0,0,67,3,3,5,5,355,Leales,2,0,0,0,Valor medio-alto
NWPWS3QWJA,Comercio detallista,Ropa / Accesorios,Bogotá D.C.,2021-03-24 15:42:00,2021-03-24 16:29:00,2021-03-24 16:33:00,1,2267000.0,850000,False,251888.88888888888,113350.0,0,9,3,3,3,3,333,Leales,0,0,0,0,Valor medio-alto
NY7STF2UTM,Comercio detallista,Elementos de seguridad,Bogotá D.C.,2021-02-22 14:26:00,2021-02-22 14:37:00,2021-02-22 14:39:00,1,18951790.0,5908000,False,386771.2244897959,947589.5,0,49,4,3,5,5,355,Leales,2,0,0,0,Valor medio-alto
NYI1BNMAX9,Comercio detallista,Óptica,Bogotá D.C.,,,,1,5017000.0,180000,False,358357.14285714284,250850.0,0,14,5,3,4,4,344,Leales,2,0,0,0,Valor medio-alto
NYL1FHNVR5,Comercio detallista,Insumos,Bogotá D.C.,2021-03-24 17:19:00,2021-03-24 17:27:00,2021-03-24 17:29:00,1,1202000.0,0,False,240400.0,60100.0,1,5,2,2,2,3,223,Potenciales,0,0,1,0,Valor medio-alto
NYZ4GZ9CXN,Comercio detallista,Ropa / Accesorios,Bogotá D.C.,,,,1,7276000.0,0,False,110242.42424242424,363800.0,1,66,5,2,5,5,255,En riesgo (antes valiosos),2,0,0,0,Valor medio-alto
O07JKD6LG8,Comercio detallista,Óptica,Bogotá D.C.,,,,1,5022000.0,0,False,313875.0,251100.0,0,16,6,3,4,4,344,Leales,2,0,0,0,Valor medio-alto
O0EA4JUASZ,Turismo y entretenimiento,Turismo,Choachí,2021-03-20 14:34:00,2021-03-20 14:42:00,2021-03-20 14:47:00,2,8385200.0,2135000,False,142122.0338983051,419260.0,0,59,3,3,5,5,355,Leales,2,2,0,2,Valor alto
O0SLIQ11XR,Comercio detallista,Ropa / Accesorios,Bogotá D.C.,2021-03-12 18:44:00,2021-03-12 18:50:00,2021-03-12 18:54:00,1,3975000.0,189000,False,209210.52631578947,198750.0,0,19,3,3,4,4,344,Leales,2,0,0,0,Valor medio-alto
O1QO74NJS6,Comercio detallista,Materiales de construcción,Bogotá D.C.,2021-03-23 11:14:00,2021-03-23 11:25:00,2021-03-23 11:26:00,1,3443500.0,1100000,False,1147833.3333333333,172175.0,1,3,2,2,2,4,224,Potenciales,0,0,1,0,Valor medio-alto
O1XSWMJLLM,Comercio detallista,Elementos de seguridad,Bogotá D.C.,2021-03-10 16:52:00,2021-03-10 16:57:00,2021-03-10 17:00:00,1,7380900.0,3433500,False,263603.5714285714,369045.0,0,28,3,3,4,5,345,Leales,2,0,0,0,Valor medio-alto
O25MKTV0SE,Reparación y limpieza,Moda / Zapatería,Bogotá D.C.,2021-03-06 14:59:00,2021-03-06 15:06:00,2021-03-06 15:09:00,1,12000.0,0,False,6000.0,600.0,0,2,2,3,1,1,311,Potenciales,0,1,1,1,Valor medio
O37KRTROOO,Comercio detallista,Venta de vehículos usados,Bogotá D.C.,2021-03-18 14:23:00,2021-03-18 14:32:00,2021-03-18 14:36:00,1,15014000.0,4125000,False,1668222.2222222222,750700.0,0,9,3,3,3,5,335,Leales,0,0,0,0,Valor medio-alto
O3ARPVHZRA,Comercio detallista,Ropa / Accesorios,Soacha,2021-03-24 11:21:00,2021-03-24 11:45:00,2021-03-24 11:49:00,1,3601000.0,1068000,False,85738.09523809524,180050.0,0,42,3,3,5,4,354,Leales,2,0,0,0,Valor medio-alto
O3DBLQSRTL,Servicios,Otro,Bogotá D.C.,2021-03-10 15:29:00,2021-03-10 15:37:00,2021-03-10 15:40:00,1,2652800.0,0,False,530560.0,132640.0,0,5,3,3,2,4,324,Potenciales,0,0,0,0,Valor medio-alto
O3TS8V4CFH,Comercio detallista,Tecnología,Bogotá D.C.,2021-03-30 10:31:00,2021-03-30 10:44:00,2021-03-30 10:46:00,1,505000.0,461000,False,252500.0,25250.0,1,2,2,2,1,2,212,Perdidos / Hibernando,0,0,1,0,Valor medio-alto
O3ZU4QZZC3,Belleza y cuidado personal,Salón de belleza,Bogotá D.C.,2021-03-09 13:52:00,2021-03-09 14:02:00,2021-03-09 14:04:00,1,2000.0,0,False,2000.0,100.0,2,1,1,1,1,1,111,Perdidos / Hibernando,1,1,2,1,Valor medio
O47A4L1QNN,Comercio detallista,Elementos de seguridad,Bogotá D.C.,2021-03-04 15:48:00,2021-03-04 15:55:00,2021-03-04 15:58:00,1,320720.0,66000,False,160360.0,16036.0,1,2,2,2,1,2,212,Perdidos / Hibernando,0,0,1,0,Valor medio-alto
O4LLLHJKZB,Alimentos y bebidas,Bar / Club / Discoteca,Bogotá D.C.,,,,2,2000.0,0,False,2000.0,100.0,4,1,1,1,1,1,111,Perdidos / Hibernando,1,2,2,2,Valor alto
O6DOYQGP7S,Servicios,Otro,Chía,2021-03-03 10:39:00,2021-03-03 10:50:00,2021-03-03 10:52:00,1,3688500.0,0,False,737700.0,184425.0,0,5,2,3,2,4,324,Potenciales,0,0,0,0,Valor medio-alto
O6KXYSELLV,Servicios,Otro,Bogotá D.C.,,,,1,2000.0,0,False,2000.0,100.0,5,1,1,1,1,1,111,Perdidos / Hibernando,1,1,2,1,Valor medio
O6X47SKRK3,Servicios,Contabilidad / Asesorías,Cali,,,,1,2000.0,0,False,2000.0,100.0,5,1,1,1,1,1,111,Perdidos / Hibernando,1,1,2,1,Valor medio
O6YMX0AOLL,Comercio detallista,Óptica,Bogotá D.C.,2021-03-19 15:13:00,2021-03-19 15:21:00,2021-03-19 15:22:00,1,13073000.0,1000000,False,769000.0,653650.0,0,17,3,3,4,5,345,Leales,2,0,0,0,Valor medio-alto
O7KUL973QG,Servicios,Medicina / Odontología,Bogotá D.C.,2021-03-11 11:40:00,2021-03-11 11:46:00,2021-03-11 11:51:00,1,1714600.0,409600,False,33619.60784313725,85730.0,0,51,3,3,5,3,353,Leales,2,0,0,0,Valor medio-alto
O7SYQXUG1A,Servicios,Otro,Bogotá D.C.,2021-02-17 16:03:00,2021-02-17 16:12:00,2021-02-17 16:14:00,1,1704200.0,0,False,189355.55555555556,85210.0,0,9,2,3,3,3,333,Leales,0,0,0,0,Valor medio-alto
O8C5448LJ6,Comercio detallista,Venta de vehículos usados,Cali,2021-03-03 14:38:00,2021-03-03 14:48:00,2021-03-03 14:53:00,1,27056915.0,2760000,False,2081301.1538461538,1352845.75,0,13,3,3,3,5,335,Leales,2,0,0,0,Valor medio-alto
O8YQXXV3AB,Belleza y cuidado personal,Salón de belleza,Bogotá D.C.,2021-02-09 22:16:00,2021-02-13 18:20:00,2021-02-13 18:23:00,1,244900.0,12000,False,20408.333333333332,12245.0,0,12,4,3,3,2,332,Leales,0,0,0,0,Valor medio-alto
O90JTXO18H,Comercio detallista,Muebles / Decoración,Bogotá D.C.,2021-03-17 11:42:00,2021-03-17 11:51:00,2021-03-18 12:16:00,1,2762500.0,662500,False,552500.0,138125.0,0,5,3,3,2,4,324,Potenciales,0,0,0,0,Valor medio-alto
O92UJR5QKT,Comercio detallista,Tecnología,Bogotá D.C.,2021-03-16 16:52:00,2021-03-16 17:01:00,2021-03-16 17:07:00,1,1473900.0,0,False,294780.0,73695.0,1,5,2,2,2,3,223,Potenciales,0,0,1,0,Valor medio-alto
O9EHVSNAET,Alimentos y bebidas,Otro,Zipaquirá,2021-03-19 11:49:00,2021-03-19 12:03:00,2021-03-19 12:05:00,1,536100.0,38000,False,38292.857142857145,26805.0,0,14,3,3,4,2,342,Leales,0,0,0,0,Valor medio-alto
O9W0QEL67V,Alimentos y bebidas,Comida rápida,Bogotá D.C.,2021-03-18 11:37:00,2021-03-18 11:45:00,2021-03-18 11:51:00,1,981900.0,144600,False,21820.0,49095.0,0,45,3,3,5,3,353,Leales,2,0,0,0,Valor medio-alto
OA1ELFZBE1,Servicios,Contabilidad / Asesorías,Bogotá D.C.,2021-03-13 15:32:00,2021-03-13 15:39:00,2021-03-13 15:41:00,1,2000.0,0,False,2000.0,100.0,2,1,1,1,1,1,111,Perdidos / Hibernando,1,1,2,1,Valor medio
OA1HLVRPXD,Comercio detallista,Electrodomésticos,Bogotá D.C.,2021-03-11 10:24:00,2021-03-11 10:31:00,2021-03-11 10:37:00,1,10104000.0,165000,False,1122666.6666666667,505200.0,0,9,3,3,3,5,335,Leales,0,0,0,0,Valor medio-alto
OA8B071HAG,Comercio detallista,Materiales de construcción,Bogotá D.C.,2021-03-06 13:56:00,2021-03-06 14:30:00,2021-03-06 14:33:00,1,4000.0,0,False,2000.0,200.0,1,2,2,2,1,1,211,Perdidos / Hibernando,1,1,1,1,Valor medio
OAD1TP9MG4,Alimentos y bebidas,Comida rápida,Bogotá D.C.,2021-02-02 15:03:00,2021-02-02 15:10:00,2021-02-02 19:01:00,1,2409987.0,183900,False,29390.085365853658,120499.35,0,82,4,3,5,3,353,Leales,2,0,0,0,Valor medio-alto
OC29LRET3H,Belleza y cuidado personal,Spa,Bogotá D.C.,2021-03-23 16:51:00,2021-03-23 16:56:00,2021-03-23 16:58:00,1,129750.0,57750,False,43250.0,6487.5,0,3,3,3,2,1,321,Potenciales,0,0,1,0,Valor medio-alto
OCFXG10CL7,Reparación y limpieza,Moda / Zapatería,Bogotá D.C.,2021-03-03 13:35:00,2021-03-03 13:41:00,2021-03-03 13:45:00,1,1379000.0,616000,False,172375.0,68950.0,0,8,2,3,3,3,333,Leales,0,0,0,0,Valor medio-alto
OCO5C2OWJ6,Comercio detallista,Óptica,Bogotá D.C.,2021-03-05 16:51:00,2021-03-05 16:57:00,2021-03-05 17:00:00,1,5942000.0,1365000,False,424428.5714285714,297100.0,0,14,3,3,4,4,344,Leales,2,0,0,0,Valor medio-alto
OCQ0VV8WTD,Alimentos y bebidas,Licores,Bogotá D.C.,2021-03-06 11:42:00,2021-03-06 11:50:00,2021-03-06 11:52:00,1,1000.0,0,False,1000.0,50.0,2,1,1,1,1,1,111,Perdidos / Hibernando,1,1,2,1,Valor medio
OCUNU8M3SX,Comercio detallista,Óptica,Bogotá D.C.,2021-02-24 11:49:00,2021-02-24 11:54:00,2021-02-24 12:08:00,1,1075000.0,0,False,215000.0,53750.0,0,5,3,3,2,3,323,Potenciales,0,0,0,0,Valor medio-alto
ODWWG0U3WW,Alimentos y bebidas,Abarrotes / Mercado,Bogotá D.C.,2021-02-21 10:05:00,2021-02-21 10:15:00,2021-02-21 10:19:00,1,3165195.0,333500,False,47241.71641791045,158259.75,0,67,4,3,5,4,354,Leales,2,0,0,0,Valor medio-alto
OEESVXSSA5,Comercio detallista,Auto partes,Soacha,,,,1,6720600.0,1376300,False,336030.0,336030.0,0,20,6,3,4,5,345,Leales,2,0,0,0,Valor medio-alto
OEOXMH2IKT,Belleza y cuidado personal,Estilista independiente,Bogotá D.C.,2021-03-24 15:34:00,2021-03-24 15:53:00,2021-03-24 15:56:00,1,138000.0,40000,False,69000.0,6900.0,2,2,1,1,1,1,111,Perdidos / Hibernando,1,1,1,1,Valor medio
OES54WE450,Servicios,Tecnología y software,Bogotá D.C.,2021-03-26 13:01:00,2021-03-26 13:17:00,2021-03-26 13:18:00,1,1955300.0,430500,False,651766.6666666666,97765.0,0,3,2,3,2,3,323,Potenciales,0,0,0,0,Valor medio-alto
OEWXDB3588,Belleza y cuidado personal,Otro,Cota,2021-03-25 15:25:00,2021-03-25 15:34:00,2021-03-25 15:39:00,1,1284000.0,460000,False,91714.28571428571,64200.0,0,14,3,3,4,3,343,Leales,0,0,0,0,Valor medio-alto
OFUFQ3VJ1G,Reparación y limpieza,Automotriz y autopartes,Bogotá D.C.,2021-03-18 15:25:00,2021-03-18 15:51:00,2021-03-18 15:52:00,1,14859000.0,3780000,False,137583.33333333334,742950.0,0,108,3,3,5,5,355,Leales,2,0,0,0,Valor medio-alto
OFYC8HBPH8,Comercio detallista,Ropa / Accesorios,Bogotá D.C.,2021-03-15 14:37:00,2021-03-15 14:49:00,2021-03-15 14:50:00,2,1469500.0,668500,False,209928.57142857142,73475.0,0,7,2,3,3,3,333,Leales,0,2,0,2,Valor alto
OGD0GXXZ5G,Comercio detallista,Auto partes,Bogotá D.C.,2021-03-26 15:02:00,2021-03-26 15:09:00,2021-03-26 15:11:00,1,4312000.0,460000,False,392000.0,215600.0,0,11,3,3,3,4,334,Leales,0,0,0,0,Valor medio-alto
OGD3XFY8XQ,Comercio detallista,Tecnología,Bogotá D.C.,2021-03-16 12:07:00,2021-03-16 12:16:00,2021-03-16 12:18:00,1,8335000.0,2515000,False,333400.0,416750.0,0,25,3,3,4,5,345,Leales,2,0,0,0,Valor medio-alto
OGGX6WAG93,Alimentos y bebidas,Bar / Club / Discoteca,Choachí,2021-03-24 17:52:00,2021-03-24 17:57:00,2021-03-24 17:59:00,1,1401000.0,0,False,175125.0,70050.0,1,8,2,2,3,3,233,Potenciales,0,0,1,0,Valor medio-alto
OH51J4P9JI,Alimentos y bebidas,Comida rápida,Bogotá D.C.,2021-03-01 15:58:00,2021-03-01 16:06:00,2021-03-01 16:08:00,1,368900.0,0,False,36890.0,18445.0,0,10,3,3,3,2,332,Leales,0,0,0,0,Valor medio-alto
OH7HW4CY54,Comercio detallista,Tecnología,San Martín,2021-03-16 18:26:00,2021-03-16 18:35:00,2021-03-16 18:37:00,1,2639000.0,343000,False,175933.33333333334,131950.0,0,15,3,3,4,4,344,Leales,2,0,0,0,Valor medio-alto
OIISU5NXZS,Comercio detallista,Ropa / Accesorios,Bogotá D.C.,2021-03-15 12:51:00,2021-03-15 12:59:00,2021-03-15 13:02:00,1,1796000.0,0,False,138153.84615384616,89800.0,0,13,3,3,3,3,333,Leales,0,0,0,0,Valor medio-alto
OJ4SOGEAOO,Servicios,Otro,Bogotá D.C.,2021-03-05 17:49:00,2021-03-05 17:56:00,2021-03-05 17:59:00,1,189476.0,0,False,12631.733333333334,9473.800000000001,0,15,3,3,4,2,342,Leales,0,0,0,0,Valor medio-alto
OJZRKQ3GRA,Reparación y limpieza,Reparaciones locativas,Bogotá D.C.,2021-03-30 16:20:00,2021-03-30 16:30:00,2021-03-30 16:33:00,1,3402000.0,0,False,1701000.0,170100.0,1,2,2,2,1,4,214,Potenciales,0,0,1,0,Valor medio-alto
OK890QBDTT,Alimentos y bebidas,Abarrotes / Mercado,Bogotá D.C.,2021-02-16 11:34:00,2021-02-16 12:36:00,2021-02-16 12:39:00,1,1873000.0,0,False,312166.6666666667,93650.0,0,6,3,3,2,3,323,Potenciales,0,0,0,0,Valor medio-alto
OLBFYMQQS5,Alimentos y bebidas,Comida rápida,Bogotá D.C.,2021-03-15 14:21:00,2021-03-15 14:29:00,2021-03-15 14:31:00,1,374300.0,0,False,26735.714285714286,18715.0,0,14,3,3,4,2,342,Leales,0,0,0,0,Valor medio-alto
OLHJY08MO2,Comercio detallista,Ropa / Accesorios,Bogotá D.C.,2021-03-24 15:41:00,2021-03-24 15:49:00,2021-03-24 15:52:00,1,530000.0,75000,False,176666.66666666666,26500.0,1,3,2,2,2,2,222,Perdidos / Hibernando,0,0,1,0,Valor medio-alto
OLK2DDBAZA,Alimentos y bebidas,Licores,Soacha,2021-02-17 12:35:00,2021-02-17 12:46:00,2021-02-17 12:49:00,1,1543715.0,58300,False,90806.76470588235,77185.75,0,17,4,3,4,3,343,Leales,2,0,0,0,Valor medio-alto
OLY5YPIHC9,Comercio detallista,Ropa / Accesorios,Bogotá D.C.,2021-03-23 12:53:00,2021-03-23 13:07:00,2021-03-23 13:11:00,1,2811000.0,631000,False,140550.0,140550.0,0,20,3,3,4,4,344,Leales,2,0,0,0,Valor medio-alto
OLZ1DMCVWE,Comercio detallista,Ropa / Accesorios,Bogotá D.C.,2021-03-18 12:05:00,2021-03-18 12:13:00,2021-03-18 12:16:00,1,1723000.0,403500,False,74913.04347826086,86150.0,0,23,3,3,4,3,343,Leales,2,0,0,0,Valor medio-alto
OME88Q9REM,Comercio detallista,Revendedor,Bogotá D.C.,2021-03-18 15:33:00,2021-03-18 15:49:00,2021-03-18 15:51:00,1,19348500.0,2563800,False,35501.83486238532,967425.0,0,545,3,3,5,5,355,Leales,2,0,0,0,Valor medio-alto
OMGFBY7NX5,Servicios,Otro,Bogotá D.C.,2020-11-30 14:07:00,2021-03-10 08:20:00,2021-03-10 08:26:00,1,2000.0,0,False,2000.0,100.0,2,1,1,1,1,1,111,Perdidos / Hibernando,1,1,2,1,Valor medio
OMWE0C7JND,Comercio detallista,Tecnología,Fusagasugá,2021-03-18 12:30:00,2021-03-18 12:35:00,2021-03-18 12:37:00,1,652000.0,135000,False,326000.0,32600.0,0,2,2,3,1,2,312,Potenciales,0,0,1,0,Valor medio-alto
ONEYH2Q6JR,Servicios,Medicina / Odontología,Cali,2021-03-17 13:04:00,2021-03-17 13:13:00,2021-03-17 13:16:00,1,6611000.0,260000,False,472214.28571428574,330550.0,0,14,3,3,4,5,345,Leales,2,0,0,0,Valor medio-alto
ONMZVIWZJE,Alimentos y bebidas,Bar / Club / Discoteca,Bogotá D.C.,2021-03-18 18:12:00,2021-03-18 18:24:00,2021-03-18 18:26:00,1,2000.0,0,False,2000.0,100.0,2,1,1,1,1,1,111,Perdidos / Hibernando,1,1,2,1,Valor medio
OOSOWVQXHW,Comercio detallista,Óptica,Bogotá D.C.,,,,1,2763000.0,0,False,162529.41176470587,138150.0,0,17,6,3,4,4,344,Leales,2,0,0,0,Valor medio-alto
OOURGWD2RY,Belleza y cuidado personal,Otro,Bogotá D.C.,,,,1,4779000.0,200000,False,281117.64705882355,238950.0,0,17,4,3,4,4,344,Leales,2,0,0,0,Valor medio-alto
OOX9AE8YJP,Alimentos y bebidas,Comida rápida,Bogotá D.C.,2021-03-17 19:28:00,2021-03-17 19:34:00,2021-03-17 19:36:00,1,584500.0,59700,False,15797.297297297297,29225.0,0,37,3,3,5,2,352,Leales,2,0,0,0,Valor medio-alto
OPEDD4HA7S,Alimentos y bebidas,Restaurante / Café,Bogotá D.C.,2021-03-10 19:50:00,2021-03-10 19:57:00,2021-03-10 20:00:00,1,3530530.0,261340,False,66613.77358490566,176526.5,0,53,3,3,5,4,354,Leales,2,0,0,0,Valor medio-alto
OPHREE1GZU,Servicios,Otro,Bogotá D.C.,2021-03-06 11:19:00,2021-03-06 11:47:00,2021-03-06 11:49:00,1,3421000.0,0,False,213812.5,171050.0,0,16,2,3,4,4,344,Leales,2,0,0,0,Valor medio-alto
OPRTZKDHPJ,Servicios,Otro,Bogotá D.C.,,,,1,18630400.0,2563000,False,175758.49056603774,931520.0,0,106,5,3,5,5,355,Leales,2,0,0,0,Valor medio-alto
OPY6I6H6ET,Comercio detallista,Auto partes,Bogotá D.C.,2021-03-03 16:09:00,2021-03-03 16:19:00,2021-03-03 16:23:00,1,890150.0,701400,False,222537.5,44507.5,2,4,1,1,2,2,122,Perdidos / Hibernando,0,1,1,1,Valor medio
OQ7X4IB6HP,Alimentos y bebidas,Bar / Club / Discoteca,Bogotá D.C.,2021-03-12 11:05:00,2021-03-12 11:15:00,2021-03-12 11:17:00,1,29225000.0,7122000,False,231944.44444444444,1461250.0,0,126,3,3,5,5,355,Leales,2,0,0,0,Valor medio-alto
OQR4547R1J,Belleza y cuidado personal,Salón de belleza,Bogotá D.C.,,,,1,10816800.0,1281500,False,71163.15789473684,540840.0,0,152,5,3,5,5,355,Leales,2,0,0,0,Valor medio-alto
OQTH8H23KN,Comercio detallista,Ropa / Accesorios,Bogotá D.C.,2021-03-23 15:12:00,2021-03-23 15:22:00,2021-03-23 15:25:00,1,2468000.0,445000,False,112181.81818181818,123400.0,0,22,3,3,4,3,343,Leales,2,0,0,0,Valor medio-alto
ORULV5H0DM,Comercio detallista,Auto partes,Bogotá D.C.,2021-03-29 17:23:00,2021-03-29 17:32:00,2021-03-29 17:34:00,1,9115000.0,2099000,False,911500.0,455750.0,0,10,3,3,3,5,335,Leales,0,0,0,0,Valor medio-alto
ORXFNZSDFJ,Belleza y cuidado personal,Salón de belleza,Soacha,2021-03-06 17:26:00,2021-03-06 17:33:00,2021-03-06 17:36:00,1,382000.0,0,False,76400.0,19100.0,0,5,3,3,2,2,322,Potenciales,0,0,1,0,Valor medio-alto
OSGULN8EU9,Comercio detallista,Insumos,Bogotá D.C.,,,,2,29829002.0,2282250,False,292441.1960784314,1491450.1,0,102,6,3,5,5,355,Leales,2,2,0,2,Valor alto
OSH2V43P4G,Alimentos y bebidas,Bar / Club / Discoteca,Bogotá D.C.,2021-03-17 10:36:00,2021-03-17 10:51:00,2021-03-17 10:53:00,1,2000.0,0,False,2000.0,100.0,2,1,1,1,1,1,111,Perdidos / Hibernando,1,1,2,1,Valor medio
OSHAAMQCU5,Servicios,Medicina / Odontología,Bogotá D.C.,2021-03-20 11:53:00,2021-03-20 12:18:00,2021-03-20 12:26:00,1,1503000.0,390000,False,75150.0,75150.0,0,20,3,3,4,3,343,Leales,2,0,0,0,Valor medio-alto
OSVZ00MKEQ,Comercio detallista,Elementos del hogar,Soacha,2021-03-18 11:16:00,2021-03-18 11:22:00,2021-03-18 11:25:00,1,487000.0,47000,False,40583.333333333336,24350.0,0,12,3,3,3,2,332,Leales,0,0,0,0,Valor medio-alto
OTUB7OZYQW,Servicios,Tecnología y software,Bogotá D.C.,2021-03-26 13:18:00,2021-03-26 13:28:00,2021-03-26 13:30:00,1,2940000.0,850000,False,1470000.0,147000.0,0,2,2,3,1,4,314,Potenciales,0,0,0,0,Valor medio-alto
OTZZDFAN4G,Servicios,Veterinaria,Bogotá D.C.,2021-03-17 10:51:00,2021-03-17 10:57:00,2021-03-17 10:59:00,1,587200.0,76500,False,48933.333333333336,29360.0,0,12,3,3,3,2,332,Leales,0,0,0,0,Valor medio-alto
OUFJW3VS0I,Comercio detallista,Tecnología,Bogotá D.C.,2021-02-15 19:42:00,2021-02-16 10:30:00,2021-02-16 10:34:00,1,2000.0,0,False,2000.0,100.0,3,1,1,1,1,1,111,Perdidos / Hibernando,1,1,2,1,Valor medio
OV0XFNLB5P,Comercio detallista,Ropa / Accesorios,Bogotá D.C.,2021-03-08 12:04:00,2021-03-08 12:26:00,2021-03-08 12:28:00,1,1999000.0,110000,False,105210.52631578948,99950.0,0,19,3,3,4,3,343,Leales,2,0,0,0,Valor medio-alto
OV66FKU2VK,Servicios,Otro,Bogotá D.C.,2021-03-03 18:03:00,2021-03-03 19:03:00,2021-03-03 19:05:00,1,763900.0,207900,False,152780.0,38195.0,1,5,2,2,2,2,222,Perdidos / Hibernando,0,0,1,0,Valor medio-alto
OW40VU0OIR,Comercio detallista,Venta de vehículos usados,Bogotá D.C.,2021-03-23 18:43:00,2021-03-23 18:51:00,2021-03-23 18:53:00,1,271300.0,75000,False,45216.666666666664,13565.0,0,6,3,3,2,2,322,Potenciales,0,0,1,0,Valor medio-alto
OWV43W7GBN,Servicios,Otro,Bogotá D.C.,2021-03-02 15:17:00,2021-03-02 15:22:00,2021-03-02 15:24:00,1,2000.0,0,False,2000.0,100.0,2,1,1,1,1,1,111,Perdidos / Hibernando,1,1,2,1,Valor medio
OX40EXBN55,Comercio detallista,Elementos del hogar,Bogotá D.C.,2021-03-11 10:15:00,2021-03-11 10:27:00,2021-03-11 10:29:00,1,1366000.0,0,False,273200.0,68300.0,2,5,1,1,2,3,123,Potenciales,0,1,1,1,Valor medio
OXZSFCLKFF,Comercio detallista,Óptica,Bogotá D.C.,2021-02-03 12:36:00,2021-02-03 12:43:00,2021-02-03 12:47:00,1,1827000.0,0,False,261000.0,91350.0,0,7,3,3,3,3,333,Leales,0,0,0,0,Valor medio-alto
OYUSST5ZVX,Comercio detallista,Óptica,Bogotá D.C.,2021-03-29 12:59:00,2021-03-29 13:07:00,2021-03-29 13:09:00,1,8035000.0,1370000,False,349347.82608695654,401750.0,0,23,3,3,4,5,345,Leales,2,0,0,0,Valor medio-alto
OZ3FX0SDM1,Comercio detallista,Ropa / Accesorios,Bogotá D.C.,,,,1,644150.0,0,False,107358.33333333333,32207.5,1,6,3,2,2,2,222,Perdidos / Hibernando,0,0,1,0,Valor medio-alto
P09Z1VUIOW,Alimentos y bebidas,Abarrotes / Mercado,Bogotá D.C.,2021-03-25 16:03:00,2021-03-25 16:08:00,2021-03-25 16:11:00,1,10500.0,0,False,5250.0,525.0,1,2,2,2,1,1,211,Perdidos / Hibernando,1,1,1,1,Valor medio
P0U6MJQ6RO,Alimentos y bebidas,Comida rápida,Bogotá D.C.,2021-02-08 14:57:00,2021-02-08 15:11:00,2021-02-08 15:14:00,1,1912700.0,421100,False,38254.0,95635.0,0,50,4,3,5,3,353,Leales,2,0,0,0,Valor medio-alto
P0YXPYELBW,Alimentos y bebidas,Restaurante / Café,Soacha,2021-03-11 15:27:00,2021-03-11 15:39:00,2021-03-11 15:41:00,1,4404730.0,982990,False,35522.01612903226,220236.5,0,124,3,3,5,4,354,Leales,2,0,0,0,Valor medio-alto
P14TOD1MKI,Comercio detallista,Óptica,Bogotá D.C.,2021-03-11 13:58:00,2021-03-11 16:28:00,2021-03-11 16:35:00,1,3012000.0,2081000,False,753000.0,150600.0,1,4,2,2,2,4,224,Potenciales,0,0,1,0,Valor medio-alto
P1FQ3IDD5Z,Reparación y limpieza,Reparaciones locativas,Soacha,2021-02-19 17:56:00,2021-02-19 18:03:00,2021-02-19 18:05:00,1,3778400.0,0,False,539771.4285714285,188920.0,0,7,4,3,3,4,334,Leales,0,0,0,0,Valor medio-alto
P1WVC8D4LK,Belleza y cuidado personal,Spa,Bogotá D.C.,,,,1,11261625.0,198875,False,321760.71428571426,563081.25,0,35,5,3,5,5,355,Leales,2,0,0,0,Valor medio-alto
P1WVLS7KFZ,Comercio detallista,Óptica,Bogotá D.C.,2021-02-17 14:32:00,2021-02-17 14:38:00,2021-02-17 14:41:00,1,2000.0,0,False,2000.0,100.0,3,1,1,1,1,1,111,Perdidos / Hibernando,1,1,2,1,Valor medio
P2B72DOP9C,Comercio detallista,Óptica,Bogotá D.C.,,,,1,13165000.0,1123000,False,243796.2962962963,658250.0,0,54,6,3,5,5,355,Leales,2,0,0,0,Valor medio-alto
P35HBZTGRZ,Alimentos y bebidas,Abarrotes / Mercado,Bogotá D.C.,2021-03-08 10:19:00,2021-03-08 10:24:00,2021-03-08 10:26:00,1,2632100.0,396000,False,28609.782608695652,131605.0,0,92,3,3,5,4,354,Leales,2,0,0,0,Valor medio-alto
P3IBA0K31S,Servicios,Contabilidad / Asesorías,Cali,,2021-02-17 11:35:00,2021-02-17 11:38:00,1,451000.0,450000,False,225500.0,22550.0,3,2,1,1,1,2,112,Perdidos / Hibernando,1,1,1,1,Valor medio
P3NNYEFP0J,Turismo y entretenimiento,Agencia de Viajes,Soacha,2021-03-15 16:38:00,2021-03-15 16:46:00,2021-03-15 16:51:00,1,2080.0,0,False,1040.0,104.0,2,2,1,1,1,1,111,Perdidos / Hibernando,1,1,2,1,Valor medio
P3XTQDNE3B,Belleza y cuidado personal,Centro de tatuajes,Bogotá D.C.,2021-02-15 10:43:00,2021-02-15 10:52:00,2021-02-15 10:56:00,1,3097000.0,560000,False,387125.0,154850.0,0,8,3,3,3,4,334,Leales,0,0,0,0,Valor medio-alto
P426WJ2PAP,Comercio detallista,Ropa / Accesorios,Bogotá D.C.,2021-03-18 13:48:00,2021-03-18 14:12:00,2021-03-18 14:15:00,1,442000.0,0,False,88400.0,22100.0,0,5,2,3,2,2,322,Potenciales,0,0,1,0,Valor medio-alto
P44JAXD78D,Servicios,Diseño / Fotografía,Bogotá D.C.,2021-03-08 11:15:00,2021-03-08 11:26:00,2021-03-08 11:28:00,1,157580.0,0,False,39395.0,7879.0,2,4,1,1,2,1,121,Perdidos / Hibernando,1,1,1,1,Valor medio
P4F3IJ0JSO,Comercio detallista,Tecnología,Bogotá D.C.,2021-03-14 16:36:00,2021-03-14 16:43:00,2021-03-14 16:55:00,1,2000.0,0,False,2000.0,100.0,2,1,1,1,1,1,111,Perdidos / Hibernando,1,1,2,1,Valor medio
P4F4LRZICT,Comercio detallista,Auto partes,Bogotá D.C.,2021-02-13 09:58:00,2021-02-13 10:07:00,2021-02-13 10:09:00,1,20229200.0,3508150,False,123348.78048780488,1011460.0,0,164,4,3,5,5,355,Leales,2,0,0,0,Valor medio-alto
P4IXW0LKFI,Servicios,Otro,Bogotá D.C.,2021-03-30 09:59:00,2021-03-30 10:08:00,2021-03-30 10:13:00,1,1413000.0,0,False,235500.0,70650.0,1,6,2,2,2,3,223,Potenciales,0,0,1,0,Valor medio-alto
P5G8JMPE06,Reparación y limpieza,Automotriz y autopartes,Soacha,,,,1,28124550.0,3057500,False,176883.96226415093,1406227.5,0,159,5,3,5,5,355,Leales,2,0,0,0,Valor medio-alto
P5QCWKOH60,Comercio detallista,Elementos de seguridad,Bogotá D.C.,2021-03-11 13:25:00,2021-03-11 13:33:00,2021-03-11 13:35:00,1,72000.0,70000,False,72000.0,3600.0,2,1,1,1,1,1,111,Perdidos / Hibernando,1,1,1,1,Valor medio
P6SSK76LJS,Comercio detallista,Ropa / Accesorios,Bogotá D.C.,2021-03-29 15:23:00,2021-03-29 15:28:00,2021-03-29 15:33:00,1,2000.0,0,False,2000.0,100.0,2,1,1,1,1,1,111,Perdidos / Hibernando,1,1,2,1,Valor medio
P726X8NMV7,Reparación y limpieza,Automotriz y autopartes,Soacha,2021-03-06 11:24:00,2021-03-06 11:49:00,2021-03-06 11:55:00,1,2000.0,0,False,2000.0,100.0,2,1,1,1,1,1,111,Perdidos / Hibernando,1,1,2,1,Valor medio
P7XM503ZCS,Belleza y cuidado personal,Spa,Cota,2021-03-24 17:00:00,2021-03-24 17:10:00,2021-03-24 17:13:00,1,132000.0,0,False,66000.0,6600.0,0,2,2,3,1,1,311,Potenciales,0,0,1,0,Valor medio-alto
P8IWNDTIJZ,Servicios,Carpintería,Fusagasugá,2021-03-10 11:42:00,2021-03-10 12:23:00,2021-03-10 12:25:00,1,3097100.0,0,False,119119.23076923077,154855.0,0,26,3,3,4,4,344,Leales,2,0,0,0,Valor medio-alto
PA1R3DUSZK,Comercio detallista,Ropa / Accesorios,Bogotá D.C.,2021-03-16 11:58:00,2021-03-16 12:05:00,2021-03-16 12:11:00,1,2156175.0,512000,False,98007.95454545454,107808.75,0,22,3,3,4,3,343,Leales,2,0,0,0,Valor medio-alto
PAFLWUILLV,Comercio detallista,Auto partes,Bogotá D.C.,2021-03-10 17:39:00,2021-03-10 17:59:00,2021-03-10 18:02:00,1,74277300.0,1362000,False,1580368.085106383,3713865.0,0,47,3,3,5,5,355,Leales,2,0,0,0,Valor medio-alto
PAMG6FOY8C,Servicios,Otro,Bogotá D.C.,2021-03-30 13:30:00,2021-03-30 13:38:00,2021-03-30 13:40:00,1,521450.0,64500,False,86908.33333333333,26072.5,0,6,3,3,2,2,322,Potenciales,0,0,1,0,Valor medio-alto
PB1OH4SNNM,Comercio detallista,Materiales de construcción,Soacha,,,,1,34481460.0,4178080,False,783669.5454545454,1724073.0,0,44,5,3,5,5,355,Leales,2,0,0,0,Valor medio-alto
PBLR3T4VR8,Belleza y cuidado personal,Salón de belleza,Bogotá D.C.,2021-02-15 16:31:00,2021-02-15 17:53:00,2021-02-15 17:57:00,1,529000.0,40000,False,44083.333333333336,26450.0,0,12,4,3,3,2,332,Leales,0,0,0,0,Valor medio-alto
PC5FF2KAB5,Comercio detallista,Ropa / Accesorios,Bogotá D.C.,2021-03-30 15:51:00,2021-03-30 16:00:00,2021-03-30 16:02:00,1,6161000.0,1229000,False,128354.16666666667,308050.0,0,48,3,3,5,4,354,Leales,2,0,0,0,Valor medio-alto
PCGRMQRCMO,Comercio detallista,Óptica,Bogotá D.C.,,,,1,302000.0,0,False,151000.0,15100.0,3,2,2,1,1,2,112,Perdidos / Hibernando,1,1,1,1,Valor medio
PCTR7DLAKF,Comercio detallista,Joyería,Madrid,2021-03-05 12:13:00,2021-03-05 12:20:00,2021-03-05 12:21:00,1,2341000.0,780000,False,123210.52631578948,117050.0,0,19,3,3,4,3,343,Leales,2,0,0,0,Valor medio-alto
PCUQ0QERHN,Alimentos y bebidas,Abarrotes / Mercado,Bogotá D.C.,,,,1,3439047.0,1490650,False,49129.24285714285,171952.35,0,70,6,3,5,4,354,Leales,2,0,0,0,Valor medio-alto
PCW4ZDE95S,Comercio detallista,Óptica,Soacha,2021-02-05 12:00:00,2021-02-05 12:31:00,2021-02-05 12:32:00,1,962000.0,0,False,240500.0,48100.0,2,4,2,1,2,2,122,Perdidos / Hibernando,0,0,1,0,Valor medio-alto
PF8AQUZCQM,Comercio detallista,Ropa / Accesorios,Bogotá D.C.,2021-03-23 17:12:00,2021-03-23 17:19:00,2021-03-23 17:23:00,1,3000.0,0,False,1500.0,150.0,2,2,1,1,1,1,111,Perdidos / Hibernando,1,1,2,1,Valor medio
PFKDQSOS26,Comercio detallista,Óptica,Bogotá D.C.,2021-02-09 14:41:00,2021-02-09 14:55:00,2021-02-09 14:57:00,1,2000.0,0,False,2000.0,100.0,3,1,1,1,1,1,111,Perdidos / Hibernando,1,1,2,1,Valor medio
PFPGV95OX0,Servicios,Medicina / Odontología,Bogotá D.C.,2021-03-16 17:55:00,2021-03-16 18:06:00,2021-03-16 18:08:00,1,437000.0,0,False,109250.0,21850.0,0,4,3,3,2,2,322,Potenciales,0,0,1,0,Valor medio-alto
PG1TCMZAA4,Servicios,Tecnología y software,Bogotá D.C.,2021-03-12 11:48:00,2021-03-12 12:00:00,2021-03-12 12:04:00,1,4000.0,0,False,4000.0,200.0,2,1,1,1,1,1,111,Perdidos / Hibernando,1,1,2,1,Valor medio
PG7KHT20L6,Comercio detallista,Auto partes,Bogotá D.C.,2021-03-12 14:04:00,2021-03-12 14:11:00,2021-03-12 14:13:00,1,9301050.0,1724250,False,202196.73913043478,465052.5,0,46,3,3,5,5,355,Leales,2,0,0,0,Valor medio-alto
PGFVFXQHVY,Comercio detallista,Óptica,Bogotá D.C.,,,,1,13516000.0,2065000,False,281583.3333333333,675800.0,0,48,5,3,5,5,355,Leales,2,0,0,0,Valor medio-alto
PH7A42Q1PP,Comercio detallista,Libros / Papelería,Bogotá D.C.,2021-03-19 15:34:00,2021-03-19 15:42:00,2021-03-19 15:44:00,1,692100.0,17600,False,46140.0,34605.0,0,15,3,3,4,2,342,Leales,0,0,0,0,Valor medio-alto
PHDMKQKZ54,Comercio detallista,Ropa / Accesorios,Bogotá D.C.,2021-03-09 11:29:00,2021-03-09 11:37:00,2021-03-09 11:38:00,1,800500.0,75000,False,61576.92307692308,40025.0,0,13,3,3,3,2,332,Leales,0,0,0,0,Valor medio-alto
PIN5AF3N8Q,Comercio detallista,Óptica,Bogotá D.C.,2021-03-19 15:45:00,2021-03-19 15:51:00,2021-03-19 15:55:00,1,422000.0,0,False,140666.66666666666,21100.0,2,3,1,1,2,2,122,Perdidos / Hibernando,1,1,1,1,Valor medio
PIZS8Y1MJN,Servicios,Tecnología y software,Bogotá D.C.,2021-03-11 12:47:00,2021-03-11 12:58:00,2021-03-11 13:01:00,1,2768100.0,130000,False,276810.0,138405.0,0,10,3,3,3,4,334,Leales,0,0,0,0,Valor medio-alto
PJADMY82EO,Comercio detallista,Tecnología,Bogotá D.C.,2021-03-24 16:41:00,2021-03-24 16:47:00,2021-03-24 16:49:00,1,1006650.0,0,False,167775.0,50332.5,0,6,3,3,2,3,323,Potenciales,0,0,0,0,Valor medio-alto
PJZJE5E0SH,Servicios,Contabilidad / Asesorías,Fusagasugá,2021-03-17 20:04:00,2021-03-24 22:20:00,2021-03-24 22:25:00,1,1000.0,0,False,1000.0,50.0,2,1,1,1,1,1,111,Perdidos / Hibernando,1,1,2,1,Valor medio
PKIAAV6YCT,Comercio detallista,Tienda de deportes,Bogotá D.C.,,,,1,11578000.0,1255000,False,199620.6896551724,578900.0,0,58,5,3,5,5,355,Leales,2,0,0,0,Valor medio-alto
PKNIF2Y4H8,Comercio detallista,Tecnología,Bogotá D.C.,2021-03-17 19:12:00,2021-03-17 19:18:00,2021-03-17 19:24:00,1,1152500.0,0,False,82321.42857142857,57625.0,0,14,3,3,4,3,343,Leales,0,0,0,0,Valor medio-alto
PLTWVQNSC9,Comercio detallista,Ropa / Accesorios,Cali,,2021-02-12 15:10:00,2021-02-12 15:12:00,1,17149550.0,1536000,False,206621.0843373494,857477.5,0,83,4,3,5,5,355,Leales,2,0,0,0,Valor medio-alto
PLZ9975GGM,Servicios,Tecnología y software,Cota,2021-03-16 15:30:00,2021-03-16 15:45:00,2021-03-16 15:50:00,1,880500.0,0,False,73375.0,44025.0,0,12,3,3,3,2,332,Leales,0,0,0,0,Valor medio-alto
PMHAS6OO9B,Comercio detallista,Auto partes,Bogotá D.C.,2021-02-25 16:00:00,2021-02-25 16:09:00,2021-02-25 16:15:00,1,13506000.0,3415000,False,385885.71428571426,675300.0,0,35,4,3,5,5,355,Leales,2,0,0,0,Valor medio-alto
PMMBG341BM,Comercio detallista,Auto partes,Chía,2021-03-11 12:19:00,2021-03-11 12:29:00,2021-03-11 12:31:00,1,2502000.0,500000,False,834000.0,125100.0,0,3,2,3,2,3,323,Potenciales,0,0,0,0,Valor medio-alto
PMPJC73B23,Alimentos y bebidas,Abarrotes / Mercado,Jamundí,2021-03-16 15:09:00,2021-03-16 15:30:00,2021-03-16 15:33:00,1,1521800.0,0,False,49090.32258064516,76090.0,0,31,3,3,5,3,353,Leales,2,0,0,0,Valor medio-alto
PMXSU7Q3TR,Comercio detallista,Tecnología,Bogotá D.C.,2021-03-19 14:27:00,2021-03-19 14:33:00,2021-03-19 14:42:00,1,32440500.0,6432000,False,372879.3103448276,1622025.0,0,87,3,3,5,5,355,Leales,2,0,0,0,Valor medio-alto
PN1AKFJRP2,Servicios,Otro,Fusagasugá,2021-02-25 12:01:00,2021-02-25 12:07:00,2021-02-25 12:10:00,1,1161000.0,190000,False,105545.45454545454,58050.0,0,11,4,3,3,3,333,Leales,0,0,0,0,Valor medio-alto
PNU9GYETJH,Servicios,Medicina / Odontología,Bogotá D.C.,,,,1,1502000.0,0,False,751000.0,75100.0,3,2,2,1,1,3,113,Potenciales,1,0,1,0,Valor medio-alto
POS0GNGGID,Belleza y cuidado personal,Salón de belleza,Soacha,2021-02-09 11:30:00,2021-02-09 11:42:00,2021-02-09 11:49:00,1,765400.0,549150,False,191350.0,38270.0,1,4,2,2,2,2,222,Perdidos / Hibernando,0,0,1,0,Valor medio-alto
POTP2U7L6P,Comercio detallista,Tecnología,Girardot,2021-03-23 12:13:00,2021-03-23 12:41:00,2021-03-23 12:43:00,1,537975.0,0,False,107595.0,26898.75,1,5,2,2,2,2,222,Perdidos / Hibernando,0,0,1,0,Valor medio-alto
PP1TMU655I,Comercio detallista,Elementos del hogar,Cota,2021-03-19 11:06:00,2021-03-19 11:13:00,2021-03-19 11:15:00,1,8942500.0,818600,False,175343.13725490196,447125.0,0,51,3,3,5,5,355,Leales,2,0,0,0,Valor medio-alto
PQGB12IK5K,Comercio detallista,Ropa / Accesorios,Sibaté,2021-03-26 17:13:00,2021-03-26 17:18:00,2021-03-26 17:20:00,1,162000.0,0,False,81000.0,8100.0,0,2,2,3,1,1,311,Potenciales,0,0,1,0,Valor medio-alto
PQLI2TK7BO,Reparación y limpieza,Otro,Bogotá D.C.,2021-03-05 17:35:00,2021-03-05 17:46:00,2021-03-05 17:49:00,1,2000.0,0,False,2000.0,100.0,2,1,1,1,1,1,111,Perdidos / Hibernando,1,1,2,1,Valor medio
PQTG3D71QQ,Belleza y cuidado personal,Centro de tatuajes,Bogotá D.C.,2021-02-12 11:44:00,2021-02-12 17:46:00,2021-02-12 17:48:00,1,170000.0,0,False,85000.0,8500.0,0,2,2,3,1,1,311,Potenciales,0,0,1,0,Valor medio-alto
PR83548KP8,Comercio detallista,Otro,Bogotá D.C.,2021-02-19 15:45:00,2021-02-19 15:54:00,2021-02-19 15:55:00,1,7369480.0,1509000,False,283441.53846153844,368474.0,0,26,4,3,4,5,345,Leales,2,0,0,0,Valor medio-alto
PS3MNNHB27,Servicios,Tecnología y software,Bogotá D.C.,,,,1,4400050.0,0,False,366670.8333333333,220002.5,3,12,3,1,3,4,134,Potenciales,0,0,1,0,Valor medio-alto
PSQK5PZZC4,Servicios,Otro,Soacha,,,,1,101000.0,0,False,50500.0,5050.0,4,2,2,1,1,1,111,Perdidos / Hibernando,1,1,2,1,Valor medio
PT3LXMMPCH,Belleza y cuidado personal,Salón de belleza,Bogotá D.C.,2021-03-11 09:34:00,2021-03-11 09:46:00,2021-03-11 09:48:00,1,3203000.0,170000,False,64060.0,160150.0,0,50,3,3,5,4,354,Leales,2,0,0,0,Valor medio-alto
PTDC9LD4UB,Belleza y cuidado personal,Spa,Bogotá D.C.,2021-03-17 09:31:00,2021-03-17 09:41:00,2021-03-17 09:42:00,1,2190000.0,553000,False,219000.0,109500.0,0,10,3,3,3,3,333,Leales,0,0,0,0,Valor medio-alto
PTGCYOLKRW,Comercio detallista,Juguetería / Piñatería,Bojacá,2021-02-09 13:46:00,2021-02-09 14:00:00,2021-02-13 14:07:00,1,10000.0,0,False,10000.0,500.0,3,1,1,1,1,1,111,Perdidos / Hibernando,1,1,2,1,Valor medio
PTYG8FJF2N,Comercio detallista,Muebles / Decoración,Bogotá D.C.,2021-02-01 12:13:00,2021-02-01 12:17:00,2021-02-01 12:19:00,1,2000.0,0,False,2000.0,100.0,3,1,1,1,1,1,111,Perdidos / Hibernando,1,1,2,1,Valor medio
PU55HUPL1W,Transporte,Servicio especial,Bogotá D.C.,2021-03-15 12:40:00,2021-03-15 12:45:00,2021-03-15 12:47:00,1,200000.0,198000,False,66666.66666666667,10000.0,0,3,2,3,2,2,322,Potenciales,0,0,1,0,Valor medio-alto
PUW4LL2ADE,Comercio detallista,Mascotas,Bogotá D.C.,2021-03-29 14:07:00,2021-03-29 14:16:00,2021-03-29 14:18:00,1,65000.0,0,False,21666.666666666668,3250.0,0,3,2,3,2,1,321,Potenciales,0,0,1,0,Valor medio-alto
PUZXG11HWR,Comercio detallista,Materiales de construcción,Bogotá D.C.,2021-03-09 13:12:00,2021-03-09 13:23:00,2021-03-09 13:28:00,1,542100.0,85000,False,54210.0,27105.0,0,10,3,3,3,2,332,Leales,0,0,0,0,Valor medio-alto
PVK6NGODCB,Comercio detallista,Ropa / Accesorios,Bogotá D.C.,2020-11-19 12:23:00,2021-03-19 09:35:00,2021-03-19 09:37:00,1,531000.0,0,False,106200.0,26550.0,1,5,2,2,2,2,222,Perdidos / Hibernando,0,0,1,0,Valor medio-alto
PWGLPFGYK0,Alimentos y bebidas,Licores,Bogotá D.C.,2021-03-08 12:34:00,2021-03-08 12:39:00,2021-03-08 12:48:00,1,49250.0,47250,False,49250.0,2462.5,2,1,1,1,1,1,111,Perdidos / Hibernando,1,1,1,1,Valor medio
PWSJ0N9052,Comercio detallista,Elementos del hogar,Bogotá D.C.,,,,1,2000.0,0,False,2000.0,100.0,4,1,1,1,1,1,111,Perdidos / Hibernando,1,1,2,1,Valor medio
PXB5T2PGN1,Comercio detallista,Electrodomésticos,Bogotá D.C.,2021-03-09 17:33:00,2021-03-09 17:42:00,2021-03-09 17:47:00,1,185000.0,0,False,92500.0,9250.0,2,2,1,1,1,2,112,Perdidos / Hibernando,1,1,1,1,Valor medio
PXM01WIKWU,Servicios,Veterinaria,Bogotá D.C.,,,,1,2000.0,0,False,2000.0,100.0,5,1,1,1,1,1,111,Perdidos / Hibernando,1,1,2,1,Valor medio
PXYRGUXD6A,Comercio detallista,Óptica,Bogotá D.C.,,,,1,12057000.0,4855000,False,709235.2941176471,602850.0,0,17,5,3,4,5,345,Leales,2,0,0,0,Valor medio-alto
PY0MR0G4LI,Comercio detallista,Tienda de deportes,Bogotá D.C.,2021-03-15 13:26:00,2021-03-15 13:36:00,2021-03-15 13:38:00,1,19919000.0,3130000,False,383057.6923076923,995950.0,0,52,3,3,5,5,355,Leales,2,0,0,0,Valor medio-alto
PYF037OW25,Alimentos y bebidas,Restaurante / Café,Bogotá D.C.,,,,1,3797320.0,389030,False,36164.95238095238,189866.0,0,105,6,3,5,4,354,Leales,2,0,0,0,Valor medio-alto
PYTCICC1EC,Comercio detallista,Joyería,Bogotá D.C.,2021-03-19 17:01:00,2021-03-19 17:08:00,2021-03-19 17:10:00,1,766000.0,0,False,85111.11111111111,38300.0,1,9,2,2,3,2,232,Potenciales,0,0,1,0,Valor medio-alto
PZ6LN0JJ1W,Comercio detallista,Libros / Papelería,Bogotá D.C.,2021-03-25 15:14:00,2021-03-25 15:21:00,2021-03-25 15:24:00,1,122180.0,58000,False,30545.0,6109.0,0,4,3,3,2,1,321,Potenciales,0,0,1,0,Valor medio-alto
PZJMHJ6AD1,Comercio detallista,Ropa / Accesorios,Bogotá D.C.,2021-03-31 17:51:00,2021-03-31 17:56:00,,1,1023530.0,572000,False,146218.57142857142,51176.5,0,7,2,3,3,3,333,Leales,0,0,0,0,Valor medio-alto
Q001IB5JW8,Comercio detallista,Tecnología,Bogotá D.C.,2021-03-10 11:30:00,2021-03-10 11:37:00,2021-03-10 11:39:00,1,57000.0,0,False,11400.0,2850.0,1,5,2,2,2,1,221,Perdidos / Hibernando,0,1,1,1,Valor medio
Q07EWP50EQ,Comercio detallista,Materiales de construcción,Bogotá D.C.,2021-03-09 15:53:00,2021-03-09 16:00:00,2021-03-09 16:03:00,1,2000.0,0,False,2000.0,100.0,2,1,1,1,1,1,111,Perdidos / Hibernando,1,1,2,1,Valor medio
Q0HNSUXH5G,Alimentos y bebidas,Abarrotes / Mercado,Bogotá D.C.,2021-03-23 15:44:00,2021-03-23 15:52:00,2021-03-23 15:54:00,1,927100.0,184700,False,31968.96551724138,46355.0,0,29,3,3,5,2,352,Leales,2,0,0,0,Valor medio-alto
Q0K0Y9FBLY,Comercio detallista,Óptica,Bogotá D.C.,,,,1,15227000.0,2115000,False,338377.77777777775,761350.0,0,45,6,3,5,5,355,Leales,2,0,0,0,Valor medio-alto
Q10FIX49W4,Comercio detallista,Materiales de construcción,Bogotá D.C.,,,,1,2484350.0,0,False,354907.14285714284,124217.5,4,7,2,1,3,3,133,Potenciales,1,1,2,1,Valor medio
Q1QUNQZTUC,Comercio detallista,Ropa / Accesorios,Girardot,2021-03-18 15:43:00,2021-03-18 15:50:00,2021-03-18 15:52:00,1,5500.0,0,False,1833.3333333333333,275.0,2,3,1,1,2,1,121,Perdidos / Hibernando,1,1,2,1,Valor medio
Q1UUQOAD53,Servicios,Otro,Bogotá D.C.,2021-02-12 12:58:00,2021-02-12 14:26:00,2021-02-12 14:29:00,1,3461000.0,389000,False,75239.13043478261,173050.0,0,46,4,3,5,4,354,Leales,2,0,0,0,Valor medio-alto
Q2HDJ64EFN,Comercio detallista,Ropa / Accesorios,Soacha,,,,1,5957000.0,0,False,496416.6666666667,297850.0,1,12,4,2,3,4,234,Potenciales,0,0,0,0,Valor medio-alto
Q2N1015TNX,Alimentos y bebidas,Repostería / Panadería,Soacha,2021-03-16 11:00:00,2021-03-16 11:18:00,2021-03-16 11:20:00,1,2000.0,0,False,2000.0,100.0,2,1,1,1,1,1,111,Perdidos / Hibernando,1,1,2,1,Valor medio
Q3BJBIMXXW,Comercio detallista,Óptica,Bogotá D.C.,2021-03-18 13:52:00,2021-03-18 13:59:00,2021-03-18 14:01:00,1,4830000.0,60000,False,536666.6666666666,241500.0,0,9,3,3,3,4,334,Leales,0,0,0,0,Valor medio-alto
Q3WILW1SGZ,Comercio detallista,Otro,Bogotá D.C.,2021-02-03 17:04:00,2021-02-03 17:12:00,2021-02-03 17:17:00,1,9179000.0,184400,False,179980.39215686274,458950.0,0,51,4,3,5,5,355,Leales,2,0,0,0,Valor medio-alto
Q47FFL8ONJ,Comercio detallista,Elementos del hogar,Bogotá D.C.,2021-03-05 11:44:00,2021-03-05 11:56:00,2021-03-05 11:59:00,1,6083500.0,30000,False,264500.0,304175.0,0,23,3,3,4,4,344,Leales,2,0,0,0,Valor medio-alto
Q56LWBORTC,Belleza y cuidado personal,Distribuidora,Bogotá D.C.,,,,1,930000.0,253000,False,51666.666666666664,46500.0,0,18,4,3,4,2,342,Leales,0,0,0,0,Valor medio-alto
Q571BJHISO,Comercio detallista,Óptica,Bogotá D.C.,2021-02-01 09:37:00,2021-02-15 13:44:00,2021-02-15 13:48:00,1,6885400.0,0,False,286891.6666666667,344270.0,0,24,4,3,4,5,345,Leales,2,0,0,0,Valor medio-alto
Q580YQS6BE,Servicios,Diseño / Fotografía,Bogotá D.C.,2021-03-03 13:58:00,2021-03-03 14:10:00,2021-03-03 14:18:00,1,11473000.0,4146000,False,133406.97674418605,573650.0,0,86,3,3,5,5,355,Leales,2,0,0,0,Valor medio-alto
Q5E6DCWLZV,Comercio detallista,Auto partes,Bogotá D.C.,,,,1,16683000.0,1078000,False,256661.53846153847,834150.0,0,65,5,3,5,5,355,Leales,2,0,0,0,Valor medio-alto
Q5N8BUCZXY,Belleza y cuidado personal,Otro,Bogotá D.C.,2020-10-17 15:10:00,,,1,17138000.0,1900000,False,519333.3333333333,856900.0,0,33,5,3,5,5,355,Leales,2,0,0,0,Valor medio-alto
Q5Q3J8MZ9F,Comercio detallista,Ropa / Accesorios,Cali,2021-03-24 12:28:00,2021-03-24 12:39:00,2021-03-24 12:41:00,1,1053000.0,220000,False,81000.0,52650.0,0,13,3,3,3,3,333,Leales,0,0,0,0,Valor medio-alto
Q5SH36FE5N,Reparación y limpieza,Automotriz y autopartes,Bogotá D.C.,2021-02-11 11:44:00,2021-02-11 11:58:00,2021-02-11 12:03:00,1,2000.0,0,False,2000.0,100.0,3,1,1,1,1,1,111,Perdidos / Hibernando,1,1,2,1,Valor medio
Q69N8RPAZB,Alimentos y bebidas,Comida rápida,Bogotá D.C.,2021-03-18 12:19:00,2021-03-18 12:35:00,2021-03-18 12:36:00,1,3235300.0,747200,False,33013.26530612245,161765.0,0,98,3,3,5,4,354,Leales,2,0,0,0,Valor medio-alto
Q746G0IP8F,Comercio detallista,Farmacia,Bogotá D.C.,2021-03-12 09:10:00,2021-03-12 09:25:00,2021-03-12 09:38:00,1,229195.0,28700,False,19099.583333333332,11459.75,0,12,3,3,3,2,332,Leales,0,0,0,0,Valor medio-alto
QA2BATJGKB,Transporte,Taxi,Cali,2021-03-13 13:39:00,2021-03-13 14:11:00,2021-03-13 14:14:00,1,129000.0,11500,False,11727.272727272728,6450.0,0,11,3,3,3,1,331,Leales,0,0,0,0,Valor medio-alto
QAA5ZMTT23,Comercio detallista,Mascotas,Bogotá D.C.,2021-03-11 15:53:00,2021-03-11 16:03:00,2021-03-11 16:05:00,1,3132650.0,309450,False,61424.509803921566,156632.5,0,51,3,3,5,4,354,Leales,2,0,0,0,Valor medio-alto
QABFU2BFBX,Turismo y entretenimiento,Eventos / Festivales,Bogotá D.C.,2020-10-29 16:42:00,2021-02-02 18:17:00,2021-02-02 18:23:00,1,2322000.0,220000,False,387000.0,116100.0,0,6,3,3,2,3,323,Potenciales,0,0,0,0,Valor medio-alto
QAFEIH1VUL,Alimentos y bebidas,Abarrotes / Mercado,Bogotá D.C.,2021-02-20 11:59:00,2021-02-20 12:05:00,2021-02-21 11:26:00,1,2107900.0,192600,False,43914.583333333336,105395.0,0,48,4,3,5,3,353,Leales,2,0,0,0,Valor medio-alto
QAQHN4LNOD,Comercio detallista,Ropa / Accesorios,Bogotá D.C.,2021-02-26 15:37:00,2021-02-26 15:43:00,2021-02-26 15:45:00,1,10512500.0,2066500,False,375446.4285714286,525625.0,0,28,4,3,4,5,345,Leales,2,0,0,0,Valor medio-alto
QB0SMR0FRS,Alimentos y bebidas,Repostería / Panadería,Bogotá D.C.,2021-02-04 18:25:00,2021-02-04 18:36:00,2021-02-04 18:41:00,1,2000.0,0,False,2000.0,100.0,3,1,1,1,1,1,111,Perdidos / Hibernando,1,1,2,1,Valor medio
QCHM7A7IWB,Educación,Tutor / Profesor,Bogotá D.C.,,,,1,31700.0,0,False,15850.0,1585.0,0,2,2,3,1,1,311,Potenciales,0,1,1,1,Valor medio
QDCU7MN4MO,Comercio detallista,Venta de vehículos usados,Bogotá D.C.,2021-03-29 18:19:00,2021-03-29 18:43:00,2021-03-29 18:46:00,1,12832000.0,0,False,2138666.6666666665,641600.0,0,6,3,3,2,5,325,Potenciales,0,0,0,0,Valor medio-alto
QDHYJQ22B4,Comercio detallista,Ropa / Accesorios,Bogotá D.C.,2021-03-30 11:42:00,2021-03-30 11:54:00,2021-03-30 11:56:00,1,1000.0,0,False,1000.0,50.0,2,1,1,1,1,1,111,Perdidos / Hibernando,1,1,2,1,Valor medio
QDL4DO4Z1H,Comercio detallista,Auto partes,Bogotá D.C.,2021-03-24 14:55:00,2021-03-24 15:00:00,2021-03-24 15:03:00,1,1901000.0,0,False,475250.0,95050.0,0,4,3,3,2,3,323,Potenciales,0,0,0,0,Valor medio-alto
QEGF58J5KL,Reparación y limpieza,Automotriz y autopartes,Bogotá D.C.,2021-03-02 13:50:00,2021-03-02 13:57:00,2021-03-02 14:06:00,1,12779300.0,2159000,False,672594.7368421053,638965.0,0,19,3,3,4,5,345,Leales,2,0,0,0,Valor medio-alto
QEO3J859D2,Servicios,Tecnología y software,Bogotá D.C.,2021-02-10 10:11:00,2021-02-10 10:28:00,2021-02-10 10:30:00,2,16792000.0,0,False,4198000.0,839600.0,3,4,1,1,2,5,125,Potenciales,0,2,1,2,Valor alto
QFKWCECEWG,Comercio detallista,Muebles / Decoración,Bogotá D.C.,,,,1,20186500.0,0,False,776403.8461538461,1009325.0,0,26,5,3,4,5,345,Leales,2,0,0,0,Valor medio-alto
QG19TFNA5S,Comercio detallista,Otro,Bogotá D.C.,,2021-03-13 15:19:00,2021-03-13 15:26:00,1,452000.0,0,False,226000.0,22600.0,2,2,1,1,1,2,112,Perdidos / Hibernando,1,1,1,1,Valor medio
QGIYIQA73A,Turismo y entretenimiento,Entrenador personal,Bucaramanga,,,,1,8098000.0,0,False,449888.8888888889,404900.0,1,18,5,2,4,5,245,En riesgo (antes valiosos),2,0,0,0,Valor medio-alto
QHQHK41VUE,Servicios,Otro,Bogotá D.C.,,,,1,1079350.0,400000,False,154192.85714285713,53967.5,0,7,3,3,3,3,333,Leales,0,0,0,0,Valor medio-alto
QI0L93EZHT,Alimentos y bebidas,Restaurante / Café,Chía,2021-03-11 11:10:00,2021-03-11 11:17:00,2021-03-11 11:19:00,1,1990700.0,385400,False,55297.22222222222,99535.0,0,36,3,3,5,3,353,Leales,2,0,0,0,Valor medio-alto
QI9UFU9MGT,Transporte,Servicio especial,Bogotá D.C.,2021-03-19 09:54:00,2021-03-19 10:05:00,2021-03-19 10:08:00,1,27000.0,0,False,9000.0,1350.0,1,3,2,2,2,1,221,Perdidos / Hibernando,1,1,1,1,Valor medio
QII3SAG1W4,Comercio detallista,Óptica,Bogotá D.C.,,,,1,4462000.0,350000,False,343230.76923076925,223100.0,0,13,5,3,3,4,334,Leales,0,0,0,0,Valor medio-alto
QJJ7V8R0JE,Comercio detallista,Materiales de construcción,Bogotá D.C.,2021-03-30 09:45:00,2021-03-30 09:56:00,2021-03-30 09:58:00,1,662020.0,130800,False,66202.0,33101.0,0,10,3,3,3,2,332,Leales,0,0,0,0,Valor medio-alto
QJVZ51VZEJ,Comercio detallista,Tecnología,Bogotá D.C.,2021-03-10 16:17:00,2021-03-10 16:35:00,2021-03-10 16:37:00,1,227000.0,75000,False,56750.0,11350.0,0,4,2,3,2,2,322,Potenciales,0,0,1,0,Valor medio-alto
QJYEFELH3W,Alimentos y bebidas,Abarrotes / Mercado,Bogotá D.C.,2021-03-17 08:07:00,2021-03-17 08:23:00,2021-03-17 08:26:00,1,2589550.0,227800,False,32369.375,129477.5,0,80,3,3,5,4,354,Leales,2,0,0,0,Valor medio-alto
QK304XP6T6,Belleza y cuidado personal,Salón de belleza,Bogotá D.C.,2021-03-17 10:37:00,2021-03-17 10:49:00,2021-03-17 10:52:00,1,257400.0,254400,False,85800.0,12870.0,2,3,1,1,2,2,122,Perdidos / Hibernando,1,1,1,1,Valor medio
QKB82BF9NI,Comercio detallista,Auto partes,Cali,2020-09-14 14:29:00,2021-02-12 14:06:00,2021-02-12 14:09:00,1,1903000.0,0,False,118937.5,95150.0,0,16,4,3,4,3,343,Leales,2,0,0,0,Valor medio-alto
QKB94K9C7S,Comercio detallista,Ropa / Accesorios,Bogotá D.C.,2021-03-30 16:38:00,2021-03-30 16:56:00,2021-03-30 16:59:00,1,705000.0,332000,False,100714.28571428571,35250.0,0,7,2,3,3,2,332,Leales,0,0,0,0,Valor medio-alto
QKEKMU134A,Comercio detallista,Óptica,Bogotá D.C.,2021-03-04 12:16:00,2021-03-04 12:22:00,2021-03-04 12:24:00,1,4564000.0,365000,False,285250.0,228200.0,0,16,2,3,4,4,344,Leales,2,0,0,0,Valor medio-alto
QKO2MG5OZF,Comercio detallista,Ropa / Accesorios,Bogotá D.C.,2021-03-29 16:16:00,2021-03-30 09:46:00,2021-03-30 09:48:00,1,1000.0,0,False,1000.0,50.0,2,1,1,1,1,1,111,Perdidos / Hibernando,1,1,2,1,Valor medio
QKQGUQGME9,Comercio detallista,Tecnología,El Rosal,2021-03-16 13:27:00,2021-03-16 13:32:00,2021-03-16 13:38:00,1,1000.0,0,False,1000.0,50.0,2,1,1,1,1,1,111,Perdidos / Hibernando,1,1,2,1,Valor medio
QL8LFRXE78,Servicios,Tecnología y software,Bogotá D.C.,2021-03-17 12:28:00,2021-03-17 12:41:00,2021-03-17 12:44:00,1,4818050.0,712000,False,321203.3333333333,240902.5,0,15,3,3,4,4,344,Leales,2,0,0,0,Valor medio-alto
QLEATFVTVQ,Comercio detallista,Muebles / Decoración,Bogotá D.C.,2021-03-11 12:50:00,2021-03-11 13:05:00,2021-03-11 13:08:00,1,11389000.0,1254000,False,1035363.6363636364,569450.0,0,11,3,3,3,5,335,Leales,2,0,0,0,Valor medio-alto
QLHRT8I36U,Turismo y entretenimiento,Eventos / Festivales,Puerto Colombia,2021-03-05 12:53:00,2021-03-09 17:17:00,2021-03-09 17:20:00,1,1910000.0,1100000,False,955000.0,95500.0,2,2,1,1,1,3,113,Potenciales,0,0,1,0,Valor medio-alto
QLHYG9EFAK,Comercio detallista,Ropa / Accesorios,Bogotá D.C.,2021-03-10 19:30:00,2021-03-10 19:39:00,2021-03-10 19:42:00,1,14001500.0,5900000,False,608760.8695652174,700075.0,0,23,3,3,4,5,345,Leales,2,0,0,0,Valor medio-alto
QLZA4OA3CT,Alimentos y bebidas,Comida rápida,Bogotá D.C.,,,,1,3386100.0,255600,False,30782.727272727272,169305.0,0,110,6,3,5,4,354,Leales,2,0,0,0,Valor medio-alto
QN3CHIXDB6,Reparación y limpieza,Reparaciones locativas,Bogotá D.C.,2021-03-15 17:35:00,2021-03-15 17:59:00,2021-03-15 18:01:00,1,2000.0,0,False,2000.0,100.0,2,1,1,1,1,1,111,Perdidos / Hibernando,1,1,2,1,Valor medio
QNP5LWKF52,Belleza y cuidado personal,Salón de belleza,Bogotá D.C.,2021-03-27 13:04:00,2021-03-27 13:13:00,2021-03-27 13:17:00,1,619500.0,0,False,88500.0,30975.0,0,7,2,3,3,2,332,Leales,0,0,0,0,Valor medio-alto
QO1DHCY6X5,Comercio detallista,Ropa / Accesorios,Bogotá D.C.,2021-03-27 14:12:00,2021-03-27 14:22:00,2021-03-27 14:24:00,1,197000.0,0,False,49250.0,9850.0,0,4,3,3,2,2,322,Potenciales,0,0,1,0,Valor medio-alto
QO1FHMBS5V,Servicios,Diseño / Fotografía,Bogotá D.C.,2021-03-08 16:49:00,2021-03-08 17:01:00,2021-03-13 09:51:00,1,753550.0,0,False,188387.5,37677.5,0,4,2,3,2,2,322,Potenciales,0,0,0,0,Valor medio-alto
QOT1HZSTW1,Comercio detallista,Ropa / Accesorios,Bogotá D.C.,2021-03-16 13:36:00,2021-03-16 13:42:00,2021-03-16 13:48:00,1,939500.0,70000,False,93950.0,46975.0,0,10,3,3,3,2,332,Leales,0,0,0,0,Valor medio-alto
QPJYIZ0BMF,Comercio detallista,Otro,Bogotá D.C.,2021-03-10 15:26:00,2021-03-10 15:35:00,2021-03-10 15:37:00,1,4903000.0,1228000,False,125717.94871794872,245150.0,0,39,3,3,5,4,354,Leales,2,0,0,0,Valor medio-alto
QQ793ZI94N,Comercio detallista,Óptica,Bogotá D.C.,2021-03-09 11:52:00,2021-03-09 11:57:00,2021-03-20 09:56:00,1,6371500.0,1200000,False,579227.2727272727,318575.0,0,11,3,3,3,5,335,Leales,0,0,0,0,Valor medio-alto
QQ9TAYPNVM,Reparación y limpieza,Otro,Bogotá D.C.,2021-03-26 11:28:00,2021-03-26 11:38:00,2021-03-26 11:42:00,1,4119000.0,1265000,False,588428.5714285715,205950.0,0,7,3,3,3,4,334,Leales,0,0,0,0,Valor medio-alto
QQHRYACKPK,Alimentos y bebidas,Repostería / Panadería,Cali,2021-03-16 20:14:00,2021-03-16 21:14:00,2021-03-16 21:16:00,1,1833000.0,551000,False,50916.666666666664,91650.0,0,36,3,3,5,3,353,Leales,2,0,0,0,Valor medio-alto
QQNDSGSMAC,Alimentos y bebidas,Restaurante / Café,Bogotá D.C.,2021-02-28 15:31:00,2021-02-28 15:41:00,2021-02-28 15:42:00,1,2000.0,0,False,2000.0,100.0,3,1,1,1,1,1,111,Perdidos / Hibernando,1,1,2,1,Valor medio
QQUSKCEM9R,Servicios,Otro,Bogotá D.C.,,,,1,13027000.0,1400000,False,372200.0,651350.0,0,35,6,3,5,5,355,Leales,2,0,0,0,Valor medio-alto
QR6UBP9ETI,Comercio detallista,Libros / Papelería,Yumbo,2021-03-18 16:12:00,2021-03-18 16:25:00,2021-03-18 16:26:00,1,1248200.0,638000,False,208033.33333333334,62410.0,0,6,2,3,2,3,323,Potenciales,0,0,0,0,Valor medio-alto
QRGTBC10E4,Comercio detallista,Materiales de construcción,Soacha,,,,1,3755400.0,587000,False,96292.30769230769,187770.0,0,39,5,3,5,4,354,Leales,2,0,0,0,Valor medio-alto
QRXMPTLQHJ,Servicios,Arquitectura e ingeniería,Bogotá D.C.,,,,1,2002000.0,0,False,1001000.0,100100.0,5,2,1,1,1,3,113,Potenciales,1,1,2,1,Valor medio
QS3PM9A33A,Comercio detallista,Óptica,Bogotá D.C.,,,,1,6417000.0,0,False,401062.5,320850.0,0,16,5,3,4,5,345,Leales,2,0,0,0,Valor medio-alto
QSF5P2R11L,Servicios,Arquitectura e ingeniería,Bogotá D.C.,2021-03-02 10:56:00,2021-03-02 11:01:00,2021-03-02 11:06:00,1,2040.0,0,False,2040.0,102.0,2,1,1,1,1,1,111,Perdidos / Hibernando,1,1,2,1,Valor medio
QSJ7FRXTII,Comercio detallista,Ropa / Accesorios,Bogotá D.C.,2021-03-16 17:32:00,2021-03-16 17:45:00,2021-03-16 17:47:00,1,2000.0,0,False,2000.0,100.0,2,1,1,1,1,1,111,Perdidos / Hibernando,1,1,2,1,Valor medio
QSKVCIV4C4,Reparación y limpieza,Automotriz y autopartes,Bogotá D.C.,2021-03-01 16:36:00,2021-03-01 16:42:00,2021-03-01 16:43:00,1,1858120.0,0,False,371624.0,92906.0,2,5,1,1,2,3,123,Potenciales,0,0,1,0,Valor medio-alto
QSTJFDSRSE,Comercio detallista,Óptica,Bogotá D.C.,,,,1,3646000.0,318000,False,331454.54545454547,182300.0,0,11,6,3,3,4,334,Leales,0,0,0,0,Valor medio-alto
QT2FCYT9K0,Comercio detallista,Otro,Bogotá D.C.,2021-03-12 10:39:00,2021-03-12 10:50:00,2021-03-12 10:57:00,1,1000.0,0,False,1000.0,50.0,2,1,1,1,1,1,111,Perdidos / Hibernando,1,1,2,1,Valor medio
QT3NGULAQE,Alimentos y bebidas,Abarrotes / Mercado,Bogotá D.C.,2021-03-04 17:04:00,2021-03-04 17:13:00,2021-03-04 17:15:00,1,994200.0,0,False,62137.5,49710.0,0,16,3,3,4,3,343,Leales,0,0,0,0,Valor medio-alto
QTFEXZ4ZXP,Comercio detallista,Materiales de construcción,Bogotá D.C.,2021-03-25 10:44:00,2021-03-25 10:52:00,2021-03-25 10:57:00,1,3000.0,0,False,1500.0,150.0,2,2,1,1,1,1,111,Perdidos / Hibernando,1,1,2,1,Valor medio
QUMSFGI2KK,Servicios,Otro,Bogotá D.C.,2021-03-08 11:10:00,2021-03-08 11:15:00,2021-03-08 11:18:00,1,2000.0,0,False,2000.0,100.0,2,1,1,1,1,1,111,Perdidos / Hibernando,1,1,2,1,Valor medio
QUYA2Y0L54,Alimentos y bebidas,Abarrotes / Mercado,Bogotá D.C.,2021-02-06 13:13:00,2021-02-14 12:08:00,2021-02-14 12:11:00,1,12604633.0,2007957,False,75027.57738095238,630231.65,0,168,4,3,5,5,355,Leales,2,0,0,0,Valor medio-alto
QVANS17RL5,Alimentos y bebidas,Restaurante / Café,Tocancipá,2021-02-26 12:48:00,2021-02-26 13:03:00,2021-02-26 13:05:00,1,3134450.0,309650,False,50555.645161290326,156722.5,0,62,4,3,5,4,354,Leales,2,0,0,0,Valor medio-alto
QVIFEG60Q6,Comercio detallista,Muebles / Decoración,Bogotá D.C.,,,,1,4265000.0,0,False,609285.7142857143,213250.0,5,7,1,1,3,4,134,Potenciales,1,1,2,1,Valor medio
QWDAS6CS4F,Comercio detallista,Muebles / Decoración,Bogotá D.C.,2021-02-15 19:41:00,2021-02-15 19:49:00,2021-02-15 19:52:00,1,6234000.0,0,False,623400.0,311700.0,2,10,2,1,3,5,135,Potenciales,0,0,1,0,Valor medio-alto
QWZ74QJY6J,Reparación y limpieza,Moda / Zapatería,Bogotá D.C.,2021-03-23 12:30:00,2021-03-23 12:38:00,2021-03-23 12:41:00,1,1816750.0,397750,False,67287.03703703704,90837.5,0,27,3,3,4,3,343,Leales,2,0,0,0,Valor medio-alto
QXLIT8E2GH,Comercio detallista,Otro,Bogotá D.C.,2021-03-22 09:31:00,2021-03-22 09:49:00,2021-03-22 09:51:00,1,2000.0,0,False,400.0,100.0,0,5,3,3,2,1,321,Potenciales,0,1,1,1,Valor medio
QXP47UZPPS,Comercio detallista,Óptica,Bogotá D.C.,,,,1,21205000.0,90000,False,294513.8888888889,1060250.0,0,72,5,3,5,5,355,Leales,2,0,0,0,Valor medio-alto
QYEO6COI0O,Comercio detallista,Óptica,Bogotá D.C.,2021-02-16 14:48:00,2021-02-16 14:57:00,2021-02-16 14:59:00,1,2522000.0,0,False,315250.0,126100.0,0,8,4,3,3,4,334,Leales,0,0,0,0,Valor medio-alto
QZG9DA5UGY,Educación,Talleres / Cursos / Capacitaciones,Bogotá D.C.,2021-03-06 12:23:00,2021-03-06 12:32:00,2021-03-06 12:34:00,1,23827000.0,500000,False,1489187.5,1191350.0,0,16,3,3,4,5,345,Leales,2,0,0,0,Valor medio-alto
QZL7OOM2GR,Comercio detallista,Óptica,Bogotá D.C.,2021-03-26 14:07:00,2021-03-26 14:13:00,2021-03-26 14:15:00,1,13790000.0,2580000,False,551600.0,689500.0,0,25,3,3,4,5,345,Leales,2,0,0,0,Valor medio-alto
R38NGTPSX0,Comercio detallista,Óptica,Bogotá D.C.,2021-03-04 17:12:00,2021-03-04 17:20:00,2021-03-04 17:22:00,1,4435000.0,1325000,False,403181.8181818182,221750.0,0,11,3,3,3,4,334,Leales,0,0,0,0,Valor medio-alto
R3FJEV2UIG,Reparación y limpieza,Automotriz y autopartes,Guamo,,,,1,201000.0,0,False,67000.0,10050.0,2,3,2,1,2,2,122,Perdidos / Hibernando,1,1,1,1,Valor medio
R3N5FOPQJX,Comercio detallista,Materiales de construcción,Bogotá D.C.,2021-03-30 18:36:00,2021-03-30 18:45:00,2021-03-30 18:48:00,1,2000.0,0,False,2000.0,100.0,2,1,1,1,1,1,111,Perdidos / Hibernando,1,1,2,1,Valor medio
R3T094REOI,Comercio detallista,Ropa / Accesorios,Bogotá D.C.,2021-03-29 14:38:00,2021-03-29 14:44:00,2021-03-29 14:49:00,1,5509000.0,3026000,False,306055.55555555556,275450.0,0,18,3,3,4,4,344,Leales,2,0,0,0,Valor medio-alto
R3TDOBGCZW,Alimentos y bebidas,Abarrotes / Mercado,Bogotá D.C.,2021-03-25 11:41:00,2021-03-25 11:49:00,2021-03-25 11:51:00,1,102300.0,0,False,12787.5,5115.0,0,8,3,3,3,1,331,Leales,0,0,1,0,Valor medio-alto
R5SS0YM5DC,Comercio detallista,Auto partes,Bogotá D.C.,2021-03-29 14:34:00,2021-03-29 14:37:00,2021-03-29 14:43:00,1,4389500.0,702500,False,258205.88235294117,219475.0,0,17,3,3,4,4,344,Leales,2,0,0,0,Valor medio-alto
R5U1LVAQCE,Comercio detallista,Floristería,Bogotá D.C.,2021-03-10 18:44:00,2021-03-10 18:53:00,2021-03-10 18:58:00,1,390000.0,0,False,39000.0,19500.0,0,10,3,3,3,2,332,Leales,0,0,0,0,Valor medio-alto
R6RA2QRECC,Servicios,Carpintería,Palmira,2021-03-16 15:37:00,2021-03-20 11:42:00,2021-03-20 11:49:00,1,374500.0,0,False,53500.0,18725.0,2,7,1,1,3,2,132,Potenciales,0,1,1,1,Valor medio
R88LWIBL6O,Comercio detallista,Óptica,Bogotá D.C.,2021-03-17 12:01:00,2021-03-17 12:10:00,2021-03-17 12:14:00,1,1288000.0,0,False,143111.11111111112,64400.0,0,9,3,3,3,3,333,Leales,0,0,0,0,Valor medio-alto
R89F0UMJVT,Comercio detallista,Artesanías,Bogotá D.C.,2021-03-26 13:17:00,2021-03-26 13:26:00,2021-03-26 13:28:00,1,37000.0,0,False,12333.333333333334,1850.0,1,3,2,2,2,1,221,Perdidos / Hibernando,0,1,1,1,Valor medio
R8ZRPI6RM7,Servicios,Otro,Bogotá D.C.,,,,1,7865000.0,1015000,False,715000.0,393250.0,0,11,4,3,3,5,335,Leales,0,0,0,0,Valor medio-alto
R9SGUUPFE5,Servicios,Tecnología y software,Soacha,2021-02-07 10:22:00,2021-02-07 10:32:00,2021-02-07 10:36:00,1,2000.0,0,False,2000.0,100.0,3,1,1,1,1,1,111,Perdidos / Hibernando,1,1,2,1,Valor medio
R9YZTNYLGU,Servicios,Otro,Bogotá D.C.,,,,1,759800.0,0,False,44694.117647058825,37990.0,1,17,5,2,4,2,242,En riesgo (antes valiosos),0,0,1,0,Valor medio-alto
RA3EYHCZQT,Alimentos y bebidas,Comida rápida,Cali,2021-03-16 18:39:00,2021-03-16 18:47:00,2021-03-16 18:49:00,1,3275300.0,1013400,False,64221.56862745098,163765.0,0,51,3,3,5,4,354,Leales,2,0,0,0,Valor medio-alto
RAIT13SW14,Comercio detallista,Ropa / Accesorios,Bogotá D.C.,2021-03-24 13:25:00,2021-03-24 13:31:00,2021-03-24 13:32:00,1,180000.0,0,False,25714.285714285714,9000.0,0,7,3,3,3,2,332,Leales,0,0,1,0,Valor medio-alto
RB1CXZW4G4,Comercio detallista,Ropa / Accesorios,Bogotá D.C.,,,,1,10025000.0,1185000,False,323387.0967741936,501250.0,0,31,5,3,5,5,355,Leales,2,0,0,0,Valor medio-alto
RBAM7K4WKO,Comercio detallista,Juguetería / Piñatería,Bogotá D.C.,2021-03-26 15:01:00,2021-03-26 15:06:00,2021-03-26 15:10:00,1,448650.0,26250,False,74775.0,22432.5,0,6,3,3,2,2,322,Potenciales,0,0,1,0,Valor medio-alto
RBDUKUJKH1,Belleza y cuidado personal,Otro,Bogotá D.C.,2021-03-25 10:59:00,2021-03-25 11:09:00,2021-03-25 11:13:00,1,965199.0,84000,False,120649.875,48259.950000000004,0,8,3,3,3,2,332,Leales,0,0,0,0,Valor medio-alto
RBLX8HT0FS,Comercio detallista,Tecnología,El Rosal,2021-03-16 17:08:00,2021-03-16 17:18:00,2021-03-16 17:21:00,1,10713000.0,3163000,False,535650.0,535650.0,0,20,3,3,4,5,345,Leales,2,0,0,0,Valor medio-alto
RBO4DM4TTV,Servicios,Otro,Cali,2021-02-17 14:35:00,2021-02-17 14:56:00,2021-02-17 15:58:00,1,1050.0,0,False,1050.0,52.5,3,1,1,1,1,1,111,Perdidos / Hibernando,1,1,2,1,Valor medio
RCACB63GYV,Belleza y cuidado personal,Salón de belleza,Bogotá D.C.,2021-02-24 17:38:00,2021-02-24 17:52:00,2021-02-24 17:57:00,1,403950.0,65800,False,40395.0,20197.5,0,10,4,3,3,2,332,Leales,0,0,0,0,Valor medio-alto
RCCXRKRO26,Comercio detallista,Muebles / Decoración,Bogotá D.C.,2021-03-10 18:36:00,2021-03-10 18:51:00,2021-03-10 18:54:00,1,23132900.0,214000,False,1156645.0,1156645.0,0,20,3,3,4,5,345,Leales,2,0,0,0,Valor medio-alto
RCI1Y615HZ,Comercio detallista,Tecnología,Bogotá D.C.,2021-02-08 16:09:00,2021-02-08 16:20:00,2021-02-08 16:23:00,1,6207000.0,414000,False,295571.4285714286,310350.0,0,21,4,3,4,5,345,Leales,2,0,0,0,Valor medio-alto
RCV21U0WXK,Comercio detallista,Óptica,Bogotá D.C.,2021-03-19 17:22:00,2021-03-19 17:33:00,2021-03-19 17:35:00,1,2000.0,0,False,2000.0,100.0,2,1,1,1,1,1,111,Perdidos / Hibernando,1,1,2,1,Valor medio
RD31IEEFTH,Alimentos y bebidas,Restaurante / Café,Soacha,2021-02-12 13:57:00,2021-02-12 14:09:00,2021-02-12 14:12:00,1,708400.0,0,False,44275.0,35420.0,2,16,2,1,4,2,142,En riesgo (antes valiosos),0,0,1,0,Valor medio-alto
RDS4QGMRVF,Comercio detallista,Ropa / Accesorios,Soacha,2021-03-31 12:59:00,2021-03-31 13:09:00,2021-03-31 13:11:00,1,825500.0,392500,False,117928.57142857143,41275.0,0,7,3,3,3,2,332,Leales,0,0,0,0,Valor medio-alto
RE3EAJQCY0,Comercio detallista,Óptica,Bogotá D.C.,2021-03-02 16:56:00,2021-03-02 17:00:00,2021-03-02 17:03:00,1,2554000.0,0,False,232181.81818181818,127700.0,0,11,3,3,3,4,334,Leales,0,0,0,0,Valor medio-alto
RFZ7MC6F0K,Alimentos y bebidas,Otro,Bogotá D.C.,2021-02-04 13:00:00,2021-02-04 13:20:00,2021-02-06 10:49:00,1,1178700.0,44200,False,51247.82608695652,58935.0,0,23,4,3,4,3,343,Leales,2,0,0,0,Valor medio-alto
RGTXAN7DZ4,Alimentos y bebidas,Licores,Bogotá D.C.,2021-03-11 17:23:00,2021-03-11 17:36:00,2021-03-11 17:49:00,1,876400.0,320000,False,62600.0,43820.0,0,14,3,3,4,2,342,Leales,0,0,0,0,Valor medio-alto
RHF2Z6R1FI,Servicios,Arquitectura e ingeniería,Bogotá D.C.,,,,1,2000.0,0,False,2000.0,100.0,4,1,1,1,1,1,111,Perdidos / Hibernando,1,1,2,1,Valor medio
RHMERNAIWA,Comercio detallista,Óptica,Bogotá D.C.,2021-02-05 16:55:00,2021-02-05 17:04:00,2021-02-05 17:08:00,1,4074000.0,0,False,407400.0,203700.0,0,10,3,3,3,4,334,Leales,0,0,0,0,Valor medio-alto
RKL76LN21P,Comercio detallista,Venta de bicicletas y accesorios,Bogotá D.C.,2021-03-23 12:27:00,2021-03-23 12:41:00,2021-03-23 12:44:00,1,1695800.0,0,False,565266.6666666666,84790.0,0,3,3,3,2,3,323,Potenciales,0,0,0,0,Valor medio-alto
RKQ8KWFYER,Comercio detallista,Óptica,Bogotá D.C.,,,,1,21234000.0,3570000,False,233340.65934065933,1061700.0,0,91,5,3,5,5,355,Leales,2,0,0,0,Valor medio-alto
RKWLRP5TZH,Comercio detallista,Óptica,Bogotá D.C.,,,,1,15781000.0,1353000,False,309431.3725490196,789050.0,0,51,5,3,5,5,355,Leales,2,0,0,0,Valor medio-alto
RLDICM4HK8,Comercio detallista,Auto partes,Bogotá D.C.,2021-02-09 10:14:00,2021-02-09 10:27:00,2021-02-09 10:29:00,1,245300.0,0,False,35042.857142857145,12265.0,1,7,3,2,3,2,232,Potenciales,0,0,1,0,Valor medio-alto
RLSLHDF068,Comercio detallista,Venta de bicicletas y accesorios,Yopal,2021-03-04 10:47:00,2021-03-06 11:22:00,2021-03-06 11:24:00,1,14601000.0,3480000,False,221227.27272727274,730050.0,0,66,3,3,5,5,355,Leales,2,0,0,0,Valor medio-alto
RLU55P97CX,Comercio detallista,Materiales de construcción,Bogotá D.C.,2021-03-10 12:18:00,2021-03-10 12:23:00,2021-03-10 12:24:00,1,2021092.0,0,False,224565.77777777778,101054.6,0,9,3,3,3,3,333,Leales,0,0,0,0,Valor medio-alto
RLXIC0LD1O,Comercio detallista,Materiales de construcción,Pandi,2021-03-10 10:38:00,2021-03-10 10:51:00,2021-03-10 10:53:00,1,5948900.0,5047000,False,1487225.0,297445.0,0,4,3,3,2,4,324,Potenciales,0,0,0,0,Valor medio-alto
RM1EDOKKAI,Servicios,Otro,Bogotá D.C.,2021-03-04 13:27:00,2021-03-04 13:51:00,2021-03-04 13:54:00,1,502000.0,0,False,251000.0,25100.0,2,2,1,1,1,2,112,Perdidos / Hibernando,1,1,1,1,Valor medio
RMU91CKXYP,Alimentos y bebidas,Bar / Club / Discoteca,Bogotá D.C.,2021-02-18 17:13:00,2021-02-18 17:44:00,2021-02-18 17:47:00,1,5010650.0,334900,False,143161.42857142858,250532.5,0,35,4,3,5,4,354,Leales,2,0,0,0,Valor medio-alto
RN59M5L40K,Alimentos y bebidas,Restaurante / Café,Cali,2021-02-18 14:59:00,2021-02-18 15:07:00,2021-02-18 15:10:00,1,3004000.0,89500,False,130608.69565217392,150200.0,0,23,4,3,4,4,344,Leales,2,0,0,0,Valor medio-alto
RNHS2W1K0A,Comercio detallista,Auto partes,Bogotá D.C.,2021-03-26 10:09:00,2021-03-26 10:14:00,2021-03-26 10:18:00,1,11737350.0,485600,False,300957.6923076923,586867.5,0,39,3,3,5,5,355,Leales,2,0,0,0,Valor medio-alto
RNXKK4HLW7,Comercio detallista,Tecnología,Cali,2021-03-19 11:23:00,2021-03-19 11:31:00,2021-03-19 11:38:00,1,1160000.0,570000,False,232000.0,58000.0,1,5,2,2,2,3,223,Potenciales,0,0,1,0,Valor medio-alto
ROJELIJVBU,Servicios,Tecnología y software,Bogotá D.C.,2021-03-12 17:20:00,2021-03-12 17:29:00,2021-03-12 17:31:00,1,5789190.0,1060000,False,526290.0,289459.5,0,11,3,3,3,4,334,Leales,0,0,0,0,Valor medio-alto
RP6C8FUFP9,Reparación y limpieza,Automotriz y autopartes,Bogotá D.C.,2021-03-03 16:20:00,2021-03-03 16:27:00,2021-03-03 16:31:00,1,26034200.0,4697200,False,149621.83908045976,1301710.0,0,174,3,3,5,5,355,Leales,2,0,0,0,Valor medio-alto
RPDCESIYN9,Comercio detallista,Joyería,Fusagasugá,2021-03-18 12:06:00,2021-03-18 12:14:00,2021-03-18 12:16:00,1,152000.0,0,False,76000.0,7600.0,2,2,1,1,1,1,111,Perdidos / Hibernando,1,1,1,1,Valor medio
RPJA100TF2,Servicios,Otro,Bogotá D.C.,2021-03-08 17:01:00,2021-03-08 17:19:00,2021-03-08 17:21:00,1,2000.0,0,False,2000.0,100.0,2,1,1,1,1,1,111,Perdidos / Hibernando,1,1,2,1,Valor medio
RPQSJZWGD8,Alimentos y bebidas,Comida rápida,Bogotá D.C.,2021-02-17 13:12:00,2021-02-17 13:23:00,2021-02-17 13:25:00,1,4583700.0,525500,False,30355.629139072847,229185.0,0,151,4,3,5,4,354,Leales,2,0,0,0,Valor medio-alto
RPTTIOI9FJ,Alimentos y bebidas,Restaurante / Café,Bogotá D.C.,2021-03-10 09:54:00,2021-03-10 10:24:00,2021-03-10 10:27:00,1,1467000.0,111000,False,24450.0,73350.0,0,60,3,3,5,3,353,Leales,2,0,0,0,Valor medio-alto
RPU9XO175F,Comercio detallista,Libros / Papelería,Bogotá D.C.,2021-03-30 16:36:00,2021-03-30 16:42:00,2021-03-30 16:46:00,1,820000.0,614250,False,117142.85714285714,41000.0,1,7,2,2,3,2,232,Potenciales,0,0,1,0,Valor medio-alto
RQ0UEL6O0B,Comercio detallista,Tecnología,Bogotá D.C.,2020-11-28 20:05:00,,,2,1227000.0,25000,False,409000.0,61350.0,0,3,2,3,2,3,323,Potenciales,0,2,0,2,Valor alto
RQ6P7DPOCV,Comercio detallista,Óptica,Bogotá D.C.,2021-03-30 17:06:00,2021-03-30 17:11:00,2021-03-30 17:15:00,1,946000.0,0,False,135142.85714285713,47300.0,0,7,3,3,3,2,332,Leales,0,0,0,0,Valor medio-alto
RQQ73G52O0,Comercio detallista,Elementos del hogar,Granada,2021-03-19 16:18:00,2021-03-19 16:28:00,2021-03-19 16:36:00,1,1702000.0,0,False,567333.3333333334,85100.0,0,3,3,3,2,3,323,Potenciales,0,0,0,0,Valor medio-alto
RQYAN2R7H0,Servicios,Otro,Bogotá D.C.,,,,1,2000.0,0,False,2000.0,100.0,4,1,1,1,1,1,111,Perdidos / Hibernando,1,1,2,1,Valor medio
RSF47VPTJD,Comercio detallista,Óptica,Bogotá D.C.,2021-02-24 15:12:00,2021-02-24 15:24:00,2021-02-24 15:28:00,1,5493000.0,121000,False,457750.0,274650.0,0,12,4,3,3,4,334,Leales,0,0,0,0,Valor medio-alto
RSMTXK8VFE,Comercio detallista,Ropa / Accesorios,Bogotá D.C.,2021-03-26 11:32:00,2021-03-26 11:43:00,2021-03-26 11:46:00,1,1000.0,0,False,1000.0,50.0,2,1,1,1,1,1,111,Perdidos / Hibernando,1,1,2,1,Valor medio
RSPZX17GWC,Servicios,Otro,Madrid,2021-03-19 12:16:00,2021-03-19 12:31:00,2021-03-19 12:34:00,1,1000.0,0,False,1000.0,50.0,2,1,1,1,1,1,111,Perdidos / Hibernando,1,1,2,1,Valor medio
RSWHRSN9U7,Comercio detallista,Mascotas,Bogotá D.C.,2021-03-31 16:53:00,2021-03-31 17:20:00,2021-03-31 17:22:00,1,567950.0,73500,False,47329.166666666664,28397.5,0,12,3,3,3,2,332,Leales,0,0,0,0,Valor medio-alto
RT2LYBH92J,Comercio detallista,Ropa / Accesorios,Bogotá D.C.,2021-03-03 12:26:00,2021-03-03 12:43:00,2021-03-03 13:16:00,1,460000.0,0,False,51111.11111111111,23000.0,0,9,3,3,3,2,332,Leales,0,0,0,0,Valor medio-alto
RT7PAJVBCQ,Comercio detallista,Libros / Papelería,Bogotá D.C.,2021-03-09 11:19:00,2021-03-09 11:32:00,2021-03-09 11:34:00,1,2000.0,0,False,2000.0,100.0,2,1,1,1,1,1,111,Perdidos / Hibernando,1,1,2,1,Valor medio
RTGCG8R9QJ,Alimentos y bebidas,Restaurante / Café,Bogotá D.C.,2021-03-08 13:19:00,2021-03-08 13:34:00,2021-03-08 13:37:00,1,262000.0,10000,False,20153.846153846152,13100.0,0,13,3,3,3,2,332,Leales,0,0,0,0,Valor medio-alto
RTIRQQKOX4,Comercio detallista,Ropa / Accesorios,Bogotá D.C.,2021-02-23 15:26:00,2021-02-23 15:32:00,2021-02-23 15:37:00,1,1324000.0,250000,False,132400.0,66200.0,1,10,3,2,3,3,233,Potenciales,0,0,1,0,Valor medio-alto
RU6Q7HLPAQ,Comercio detallista,Tienda naturista,Bogotá D.C.,2021-03-11 11:58:00,2021-03-11 12:25:00,2021-03-11 12:27:00,1,3428000.0,514000,False,118206.89655172414,171400.0,0,29,3,3,5,4,354,Leales,2,0,0,0,Valor medio-alto
RV1WBSIBRV,Comercio detallista,Elementos de seguridad,Bogotá D.C.,2021-03-02 17:03:00,2021-03-02 17:13:00,2021-03-02 17:15:00,1,11258650.0,2639100,False,184568.03278688525,562932.5,0,61,3,3,5,5,355,Leales,2,0,0,0,Valor medio-alto
RV23ONGQTE,Comercio detallista,Óptica,Bogotá D.C.,2021-03-15 13:19:00,2021-03-15 13:24:00,2021-03-15 13:27:00,1,9067000.0,120000,False,566687.5,453350.0,0,16,3,3,4,5,345,Leales,2,0,0,0,Valor medio-alto
RV9HQ5934P,Servicios,Diseño / Fotografía,Bogotá D.C.,2021-02-18 17:41:00,2021-02-18 18:03:00,2021-02-18 18:07:00,1,306000.0,0,False,76500.0,15300.0,2,4,2,1,2,2,122,Perdidos / Hibernando,1,1,1,1,Valor medio
RVEZH3LPI1,Comercio detallista,Óptica,Bogotá D.C.,2021-02-22 15:25:00,2021-02-22 15:34:00,2021-02-22 15:37:00,1,172000.0,0,False,86000.0,8600.0,3,2,1,1,1,2,112,Perdidos / Hibernando,1,1,1,1,Valor medio
RVLHIUIBN2,Alimentos y bebidas,Abarrotes / Mercado,Bogotá D.C.,2021-03-12 15:02:00,2021-03-12 15:20:00,2021-03-13 16:22:00,1,2509100.0,524500,False,30976.543209876545,125455.0,0,81,3,3,5,3,353,Leales,2,0,0,0,Valor medio-alto
RVY5N37X1X,Transporte,Taxi,Cali,2021-02-20 11:48:00,2021-02-20 11:59:00,2021-02-20 12:05:00,1,6900.0,0,False,6900.0,345.0,3,1,1,1,1,1,111,Perdidos / Hibernando,1,1,2,1,Valor medio
RWHMIDMH7O,Comercio detallista,Otro,Bogotá D.C.,,,,1,5228500.0,340000,False,76889.70588235294,261425.0,0,68,5,3,5,4,354,Leales,2,0,0,0,Valor medio-alto
RWL6BBRBPX,Servicios,Medicina / Odontología,Cajicá,2021-02-11 15:34:00,2021-02-11 21:55:00,2021-02-11 21:57:00,1,43033000.0,6960000,False,811943.3962264151,2151650.0,0,53,4,3,5,5,355,Leales,2,0,0,0,Valor medio-alto
RWZTQXRHU7,Comercio detallista,Óptica,Bogotá D.C.,2021-03-10 10:43:00,2021-03-10 10:53:00,2021-03-10 10:55:00,1,2202000.0,0,False,183500.0,110100.0,0,12,3,3,3,3,333,Leales,0,0,0,0,Valor medio-alto
RXDN725LHB,Comercio detallista,Joyería,Bogotá D.C.,2021-03-12 12:36:00,2021-03-12 12:47:00,2021-03-12 12:50:00,1,4020600.0,759000,False,61855.38461538462,201030.0,0,65,3,3,5,4,354,Leales,2,0,0,0,Valor medio-alto
RY07YECQ15,Comercio detallista,Materiales de construcción,Bogotá D.C.,2021-03-11 14:06:00,2021-03-11 14:36:00,2021-03-11 14:41:00,1,45200.0,19400,False,22600.0,2260.0,0,2,2,3,1,1,311,Potenciales,0,1,1,1,Valor medio
RYCAMQ1RZN,Alimentos y bebidas,Restaurante / Café,Bogotá D.C.,2021-02-04 10:36:00,2021-02-04 10:43:00,2021-02-04 10:48:00,1,114970.0,0,False,19161.666666666668,5748.5,2,6,2,1,2,1,121,Perdidos / Hibernando,1,1,1,1,Valor medio
RZ10KAAUNT,Comercio detallista,Floristería,Bogotá D.C.,2021-02-15 15:08:00,2021-02-20 10:51:00,2021-02-20 10:54:00,1,1112300.0,104000,False,92691.66666666667,55615.0,0,12,4,3,3,3,333,Leales,0,0,0,0,Valor medio-alto
RZ14YTTI3S,Alimentos y bebidas,Bar / Club / Discoteca,Bogotá D.C.,2021-03-12 15:50:00,2021-03-12 16:06:00,2021-03-12 16:14:00,1,11508720.0,0,False,112830.58823529411,575436.0,0,102,3,3,5,5,355,Leales,2,0,0,0,Valor medio-alto
RZ8IJV463R,Servicios,Medicina / Odontología,Bogotá D.C.,2021-03-30 14:40:00,2021-03-30 14:51:00,2021-03-30 14:55:00,1,1651920.0,1440920,False,825960.0,82596.0,1,2,2,2,1,3,213,Potenciales,0,0,1,0,Valor medio-alto
RZF0DPW6T2,Belleza y cuidado personal,Salón de belleza,Bogotá D.C.,2021-03-18 10:52:00,2021-03-18 11:09:00,2021-03-18 11:13:00,1,2435050.0,1354800,False,152190.625,121752.5,0,16,3,3,4,3,343,Leales,2,0,0,0,Valor medio-alto
RZH86MAYU3,Alimentos y bebidas,Otro,Bogotá D.C.,2021-02-10 21:45:00,2021-02-10 21:53:00,2021-02-10 21:55:00,1,6106775.0,0,False,49248.18548387097,305338.75,0,124,4,3,5,4,354,Leales,2,0,0,0,Valor medio-alto
RZYGO53OB4,Servicios,Otro,Bogotá D.C.,2021-03-11 13:28:00,2021-03-11 13:37:00,2021-03-11 13:40:00,1,1184000.0,364000,False,169142.85714285713,59200.0,0,7,3,3,3,3,333,Leales,0,0,0,0,Valor medio-alto
S02JWLKSLK,Comercio detallista,Ropa / Accesorios,Bogotá D.C.,2021-03-19 16:51:00,2021-03-19 16:58:00,2021-03-19 17:03:00,1,620500.0,130000,False,77562.5,31025.0,0,8,2,3,3,2,332,Leales,0,0,0,0,Valor medio-alto
S07CY418Q6,Servicios,Otro,Bogotá D.C.,,,,1,6452000.0,741000,False,88383.56164383562,322600.0,0,73,5,3,5,5,355,Leales,2,0,0,0,Valor medio-alto
S0D63ZAY10,Comercio detallista,Electrodomésticos,Bogotá D.C.,2021-02-24 10:13:00,2021-02-24 11:32:00,2021-02-24 11:34:00,1,752000.0,0,False,376000.0,37600.0,2,2,2,1,1,2,112,Perdidos / Hibernando,1,0,1,0,Valor medio-alto
S0ZUY26C0T,Belleza y cuidado personal,Distribuidora,Bogotá D.C.,2021-02-09 09:50:00,2021-02-09 11:50:00,2021-02-09 12:00:00,1,606400.0,89000,False,35670.58823529412,30320.0,0,17,4,3,4,2,342,Leales,0,0,0,0,Valor medio-alto
S2L43D9X9U,Belleza y cuidado personal,Suplementos,Bogotá D.C.,2021-03-13 12:20:00,2021-03-13 12:33:00,2021-03-13 12:37:00,1,2000.0,0,False,333.3333333333333,100.0,0,6,3,3,2,1,321,Potenciales,0,1,1,1,Valor medio
S2NJ6BVE34,Alimentos y bebidas,Restaurante / Café,Bogotá D.C.,2021-03-16 15:44:00,2021-03-16 16:00:00,2021-03-16 16:05:00,1,202300.0,29900,False,18390.909090909092,10115.0,0,11,3,3,3,2,332,Leales,0,0,0,0,Valor medio-alto
S3CPA5PW4O,Comercio detallista,Óptica,Bogotá D.C.,2021-02-10 00:15:00,2021-02-25 13:27:00,2021-02-25 13:35:00,2,14724000.0,1815000,False,350571.4285714286,736200.0,0,42,4,3,5,5,355,Leales,2,2,0,2,Valor alto
S3ICJ2Q239,Servicios,Tecnología y software,Bogotá D.C.,2021-03-03 19:12:00,2021-03-03 19:21:00,2021-03-03 19:24:00,1,2000.0,0,False,2000.0,100.0,2,1,1,1,1,1,111,Perdidos / Hibernando,1,1,2,1,Valor medio
S3SHGK57U5,Comercio detallista,Ropa / Accesorios,Bogotá D.C.,2021-03-15 14:23:00,2021-03-15 14:42:00,2021-03-15 14:43:00,1,83000.0,0,False,27666.666666666668,4150.0,2,3,1,1,2,1,121,Perdidos / Hibernando,1,1,1,1,Valor medio
S576DBN5KK,Belleza y cuidado personal,Otro,Bogotá D.C.,2021-02-17 17:06:00,2021-02-17 17:17:00,2021-02-17 17:19:00,1,10185000.0,4750000,False,462954.54545454547,509250.0,0,22,4,3,4,5,345,Leales,2,0,0,0,Valor medio-alto
S5ALAFDB8P,Comercio detallista,Materiales de construcción,Bogotá D.C.,2021-03-08 16:46:00,2021-03-08 17:06:00,2021-03-08 17:09:00,1,12567718.0,604000,False,1142519.8181818181,628385.9,0,11,3,3,3,5,335,Leales,2,0,0,0,Valor medio-alto
S5ES7EDM97,Comercio detallista,Tecnología,Bogotá D.C.,2021-02-23 19:22:00,2021-02-23 19:38:00,2021-02-23 19:41:00,1,413000.0,300000,False,137666.66666666666,20650.0,2,3,2,1,2,2,122,Perdidos / Hibernando,1,1,1,1,Valor medio
S6CA93U0FK,Reparación y limpieza,Moda / Zapatería,Bogotá D.C.,2021-03-12 15:44:00,2021-03-12 15:58:00,2021-03-12 16:03:00,1,15663000.0,1470000,False,505258.06451612903,783150.0,0,31,3,3,5,5,355,Leales,2,0,0,0,Valor medio-alto
S7HHAHDWP5,Comercio detallista,Tienda de deportes,Bogotá D.C.,2021-03-16 13:09:00,2021-03-16 13:37:00,2021-03-16 13:39:00,1,1421000.0,1050000,False,473666.6666666667,71050.0,0,3,2,3,2,3,323,Potenciales,0,0,0,0,Valor medio-alto
S7N849TRFS,Alimentos y bebidas,Comida rápida,Cali,2020-09-28 20:52:00,2021-02-18 17:07:00,2021-02-18 17:10:00,1,331200.0,0,False,36800.0,16560.0,1,9,3,2,3,2,232,Potenciales,0,0,1,0,Valor medio-alto
S7RRFV0GPA,Comercio detallista,Materiales de construcción,Bogotá D.C.,2021-02-03 13:20:00,2021-02-03 13:45:00,2021-02-03 13:51:00,1,2000.0,0,False,2000.0,100.0,3,1,1,1,1,1,111,Perdidos / Hibernando,1,1,2,1,Valor medio
S7ZY3ZC3HX,Alimentos y bebidas,Bar / Club / Discoteca,Bogotá D.C.,2021-03-15 18:12:00,2021-03-15 18:26:00,2021-03-15 18:28:00,1,17777000.0,1420000,False,317446.4285714286,888850.0,0,56,3,3,5,5,355,Leales,2,0,0,0,Valor medio-alto
S8U19UZANH,Belleza y cuidado personal,Salón de belleza,Bogotá D.C.,,,,1,372000.0,40000,False,62000.0,18600.0,0,6,4,3,2,2,322,Potenciales,0,0,1,0,Valor medio-alto
SA5ODIJS9G,Comercio detallista,Insumos,Bogotá D.C.,2021-03-29 12:06:00,2021-03-29 12:15:00,2021-03-29 12:20:00,1,2000.0,0,False,2000.0,100.0,2,1,1,1,1,1,111,Perdidos / Hibernando,1,1,2,1,Valor medio
SAIKJ8LMN6,Comercio detallista,Materiales de construcción,Bogotá D.C.,2021-03-11 16:55:00,2021-03-11 17:13:00,2021-03-11 17:15:00,1,1114400.0,0,False,101309.09090909091,55720.0,0,11,3,3,3,3,333,Leales,0,0,0,0,Valor medio-alto
SAKL1A8EFM,Belleza y cuidado personal,Centro de tatuajes,Bogotá D.C.,2021-02-11 17:25:00,2021-02-11 17:33:00,2021-02-11 17:57:00,1,4495500.0,0,False,561937.5,224775.0,0,8,4,3,3,4,334,Leales,0,0,0,0,Valor medio-alto
SBN57VP3K0,Comercio detallista,Ropa / Accesorios,Bogotá D.C.,2021-02-18 13:40:00,2021-02-18 13:52:00,2021-02-18 13:55:00,1,18507000.0,1850000,False,560818.1818181818,925350.0,0,33,4,3,5,5,355,Leales,2,0,0,0,Valor medio-alto
SBO4W1NB2W,Comercio detallista,Auto partes,Bogotá D.C.,2021-03-11 13:48:00,2021-03-11 13:58:00,2021-03-11 14:00:00,1,1729000.0,0,False,576333.3333333334,86450.0,2,3,1,1,2,3,123,Potenciales,0,1,1,1,Valor medio
SCLX0VFGXJ,Reparación y limpieza,Automotriz y autopartes,Bogotá D.C.,2021-03-11 11:44:00,2021-03-11 11:52:00,2021-03-11 11:55:00,1,1922500.0,0,False,274642.85714285716,96125.0,0,7,3,3,3,3,333,Leales,0,0,0,0,Valor medio-alto
SCVVT2ODDO,Comercio detallista,Óptica,Bogotá D.C.,2021-02-05 15:51:00,2021-02-05 15:59:00,2021-02-05 16:02:00,1,19276000.0,690000,False,520972.97297297296,963800.0,0,37,4,3,5,5,355,Leales,2,0,0,0,Valor medio-alto
SE1VGG3TWZ,Belleza y cuidado personal,Salón de belleza,Bogotá D.C.,,,,1,618750.0,44100,False,21336.206896551725,30937.5,0,29,5,3,5,2,352,Leales,2,0,0,0,Valor medio-alto
SE7F1S3TYW,Comercio detallista,Otro,Bogotá D.C.,2021-03-03 15:03:00,2021-03-03 15:17:00,2021-03-03 15:19:00,1,6141500.0,2068500,False,292452.38095238095,307075.0,0,21,3,3,4,4,344,Leales,2,0,0,0,Valor medio-alto
SEW0QQGD7C,Servicios,Arquitectura e ingeniería,Bogotá D.C.,2020-07-20 15:01:00,2021-02-05 08:25:00,2021-02-05 08:27:00,1,123600.0,14600,False,30900.0,6180.0,0,4,2,3,2,1,321,Potenciales,0,0,1,0,Valor medio-alto
SFJ198QIWC,Comercio detallista,Tienda de deportes,Bogotá D.C.,2021-03-01 17:49:00,2021-03-01 17:58:00,2021-03-01 18:01:00,1,1129000.0,0,False,188166.66666666666,56450.0,1,6,2,2,2,3,223,Potenciales,0,0,1,0,Valor medio-alto
SFQ5NJ1VBK,Alimentos y bebidas,Abarrotes / Mercado,Bogotá D.C.,2021-03-24 14:25:00,2021-03-24 14:37:00,2021-03-27 12:14:00,1,3618500.0,294800,False,41591.9540229885,180925.0,0,87,3,3,5,4,354,Leales,2,0,0,0,Valor medio-alto
SFUPLMWJ04,Comercio detallista,Óptica,Bogotá D.C.,,,,1,3232000.0,0,False,230857.14285714287,161600.0,0,14,5,3,4,4,344,Leales,0,0,0,0,Valor medio-alto
SGID6P5R9Y,Comercio detallista,Elementos del hogar,Soacha,2021-03-16 17:36:00,2021-03-16 17:41:00,2021-03-16 17:43:00,1,7300000.0,2140000,False,456250.0,365000.0,0,16,3,3,4,5,345,Leales,2,0,0,0,Valor medio-alto
SHQX15NDVC,Comercio detallista,Óptica,Bogotá D.C.,2021-02-23 13:09:00,2021-02-23 13:15:00,2021-02-23 13:18:00,1,9362000.0,2510000,False,425545.45454545453,468100.0,0,22,4,3,4,5,345,Leales,2,0,0,0,Valor medio-alto
SIBA7JOZIA,Belleza y cuidado personal,Otro,Bogotá D.C.,2021-02-16 10:49:00,2021-02-16 11:08:00,2021-02-16 11:15:00,1,38850500.0,3270000,False,2044763.1578947369,1942525.0,0,19,4,3,4,5,345,Leales,2,0,0,0,Valor medio-alto
SIFEBHNT1K,Comercio detallista,Ropa / Accesorios,Bogotá D.C.,2021-03-12 18:44:00,2021-03-12 18:53:00,2021-03-12 18:55:00,1,1355800.0,696800,False,135580.0,67790.0,0,10,3,3,3,3,333,Leales,0,0,0,0,Valor medio-alto
SJXE10M620,Belleza y cuidado personal,Spa,Bogotá D.C.,2021-03-15 12:05:00,2021-03-15 12:11:00,2021-03-15 12:15:00,1,4219500.0,0,False,183456.52173913043,210975.0,0,23,3,3,4,4,344,Leales,2,0,0,0,Valor medio-alto
SKAT1FBE4D,Comercio detallista,Óptica,Bogotá D.C.,2021-02-05 16:20:00,2021-02-05 16:27:00,2021-02-05 16:28:00,1,3432000.0,1120000,False,381333.3333333333,171600.0,0,9,4,3,3,4,334,Leales,0,0,0,0,Valor medio-alto
SKCWKOJPS6,Comercio detallista,Materiales de construcción,Bogotá D.C.,2021-03-06 15:25:00,2021-03-06 15:35:00,2021-03-06 15:39:00,1,1506000.0,0,False,376500.0,75300.0,0,4,2,3,2,3,323,Potenciales,0,0,0,0,Valor medio-alto
SKFXUN4J2P,Comercio detallista,Ropa / Accesorios,Bogotá D.C.,2021-03-23 16:13:00,2021-03-23 16:21:00,2021-03-23 16:24:00,1,8112000.0,677000,False,109621.62162162163,405600.0,0,74,3,3,5,5,355,Leales,2,0,0,0,Valor medio-alto
SL0AKHZRCD,Alimentos y bebidas,Abarrotes / Mercado,Bogotá D.C.,2021-02-22 12:11:00,2021-02-22 12:21:00,2021-02-22 12:23:00,1,2000.0,0,False,2000.0,100.0,3,1,1,1,1,1,111,Perdidos / Hibernando,1,1,2,1,Valor medio
SLE763K8PY,Comercio detallista,Auto partes,Bogotá D.C.,2021-03-10 15:16:00,2021-03-10 15:28:00,2021-03-10 15:32:00,1,1802800.0,565000,False,180280.0,90140.0,0,10,3,3,3,3,333,Leales,0,0,0,0,Valor medio-alto
SLT6BRIJUK,Transporte,Domicilios,Bogotá D.C.,2021-02-11 13:32:00,2021-02-11 13:43:00,2021-02-13 17:23:00,1,1556900.0,212000,False,64870.833333333336,77845.0,0,24,4,3,4,3,343,Leales,2,0,0,0,Valor medio-alto
SLVW7JWZKN,Comercio detallista,Auto partes,Bogotá D.C.,2021-02-16 15:58:00,2021-02-16 16:04:00,2021-02-16 16:06:00,1,7023000.0,295000,False,260111.11111111112,351150.0,0,27,4,3,4,5,345,Leales,2,0,0,0,Valor medio-alto
SMKL86LMT5,Servicios,Otro,Bogotá D.C.,2021-03-06 10:26:00,2021-03-06 10:40:00,2021-03-06 10:42:00,1,384300.0,6000,False,48037.5,19215.0,0,8,3,3,3,2,332,Leales,0,0,1,0,Valor medio-alto
SMWCOZS6S4,Comercio detallista,Óptica,Bogotá D.C.,2021-03-01 17:40:00,2021-03-01 17:49:00,2021-03-01 17:51:00,1,2000.0,0,False,2000.0,100.0,2,1,1,1,1,1,111,Perdidos / Hibernando,1,1,2,1,Valor medio
SNSJJOIPKM,Reparación y limpieza,Moda / Zapatería,Bogotá D.C.,2021-03-17 13:01:00,2021-03-17 13:42:00,2021-03-17 13:44:00,1,715000.0,0,False,119166.66666666667,35750.0,0,6,3,3,2,2,322,Potenciales,0,0,0,0,Valor medio-alto
SNVXZZ4RCS,Comercio detallista,Artesanías,Bogotá D.C.,2021-03-26 17:09:00,2021-03-26 17:24:00,2021-03-26 17:26:00,1,542000.0,305000,False,135500.0,27100.0,0,4,3,3,2,2,322,Potenciales,0,0,1,0,Valor medio-alto
SO8H05E0RA,Comercio detallista,Ropa / Accesorios,Bogotá D.C.,2021-03-16 12:01:00,2021-03-16 12:09:00,2021-03-16 12:11:00,1,5673500.0,1431100,False,84679.10447761194,283675.0,0,67,3,3,5,4,354,Leales,2,0,0,0,Valor medio-alto
SOFKCQB1MV,Transporte,Taxi,Cali,2021-03-10 16:51:00,2021-03-10 17:08:00,2021-03-10 17:10:00,1,1003000.0,350000,False,125375.0,50150.0,0,8,3,3,3,3,333,Leales,0,0,0,0,Valor medio-alto
SPK1F6M35P,Alimentos y bebidas,Abarrotes / Mercado,Bogotá D.C.,2021-03-31 10:43:00,2021-03-31 10:57:00,2021-03-31 11:03:00,1,702700.0,15500,False,21293.939393939392,35135.0,0,33,3,3,5,2,352,Leales,2,0,0,0,Valor medio-alto
SQ9BE6UBC9,Comercio detallista,Otro,Bogotá D.C.,2021-03-11 10:48:00,2021-03-11 10:58:00,2021-03-11 11:01:00,1,6142300.0,900600,False,170619.44444444444,307115.0,0,36,3,3,5,4,354,Leales,2,0,0,0,Valor medio-alto
SQBJWBYTZT,Reparación y limpieza,Automotriz y autopartes,Soacha,,,,1,12355000.0,968000,False,145352.9411764706,617750.0,0,85,5,3,5,5,355,Leales,2,0,0,0,Valor medio-alto
SQYC72AVBW,Comercio detallista,Auto partes,Bogotá D.C.,2021-03-03 12:35:00,2021-03-03 12:44:00,2021-03-03 12:45:00,1,52000.0,0,False,26000.0,2600.0,2,2,1,1,1,1,111,Perdidos / Hibernando,1,1,1,1,Valor medio
SR1EDM1D7R,Turismo y entretenimiento,Turismo,Bogotá D.C.,2021-02-08 13:10:00,2021-02-08 13:21:00,2021-02-08 13:22:00,1,2000.0,0,False,2000.0,100.0,3,1,1,1,1,1,111,Perdidos / Hibernando,1,1,2,1,Valor medio
SRN940272Y,Comercio detallista,Otro,Funza,2021-03-13 20:04:00,2021-03-13 20:20:00,2021-03-13 20:24:00,1,3094600.0,277000,False,182035.29411764705,154730.0,0,17,3,3,4,4,344,Leales,2,0,0,0,Valor medio-alto
SRO2C9K9NR,Comercio detallista,Óptica,Bogotá D.C.,,,,1,9699000.0,1230000,False,323300.0,484950.0,0,30,5,3,5,5,355,Leales,2,0,0,0,Valor medio-alto
SRPDYWZJ3G,Comercio detallista,Materiales de construcción,Bogotá D.C.,2021-03-10 12:33:00,2021-03-10 12:37:00,2021-03-10 12:39:00,1,2000.0,0,False,2000.0,100.0,2,1,1,1,1,1,111,Perdidos / Hibernando,1,1,2,1,Valor medio
SS66Y463CI,Alimentos y bebidas,Restaurante / Café,Bogotá D.C.,2021-03-19 11:41:00,2021-03-19 11:48:00,2021-03-19 11:50:00,1,7713850.0,1027000,False,41031.117021276594,385692.5,0,188,3,3,5,5,355,Leales,2,0,0,0,Valor medio-alto
SSLVCZJETO,Comercio detallista,Ropa / Accesorios,Bogotá D.C.,2021-03-12 18:11:00,2021-03-12 18:24:00,2021-03-12 18:27:00,1,1030000.0,230000,False,206000.0,51500.0,0,5,3,3,2,3,323,Potenciales,0,0,0,0,Valor medio-alto
STHRAIEXEM,Comercio detallista,Ropa / Accesorios,Bogotá D.C.,,,,1,5669000.0,517000,False,246478.26086956522,283450.0,0,23,5,3,4,4,344,Leales,2,0,0,0,Valor medio-alto
STS5BJ8FYX,Comercio detallista,Ropa / Accesorios,Bogotá D.C.,2021-03-15 13:07:00,2021-03-15 13:15:00,2021-03-15 13:17:00,1,517000.0,380000,False,129250.0,25850.0,0,4,3,3,2,2,322,Potenciales,0,0,1,0,Valor medio-alto
STZTL77NMM,Comercio detallista,Artesanías,Chía,2021-03-26 13:58:00,2021-03-26 14:08:00,2021-03-26 14:10:00,1,307000.0,0,False,61400.0,15350.0,1,5,2,2,2,2,222,Perdidos / Hibernando,0,0,1,0,Valor medio-alto
SUA5G7M91B,Belleza y cuidado personal,Spa,Bogotá D.C.,2021-03-19 14:03:00,2021-03-19 14:16:00,2021-03-19 14:21:00,1,3019604.0,204500,False,143790.66666666666,150980.2,0,21,3,3,4,4,344,Leales,2,0,0,0,Valor medio-alto
SUFJVWO7ZT,Comercio detallista,Tienda de deportes,Bogotá D.C.,2021-03-17 12:10:00,2021-03-17 12:19:00,2021-03-17 12:22:00,1,2000.0,0,False,2000.0,100.0,2,1,1,1,1,1,111,Perdidos / Hibernando,1,1,2,1,Valor medio
SUPG0J4TH3,Belleza y cuidado personal,Salón de belleza,Soacha,,,,1,1144000.0,205000,False,67294.11764705883,57200.0,0,17,6,3,4,3,343,Leales,0,0,0,0,Valor medio-alto
SV3T0W8TD8,Servicios,Otro,Bogotá D.C.,2021-03-11 15:12:00,2021-03-11 15:23:00,2021-03-11 15:25:00,2,413900.0,0,False,68983.33333333333,20695.0,1,6,2,2,2,2,222,Perdidos / Hibernando,0,2,1,2,Valor alto
SVNSGHZ2SE,Comercio detallista,Insumos,Bogotá D.C.,2021-03-25 08:45:00,2021-03-25 08:54:00,2021-03-25 08:58:00,1,2000.0,0,False,2000.0,100.0,2,1,1,1,1,1,111,Perdidos / Hibernando,1,1,2,1,Valor medio
SVO9EX4FQZ,Belleza y cuidado personal,Otro,Bogotá D.C.,2021-03-03 15:55:00,2021-03-03 16:08:00,2021-03-03 16:12:00,1,5297900.0,616500,False,59526.96629213483,264895.0,0,89,3,3,5,4,354,Leales,2,0,0,0,Valor medio-alto
SVX9QAGY3E,Servicios,Otro,Bogotá D.C.,2020-09-17 16:22:00,2021-02-04 13:34:00,2021-02-04 13:39:00,1,14000.0,0,False,3500.0,700.0,1,4,2,2,2,1,221,Perdidos / Hibernando,1,1,1,1,Valor medio
SWLG7R2XAH,Comercio detallista,Tecnología,Bogotá D.C.,2021-03-12 17:13:00,2021-03-12 17:23:00,2021-03-12 17:27:00,1,60638400.0,2718900,False,1783482.3529411764,3031920.0,0,34,3,3,5,5,355,Leales,2,0,0,0,Valor medio-alto
SWWRN3RUO8,Belleza y cuidado personal,Otro,Bogotá D.C.,2021-03-05 16:47:00,2021-03-05 16:58:00,2021-03-05 17:00:00,1,1258000.0,70000,False,69888.88888888889,62900.0,0,18,3,3,4,3,343,Leales,2,0,0,0,Valor medio-alto
SWXSX90JH3,Comercio detallista,Insumos,Zipaquirá,2021-03-19 13:28:00,2021-03-19 13:36:00,2021-03-19 13:39:00,1,980600.0,97800,False,42634.782608695656,49030.0,0,23,3,3,4,3,343,Leales,2,0,0,0,Valor medio-alto
SXATJ3AKG4,Servicios,Tecnología y software,Bogotá D.C.,2021-03-29 13:36:00,2021-03-29 13:41:00,2021-03-29 13:43:00,1,1833800.0,265000,False,101877.77777777778,91690.0,0,18,3,3,4,3,343,Leales,2,0,0,0,Valor medio-alto
SY0QKWNVDI,Servicios,Carpintería,Bogotá D.C.,,,,1,65847000.0,4215000,False,627114.2857142857,3292350.0,0,105,6,3,5,5,355,Leales,2,0,0,0,Valor medio-alto
SY4WAHXHX0,Comercio detallista,Óptica,Bogotá D.C.,,,,1,2000.0,0,False,2000.0,100.0,4,1,1,1,1,1,111,Perdidos / Hibernando,1,1,2,1,Valor medio
SYA9SAIKYN,Alimentos y bebidas,Restaurante / Café,Bogotá D.C.,2021-03-23 15:57:00,2021-03-23 16:03:00,2021-03-23 16:05:00,1,1214500.0,317000,False,40483.333333333336,60725.0,0,30,3,3,5,3,353,Leales,2,0,0,0,Valor medio-alto
SZSGIA9NJW,Comercio detallista,Otro,Bogotá D.C.,2021-03-15 16:05:00,2021-03-15 16:27:00,2021-03-15 16:29:00,1,3665600.0,1230000,False,610933.3333333334,183280.0,0,6,3,3,2,4,324,Potenciales,0,0,0,0,Valor medio-alto
T0G1GZDVVD,Servicios,Diseño / Fotografía,Bogotá D.C.,2021-03-03 14:36:00,2021-03-03 14:49:00,2021-03-03 14:51:00,1,8021000.0,1298000,False,123400.0,401050.0,0,65,3,3,5,5,355,Leales,2,0,0,0,Valor medio-alto
T1RAI2T1ZT,Servicios,Otro,Bogotá D.C.,,,,1,5839400.0,209600,False,64169.230769230766,291970.0,0,91,6,3,5,4,354,Leales,2,0,0,0,Valor medio-alto
T1UA6GDYQZ,Comercio detallista,Otro,Bogotá D.C.,2021-02-26 14:56:00,2021-02-26 15:11:00,2021-02-26 15:17:00,1,20840400.0,849400,False,336135.48387096776,1042020.0,0,62,4,3,5,5,355,Leales,2,0,0,0,Valor medio-alto
T1Y4MS7DZW,Comercio detallista,Óptica,Bogotá D.C.,2021-03-04 16:57:00,2021-03-04 17:06:00,2021-03-04 17:13:00,1,25757000.0,6210000,False,643925.0,1287850.0,0,40,3,3,5,5,355,Leales,2,0,0,0,Valor medio-alto
T22SPRSU4U,Comercio detallista,Ropa / Accesorios,Bogotá D.C.,2021-03-01 16:37:00,2021-03-01 16:45:00,2021-03-01 16:47:00,1,725800.0,237100,False,48386.666666666664,36290.0,0,15,3,3,4,2,342,Leales,0,0,0,0,Valor medio-alto
T2IWST39MN,Comercio detallista,Otro,Bogotá D.C.,2021-03-15 12:51:00,2021-03-15 12:57:00,2021-03-15 12:59:00,1,944000.0,400000,False,188800.0,47200.0,0,5,3,3,2,2,322,Potenciales,0,0,0,0,Valor medio-alto
T3FG0Q1GKM,Comercio detallista,Ropa / Accesorios,Soacha,2021-03-18 15:38:00,2021-03-18 16:00:00,2021-03-18 16:02:00,1,4567000.0,520000,False,175653.84615384616,228350.0,0,26,3,3,4,4,344,Leales,2,0,0,0,Valor medio-alto
T3LIBLT57Y,Comercio detallista,Ropa / Accesorios,Bogotá D.C.,2021-03-23 11:01:00,2021-03-23 11:22:00,2021-03-23 11:24:00,1,5507000.0,2231000,False,166878.78787878787,275350.0,0,33,3,3,5,4,354,Leales,2,0,0,0,Valor medio-alto
T40ETAPA93,Reparación y limpieza,Automotriz y autopartes,Bogotá D.C.,2021-03-06 09:21:00,2021-03-06 09:35:00,2021-03-06 09:37:00,1,5128750.0,1239750,False,155416.66666666666,256437.5,0,33,3,3,5,4,354,Leales,2,0,0,0,Valor medio-alto
T44INKDUW8,Comercio detallista,Insumos,Bogotá D.C.,,,,1,438000.0,385000,False,146000.0,21900.0,2,3,3,1,2,2,122,Perdidos / Hibernando,1,0,1,0,Valor medio-alto
T5A3QEAOP0,Comercio detallista,Muebles / Decoración,Bogotá D.C.,2021-03-12 16:34:00,2021-03-12 16:43:00,2021-03-12 16:45:00,1,256000.0,0,False,85333.33333333333,12800.0,1,3,2,2,2,2,222,Perdidos / Hibernando,0,0,1,0,Valor medio-alto
T5IQ32J16E,Comercio detallista,Muebles / Decoración,Soacha,,,,1,12453400.0,0,False,498136.0,622670.0,0,25,6,3,4,5,345,Leales,2,0,0,0,Valor medio-alto
T5WZ0R5S4U,Comercio detallista,Otro,Bogotá D.C.,2021-03-11 14:15:00,2021-03-11 14:21:00,2021-03-11 14:23:00,1,1819800.0,0,False,454950.0,90990.0,0,4,3,3,2,3,323,Potenciales,0,0,0,0,Valor medio-alto
T7A9FL6X84,Comercio detallista,Auto partes,Bogotá D.C.,2021-03-09 10:02:00,2021-03-09 10:19:00,2021-03-09 10:23:00,1,4385800.0,213000,False,137056.25,219290.0,0,32,3,3,5,4,354,Leales,2,0,0,0,Valor medio-alto
T7COJQ2Y6M,Comercio detallista,Tecnología,Funza,2021-03-13 17:46:00,2021-03-13 17:58:00,2021-03-13 18:03:00,1,1300750.0,0,False,162593.75,65037.5,1,8,2,2,3,3,233,Potenciales,0,0,1,0,Valor medio-alto
T7LPUTVYU5,Comercio detallista,Óptica,Bogotá D.C.,2021-03-02 12:56:00,2021-03-02 13:00:00,2021-03-02 13:02:00,1,4207000.0,420000,False,467444.44444444444,210350.0,0,9,2,3,3,4,334,Leales,0,0,0,0,Valor medio-alto
T7OQLHJQ3Z,Comercio detallista,Ropa / Accesorios,Bogotá D.C.,2021-03-19 16:30:00,2021-03-19 16:37:00,2021-03-19 16:41:00,1,1283000.0,585000,False,213833.33333333334,64150.0,0,6,2,3,2,3,323,Potenciales,0,0,0,0,Valor medio-alto
T8AU3J52LE,Comercio detallista,Óptica,Bogotá D.C.,,,,1,842000.0,590000,False,421000.0,42100.0,0,2,2,3,1,2,312,Potenciales,0,0,1,0,Valor medio-alto
T8UOTAWTY0,Transporte,Servicio especial,Bogotá D.C.,2021-03-19 10:14:00,2021-03-19 10:24:00,2021-03-19 10:27:00,1,1000.0,0,False,1000.0,50.0,2,1,1,1,1,1,111,Perdidos / Hibernando,1,1,2,1,Valor medio
T8XKTLFTV2,Servicios,Otro,Bogotá D.C.,2021-03-02 13:49:00,2021-03-02 14:03:00,2021-03-02 14:10:00,1,43183250.0,12725400,False,440645.4081632653,2159162.5,0,98,3,3,5,5,355,Leales,2,0,0,0,Valor medio-alto
T93FSJVFHN,Comercio detallista,Tecnología,Buenaventura,2021-03-19 11:53:00,2021-03-19 11:59:00,2021-03-19 12:01:00,1,2000.0,0,False,1000.0,100.0,2,2,1,1,1,1,111,Perdidos / Hibernando,1,1,2,1,Valor medio
T9ERBNY265,Comercio detallista,Materiales de construcción,Bogotá D.C.,,,,1,5127575.0,267500,False,394428.8461538461,256378.75,0,13,5,3,3,4,334,Leales,2,0,0,0,Valor medio-alto
TA14L7V6QY,Alimentos y bebidas,Abarrotes / Mercado,Chía,2021-03-19 16:21:00,2021-03-19 16:31:00,2021-03-19 16:33:00,1,5653000.0,1156000,False,99175.43859649122,282650.0,0,57,3,3,5,4,354,Leales,2,0,0,0,Valor medio-alto
TADYP2MUAQ,Comercio detallista,Elementos de seguridad,Bogotá D.C.,2021-03-25 13:57:00,2021-03-25 14:05:00,2021-03-25 14:07:00,1,2210700.0,432050,False,147380.0,110535.0,0,15,3,3,4,3,343,Leales,0,0,0,0,Valor medio-alto
TAQKXRS32U,Servicios,Tecnología y software,Bogotá D.C.,2021-03-15 15:40:00,2021-03-15 15:52:00,2021-03-15 15:57:00,1,4347500.0,797500,False,869500.0,217375.0,0,5,3,3,2,4,324,Potenciales,0,0,0,0,Valor medio-alto
TB1M837LPR,Comercio detallista,Ropa / Accesorios,Bogotá D.C.,2021-03-30 16:59:00,2021-03-30 17:06:00,2021-03-30 17:10:00,1,333500.0,0,False,83375.0,16675.0,0,4,3,3,2,2,322,Potenciales,0,0,1,0,Valor medio-alto
TB1UOOETGJ,Reparación y limpieza,Moda / Zapatería,Bogotá D.C.,2021-03-10 13:22:00,2021-03-10 13:33:00,2021-03-10 13:36:00,1,6079000.0,1426000,False,159973.68421052632,303950.0,0,38,2,3,5,4,354,Leales,2,0,0,0,Valor medio-alto
TBVPQMONLA,Transporte,Taxi,Cali,2021-03-23 09:51:00,2021-03-23 09:55:00,2021-03-23 09:58:00,1,1000.0,0,False,1000.0,50.0,2,1,1,1,1,1,111,Perdidos / Hibernando,1,1,2,1,Valor medio
TCZWGLDUX8,Comercio detallista,Joyería,Bogotá D.C.,2021-03-19 16:06:00,2021-03-19 16:17:00,2021-03-19 16:19:00,1,2218000.0,165000,False,79214.28571428571,110900.0,0,28,3,3,4,3,343,Leales,2,0,0,0,Valor medio-alto
TD4DFR9DJT,Comercio detallista,Otro,Bogotá D.C.,2021-03-25 09:39:00,2021-03-25 09:46:00,2021-03-25 09:50:00,1,6692000.0,1150000,False,113423.72881355933,334600.0,0,59,3,3,5,5,355,Leales,2,0,0,0,Valor medio-alto
TDVGHAU1AU,Comercio detallista,Óptica,Bogotá D.C.,2021-03-04 16:06:00,2021-03-04 16:19:00,2021-03-04 16:21:00,1,5627000.0,200000,False,267952.38095238095,281350.0,0,21,3,3,4,4,344,Leales,2,0,0,0,Valor medio-alto
TEFLZ69391,Belleza y cuidado personal,Distribuidora,Bogotá D.C.,,,,1,5189500.0,0,False,126573.17073170732,259475.0,0,41,6,3,5,4,354,Leales,2,0,0,0,Valor medio-alto
TEWRPWPCRZ,Comercio detallista,Materiales de construcción,Bogotá D.C.,2021-03-06 12:13:00,2021-03-06 12:20:00,2021-03-06 12:23:00,1,2378400.0,1040000,False,339771.4285714286,118920.0,0,7,3,3,3,3,333,Leales,0,0,0,0,Valor medio-alto
TF51NUP0L0,Comercio detallista,Elementos del hogar,Bogotá D.C.,2021-02-05 09:04:00,2021-02-05 09:13:00,2021-02-05 09:20:00,1,19321600.0,2009000,False,690057.1428571428,966080.0,0,28,4,3,4,5,345,Leales,2,0,0,0,Valor medio-alto
TGSOPF694I,Reparación y limpieza,Automotriz y autopartes,Mosquera,2021-03-30 10:50:00,2021-03-30 11:03:00,2021-03-30 11:06:00,1,4006736.0,1402000,False,400673.6,200336.80000000002,0,10,3,3,3,4,334,Leales,0,0,0,0,Valor medio-alto
TGZ8O2005S,Comercio detallista,Óptica,Bogotá D.C.,,,,1,1882000.0,0,False,235250.0,94100.0,3,8,2,1,3,3,133,Potenciales,1,0,1,0,Valor medio-alto
THIPM8441Z,Comercio detallista,Insumos,Bogotá D.C.,2021-03-06 10:33:00,2021-03-06 10:58:00,2021-03-06 11:03:00,1,732742.0,0,False,122123.66666666667,36637.1,0,6,2,3,2,2,322,Potenciales,0,0,0,0,Valor medio-alto
THZBZ9IJOG,Comercio detallista,Materiales de construcción,Bogotá D.C.,2021-03-06 17:23:00,2021-03-06 17:34:00,2021-03-06 17:36:00,1,3057400.0,0,False,254783.33333333334,152870.0,2,12,1,1,3,4,134,Potenciales,0,0,1,0,Valor medio-alto
TIFBK87HPS,Comercio detallista,Óptica,Bogotá D.C.,2021-03-03 18:09:00,2021-03-03 18:16:00,2021-03-03 18:18:00,1,2000.0,0,False,2000.0,100.0,2,1,1,1,1,1,111,Perdidos / Hibernando,1,1,2,1,Valor medio
TJ46Q8YF3E,Comercio detallista,Otro,Bogotá D.C.,2021-03-06 12:12:00,2021-03-06 12:25:00,2021-03-06 12:28:00,1,2189800.0,518000,False,104276.19047619047,109490.0,0,21,3,3,4,3,343,Leales,2,0,0,0,Valor medio-alto
TJ6D1YO637,Comercio detallista,Elementos de seguridad,Bogotá D.C.,2021-02-23 17:51:00,2021-02-23 17:58:00,2021-02-23 18:00:00,1,14307750.0,2390000,False,420816.17647058825,715387.5,0,34,4,3,5,5,355,Leales,2,0,0,0,Valor medio-alto
TJFIYY6ILP,Comercio detallista,Ropa / Accesorios,Bogotá D.C.,2021-03-18 09:42:00,2021-03-18 09:54:00,2021-03-18 09:56:00,1,1443000.0,750000,False,131181.81818181818,72150.0,0,11,3,3,3,3,333,Leales,0,0,0,0,Valor medio-alto
TJJOYVF9JP,Comercio detallista,Ropa / Accesorios,Bogotá D.C.,2021-03-18 10:11:00,2021-03-18 10:19:00,2021-03-18 10:25:00,1,3269000.0,786000,False,155666.66666666666,163450.0,0,21,3,3,4,4,344,Leales,2,0,0,0,Valor medio-alto
TJRIHECJ4R,Comercio detallista,Venta de bicicletas y accesorios,Bogotá D.C.,2021-03-10 12:31:00,2021-03-10 12:39:00,2021-03-10 12:42:00,1,3338100.0,1635000,False,667620.0,166905.0,0,5,2,3,2,4,324,Potenciales,0,0,0,0,Valor medio-alto
TJXCBUROGB,Servicios,Tecnología y software,Bogotá D.C.,2021-03-08 13:59:00,2021-03-08 14:11:00,2021-03-08 14:13:00,1,3510065.0,0,False,390007.22222222225,175503.25,0,9,3,3,3,4,334,Leales,0,0,0,0,Valor medio-alto
TKJRIFMIXE,Servicios,Otro,Bogotá D.C.,,,,1,5337000.0,0,False,1779000.0,266850.0,5,3,1,1,2,4,124,Potenciales,1,1,2,1,Valor medio
TL51GXCW9C,Comercio detallista,Óptica,Bogotá D.C.,2021-02-15 12:35:00,2021-02-15 12:43:00,2021-02-15 12:45:00,1,1981000.0,0,False,141500.0,99050.0,0,14,3,3,4,3,343,Leales,0,0,0,0,Valor medio-alto
TLLKQGW59L,Comercio detallista,Otro,Funza,2021-03-14 16:49:00,2021-03-14 16:55:00,2021-03-14 16:59:00,1,92000.0,45000,False,23000.0,4600.0,0,4,3,3,2,1,321,Potenciales,0,0,1,0,Valor medio-alto
TLPTK771KH,Comercio detallista,Artesanías,Bogotá D.C.,2021-03-26 13:38:00,2021-03-26 13:44:00,2021-03-26 13:47:00,1,1581000.0,445000,False,98812.5,79050.0,0,16,3,3,4,3,343,Leales,0,0,0,0,Valor medio-alto
TLX916FDJU,Comercio detallista,Otro,Bogotá D.C.,2021-03-06 12:36:00,2021-03-06 12:48:00,2021-03-06 12:54:00,1,1037000.0,0,False,94272.72727272728,51850.0,0,11,3,3,3,3,333,Leales,0,0,0,0,Valor medio-alto
TMJ1ZUBQMF,Turismo y entretenimiento,Entretenimiento,Bogotá D.C.,2021-03-25 12:54:00,2021-03-25 13:00:00,2021-03-25 13:02:00,1,527000.0,295000,False,263500.0,26350.0,2,2,1,1,1,2,112,Perdidos / Hibernando,1,1,1,1,Valor medio
TN521SU4X8,Servicios,Tecnología y software,Soacha,2021-03-10 13:41:00,2021-03-10 13:47:00,2021-03-10 14:09:00,1,14713800.0,1821200,False,1337618.1818181819,735690.0,0,11,2,3,3,5,335,Leales,2,0,0,0,Valor medio-alto
TNR700NHWW,Comercio detallista,Tecnología,Bogotá D.C.,2021-03-12 14:55:00,2021-03-12 15:01:00,2021-03-12 15:04:00,1,4612200.0,1623200,False,329442.85714285716,230610.0,0,14,3,3,4,4,344,Leales,2,0,0,0,Valor medio-alto
TNTRQGEFKT,Comercio detallista,Materiales de construcción,Soacha,,,,1,12015549.0,329500,False,480621.96,600777.4500000001,0,25,5,3,4,5,345,Leales,2,0,0,0,Valor medio-alto
TORKEZQN2F,Alimentos y bebidas,Restaurante / Café,Cota,2021-03-16 11:45:00,2021-03-16 12:03:00,2021-03-16 12:05:00,2,1608500.0,0,False,29787.037037037036,80425.0,1,54,2,2,5,3,253,En riesgo (antes valiosos),2,2,0,2,Valor alto
TOUPYTP2LT,Servicios,Logística,Bogotá D.C.,2021-03-09 09:29:00,2021-03-09 09:36:00,2021-03-09 09:38:00,1,52000.0,0,False,17333.333333333332,2600.0,1,3,2,2,2,1,221,Perdidos / Hibernando,0,1,1,1,Valor medio
TOX3EIK8Y8,Comercio detallista,Elementos de seguridad,Bogotá D.C.,2021-03-20 13:59:00,2021-03-20 14:14:00,2021-03-20 14:17:00,1,1849200.0,0,False,184920.0,92460.0,0,10,3,3,3,3,333,Leales,0,0,0,0,Valor medio-alto
TQ1RPUNQK8,Belleza y cuidado personal,Distribuidora,Bogotá D.C.,2021-03-12 15:19:00,2021-03-12 15:27:00,2021-03-12 15:28:00,1,86000.0,0,False,17200.0,4300.0,1,5,2,2,2,1,221,Perdidos / Hibernando,0,1,1,1,Valor medio
TQBGMQEQ7U,Alimentos y bebidas,Abarrotes / Mercado,Bogotá D.C.,2021-03-09 14:14:00,2021-03-09 14:28:00,2021-03-09 14:35:00,1,6352600.0,680800,False,35688.76404494382,317630.0,0,178,3,3,5,5,355,Leales,2,0,0,0,Valor medio-alto
TQXLCK2ZVT,Comercio detallista,Juguetería / Piñatería,Bogotá D.C.,2021-03-10 11:18:00,2021-03-10 11:25:00,2021-03-10 11:28:00,1,8527800.0,99000,False,315844.44444444444,426390.0,0,27,3,3,4,5,345,Leales,2,0,0,0,Valor medio-alto
TR44AQ77V6,Comercio detallista,Otro,Bogotá D.C.,2021-03-23 10:55:00,2021-03-23 11:16:00,2021-03-23 11:21:00,1,662000.0,0,False,220666.66666666666,33100.0,0,3,2,3,2,2,322,Potenciales,0,0,0,0,Valor medio-alto
TRARJ9HF15,Comercio detallista,Óptica,Bogotá D.C.,2021-02-24 16:40:00,2021-02-24 16:46:00,2021-02-24 16:49:00,1,9118000.0,1220000,False,350692.3076923077,455900.0,0,26,4,3,4,5,345,Leales,2,0,0,0,Valor medio-alto
TRONLEEJSX,Belleza y cuidado personal,Distribuidora,Bogotá D.C.,,,,1,4087940.0,385780,False,71718.24561403508,204397.0,0,57,5,3,5,4,354,Leales,2,0,0,0,Valor medio-alto
TRUQXV70BK,Comercio detallista,Óptica,Bogotá D.C.,,,,1,1682000.0,0,False,280333.3333333333,84100.0,1,6,5,2,2,3,223,Potenciales,0,0,1,0,Valor medio-alto
TS9YBCNEC8,Comercio detallista,Elementos del hogar,Bogotá D.C.,2021-03-15 16:19:00,2021-03-15 16:39:00,2021-03-15 16:41:00,1,1646100.0,260500,False,58789.28571428572,82305.0,0,28,3,3,4,3,343,Leales,2,0,0,0,Valor medio-alto
TSQC1NMCVX,Servicios,Tecnología y software,Bogotá D.C.,2021-03-25 14:39:00,2021-03-25 14:45:00,2021-03-25 14:49:00,1,145000.0,0,False,72500.0,7250.0,0,2,2,3,1,1,311,Potenciales,0,0,1,0,Valor medio-alto
TSRB7O4OAT,Comercio detallista,Tienda de deportes,Bogotá D.C.,2021-03-30 13:03:00,2021-03-30 13:10:00,2021-03-30 13:13:00,1,2745000.0,593000,False,457500.0,137250.0,0,6,3,3,2,4,324,Potenciales,0,0,0,0,Valor medio-alto
TT8MZH9Z31,Turismo y entretenimiento,Entretenimiento,Bogotá D.C.,2021-03-02 13:45:00,2021-03-02 13:52:00,2021-03-02 13:55:00,1,2000.0,0,False,2000.0,100.0,2,1,1,1,1,1,111,Perdidos / Hibernando,1,1,2,1,Valor medio
TTVSQ2JCGI,Alimentos y bebidas,Licores,Bogotá D.C.,2021-03-10 18:55:00,2021-03-10 19:03:00,2021-03-10 19:18:00,1,1969450.0,319500,False,67912.06896551725,98472.5,0,29,3,3,5,3,353,Leales,2,0,0,0,Valor medio-alto
TUHQEIK3UF,Servicios,Otro,Bogotá D.C.,2021-03-19 13:22:00,2021-03-19 13:36:00,2021-03-19 18:12:00,1,14181200.0,3340500,False,489006.8965517241,709060.0,0,29,3,3,5,5,355,Leales,2,0,0,0,Valor medio-alto
TUIXI71RXM,Comercio detallista,Óptica,Soacha,,,,1,1844000.0,0,False,167636.36363636365,92200.0,1,11,4,2,3,3,233,Potenciales,0,0,1,0,Valor medio-alto
TUOJCUB9FF,Belleza y cuidado personal,Spa,Bogotá D.C.,2021-03-08 15:35:00,2021-03-08 15:46:00,2021-03-08 15:49:00,1,9892000.0,550000,False,618250.0,494600.0,0,16,3,3,4,5,345,Leales,2,0,0,0,Valor medio-alto
TUPODMK9SX,Servicios,Medicina / Odontología,Bogotá D.C.,,,,1,9162000.0,0,False,538941.1764705882,458100.0,0,17,4,3,4,5,345,Leales,2,0,0,0,Valor medio-alto
TV6FHFMDOT,Comercio detallista,Elementos del hogar,Bogotá D.C.,2021-03-12 17:32:00,2021-03-12 17:41:00,2021-03-12 17:43:00,1,11675950.0,2471800,False,119142.3469387755,583797.5,0,98,3,3,5,5,355,Leales,2,0,0,0,Valor medio-alto
TVIVZU2TQB,Comercio detallista,Venta de bicicletas y accesorios,Bogotá D.C.,2021-03-23 13:27:00,2021-03-23 13:37:00,2021-03-23 13:41:00,1,5368000.0,190000,False,335500.0,268400.0,0,16,3,3,4,4,344,Leales,2,0,0,0,Valor medio-alto
TYGDV3DFKZ,Comercio detallista,Ropa / Accesorios,Bogotá D.C.,2021-03-27 11:58:00,2021-03-27 12:23:00,2021-03-27 12:26:00,1,478000.0,0,False,47800.0,23900.0,0,10,3,3,3,2,332,Leales,0,0,0,0,Valor medio-alto
TYH7ACEGFK,Comercio detallista,Tecnología,Bogotá D.C.,2021-03-19 10:50:00,2021-03-19 11:07:00,2021-03-19 11:12:00,1,4179100.0,2457500,False,417910.0,208955.0,0,10,2,3,3,4,334,Leales,0,0,0,0,Valor medio-alto
TYJAI2F35M,Comercio detallista,Óptica,Bogotá D.C.,2021-02-10 16:57:00,2021-02-10 17:02:00,2021-02-10 17:04:00,1,7336000.0,1232000,False,407555.55555555556,366800.0,0,18,4,3,4,5,345,Leales,2,0,0,0,Valor medio-alto
TYWXW8MHZ8,Alimentos y bebidas,Comida rápida,Bogotá D.C.,2021-03-09 16:35:00,2021-03-09 16:43:00,2021-03-09 16:46:00,1,71500.0,17000,False,17875.0,3575.0,0,4,3,3,2,1,321,Potenciales,0,0,1,0,Valor medio-alto
TZ5718UIVI,Comercio detallista,Óptica,Bogotá D.C.,2021-02-25 13:11:00,2021-02-25 13:42:00,2021-02-25 13:43:00,1,2861000.0,0,False,260090.9090909091,143050.0,0,11,4,3,3,4,334,Leales,0,0,0,0,Valor medio-alto
TZDSZSLX54,Comercio detallista,Ropa / Accesorios,Bogotá D.C.,2021-03-23 12:18:00,2021-03-23 12:26:00,2021-03-23 12:28:00,1,302000.0,0,False,75500.0,15100.0,0,4,3,3,2,2,322,Potenciales,0,0,1,0,Valor medio-alto
TZFMI8IOPD,Comercio detallista,Ropa / Accesorios,Bogotá D.C.,2021-03-26 10:56:00,2021-03-26 11:07:00,2021-03-26 11:10:00,1,1783400.0,735000,False,178340.0,89170.0,0,10,3,3,3,3,333,Leales,0,0,0,0,Valor medio-alto
TZM2W5H1TL,Comercio detallista,Elementos del hogar,Bogotá D.C.,2021-03-18 11:32:00,2021-03-18 11:42:00,2021-03-18 11:45:00,1,402000.0,0,False,201000.0,20100.0,1,2,2,2,1,2,212,Perdidos / Hibernando,0,0,1,0,Valor medio-alto
U08S6EFFJD,Comercio detallista,Ropa / Accesorios,Floridablanca,2021-02-15 12:32:00,2021-02-16 20:57:00,2021-02-16 21:06:00,1,3312000.0,0,False,828000.0,165600.0,2,4,2,1,2,4,124,Potenciales,0,0,1,0,Valor medio-alto
U0E32Q2V7R,Belleza y cuidado personal,Distribuidora,Bogotá D.C.,2021-02-16 08:22:00,2021-02-16 09:49:00,2021-02-16 15:16:00,1,2000.0,0,False,2000.0,100.0,3,1,1,1,1,1,111,Perdidos / Hibernando,1,1,2,1,Valor medio
U1AN8ZI8PQ,Comercio detallista,Otro,Fusagasugá,2021-03-18 15:46:00,2021-03-18 16:01:00,2021-03-18 16:03:00,1,568000.0,360000,False,142000.0,28400.0,0,4,2,3,2,2,322,Potenciales,0,0,1,0,Valor medio-alto
U2F47BV909,Servicios,Otro,Bogotá D.C.,2021-03-17 10:53:00,2021-03-17 10:59:00,2021-03-17 11:02:00,1,3826000.0,1680000,False,956500.0,191300.0,0,4,3,3,2,4,324,Potenciales,0,0,0,0,Valor medio-alto
U32UJILHDJ,Comercio detallista,Otro,Bogotá D.C.,2021-03-30 15:41:00,2021-03-30 15:48:00,2021-03-30 15:50:00,1,180600.0,80800,False,90300.0,9030.0,0,2,2,3,1,2,312,Potenciales,0,0,1,0,Valor medio-alto
U346XAJGLR,Comercio detallista,Ropa / Accesorios,Bogotá D.C.,2021-03-19 18:04:00,2021-03-19 18:13:00,2021-03-19 18:17:00,1,4020000.0,1018000,False,167500.0,201000.0,0,24,3,3,4,4,344,Leales,2,0,0,0,Valor medio-alto
U37LXH6F8S,Comercio detallista,Otro,Bogotá D.C.,2021-02-11 14:49:00,2021-02-11 15:00:00,2021-02-11 15:02:00,1,2000.0,0,False,2000.0,100.0,3,1,1,1,1,1,111,Perdidos / Hibernando,1,1,2,1,Valor medio
U3P5YAHURZ,Comercio detallista,Óptica,Bogotá D.C.,2021-03-26 13:53:00,2021-03-26 14:00:00,2021-03-26 14:05:00,1,15403000.0,3890000,False,570481.4814814815,770150.0,0,27,3,3,4,5,345,Leales,2,0,0,0,Valor medio-alto
U3UKTMMERT,Turismo y entretenimiento,Gimnasio,Bogotá D.C.,2021-03-10 10:38:00,2021-03-10 10:50:00,2021-03-10 10:52:00,1,321000.0,0,False,107000.0,16050.0,0,3,2,3,2,2,322,Potenciales,0,0,1,0,Valor medio-alto
U47LAMPNXT,Comercio detallista,Ropa / Accesorios,Bogotá D.C.,2021-03-24 14:20:00,2021-03-24 14:30:00,2021-03-24 14:39:00,1,1917000.0,909000,False,213000.0,95850.0,0,9,3,3,3,3,333,Leales,0,0,0,0,Valor medio-alto
U4IL4810TY,Comercio detallista,Elementos del hogar,Bogotá D.C.,2021-03-09 09:12:00,2021-03-09 09:32:00,2021-03-09 09:36:00,1,12954000.0,4090000,False,1295400.0,647700.0,0,10,3,3,3,5,335,Leales,0,0,0,0,Valor medio-alto
U537Q5B619,Belleza y cuidado personal,Salón de belleza,Bogotá D.C.,,,,1,33113690.0,4222000,False,123099.21933085502,1655684.5,0,269,6,3,5,5,355,Leales,2,0,0,0,Valor medio-alto
U53P530MSH,Alimentos y bebidas,Restaurante / Café,Cota,2021-03-16 13:04:00,2021-03-16 13:23:00,2021-03-16 13:25:00,1,2573300.0,890800,False,98973.07692307692,128665.0,0,26,3,3,4,4,344,Leales,2,0,0,0,Valor medio-alto
U5G2MD72PI,Belleza y cuidado personal,Salón de belleza,Yumbo,2021-03-13 15:30:00,2021-03-13 15:47:00,2021-03-13 15:51:00,1,340200.0,94000,False,30927.272727272728,17010.0,0,11,3,3,3,2,332,Leales,0,0,0,0,Valor medio-alto
U5GKM0CV0Y,Servicios,Otro,Bogotá D.C.,,,,1,2000.0,0,False,2000.0,100.0,4,1,1,1,1,1,111,Perdidos / Hibernando,1,1,2,1,Valor medio
U7RF1GKNXK,Comercio detallista,Óptica,Bogotá D.C.,2021-03-19 16:10:00,2021-03-19 16:15:00,2021-03-19 16:18:00,1,2286000.0,0,False,254000.0,114300.0,0,9,3,3,3,3,333,Leales,0,0,0,0,Valor medio-alto
U87HNFXQL0,Comercio detallista,Tienda de deportes,Bogotá D.C.,2021-02-03 13:29:00,2021-02-03 13:57:00,2021-02-03 14:01:00,1,1238000.0,152000,False,88428.57142857143,61900.0,0,14,4,3,4,3,343,Leales,0,0,0,0,Valor medio-alto
U8S82E7WL8,Reparación y limpieza,Automotriz y autopartes,Bogotá D.C.,2021-03-16 12:44:00,2021-03-16 12:48:00,2021-03-16 12:53:00,1,4016000.0,780000,False,365090.9090909091,200800.0,0,11,3,3,3,4,334,Leales,0,0,0,0,Valor medio-alto
U9AD7ZN0GD,Comercio detallista,Óptica,Bogotá D.C.,,,,1,9738500.0,500000,False,263202.7027027027,486925.0,0,37,5,3,5,5,355,Leales,2,0,0,0,Valor medio-alto
U9QUEW1DE8,Comercio detallista,Muebles / Decoración,Bogotá D.C.,2021-02-11 12:35:00,2021-02-11 12:53:00,2021-02-11 12:55:00,1,5958000.0,1380000,False,662000.0,297900.0,0,9,4,3,3,4,334,Leales,0,0,0,0,Valor medio-alto
U9RKIBIXL9,Comercio detallista,Tecnología,El Rosal,2021-03-16 12:57:00,2021-03-16 13:07:00,2021-03-16 13:09:00,1,3099600.0,0,False,619920.0,154980.0,0,5,3,3,2,4,324,Potenciales,0,0,0,0,Valor medio-alto
UAV5950XUT,Servicios,Contabilidad / Asesorías,Bogotá D.C.,2021-02-09 09:51:00,2021-02-09 10:08:00,2021-02-09 10:10:00,1,1087000.0,0,False,362333.3333333333,54350.0,1,3,3,2,2,3,223,Potenciales,0,0,1,0,Valor medio-alto
UBUL5G9QWK,Comercio detallista,Elementos del hogar,Bogotá D.C.,2021-03-08 16:10:00,2021-03-08 16:17:00,2021-03-08 16:22:00,1,10934000.0,2620000,False,260333.33333333334,546700.0,0,42,3,3,5,5,355,Leales,2,0,0,0,Valor medio-alto
UE5XR6TUU8,Servicios,Otro,Bogotá D.C.,,,,1,11171000.0,110000,False,279275.0,558550.0,0,40,6,3,5,5,355,Leales,2,0,0,0,Valor medio-alto
UEKHHAQM6C,Comercio detallista,Auto partes,Soacha,,,,1,17550000.0,2406000,False,222151.8987341772,877500.0,0,79,6,3,5,5,355,Leales,2,0,0,0,Valor medio-alto
UEKNJAWTGC,Comercio detallista,Elementos de seguridad,Bogotá D.C.,2021-03-20 12:05:00,2021-03-20 12:14:00,2021-03-20 12:15:00,1,1271080.0,147940,False,141231.11111111112,63554.0,0,9,3,3,3,3,333,Leales,0,0,0,0,Valor medio-alto
UETUTTI18Z,Belleza y cuidado personal,Salón de belleza,Bogotá D.C.,2021-02-04 17:29:00,2021-02-04 17:37:00,2021-02-04 17:39:00,1,1425000.0,267000,False,44531.25,71250.0,0,32,4,3,5,3,353,Leales,2,0,0,0,Valor medio-alto
UGYWIWTOVJ,Comercio detallista,Ropa / Accesorios,Bogotá D.C.,2021-03-31 15:01:00,2021-03-31 15:12:00,2021-03-31 15:14:00,1,142000.0,0,False,71000.0,7100.0,1,2,2,2,1,1,211,Perdidos / Hibernando,0,1,1,1,Valor medio
UH82NZ6FSY,Comercio detallista,Tecnología,Bogotá D.C.,2021-03-11 12:37:00,2021-03-11 12:50:00,2021-03-11 12:55:00,1,703000.0,360000,False,234333.33333333334,35150.0,0,3,3,3,2,2,322,Potenciales,0,0,0,0,Valor medio-alto
UHNGL1T643,Comercio detallista,Ropa / Accesorios,Bogotá D.C.,2021-03-25 12:58:00,2021-03-25 13:10:00,2021-03-25 13:13:00,1,646000.0,0,False,80750.0,32300.0,0,8,3,3,3,2,332,Leales,0,0,0,0,Valor medio-alto
UI79Z1AX58,Comercio detallista,Tecnología,Bogotá D.C.,2021-03-25 14:39:00,2021-03-25 14:45:00,2021-03-25 14:49:00,1,2875134.0,98580,False,159729.66666666666,143756.7,0,18,3,3,4,4,344,Leales,2,0,0,0,Valor medio-alto
UI9M67FWGK,Reparación y limpieza,Reparaciones locativas,Bogotá D.C.,2021-02-15 16:53:00,2021-02-16 11:32:00,2021-02-16 11:33:00,1,8787350.0,0,False,976372.2222222222,439367.5,0,9,4,3,3,5,335,Leales,0,0,0,0,Valor medio-alto
UIYU8X51PT,Comercio detallista,Electrodomésticos,Bogotá D.C.,2021-03-09 16:38:00,2021-03-09 16:43:00,2021-03-09 16:47:00,1,3171000.0,1225000,False,186529.41176470587,158550.0,0,17,3,3,4,4,344,Leales,2,0,0,0,Valor medio-alto
UJ2G9FON6U,Comercio detallista,Ropa / Accesorios,Bogotá D.C.,2021-03-09 14:33:00,2021-03-09 14:42:00,2021-03-09 14:43:00,1,4942000.0,1080000,False,91518.51851851853,247100.0,0,54,3,3,5,4,354,Leales,2,0,0,0,Valor medio-alto
UJOFZO187R,Servicios,Tecnología y software,Pereira,,,,1,13892200.0,4431000,False,1068630.7692307692,694610.0,0,13,6,3,3,5,335,Leales,2,0,0,0,Valor medio-alto
UKADXWRCZP,Comercio detallista,Óptica,Bogotá D.C.,2021-02-17 15:04:00,2021-02-17 15:11:00,2021-02-17 15:13:00,1,26287000.0,5235000,False,417253.9682539682,1314350.0,0,63,4,3,5,5,355,Leales,2,0,0,0,Valor medio-alto
UKP28GSQK7,Comercio detallista,Artesanías,Bogotá D.C.,2021-03-26 15:31:00,2021-03-26 15:39:00,2021-03-26 15:43:00,1,763000.0,546000,False,190750.0,38150.0,0,4,3,3,2,2,322,Potenciales,0,0,0,0,Valor medio-alto
ULQ6BQVYKA,Belleza y cuidado personal,Otro,Bogotá D.C.,,,,1,20221019.0,318000,False,421271.2291666667,1011050.9500000001,0,48,6,3,5,5,355,Leales,2,0,0,0,Valor medio-alto
UMDLT1MS4B,Comercio detallista,Ropa / Accesorios,Bogotá D.C.,2021-03-29 11:48:00,2021-03-29 11:59:00,2021-03-29 12:02:00,1,288000.0,0,False,57600.0,14400.0,0,5,3,3,2,2,322,Potenciales,0,0,1,0,Valor medio-alto
UMDNCDBQNH,Comercio detallista,Óptica,Bogotá D.C.,2021-02-17 13:54:00,2021-02-17 14:00:00,2021-02-17 14:03:00,1,27577000.0,3530000,False,299750.0,1378850.0,0,92,4,3,5,5,355,Leales,2,0,0,0,Valor medio-alto
UMKUGREGWH,Reparación y limpieza,Limpieza del hogar,Bogotá D.C.,2021-03-27 13:40:00,2021-03-27 13:47:00,2021-03-27 13:49:00,1,1126000.0,0,False,160857.14285714287,56300.0,0,7,3,3,3,3,333,Leales,0,0,0,0,Valor medio-alto
UMM0VVC28Z,Servicios,Otro,Fusagasugá,2021-03-10 14:39:00,2021-03-10 14:46:00,2021-03-10 14:47:00,1,1139600.0,584800,False,162800.0,56980.0,0,7,2,3,3,3,333,Leales,0,0,0,0,Valor medio-alto
UNNEIOJLE4,Servicios,Otro,Bogotá D.C.,2021-02-26 14:00:00,2021-02-26 14:25:00,2021-02-26 14:39:00,1,2253000.0,0,False,321857.14285714284,112650.0,2,7,2,1,3,3,133,Potenciales,0,0,1,0,Valor medio-alto
UO2CR3FFLN,Comercio detallista,Ropa / Accesorios,Bogotá D.C.,2021-03-13 13:54:00,2021-03-13 14:04:00,2021-03-13 14:09:00,1,857000.0,230000,False,122428.57142857143,42850.0,0,7,3,3,3,2,332,Leales,0,0,0,0,Valor medio-alto
UO4HL24D9W,Comercio detallista,Tecnología,Bogotá D.C.,2021-02-18 15:40:00,2021-02-18 16:02:00,2021-02-18 16:04:00,2,799020.0,100700,False,114145.71428571429,39951.0,0,7,4,3,3,2,332,Leales,0,2,0,2,Valor alto
UP2JTZSJKY,Alimentos y bebidas,Abarrotes / Mercado,Bogotá D.C.,2021-03-18 11:53:00,2021-03-18 12:01:00,2021-03-18 12:05:00,1,7000.0,0,False,1166.6666666666667,350.0,0,6,3,3,2,1,321,Potenciales,0,1,1,1,Valor medio
UPH850HBYW,Comercio detallista,Elementos de seguridad,Bogotá D.C.,2021-03-03 09:53:00,2021-03-03 10:07:00,2021-03-03 10:11:00,1,14770600.0,2926000,False,278690.56603773584,738530.0,0,53,3,3,5,5,355,Leales,2,0,0,0,Valor medio-alto
UPLB9SIWU7,Comercio detallista,Tecnología,Bogotá D.C.,2021-03-16 09:59:00,2021-03-16 10:07:00,2021-03-16 10:09:00,1,16055600.0,2604000,False,356791.1111111111,802780.0,0,45,3,3,5,5,355,Leales,2,0,0,0,Valor medio-alto
UPUQESTQVR,Comercio detallista,Ropa / Accesorios,Bogotá D.C.,2021-03-25 11:42:00,2021-03-25 11:51:00,2021-03-25 11:56:00,1,4800000.0,154000,False,208695.65217391305,240000.0,0,23,3,3,4,4,344,Leales,2,0,0,0,Valor medio-alto
UQ6K30UKLD,Comercio detallista,Tecnología,Bogotá D.C.,2021-03-08 18:59:00,2021-03-08 19:05:00,2021-03-08 19:13:00,1,2000.0,0,False,2000.0,100.0,2,1,1,1,1,1,111,Perdidos / Hibernando,1,1,2,1,Valor medio
UQQUD4TXPK,Belleza y cuidado personal,Distribuidora,Bogotá D.C.,2021-03-09 10:51:00,2021-03-09 12:23:00,2021-03-09 12:25:00,1,1908000.0,435000,False,25105.263157894737,95400.0,0,76,3,3,5,3,353,Leales,2,0,0,0,Valor medio-alto
UR4Y8WEYFS,Comercio detallista,Óptica,Bogotá D.C.,2021-02-02 15:27:00,2021-02-02 15:38:00,2021-02-02 15:40:00,1,5406000.0,1000000,False,600666.6666666666,270300.0,0,9,4,3,3,4,334,Leales,0,0,0,0,Valor medio-alto
UR665U2ML7,Alimentos y bebidas,Abarrotes / Mercado,Bogotá D.C.,2021-03-11 10:34:00,2021-03-11 11:10:00,,1,37300.0,0,True,37300.0,1865.0,2,1,1,1,1,1,111,Perdidos / Hibernando,1,1,1,1,Valor medio
UROFH8T9SS,Comercio detallista,Materiales de construcción,Fusagasugá,2021-03-10 10:30:00,2021-03-10 10:39:00,2021-03-10 10:42:00,1,8584400.0,1364000,False,220112.8205128205,429220.0,0,39,3,3,5,5,355,Leales,2,0,0,0,Valor medio-alto
URTNMDGHH2,Alimentos y bebidas,Restaurante / Café,Bogotá D.C.,,,,1,100000.0,0,False,25000.0,5000.0,4,4,1,1,2,1,121,Perdidos / Hibernando,1,1,2,1,Valor medio
US0XHTYUP8,Alimentos y bebidas,Restaurante / Café,Chiquinquirá,,,,1,3848600.0,403000,False,120268.75,192430.0,0,32,6,3,5,4,354,Leales,2,0,0,0,Valor medio-alto
USLD40LA81,Comercio detallista,Muebles / Decoración,Bogotá D.C.,2021-03-19 14:08:00,2021-03-19 14:20:00,2021-03-19 14:21:00,1,1001000.0,0,False,500500.0,50050.0,1,2,2,2,1,3,213,Potenciales,0,0,1,0,Valor medio-alto
USQ457A3U4,Alimentos y bebidas,Restaurante / Café,Bogotá D.C.,2021-02-11 17:39:00,2021-02-11 17:46:00,2021-02-12 23:34:00,1,983500.0,0,False,327833.3333333333,49175.0,2,3,2,1,2,3,123,Potenciales,0,0,1,0,Valor medio-alto
UTUH9Y30EX,Alimentos y bebidas,Repostería / Panadería,Bogotá D.C.,2021-03-23 12:51:00,2021-03-23 12:59:00,2021-03-23 13:05:00,1,3000.0,0,False,3000.0,150.0,2,1,1,1,1,1,111,Perdidos / Hibernando,1,1,2,1,Valor medio
UTWRNK2U7D,Comercio detallista,Artesanías,Bogotá D.C.,2021-03-15 16:38:00,2021-03-15 17:36:00,2021-03-15 17:44:00,1,72000.0,0,False,24000.0,3600.0,1,3,2,2,2,1,221,Perdidos / Hibernando,0,1,1,1,Valor medio
UTXCZLYARL,Comercio detallista,Insumos,Bogotá D.C.,2021-02-25 10:58:00,2021-02-25 11:22:00,2021-02-25 11:39:00,1,2000.0,0,False,2000.0,100.0,3,1,1,1,1,1,111,Perdidos / Hibernando,1,1,2,1,Valor medio
UV520RYP00,Transporte,Taxi,Cali,2021-03-04 13:25:00,2021-03-04 13:34:00,2021-03-04 13:37:00,1,360500.0,0,False,60083.333333333336,18025.0,1,6,2,2,2,2,222,Perdidos / Hibernando,0,0,1,0,Valor medio-alto
UV6TKRNL4X,Servicios,Otro,Bogotá D.C.,,,,1,1373000.0,0,False,171625.0,68650.0,0,8,4,3,3,3,333,Leales,0,0,0,0,Valor medio-alto
UV73VEKGVB,Alimentos y bebidas,Comida rápida,Bogotá D.C.,2021-03-26 18:24:00,2021-03-26 18:30:00,2021-03-26 18:33:00,1,23500.0,0,False,11750.0,1175.0,1,2,2,2,1,1,211,Perdidos / Hibernando,1,1,1,1,Valor medio
UVZHCDTN9E,Servicios,Otro,Bogotá D.C.,2020-09-24 09:30:00,,,3,5596000.0,0,False,279800.0,279800.0,1,20,4,2,4,4,244,En riesgo (antes valiosos),2,2,0,2,Valor alto
UWC6US86K2,Comercio detallista,Muebles / Decoración,Bogotá D.C.,2021-03-23 14:34:00,2021-03-23 14:47:00,2021-03-23 14:49:00,1,13069700.0,4730400,False,871313.3333333334,653485.0,0,15,3,3,4,5,345,Leales,2,0,0,0,Valor medio-alto
UWC7S0BTJB,Comercio detallista,Joyería,Soacha,2021-02-13 15:20:00,2021-02-13 15:32:00,2021-02-13 15:39:00,1,864000.0,0,False,108000.0,43200.0,2,8,2,1,3,2,132,Potenciales,0,0,1,0,Valor medio-alto
UWC9ZSWY3A,Comercio detallista,Ropa / Accesorios,Bogotá D.C.,2021-03-09 16:25:00,2021-03-09 16:37:00,2021-03-09 16:45:00,1,3000.0,1000,False,3000.0,150.0,2,1,1,1,1,1,111,Perdidos / Hibernando,1,1,2,1,Valor medio
UWKMV0IDT3,Comercio detallista,Tecnología,Cali,2021-03-26 16:32:00,2021-03-26 16:54:00,2021-03-26 16:56:00,1,1000.0,0,False,1000.0,50.0,2,1,1,1,1,1,111,Perdidos / Hibernando,1,1,2,1,Valor medio
UXDLD2TA6X,Comercio detallista,Tecnología,Bogotá D.C.,2021-03-12 16:55:00,2021-03-12 17:02:00,2021-03-12 17:05:00,1,2958000.0,275000,False,422571.4285714286,147900.0,0,7,3,3,3,4,334,Leales,0,0,0,0,Valor medio-alto
UXH41HP9IK,Comercio detallista,Otro,Bogotá D.C.,2021-03-26 10:59:00,2021-03-26 11:14:00,2021-03-26 11:21:00,1,3030000.0,665000,False,168333.33333333334,151500.0,0,18,3,3,4,4,344,Leales,2,0,0,0,Valor medio-alto
UXK3S7EOQO,Alimentos y bebidas,Abarrotes / Mercado,Soacha,2021-03-24 12:37:00,2021-03-24 12:50:00,2021-03-24 12:56:00,1,183000.0,0,False,26142.85714285714,9150.0,1,7,2,2,3,2,232,Potenciales,0,0,1,0,Valor medio-alto
UXOWLNJ57N,Servicios,Veterinaria,Bogotá D.C.,,,,1,15142250.0,1454300,False,85068.82022471911,757112.5,0,178,5,3,5,5,355,Leales,2,0,0,0,Valor medio-alto
UXZ0X5CAAL,Belleza y cuidado personal,Spa,Bogotá D.C.,2021-03-29 09:46:00,2021-03-29 09:57:00,2021-03-29 10:01:00,1,2652300.0,939800,False,80372.72727272728,132615.0,0,33,3,3,5,4,354,Leales,2,0,0,0,Valor medio-alto
UYBS3UQ9EO,Alimentos y bebidas,Abarrotes / Mercado,Bogotá D.C.,2021-03-16 17:35:00,2021-03-16 17:49:00,2021-03-16 17:51:00,1,1711280.0,370150,False,25165.882352941175,85564.0,0,68,3,3,5,3,353,Leales,2,0,0,0,Valor medio-alto
UYGL97O0LH,Servicios,Otro,Bogotá D.C.,2021-03-11 18:58:00,2021-03-11 19:02:00,2021-03-11 19:09:00,1,2597000.0,589000,False,123666.66666666667,129850.0,0,21,3,3,4,4,344,Leales,2,0,0,0,Valor medio-alto
UYLYU37FFX,Comercio detallista,Óptica,Bogotá D.C.,2021-02-17 11:37:00,2021-02-17 11:46:00,2021-02-17 11:57:00,1,2676000.0,0,False,223000.0,133800.0,0,12,4,3,3,4,334,Leales,0,0,0,0,Valor medio-alto
UYVI35Y0U8,Comercio detallista,Elementos de seguridad,Bogotá D.C.,2021-02-22 13:31:00,2021-02-22 13:47:00,2021-02-22 13:49:00,1,1134000.0,0,False,141750.0,56700.0,0,8,4,3,3,3,333,Leales,0,0,0,0,Valor medio-alto
UYZH76ZLG8,Comercio detallista,Elementos de seguridad,Facatativá,2021-03-27 16:32:00,2021-03-27 16:41:00,2021-03-27 16:45:00,1,3250000.0,1604000,False,171052.63157894736,162500.0,0,19,3,3,4,4,344,Leales,2,0,0,0,Valor medio-alto
UZ09HSM26J,Servicios,Tecnología y software,Bogotá D.C.,2021-03-15 18:14:00,2021-03-15 18:21:00,2021-03-15 18:34:00,1,1780800.0,37800,False,296800.0,89040.0,1,6,2,2,2,3,223,Potenciales,0,0,1,0,Valor medio-alto
UZ7U2QCRIB,Comercio detallista,Ropa / Accesorios,Bogotá D.C.,2021-02-23 10:40:00,2021-02-23 10:50:00,2021-02-24 19:20:00,1,1338000.0,265200,False,74333.33333333333,66900.0,0,18,4,3,4,3,343,Leales,2,0,0,0,Valor medio-alto
UZM1G47Q8K,Comercio detallista,Ropa / Accesorios,Soacha,2021-02-13 16:49:00,2021-02-13 17:01:00,2021-02-13 17:09:00,1,12919000.0,1766000,False,211786.88524590165,645950.0,0,61,4,3,5,5,355,Leales,2,0,0,0,Valor medio-alto
V0ANJ4HMZ1,Alimentos y bebidas,Bar / Club / Discoteca,Bogotá D.C.,2021-03-12 14:59:00,2021-03-12 15:07:00,2021-03-12 15:10:00,1,3836990.0,497000,False,34258.83928571428,191849.5,0,112,3,3,5,4,354,Leales,2,0,0,0,Valor medio-alto
V0BPHFTUVE,Comercio detallista,Otro,Bogotá D.C.,2021-03-26 17:21:00,2021-03-26 17:38:00,2021-03-26 17:40:00,1,3832000.0,160000,False,201684.2105263158,191600.0,0,19,3,3,4,4,344,Leales,2,0,0,0,Valor medio-alto
V0CX6OKAHV,Comercio detallista,Insumos,Bogotá D.C.,2021-03-08 13:56:00,2021-03-08 14:04:00,2021-03-08 14:07:00,1,243400.0,0,False,30425.0,12170.0,0,8,2,3,3,2,332,Leales,0,0,1,0,Valor medio-alto
V0E8YJL58B,Servicios,Veterinaria,Bogotá D.C.,2021-02-01 19:52:00,2021-02-01 20:01:00,2021-02-01 20:02:00,1,551000.0,0,False,50090.90909090909,27550.0,0,11,4,3,3,2,332,Leales,0,0,0,0,Valor medio-alto
V0ZPNYNFJT,Alimentos y bebidas,Licores,Bogotá D.C.,2021-03-08 20:14:00,2021-03-08 20:21:00,2021-03-13 23:34:00,1,1742862.0,0,False,38730.26666666667,87143.1,0,45,3,2,5,3,253,En riesgo (antes valiosos),2,0,0,0,Valor medio-alto
V1IH3HPA9F,Servicios,Diseño / Fotografía,Bogotá D.C.,2021-03-23 15:09:00,2021-03-23 15:22:00,2021-03-23 15:24:00,1,1861000.0,0,False,465250.0,93050.0,0,4,3,2,2,3,223,Potenciales,0,0,0,0,Valor medio-alto
V1W2V27DFS,Comercio detallista,Otro,Bogotá D.C.,2021-03-09 12:08:00,2021-03-09 12:18:00,2021-03-09 13:45:00,1,2000.0,0,False,2000.0,100.0,2,1,1,1,1,1,111,Perdidos / Hibernando,1,1,2,1,Valor medio
V220RHACMM,Comercio detallista,Tecnología,Bogotá D.C.,2021-03-13 21:26:00,2021-03-13 21:45:00,2021-03-13 21:50:00,1,459250.0,0,False,114812.5,22962.5,0,4,3,2,2,2,222,Perdidos / Hibernando,0,0,1,0,Valor medio-alto
V2OQ984M0O,Comercio detallista,Elementos de seguridad,Bogotá D.C.,2021-03-15 16:46:00,2021-03-15 16:55:00,2021-03-15 16:57:00,1,1523000.0,1044000,False,761500.0,76150.0,1,2,2,2,1,3,213,Potenciales,0,0,1,0,Valor medio-alto
V3BROQMRE4,Comercio detallista,Otro,Bogotá D.C.,,,,1,2749800.0,77000,False,65471.42857142857,137490.0,0,42,5,2,5,4,254,En riesgo (antes valiosos),2,0,0,0,Valor medio-alto
V3Q63YTI3D,Reparación y limpieza,Automotriz y autopartes,Soacha,,,,1,3000900.0,440000,False,136404.54545454544,150045.0,0,22,5,2,4,4,244,En riesgo (antes valiosos),2,0,0,0,Valor medio-alto
V47UPOH6PP,Comercio detallista,Tecnología,Bogotá D.C.,2021-03-27 14:06:00,2021-03-27 14:12:00,2021-03-27 14:20:00,1,1911000.0,172000,False,127400.0,95550.0,0,15,3,2,4,3,243,En riesgo (antes valiosos),0,0,0,0,Valor medio-alto
V4FXN48DGT,Comercio detallista,Ropa / Accesorios,Bogotá D.C.,,,,1,9504000.0,240000,False,559058.8235294118,475200.0,0,17,5,2,4,5,245,En riesgo (antes valiosos),2,0,0,0,Valor medio-alto
V59H6SCC6M,Comercio detallista,Óptica,Bogotá D.C.,2021-03-09 12:08:00,2021-03-09 12:17:00,2021-03-09 12:19:00,1,8797000.0,340000,False,399863.63636363635,439850.0,0,22,3,2,4,5,245,En riesgo (antes valiosos),2,0,0,0,Valor medio-alto
V5EWNSPDRS,Comercio detallista,Otro,Bogotá D.C.,2021-03-29 12:25:00,2021-03-29 12:33:00,2021-03-29 12:37:00,1,322150.0,318150,False,161075.0,16107.5,2,2,1,1,1,2,112,Perdidos / Hibernando,1,1,1,1,Valor medio
V5FGW965PE,Comercio detallista,Ropa / Accesorios,Bogotá D.C.,2021-03-09 17:35:00,2021-03-09 17:54:00,2021-03-09 17:56:00,1,3464000.0,945000,False,119448.27586206897,173200.0,0,29,3,2,5,4,254,En riesgo (antes valiosos),2,0,0,0,Valor medio-alto
V5GXQ2TBQU,Comercio detallista,Maquinaria,Espinal,2021-03-23 11:22:00,2021-03-23 11:41:00,2021-03-23 11:45:00,1,2000.0,0,False,2000.0,100.0,2,1,1,1,1,1,111,Perdidos / Hibernando,1,1,2,1,Valor medio
V5IJTDM5MJ,Reparación y limpieza,Otro,Bogotá D.C.,2021-03-03 20:29:00,2021-03-03 20:39:00,2021-03-03 20:41:00,1,18263680.0,6707350,False,1141480.0,913184.0,0,16,3,2,4,5,245,En riesgo (antes valiosos),2,0,0,0,Valor medio-alto
V5QINB9EI4,Comercio detallista,Tecnología,Bogotá D.C.,2021-02-05 16:31:00,2021-02-05 16:48:00,2021-02-05 16:50:00,1,103000.0,0,False,25750.0,5150.0,0,4,3,2,2,1,221,Perdidos / Hibernando,0,0,1,0,Valor medio-alto
V6C859690X,Reparación y limpieza,Reparaciones locativas,Soacha,2021-02-19 17:04:00,2021-02-19 17:13:00,2021-02-19 17:17:00,1,22871700.0,1473400,False,914868.0,1143585.0,0,25,4,2,4,5,245,En riesgo (antes valiosos),2,0,0,0,Valor medio-alto
V76O73G691,Alimentos y bebidas,Abarrotes / Mercado,Bogotá D.C.,2021-03-09 14:49:00,2021-03-09 14:58:00,2021-03-09 15:00:00,1,1352230.0,29000,False,24146.964285714286,67611.5,0,56,3,2,5,3,253,En riesgo (antes valiosos),2,0,0,0,Valor medio-alto
V7DH1GE9XS,Alimentos y bebidas,Bar / Club / Discoteca,Bogotá D.C.,2021-03-26 11:16:00,2021-03-26 11:29:00,2021-03-26 11:35:00,1,11213750.0,3121500,False,622986.1111111111,560687.5,0,18,3,2,4,5,245,En riesgo (antes valiosos),2,0,0,0,Valor medio-alto
V7K1AWTBWN,Alimentos y bebidas,Abarrotes / Mercado,Bogotá D.C.,2021-03-12 17:37:00,2021-03-12 17:44:00,2021-03-12 17:51:00,1,1287500.0,258600,False,47685.18518518518,64375.0,0,27,3,2,4,3,243,En riesgo (antes valiosos),2,0,0,0,Valor medio-alto
V7XIF1BGP0,Comercio detallista,Óptica,Bogotá D.C.,2021-03-11 15:57:00,2021-03-11 16:10:00,2021-03-11 16:14:00,1,5249800.0,583000,False,328112.5,262490.0,0,16,3,2,4,4,244,En riesgo (antes valiosos),2,0,0,0,Valor medio-alto
V7Y4RB9GCO,Comercio detallista,Tecnología,Fusagasugá,2021-03-10 16:46:00,2021-03-10 16:58:00,2021-03-10 17:02:00,1,3090900.0,1222000,False,386362.5,154545.0,0,8,3,2,3,4,234,Potenciales,0,0,0,0,Valor medio-alto
V85QV60GEF,Servicios,Otro,Bogotá D.C.,2021-03-08 16:52:00,2021-03-08 17:22:00,2021-03-08 17:28:00,1,272500.0,38500,False,136250.0,13625.0,0,2,2,2,1,2,212,Perdidos / Hibernando,0,0,1,0,Valor medio-alto
V9LJ44X52J,Servicios,Otro,Bogotá D.C.,2021-03-08 10:04:00,2021-03-08 10:18:00,2021-03-08 10:22:00,1,6828400.0,2870000,False,243871.42857142858,341420.0,0,28,3,2,4,5,245,En riesgo (antes valiosos),2,0,0,0,Valor medio-alto
V9RGA9D1TK,Comercio detallista,Otro,Funza,2021-03-13 14:40:00,2021-03-13 14:51:00,2021-03-13 14:55:00,1,1841050.0,220250,False,204561.11111111112,92052.5,1,9,2,2,3,3,233,Potenciales,0,0,1,0,Valor medio-alto
VA3XJQ343I,Alimentos y bebidas,Restaurante / Café,Bogotá D.C.,2021-02-12 13:34:00,2021-02-12 13:42:00,2021-02-12 13:44:00,1,2000.0,0,False,2000.0,100.0,3,1,1,1,1,1,111,Perdidos / Hibernando,1,1,2,1,Valor medio
VB1TQC84U5,Servicios,Veterinaria,Bogotá D.C.,,,,1,2000.0,0,False,2000.0,100.0,5,1,1,1,1,1,111,Perdidos / Hibernando,1,1,2,1,Valor medio
VBSAT55ORN,Comercio detallista,Muebles / Decoración,Bogotá D.C.,2021-02-03 18:44:00,2021-02-03 18:54:00,2021-02-03 18:56:00,1,60642400.0,7546000,False,556352.2935779816,3032120.0,0,109,4,2,5,5,255,En riesgo (antes valiosos),2,0,0,0,Valor medio-alto
VCACUDE4DD,Reparación y limpieza,Automotriz y autopartes,Bogotá D.C.,2021-03-13 15:32:00,2021-03-13 15:37:00,2021-03-13 15:40:00,1,4567900.0,104900,False,507544.44444444444,228395.0,0,9,2,2,3,4,234,Potenciales,0,0,0,0,Valor medio-alto
VDAMLUGIW3,Comercio detallista,Ropa / Accesorios,Soacha,2021-02-12 11:24:00,2021-02-12 11:35:00,2021-02-12 11:41:00,1,11198000.0,1236000,False,134915.6626506024,559900.0,0,83,4,2,5,5,255,En riesgo (antes valiosos),2,0,0,0,Valor medio-alto
VDVR312V8P,Comercio detallista,Óptica,Bogotá D.C.,2021-03-25 18:19:00,2021-03-25 18:24:00,2021-03-25 18:29:00,1,6561000.0,2021000,False,385941.17647058825,328050.0,0,17,3,2,4,5,245,En riesgo (antes valiosos),2,0,0,0,Valor medio-alto
VDVWW2S8HB,Comercio detallista,Óptica,Bogotá D.C.,,,,1,27609000.0,3709000,False,328678.5714285714,1380450.0,0,84,6,2,5,5,255,En riesgo (antes valiosos),2,0,0,0,Valor medio-alto
VE0K9R4C8H,Comercio detallista,Muebles / Decoración,Bogotá D.C.,2021-02-05 12:24:00,2021-02-05 12:49:00,2021-02-05 12:51:00,1,24970873.0,0,False,1135039.6818181819,1248543.6500000001,0,22,4,2,4,5,245,En riesgo (antes valiosos),2,0,0,0,Valor medio-alto
VFAYHIUA7Z,Comercio detallista,Materiales de construcción,Bogotá D.C.,2021-03-27 11:18:00,2021-03-27 12:53:00,2021-03-27 12:55:00,1,3278500.0,0,False,1639250.0,163925.0,1,2,2,2,1,4,214,Potenciales,0,0,1,0,Valor medio-alto
VFDSS6D6SY,Servicios,Otro,Bogotá D.C.,2021-03-27 15:36:00,2021-03-27 17:13:00,2021-03-27 17:15:00,1,586000.0,1000,False,65111.11111111111,29300.0,0,9,3,2,3,2,232,Potenciales,0,0,0,0,Valor medio-alto
VFHGUW0UNT,Reparación y limpieza,Automotriz y autopartes,Cajicá,,,,1,2000.0,0,False,2000.0,100.0,4,1,1,1,1,1,111,Perdidos / Hibernando,1,1,2,1,Valor medio
VFTJUOYNKE,Belleza y cuidado personal,Distribuidora,Bogotá D.C.,,,,1,2000.0,0,False,2000.0,100.0,4,1,1,1,1,1,111,Perdidos / Hibernando,1,1,2,1,Valor medio
VGHJOVOW7S,Comercio detallista,Óptica,Bogotá D.C.,2021-02-10 13:03:00,2021-02-10 13:13:00,2021-02-10 13:16:00,1,10844500.0,480000,False,318955.8823529412,542225.0,0,34,4,2,5,5,255,En riesgo (antes valiosos),2,0,0,0,Valor medio-alto
VGZS4I83OD,Comercio detallista,Óptica,Bogotá D.C.,,,,1,5357000.0,690000,False,446416.6666666667,267850.0,0,12,5,2,3,4,234,Potenciales,0,0,0,0,Valor medio-alto
VHG2L6FGLN,Comercio detallista,Óptica,Bogotá D.C.,,,,1,1238000.0,0,False,247600.0,61900.0,0,5,3,2,2,3,223,Potenciales,0,0,0,0,Valor medio-alto
VHN4FCXXB8,Comercio detallista,Ropa / Accesorios,Bogotá D.C.,,,,1,7680000.0,477000,False,451764.70588235295,384000.0,1,17,4,2,4,5,245,En riesgo (antes valiosos),2,0,0,0,Valor medio-alto
VHQPMDWLYZ,Alimentos y bebidas,Bar / Club / Discoteca,Bogotá D.C.,2021-02-05 16:08:00,2021-02-05 16:14:00,2021-02-05 16:18:00,1,796550.0,80000,False,159310.0,39827.5,2,5,2,1,2,2,122,Perdidos / Hibernando,0,0,1,0,Valor medio-alto
VHYW6EQJS5,Servicios,Otro,Bogotá D.C.,2021-02-01 13:19:00,2021-02-01 13:25:00,2021-02-01 13:28:00,1,687000.0,265000,False,343500.0,34350.0,0,2,2,2,1,2,212,Perdidos / Hibernando,0,0,1,0,Valor medio-alto
VI5MATD3YU,Comercio detallista,Tecnología,Bogotá D.C.,2021-03-16 11:35:00,2021-03-16 11:47:00,2021-03-16 11:51:00,1,2000.0,0,False,2000.0,100.0,2,1,1,1,1,1,111,Perdidos / Hibernando,1,1,2,1,Valor medio
VJ43K4X5PD,Alimentos y bebidas,Catering,Bogotá D.C.,2020-09-17 16:38:00,,,1,2000.0,0,False,2000.0,100.0,4,1,1,1,1,1,111,Perdidos / Hibernando,1,1,2,1,Valor medio
VKPMFISL61,Servicios,Medicina / Odontología,Bogotá D.C.,2021-03-14 14:28:00,2021-03-14 14:39:00,2021-03-14 14:42:00,1,417600.0,117000,False,24564.70588235294,20880.0,0,17,3,2,4,2,242,En riesgo (antes valiosos),0,0,0,0,Valor medio-alto
VKVVIOLSO3,Servicios,Otro,Bogotá D.C.,,,,1,2000.0,0,False,2000.0,100.0,5,1,1,1,1,1,111,Perdidos / Hibernando,1,1,2,1,Valor medio
VLIJPHNXPN,Comercio detallista,Auto partes,Bogotá D.C.,2021-02-11 14:43:00,2021-02-12 16:01:00,2021-02-12 16:06:00,1,4079700.0,178500,False,226650.0,203985.0,0,18,4,2,4,4,244,En riesgo (antes valiosos),2,0,0,0,Valor medio-alto
VLSUBJ34YW,Alimentos y bebidas,Restaurante / Café,Bogotá D.C.,2021-02-05 20:55:00,2021-02-05 21:31:00,2021-02-05 21:33:00,1,5651950.0,313300,False,29284.715025906735,282597.5,0,193,4,2,5,4,254,En riesgo (antes valiosos),2,0,0,0,Valor medio-alto
VMB1HOEUGP,Comercio detallista,Joyería,Bogotá D.C.,2021-03-11 13:07:00,2021-03-11 13:14:00,2021-03-11 13:18:00,1,2000.0,0,False,2000.0,100.0,2,1,1,1,1,1,111,Perdidos / Hibernando,1,1,2,1,Valor medio
VMBS7UL0EA,Servicios,Medicina / Odontología,Bogotá D.C.,2021-03-01 15:44:00,2021-03-01 15:57:00,2021-03-01 15:58:00,1,8151500.0,1980000,False,226430.55555555556,407575.0,0,36,3,2,5,5,255,En riesgo (antes valiosos),2,0,0,0,Valor medio-alto
VN7BJLVG92,Belleza y cuidado personal,Distribuidora,Bogotá D.C.,,,,1,1192450.0,56200,False,51845.65217391304,59622.5,0,23,5,2,4,3,243,En riesgo (antes valiosos),2,0,0,0,Valor medio-alto
VNO4CDTURV,Comercio detallista,Ropa / Accesorios,Bogotá D.C.,2021-03-31 15:35:00,2021-03-31 15:46:00,2021-03-31 15:47:00,1,2000.0,0,False,1000.0,100.0,2,2,1,1,1,1,111,Perdidos / Hibernando,1,1,2,1,Valor medio
VNR9HDWGE5,Transporte,Servicio especial,Bogotá D.C.,2021-03-17 12:37:00,2021-03-17 13:00:00,2021-03-17 13:04:00,1,1451000.0,0,False,725500.0,72550.0,0,2,2,2,1,3,213,Potenciales,0,0,1,0,Valor medio-alto
VOBDKERMHG,Comercio detallista,Ropa / Accesorios,Soacha,2021-03-31 12:09:00,2021-03-31 12:18:00,2021-03-31 12:22:00,1,1000000.0,55000,False,76923.07692307692,50000.0,0,13,3,2,3,3,233,Potenciales,0,0,0,0,Valor medio-alto
VON7969R0J,Servicios,Otro,Bogotá D.C.,2021-03-08 19:03:00,2021-03-08 19:10:00,2021-03-08 19:13:00,1,2207187.0,315500,False,25081.670454545456,110359.35,0,88,3,2,5,3,253,En riesgo (antes valiosos),2,0,0,0,Valor medio-alto
VOP5V9RWOL,Transporte,Alquiler de vehículos,Bogotá D.C.,,,,1,31000.0,0,False,15500.0,1550.0,4,2,1,1,1,1,111,Perdidos / Hibernando,1,1,2,1,Valor medio
VP7T2F9DIA,Servicios,Otro,Bogotá D.C.,,,,1,18480000.0,820000,False,362352.9411764706,924000.0,0,51,6,2,5,5,255,En riesgo (antes valiosos),2,0,0,0,Valor medio-alto
VQ1BQS8VP6,Alimentos y bebidas,Restaurante / Café,Melgar,,,,1,18502100.0,1996400,False,140167.42424242425,925105.0,0,132,6,2,5,5,255,En riesgo (antes valiosos),2,0,0,0,Valor medio-alto
VQ42MZB87E,Reparación y limpieza,Automotriz y autopartes,Bogotá D.C.,2021-03-12 16:00:00,2021-03-12 16:08:00,2021-03-12 16:20:00,1,2677000.0,1881000,False,535400.0,133850.0,0,5,3,2,2,4,224,Potenciales,0,0,0,0,Valor medio-alto
VQBNNUFQD3,Comercio detallista,Muebles / Decoración,Bogotá D.C.,2021-03-11 16:14:00,2021-03-11 16:25:00,2021-03-11 16:27:00,1,25297000.0,2295000,False,1054041.6666666667,1264850.0,0,24,3,2,4,5,245,En riesgo (antes valiosos),2,0,0,0,Valor medio-alto
VRXMA745QJ,Servicios,Otro,Pitalito,2021-03-16 14:24:00,2021-03-16 15:56:00,,1,153466.76470588235,0,True,153466.76470588235,7673.338235294118,2,1,1,1,1,1,111,Perdidos / Hibernando,1,1,1,1,Valor medio
VSL63SGTPJ,Reparación y limpieza,Lavandería,Bogotá D.C.,2021-03-08 18:21:00,2021-03-08 18:34:00,2021-03-08 18:38:00,1,207500.0,0,False,29642.85714285714,10375.0,0,7,3,2,3,2,232,Potenciales,0,0,1,0,Valor medio-alto
VSRSR9ZMTS,Reparación y limpieza,Moda / Zapatería,Bogotá D.C.,2021-03-08 12:47:00,2021-03-08 12:57:00,2021-03-08 13:03:00,1,1861000.0,435000,False,124066.66666666667,93050.0,0,15,3,2,4,3,243,En riesgo (antes valiosos),0,0,0,0,Valor medio-alto
VSUBWL4WN9,Comercio detallista,Óptica,Bogotá D.C.,2021-03-24 17:34:00,2021-03-24 17:47:00,2021-03-24 17:49:00,1,7000.0,0,False,3500.0,350.0,1,2,2,2,1,1,211,Perdidos / Hibernando,1,1,1,1,Valor medio
VTV6Y9NVR0,Comercio detallista,Otro,Bogotá D.C.,2021-03-16 12:53:00,2021-03-16 13:03:00,2021-03-16 13:05:00,1,633417.0,214800,False,39588.5625,31670.850000000002,0,16,3,2,4,2,242,En riesgo (antes valiosos),0,0,0,0,Valor medio-alto
VU25RH7PR5,Comercio detallista,Elementos de seguridad,Bogotá D.C.,2021-03-26 14:04:00,2021-03-26 14:10:00,2021-03-26 14:15:00,1,6026500.0,434500,False,200883.33333333334,301325.0,0,30,3,2,5,4,254,En riesgo (antes valiosos),2,0,0,0,Valor medio-alto
VUO9O6FBZ1,Servicios,Veterinaria,Bogotá D.C.,2021-03-09 15:58:00,2021-03-09 16:45:00,2021-03-09 16:48:00,1,1945700.0,472000,False,64856.666666666664,97285.0,0,30,3,2,5,3,253,En riesgo (antes valiosos),2,0,0,0,Valor medio-alto
VUW3WONQWF,Comercio detallista,Materiales de construcción,Bogotá D.C.,2021-02-20 13:00:00,2021-02-20 13:07:00,2021-02-20 13:10:00,1,536000.0,0,False,89333.33333333333,26800.0,2,6,2,1,2,2,122,Perdidos / Hibernando,0,0,1,0,Valor medio-alto
VVEFK5IQIB,Servicios,Otro,Bogotá D.C.,2021-02-06 14:00:00,2021-02-06 14:09:00,2021-02-06 14:11:00,1,5027000.0,0,False,193346.15384615384,251350.0,0,26,4,2,4,4,244,En riesgo (antes valiosos),2,0,0,0,Valor medio-alto
VX0OWSX4AT,Servicios,Otro,Bogotá D.C.,,,,1,650000.0,0,False,130000.0,32500.0,3,5,2,1,2,2,122,Perdidos / Hibernando,1,1,1,1,Valor medio
VX9PCZ578A,Comercio detallista,Óptica,Bogotá D.C.,2021-02-03 12:04:00,2021-02-03 12:14:00,2021-02-03 12:17:00,1,3677000.0,95000,False,306416.6666666667,183850.0,0,12,4,2,3,4,234,Potenciales,0,0,0,0,Valor medio-alto
VXPG5JGK9V,Servicios,Medicina / Odontología,Bogotá D.C.,2021-02-08 08:16:00,2021-02-08 08:25:00,2021-02-08 08:27:00,1,6681800.0,1420300,False,334090.0,334090.0,0,20,4,2,4,5,245,En riesgo (antes valiosos),2,0,0,0,Valor medio-alto
VXSH6NHMA2,Servicios,Contabilidad / Asesorías,Bogotá D.C.,2021-02-12 19:09:00,2021-02-12 19:41:00,2021-02-12 19:53:00,1,1002000.0,0,False,250500.0,50100.0,1,4,3,2,2,3,223,Potenciales,0,0,1,0,Valor medio-alto
VXX4WF5JA0,Reparación y limpieza,Automotriz y autopartes,Bogotá D.C.,2021-03-04 22:03:00,2021-03-04 22:22:00,2021-03-05 10:26:00,1,1334000.0,280000,False,111166.66666666667,66700.0,0,12,3,2,3,3,233,Potenciales,0,0,0,0,Valor medio-alto
VY8UMYMO8B,Comercio detallista,Óptica,Bogotá D.C.,2021-03-29 15:05:00,2021-03-29 15:09:00,2021-03-29 15:11:00,1,1023000.0,0,False,204600.0,51150.0,1,5,2,2,2,3,223,Potenciales,0,0,1,0,Valor medio-alto
VYBTJC7K82,Alimentos y bebidas,Licores,Bogotá D.C.,2021-03-24 11:01:00,2021-03-24 11:10:00,2021-03-24 11:12:00,1,1008800.0,0,False,77600.0,50440.0,1,13,2,2,3,3,233,Potenciales,0,0,1,0,Valor medio-alto
VYPR2OWFZY,Comercio detallista,Tienda de deportes,Funza,2021-03-02 15:50:00,2021-03-02 15:57:00,2021-03-02 16:01:00,1,4499000.0,290000,False,166629.62962962964,224950.0,0,27,3,2,4,4,244,En riesgo (antes valiosos),2,0,0,0,Valor medio-alto
VYQEMOAH9H,Transporte,Servicio especial,Bogotá D.C.,2021-02-01 10:59:00,2021-02-08 15:07:00,2021-02-20 11:11:00,1,1756455.0,0,False,351291.0,87822.75,0,5,3,2,2,3,223,Potenciales,0,0,0,0,Valor medio-alto
VYTJ7VY7Q2,Comercio detallista,Ropa / Accesorios,Bogotá D.C.,2021-02-22 14:30:00,2021-02-22 14:45:00,2021-02-22 14:47:00,1,24153000.0,4217000,False,536733.3333333334,1207650.0,0,45,4,2,5,5,255,En riesgo (antes valiosos),2,0,0,0,Valor medio-alto
VZ75DT71SY,Comercio detallista,Ropa / Accesorios,Soacha,2021-02-15 14:41:00,2021-02-15 14:52:00,2021-02-15 15:03:00,1,2000.0,0,False,2000.0,100.0,3,1,1,1,1,1,111,Perdidos / Hibernando,1,1,2,1,Valor medio
VZG6D5GFYD,Comercio detallista,Otro,Bogotá D.C.,2021-03-08 14:25:00,2021-03-08 14:34:00,2021-03-08 14:44:00,1,902000.0,0,False,300666.6666666667,45100.0,2,3,1,1,2,2,122,Perdidos / Hibernando,0,1,1,1,Valor medio
W11JT3E0TP,Servicios,Medicina / Odontología,Soacha,2021-03-11 12:22:00,2021-03-11 12:32:00,2021-03-11 12:40:00,2,15078000.0,592000,False,430800.0,753900.0,0,35,3,2,5,5,255,En riesgo (antes valiosos),2,2,0,2,Valor alto
W1TQWL2QLY,Servicios,Carpintería,Bogotá D.C.,2021-03-16 14:29:00,2021-03-16 14:35:00,2021-03-16 15:01:00,1,4261000.0,0,False,710166.6666666666,213050.0,0,6,3,2,2,4,224,Potenciales,0,0,0,0,Valor medio-alto
W1XYNLQNEB,Comercio detallista,Elementos de seguridad,Bogotá D.C.,2021-02-09 16:55:00,2021-02-09 17:05:00,2021-02-09 17:07:00,1,10327900.0,734000,False,206558.0,516395.0,0,50,4,2,5,5,255,En riesgo (antes valiosos),2,0,0,0,Valor medio-alto
W2V3XB17ON,Servicios,Otro,Bogotá D.C.,2021-02-18 13:07:00,2021-02-18 13:13:00,2021-02-18 13:15:00,1,1487000.0,220000,False,106214.28571428571,74350.0,0,14,4,2,4,3,243,En riesgo (antes valiosos),0,0,0,0,Valor medio-alto
W37E7OWK35,Comercio detallista,Artesanías,Choachí,2021-03-13 11:20:00,2021-03-13 11:31:00,2021-03-13 11:34:00,1,3496500.0,558000,False,97125.0,174825.0,0,36,3,2,5,4,254,En riesgo (antes valiosos),2,0,0,0,Valor medio-alto
W56PSCHYLV,Belleza y cuidado personal,Distribuidora,Soacha,2021-02-01 12:10:00,2021-02-01 12:16:00,2021-02-01 12:21:00,2,6089600.0,945800,False,93686.15384615384,304480.0,0,65,4,2,5,4,254,En riesgo (antes valiosos),2,2,0,2,Valor alto
W5DLVFYS9J,Comercio detallista,Tecnología,Cali,2021-02-05 12:08:00,2021-02-05 12:17:00,2021-02-05 12:21:00,1,1235500.0,861000,False,205916.66666666666,61775.0,1,6,3,2,2,3,223,Potenciales,0,0,1,0,Valor medio-alto
W5M0OVVS89,Alimentos y bebidas,Abarrotes / Mercado,Bogotá D.C.,,,,1,2096500.0,92400,False,29950.0,104825.0,0,70,6,2,5,3,253,En riesgo (antes valiosos),2,0,0,0,Valor medio-alto
W6NYDZFA8Z,Comercio detallista,Juguetería / Piñatería,Bogotá D.C.,2021-03-04 18:50:00,2021-03-04 19:06:00,2021-03-04 19:13:00,1,1079950.0,0,False,89995.83333333333,53997.5,0,12,3,2,3,3,233,Potenciales,0,0,0,0,Valor medio-alto
W6VCTQKKIA,Comercio detallista,Tecnología,Bogotá D.C.,2021-03-24 15:49:00,2021-03-24 16:03:00,2021-03-24 16:07:00,1,1109710.0,73500,False,92475.83333333333,55485.5,1,12,2,2,3,3,233,Potenciales,0,0,1,0,Valor medio-alto
W7BG00YI5S,Comercio detallista,Ropa / Accesorios,Bogotá D.C.,2021-03-29 12:21:00,2021-03-29 12:27:00,2021-03-29 12:29:00,1,1541000.0,252000,False,85611.11111111111,77050.0,0,18,3,2,4,3,243,En riesgo (antes valiosos),2,0,0,0,Valor medio-alto
W7OLLLSQVC,Reparación y limpieza,Automotriz y autopartes,Bogotá D.C.,2021-02-02 09:39:00,2021-02-02 09:54:00,2021-02-02 10:02:00,1,1119000.0,272500,False,159857.14285714287,55950.0,2,7,2,1,3,3,133,Potenciales,0,0,1,0,Valor medio-alto
W7PX99A6YT,Servicios,Medicina / Odontología,Bogotá D.C.,2021-03-09 16:21:00,2021-03-09 16:31:00,2021-03-09 16:34:00,1,43000.0,0,False,14333.333333333334,2150.0,1,3,2,2,2,1,221,Perdidos / Hibernando,0,1,1,1,Valor medio
W83M7RG9C5,Comercio detallista,Óptica,Bogotá D.C.,2021-03-24 14:39:00,2021-03-24 14:48:00,2021-03-24 14:50:00,1,1132000.0,0,False,283000.0,56600.0,1,4,2,2,2,3,223,Potenciales,0,0,1,0,Valor medio-alto
W85EKVBIZW,Alimentos y bebidas,Otro,Bogotá D.C.,2021-03-29 11:14:00,2021-03-29 11:23:00,2021-03-29 11:28:00,1,3354700.0,806500,False,60994.545454545456,167735.0,0,55,3,2,5,4,254,En riesgo (antes valiosos),2,0,0,0,Valor medio-alto
W89BXS7P0J,Comercio detallista,Otro,Bogotá D.C.,2021-03-11 09:28:00,2021-03-11 09:36:00,2021-03-11 09:39:00,1,27209300.0,3786000,False,394337.6811594203,1360465.0,0,69,3,2,5,5,255,En riesgo (antes valiosos),2,0,0,0,Valor medio-alto
W8A0ERTJQE,Comercio detallista,Otro,Bogotá D.C.,2021-03-06 15:41:00,2021-03-06 15:51:00,2021-03-06 15:53:00,1,1612750.0,283100,False,52024.1935483871,80637.5,0,31,3,2,5,3,253,En riesgo (antes valiosos),2,0,0,0,Valor medio-alto
W8DB0XI8DG,Comercio detallista,Artesanías,Bogotá D.C.,2021-03-08 15:43:00,2021-03-08 15:51:00,2021-03-08 15:53:00,1,967500.0,115000,False,74423.07692307692,48375.0,0,13,3,2,3,2,232,Potenciales,0,0,0,0,Valor medio-alto
W9E83QW492,Comercio detallista,Materiales de construcción,Bogotá D.C.,,,,1,1382000.0,0,False,691000.0,69100.0,5,2,1,1,1,3,113,Potenciales,1,1,2,1,Valor medio
WA2OD8DS52,Comercio detallista,Tecnología,Bogotá D.C.,,,,1,4411700.0,222000,False,76063.79310344828,220585.0,0,58,6,2,5,4,254,En riesgo (antes valiosos),2,0,0,0,Valor medio-alto
WBJ62YKQV6,Alimentos y bebidas,Abarrotes / Mercado,Bogotá D.C.,2021-03-18 13:13:00,2021-03-18 13:29:00,2021-03-18 13:30:00,1,2000.0,0,False,2000.0,100.0,2,1,1,1,1,1,111,Perdidos / Hibernando,1,1,2,1,Valor medio
WCPUFSAOSA,Turismo y entretenimiento,Entretenimiento,Bogotá D.C.,2021-03-30 14:50:00,2021-03-30 15:04:00,2021-03-30 15:05:00,1,2695500.0,161000,False,299500.0,134775.0,0,9,3,2,3,4,234,Potenciales,0,0,0,0,Valor medio-alto
WCXUVD3LSP,Comercio detallista,Óptica,Soacha,2021-03-31 16:34:00,2021-03-31 16:43:00,2021-03-31 16:45:00,1,2911000.0,0,False,264636.36363636365,145550.0,0,11,3,2,3,4,234,Potenciales,0,0,0,0,Valor medio-alto
WDBV7W2DWX,Servicios,Veterinaria,Sibaté,2021-03-09 10:03:00,2021-03-09 10:29:00,2021-03-09 10:34:00,1,2974800.0,0,False,991600.0,148740.0,2,3,1,1,2,4,124,Potenciales,0,0,1,0,Valor medio-alto
WE4WMCXLD9,Comercio detallista,Juguetería / Piñatería,Bogotá D.C.,2021-03-15 13:42:00,2021-03-15 13:50:00,2021-03-15 13:52:00,1,829400.0,37000,False,138233.33333333334,41470.0,1,6,2,2,2,2,222,Perdidos / Hibernando,0,0,1,0,Valor medio-alto
WEB4FAL83R,Educación,Talleres / Cursos / Capacitaciones,Bogotá D.C.,2021-03-12 12:42:00,2021-03-12 12:49:00,2021-03-12 12:51:00,1,6102000.0,0,False,554727.2727272727,305100.0,0,11,3,2,3,4,234,Potenciales,0,0,0,0,Valor medio-alto
WEH2P1SRMG,Comercio detallista,Otro,Bogotá D.C.,2021-03-24 12:18:00,2021-03-24 12:25:00,2021-03-24 12:28:00,1,254100.0,27000,False,42350.0,12705.0,0,6,3,2,2,2,222,Perdidos / Hibernando,0,0,1,0,Valor medio-alto
WEM1XWSX78,Transporte,Alquiler de vehículos,Bogotá D.C.,2021-03-06 14:37:00,2021-03-06 14:42:00,2021-03-06 14:43:00,1,307000.0,0,False,153500.0,15350.0,1,2,2,2,1,2,212,Perdidos / Hibernando,0,0,1,0,Valor medio-alto
WERZOFONPH,Servicios,Veterinaria,Choachí,2021-03-09 12:16:00,2021-03-09 12:28:00,2021-03-09 12:31:00,1,4201285.0,548900,False,123567.20588235294,210064.25,0,34,3,2,5,4,254,En riesgo (antes valiosos),2,0,0,0,Valor medio-alto
WF7HEYK2GV,Comercio detallista,Joyería,Bogotá D.C.,2021-02-17 13:50:00,2021-02-17 14:28:00,2021-02-17 14:32:00,1,305200.0,0,False,76300.0,15260.0,1,4,3,2,2,2,222,Perdidos / Hibernando,0,0,1,0,Valor medio-alto
WFIVQ8FNMJ,Comercio detallista,Otro,Bogotá D.C.,,,,1,9517600.0,986000,False,202502.12765957447,475880.0,0,47,6,2,5,5,255,En riesgo (antes valiosos),2,0,0,0,Valor medio-alto
WFL3SQ5Y6V,Comercio detallista,Ropa / Accesorios,Soacha,2021-03-16 11:32:00,2021-03-16 11:51:00,2021-03-16 11:56:00,1,1965920.0,369300,False,85474.78260869565,98296.0,0,23,3,2,4,3,243,En riesgo (antes valiosos),2,0,0,0,Valor medio-alto
WFUAIQD5R2,Comercio detallista,Materiales de construcción,Bogotá D.C.,,,,1,54743201.0,8752000,False,193438.87279151945,2737160.0500000003,0,283,5,2,5,5,255,En riesgo (antes valiosos),2,0,0,0,Valor medio-alto
WG4VTKDEYP,Comercio detallista,Óptica,Bogotá D.C.,2021-03-16 14:26:00,2021-03-16 14:35:00,2021-03-16 15:01:00,1,7962000.0,1500000,False,468352.9411764706,398100.0,0,17,3,2,4,5,245,En riesgo (antes valiosos),2,0,0,0,Valor medio-alto
WGZO3Y7EDB,Comercio detallista,Óptica,Bogotá D.C.,,,,1,6352000.0,600000,False,352888.8888888889,317600.0,0,18,4,2,4,5,245,En riesgo (antes valiosos),2,0,0,0,Valor medio-alto
WH1TZNM6GW,Comercio detallista,Elementos del hogar,Sibaté,2021-03-06 13:07:00,2021-03-06 13:15:00,2021-03-06 13:29:00,1,2353000.0,0,False,470600.0,117650.0,1,5,2,2,2,3,223,Potenciales,0,0,1,0,Valor medio-alto
WH1XC5VT1F,Comercio detallista,Tecnología,Cali,2021-02-06 10:26:00,2021-02-06 10:33:00,2021-02-06 10:40:00,1,5078250.0,127000,False,338550.0,253912.5,0,15,4,2,4,4,244,En riesgo (antes valiosos),2,0,0,0,Valor medio-alto
WH6VII8R36,Servicios,Otro,Bogotá D.C.,,,,1,29823200.0,1322000,False,327727.47252747254,1491160.0,0,91,6,2,5,5,255,En riesgo (antes valiosos),2,0,0,0,Valor medio-alto
WH7P2OGX10,Comercio detallista,Tecnología,Bogotá D.C.,2021-03-25 14:49:00,2021-03-25 15:08:00,2021-03-25 15:12:00,1,1000.0,0,False,1000.0,50.0,2,1,1,1,1,1,111,Perdidos / Hibernando,1,1,2,1,Valor medio
WI62RDV4H0,Reparación y limpieza,Otro,Zipaquirá,2021-03-20 12:08:00,2021-03-20 12:16:00,2021-03-20 12:18:00,1,1000.0,0,False,1000.0,50.0,2,1,1,1,1,1,111,Perdidos / Hibernando,1,1,2,1,Valor medio
WIR7VEWMF7,Educación,Talleres / Cursos / Capacitaciones,Villavicencio,2021-03-31 11:26:00,2021-03-31 12:04:00,2021-03-31 12:21:00,1,1000.0,0,False,1000.0,50.0,2,1,1,1,1,1,111,Perdidos / Hibernando,1,1,2,1,Valor medio
WJ3U2W768K,Comercio detallista,Joyería,Bogotá D.C.,2021-03-16 17:06:00,2021-03-16 17:15:00,2021-03-16 17:21:00,1,583000.0,581000,False,583000.0,29150.0,2,1,1,1,1,2,112,Perdidos / Hibernando,1,1,1,1,Valor medio
WJ6AC0ZXWR,Comercio detallista,Ropa / Accesorios,Bogotá D.C.,2021-03-11 10:16:00,2021-03-11 10:22:00,2021-03-11 10:27:00,1,3525000.0,1097000,False,391666.6666666667,176250.0,0,9,2,2,3,4,234,Potenciales,0,0,0,0,Valor medio-alto
WJN5Z9PM2A,Servicios,Otro,Bogotá D.C.,2021-03-02 11:02:00,2021-03-02 11:20:00,2021-03-02 11:27:00,1,1243000.0,170000,False,88785.71428571429,62150.0,0,14,3,2,4,3,243,En riesgo (antes valiosos),0,0,0,0,Valor medio-alto
WJU9UDJKV1,Comercio detallista,Tecnología,Bogotá D.C.,2021-03-18 15:26:00,2021-03-18 15:35:00,2021-03-18 15:38:00,1,622000.0,0,False,207333.33333333334,31100.0,0,3,2,2,2,2,222,Perdidos / Hibernando,0,0,0,0,Valor medio-alto
WK4PYIJ2J4,Alimentos y bebidas,Comida rápida,Bogotá D.C.,2021-03-18 14:12:00,2021-03-18 14:24:00,2021-03-18 14:29:00,1,657510.0,103160,False,23482.5,32875.5,0,28,3,2,4,2,242,En riesgo (antes valiosos),2,0,0,0,Valor medio-alto
WKEGCIGR3J,Servicios,Tecnología y software,Soacha,2021-03-23 15:00:00,2021-03-23 15:06:00,2021-03-23 15:09:00,1,13477250.0,822000,False,449241.6666666667,673862.5,0,30,3,2,5,5,255,En riesgo (antes valiosos),2,0,0,0,Valor medio-alto
WKNKIQTQDJ,Comercio detallista,Elementos de seguridad,Bogotá D.C.,,,,1,34691000.0,5100000,False,289091.6666666667,1734550.0,0,120,5,2,5,5,255,En riesgo (antes valiosos),2,0,0,0,Valor medio-alto
WLKGHJ7C23,Comercio detallista,Óptica,Bogotá D.C.,2021-03-09 13:27:00,2021-03-09 13:35:00,2021-03-09 13:43:00,1,14144000.0,5000000,False,1178666.6666666667,707200.0,0,12,3,2,3,5,235,Potenciales,2,0,0,0,Valor medio-alto
WLOE151RXO,Alimentos y bebidas,Restaurante / Café,Caucasia,,,,1,2000.0,0,False,2000.0,100.0,5,1,1,1,1,1,111,Perdidos / Hibernando,1,1,2,1,Valor medio
WMQUK63IUA,Comercio detallista,Tecnología,Bogotá D.C.,,,,1,3209900.0,95550,False,86754.05405405405,160495.0,0,37,5,2,5,4,254,En riesgo (antes valiosos),2,0,0,0,Valor medio-alto
WMRXEESR3P,Comercio detallista,Ropa / Accesorios,Bogotá D.C.,2021-03-23 15:36:00,2021-03-23 16:00:00,2021-03-28 17:49:00,1,4438000.0,457000,False,92458.33333333333,221900.0,0,48,3,2,5,4,254,En riesgo (antes valiosos),2,0,0,0,Valor medio-alto
WMW6YW8RN6,Transporte,Domicilios,Bogotá D.C.,2021-02-04 11:01:00,2021-02-04 12:43:00,2021-02-04 12:46:00,1,6000.0,0,False,2000.0,300.0,3,3,1,1,2,1,121,Perdidos / Hibernando,1,1,2,1,Valor medio
WNN04VIM4J,Servicios,Medicina / Odontología,Bogotá D.C.,2021-03-08 14:32:00,2021-03-08 14:44:00,2021-03-08 14:46:00,1,3057000.0,1600000,False,436714.28571428574,152850.0,0,7,3,2,3,4,234,Potenciales,0,0,0,0,Valor medio-alto
WNNKDNHNLN,Alimentos y bebidas,Abarrotes / Mercado,Bogotá D.C.,2021-03-25 15:46:00,2021-03-25 15:55:00,2021-03-25 16:01:00,1,4662950.0,893350,False,33070.56737588652,233147.5,0,141,3,2,5,4,254,En riesgo (antes valiosos),2,0,0,0,Valor medio-alto
WOEWBALKP9,Comercio detallista,Tecnología,Bogotá D.C.,2021-03-03 17:19:00,2021-03-03 17:32:00,2021-03-03 17:34:00,1,2000.0,0,False,2000.0,100.0,2,1,1,1,1,1,111,Perdidos / Hibernando,1,1,2,1,Valor medio
WOSXK8CTRH,Servicios,Tecnología y software,Bogotá D.C.,,,,1,37694250.0,5650300,False,1108654.4117647058,1884712.5,0,34,5,2,5,5,255,En riesgo (antes valiosos),2,0,0,0,Valor medio-alto
WQ1SK6RO7Y,Comercio detallista,Materiales de construcción,Bogotá D.C.,2021-03-10 16:52:00,2021-03-10 17:04:00,2021-03-10 17:06:00,1,995000.0,0,False,331666.6666666667,49750.0,2,3,1,1,2,3,123,Potenciales,0,1,1,1,Valor medio
WQ2TX02EDB,Servicios,Otro,Bogotá D.C.,2021-02-03 12:09:00,2021-02-03 12:18:00,2021-02-03 12:21:00,1,1045500.0,241500,False,209100.0,52275.0,0,5,4,2,2,3,223,Potenciales,0,0,0,0,Valor medio-alto
WQ58I7RTXS,Servicios,Otro,Bogotá D.C.,2021-03-08 13:41:00,2021-03-08 13:57:00,2021-03-08 13:59:00,1,4145799.0,442925,False,345483.25,207289.95,0,12,3,2,3,4,234,Potenciales,0,0,0,0,Valor medio-alto
WRSYOJMTO2,Comercio detallista,Ropa / Accesorios,Bogotá D.C.,2021-03-17 10:35:00,2021-03-17 10:44:00,2021-03-17 10:46:00,1,1354000.0,0,False,64476.19047619047,67700.0,0,21,3,2,4,3,243,En riesgo (antes valiosos),2,0,0,0,Valor medio-alto
WS3AXI0HNR,Comercio detallista,Ropa / Accesorios,Bogotá D.C.,,2021-03-17 12:11:00,2021-03-17 12:14:00,1,62000.0,60000,False,31000.0,3100.0,1,2,2,2,1,1,211,Perdidos / Hibernando,0,1,1,1,Valor medio
WS44IC5L5J,Comercio detallista,Ropa / Accesorios,Bogotá D.C.,2021-03-23 11:47:00,2021-03-23 11:54:00,2021-03-23 11:56:00,1,1026000.0,364000,False,73285.71428571429,51300.0,0,14,3,2,4,3,243,En riesgo (antes valiosos),0,0,0,0,Valor medio-alto
WSKFFYGY0F,Servicios,Tecnología y software,Cali,2021-02-17 17:18:00,2021-02-17 17:32:00,2021-02-17 17:36:00,1,1050.0,0,False,1050.0,52.5,3,1,1,1,1,1,111,Perdidos / Hibernando,1,1,2,1,Valor medio
WSX1412W3T,Belleza y cuidado personal,Masajista independiente,Bogotá D.C.,2021-02-05 14:52:00,2021-02-05 14:57:00,2021-02-06 14:56:00,1,1452000.0,0,False,290400.0,72600.0,0,5,3,2,2,3,223,Potenciales,0,0,0,0,Valor medio-alto
WUMYI72SX8,Comercio detallista,Artesanías,Bogotá D.C.,2021-03-30 08:16:00,2021-03-30 16:41:00,2021-03-30 16:43:00,1,512750.0,90000,False,64093.75,25637.5,0,8,3,2,3,2,232,Potenciales,0,0,0,0,Valor medio-alto
WUWJ8G8FB4,Comercio detallista,Muebles / Decoración,Bogotá D.C.,2021-03-26 14:04:00,2021-03-26 14:14:00,2021-03-26 14:15:00,1,1494000.0,202000,False,373500.0,74700.0,0,4,3,2,2,3,223,Potenciales,0,0,0,0,Valor medio-alto
WUXF2SNXAK,Servicios,Tecnología y software,Girardot,2021-03-20 12:57:00,2021-03-20 13:06:00,2021-03-20 13:11:00,1,469000.0,0,False,117250.0,23450.0,0,4,3,2,2,2,222,Perdidos / Hibernando,0,0,1,0,Valor medio-alto
WUYO9PGW2L,Belleza y cuidado personal,Spa,Bogotá D.C.,,,,2,58092000.0,32650000,False,2904600.0,2904600.0,1,20,5,2,4,5,245,En riesgo (antes valiosos),2,2,0,2,Valor alto
WV1CQR0F0Y,Belleza y cuidado personal,Otro,Bogotá D.C.,2021-03-09 09:42:00,2021-03-09 09:48:00,2021-03-09 09:53:00,1,2000.0,0,False,500.0,100.0,0,4,2,2,2,1,221,Perdidos / Hibernando,0,1,1,1,Valor medio
WWV375V6RC,Comercio detallista,Venta de bicicletas y accesorios,Bogotá D.C.,2021-02-04 08:50:00,2021-02-04 09:06:00,2021-02-04 09:08:00,1,1923910.0,17850,False,68711.07142857143,96195.5,0,28,4,2,4,3,243,En riesgo (antes valiosos),2,0,0,0,Valor medio-alto
WWYEGFAE51,Comercio detallista,Materiales de construcción,Soacha,,,,1,8241000.0,0,False,1030125.0,412050.0,3,8,3,1,3,5,135,Potenciales,0,0,1,0,Valor medio-alto
WXTQU11NM1,Comercio detallista,Tecnología,Bogotá D.C.,2021-03-09 15:08:00,2021-03-09 15:24:00,2021-03-09 15:28:00,1,633000.0,121000,False,158250.0,31650.0,1,4,2,2,2,2,222,Perdidos / Hibernando,0,0,1,0,Valor medio-alto
WZ0PCBEGBY,Alimentos y bebidas,Abarrotes / Mercado,Bogotá D.C.,2020-07-27 17:54:00,,,1,171620.0,0,False,85810.0,8581.0,4,2,1,1,1,1,111,Perdidos / Hibernando,1,1,2,1,Valor medio
X02B6HL9XA,Comercio detallista,Otro,Bogotá D.C.,2021-03-08 14:44:00,2021-03-08 14:51:00,2021-03-08 14:53:00,1,4000.0,0,False,2000.0,200.0,2,2,1,1,1,1,111,Perdidos / Hibernando,1,1,2,1,Valor medio
X076OCUS19,Reparación y limpieza,Automotriz y autopartes,Bogotá D.C.,2021-03-15 15:40:00,2021-03-15 15:50:00,2021-03-15 15:53:00,1,2838000.0,830000,False,315333.3333333333,141900.0,0,9,3,2,3,4,234,Potenciales,0,0,0,0,Valor medio-alto
X0GHRKT02J,Comercio detallista,Revendedor,Bogotá D.C.,2021-03-09 11:36:00,2021-03-09 11:42:00,2021-03-09 11:47:00,1,2427000.0,0,False,606750.0,121350.0,0,4,2,2,2,3,223,Potenciales,0,0,0,0,Valor medio-alto
X0HIIU076I,Comercio detallista,Óptica,Bogotá D.C.,2021-03-16 12:57:00,2021-03-16 13:03:00,2021-03-16 13:04:00,1,1652000.0,0,False,206500.0,82600.0,0,8,3,2,3,3,233,Potenciales,0,0,0,0,Valor medio-alto
X0K7R7060K,Comercio detallista,Materiales de construcción,Bogotá D.C.,2021-03-25 12:23:00,2021-03-25 12:37:00,2021-03-25 12:40:00,1,1114000.0,0,False,48434.782608695656,55700.0,0,23,3,2,4,3,243,En riesgo (antes valiosos),2,0,0,0,Valor medio-alto
X0PU576PHG,Comercio detallista,Óptica,Bogotá D.C.,2021-02-10 13:54:00,2021-02-10 14:14:00,2021-02-10 14:16:00,3,5206000.0,3910000,False,650750.0,260300.0,0,8,2,2,3,4,234,Potenciales,0,2,0,2,Valor alto
X0XOG4W7P3,Comercio detallista,Óptica,Bogotá D.C.,,2021-03-22 18:40:00,2021-03-22 18:41:00,1,2000.0,0,False,2000.0,100.0,2,1,1,1,1,1,111,Perdidos / Hibernando,1,1,2,1,Valor medio
X152OKBD4F,Comercio detallista,Tienda naturista,Cali,2021-02-09 14:58:00,2021-02-09 15:17:00,2021-02-09 15:21:00,1,623280.0,0,False,155820.0,31164.0,1,4,3,2,2,2,222,Perdidos / Hibernando,0,0,1,0,Valor medio-alto
X2ZZILXFSU,Servicios,Medicina / Odontología,Bogotá D.C.,2021-03-12 17:30:00,2021-03-12 17:41:00,2021-03-12 17:44:00,1,4000.0,0,False,1333.3333333333333,200.0,0,3,2,2,2,1,221,Perdidos / Hibernando,0,1,1,1,Valor medio
X3TBDWY9NP,Servicios,Medicina / Odontología,Bogotá D.C.,2021-03-16 13:46:00,2021-03-16 14:18:00,2021-03-16 15:01:00,1,6046550.0,1127000,False,431896.4285714286,302327.5,0,14,3,2,4,4,244,En riesgo (antes valiosos),2,0,0,0,Valor medio-alto
X4ER4XD9VA,Comercio detallista,Joyería,Bogotá D.C.,2021-02-04 14:17:00,2021-02-04 14:28:00,2021-02-04 14:31:00,1,1820000.0,60000,False,130000.0,91000.0,0,14,4,2,4,3,243,En riesgo (antes valiosos),0,0,0,0,Valor medio-alto
X4MG8POMLB,Servicios,Logística,Bogotá D.C.,2021-02-04 16:31:00,2021-02-04 17:00:00,2021-02-04 17:04:00,1,1361000.0,360000,False,170125.0,68050.0,0,8,3,2,3,3,233,Potenciales,0,0,0,0,Valor medio-alto
X4VO3IBIKB,Reparación y limpieza,Automotriz y autopartes,Bogotá D.C.,2021-03-15 14:38:00,2021-03-15 15:01:00,2021-03-15 15:06:00,1,4109728.0,1595303,False,587104.0,205486.40000000002,0,7,3,2,3,4,234,Potenciales,0,0,0,0,Valor medio-alto
X5KFWMX97R,Comercio detallista,Otro,Bogotá D.C.,2021-02-03 22:38:00,2021-02-05 13:28:00,2021-02-05 15:01:00,1,5016750.0,276000,False,161830.64516129033,250837.5,0,31,4,2,5,4,254,En riesgo (antes valiosos),2,0,0,0,Valor medio-alto
X65ET5NBRG,Comercio detallista,Óptica,Bogotá D.C.,2021-02-09 14:47:00,2021-02-09 15:06:00,2021-02-09 15:08:00,1,29316100.0,1584100,False,290258.41584158415,1465805.0,0,101,4,2,5,5,255,En riesgo (antes valiosos),2,0,0,0,Valor medio-alto
X6P7B2SH1L,Alimentos y bebidas,Otro,Bogotá D.C.,2021-03-24 18:26:00,2021-03-24 18:37:00,2021-03-24 18:39:00,1,87000.0,0,False,21750.0,4350.0,0,4,3,2,2,1,221,Perdidos / Hibernando,0,0,1,0,Valor medio-alto
X790BQ1DUS,Servicios,Medicina / Odontología,Bogotá D.C.,2021-03-19 10:20:00,2021-03-19 10:26:00,2021-03-19 10:28:00,1,1158000.0,0,False,193000.0,57900.0,0,6,3,2,2,3,223,Potenciales,0,0,0,0,Valor medio-alto
X7DOMYF7N2,Alimentos y bebidas,Comida rápida,Bogotá D.C.,2021-03-03 16:21:00,2021-03-03 16:28:00,2021-03-03 16:32:00,1,3789300.0,266300,False,57413.63636363636,189465.0,0,66,3,2,5,4,254,En riesgo (antes valiosos),2,0,0,0,Valor medio-alto
X7VZ9OMPEJ,Comercio detallista,Libros / Papelería,Bogotá D.C.,2021-02-09 11:33:00,2021-02-09 11:40:00,2021-02-09 11:41:00,1,326950.0,0,False,32695.0,16347.5,2,10,2,1,3,2,132,Potenciales,0,1,1,1,Valor medio
X83JD90GCN,Alimentos y bebidas,Restaurante / Café,Villa de San Diego de Ubate,2021-03-20 13:36:00,2021-03-20 13:55:00,2021-03-20 13:58:00,1,519825.0,9900,False,43318.75,25991.25,0,12,3,2,3,2,232,Potenciales,0,0,0,0,Valor medio-alto
X84QZHLSON,Servicios,Medicina / Odontología,Bogotá D.C.,,,,1,13352000.0,2190000,False,580521.7391304348,667600.0,0,23,6,2,4,5,245,En riesgo (antes valiosos),2,0,0,0,Valor medio-alto
X933HZHYMF,Comercio detallista,Ropa / Accesorios,Bogotá D.C.,2021-03-08 11:27:00,2021-03-08 11:36:00,2021-03-08 11:50:00,1,2316000.0,520000,False,178153.84615384616,115800.0,0,13,3,2,3,3,233,Potenciales,0,0,0,0,Valor medio-alto
X983C7Y7SW,Servicios,Otro,Bogotá D.C.,2021-03-09 16:49:00,2021-03-09 17:24:00,2021-03-09 17:38:00,1,86000.0,0,False,28666.666666666668,4300.0,0,3,3,2,2,1,221,Perdidos / Hibernando,0,0,1,0,Valor medio-alto
X9MLZ7ND19,Comercio detallista,Óptica,Bogotá D.C.,2021-03-19 16:53:00,2021-03-19 16:57:00,2021-03-19 16:59:00,1,2000.0,0,False,2000.0,100.0,2,1,1,1,1,1,111,Perdidos / Hibernando,1,1,2,1,Valor medio
XCUIPIB9NQ,Comercio detallista,Joyería,Bogotá D.C.,2021-03-25 14:04:00,2021-03-25 14:11:00,2021-03-25 14:13:00,1,906000.0,0,False,113250.0,45300.0,0,8,3,2,3,2,232,Potenciales,0,0,0,0,Valor medio-alto
XD3W801OUP,Comercio detallista,Joyería,Bogotá D.C.,2021-03-26 12:51:00,2021-03-26 12:57:00,2021-03-26 12:59:00,1,2000.0,0,False,2000.0,100.0,2,1,1,1,1,1,111,Perdidos / Hibernando,1,1,2,1,Valor medio
XD7YZM5CDX,Comercio detallista,Óptica,Bogotá D.C.,2021-03-12 14:11:00,2021-03-12 14:20:00,2021-03-12 14:22:00,1,6179000.0,590000,False,411933.3333333333,308950.0,0,15,3,2,4,4,244,En riesgo (antes valiosos),2,0,0,0,Valor medio-alto
XDIGOGU97U,Servicios,Diseño / Fotografía,Bogotá D.C.,2021-03-16 16:34:00,2021-03-16 17:01:00,2021-03-16 17:03:00,1,4909000.0,440000,False,350642.85714285716,245450.0,0,14,3,2,4,4,244,En riesgo (antes valiosos),2,0,0,0,Valor medio-alto
XDO8TLD4LU,Servicios,Otro,Bogotá D.C.,2021-03-07 10:11:00,2021-03-07 10:24:00,2021-03-07 10:26:00,1,3601000.0,0,False,240066.66666666666,180050.0,0,15,3,2,4,4,244,En riesgo (antes valiosos),2,0,0,0,Valor medio-alto
XDR26T4UDJ,Comercio detallista,Tecnología,Bogotá D.C.,2021-03-29 10:59:00,2021-03-29 11:16:00,2021-03-29 11:18:00,1,1727750.0,246000,False,107984.375,86387.5,0,16,3,2,4,3,243,En riesgo (antes valiosos),0,0,0,0,Valor medio-alto
XE2MFQI79W,Comercio detallista,Ropa / Accesorios,Bogotá D.C.,2021-02-17 13:07:00,2021-02-17 13:15:00,2021-02-17 13:17:00,1,65246000.0,9112000,False,214625.0,3262300.0,0,304,4,2,5,5,255,En riesgo (antes valiosos),2,0,0,0,Valor medio-alto
XEY61USO0B,Belleza y cuidado personal,Spa,Chía,2021-03-19 17:29:00,2021-03-19 17:39:00,2021-03-19 17:43:00,1,991000.0,89000,False,123875.0,49550.0,0,8,2,2,3,3,233,Potenciales,0,0,0,0,Valor medio-alto
XFJ148MBN6,Alimentos y bebidas,Abarrotes / Mercado,Bogotá D.C.,2021-03-06 13:27:00,2021-03-06 13:39:00,2021-03-06 13:41:00,1,527000.0,0,False,175666.66666666666,26350.0,1,3,2,2,2,2,222,Perdidos / Hibernando,0,0,1,0,Valor medio-alto
XFZCYU819H,Comercio detallista,Óptica,Bogotá D.C.,,,,3,104180900.0,8606000,False,439581.8565400844,5209045.0,0,237,5,2,5,5,255,En riesgo (antes valiosos),2,2,0,2,Valor alto
XG7JY5KYJG,Comercio detallista,Ropa / Accesorios,Bogotá D.C.,2021-02-26 14:03:00,2021-02-26 14:12:00,2021-02-26 14:17:00,1,807000.0,150000,False,73363.63636363637,40350.0,0,11,4,2,3,2,232,Potenciales,0,0,0,0,Valor medio-alto
XG989QDHEQ,Servicios,Otro,Bogotá D.C.,,,,1,26035000.0,1142000,False,292528.08988764044,1301750.0,0,89,6,2,5,5,255,En riesgo (antes valiosos),2,0,0,0,Valor medio-alto
XGAX4HLUS0,Comercio detallista,Tecnología,Bogotá D.C.,2021-03-08 19:04:00,2021-03-08 19:12:00,2021-03-08 19:14:00,1,4000.0,0,False,2000.0,200.0,2,2,1,1,1,1,111,Perdidos / Hibernando,1,1,2,1,Valor medio
XGL57FDPK1,Comercio detallista,Auto partes,Bogotá D.C.,2021-02-09 11:13:00,2021-02-09 11:22:00,2021-02-09 11:29:00,1,5037000.0,692000,False,335800.0,251850.0,0,15,4,2,4,4,244,En riesgo (antes valiosos),2,0,0,0,Valor medio-alto
XGOPBBTBUJ,Servicios,Terapias,Bogotá D.C.,2021-03-10 17:46:00,2021-03-10 18:09:00,2021-03-10 18:14:00,1,90000.0,0,False,11250.0,4500.0,0,8,3,2,3,1,231,Potenciales,0,0,1,0,Valor medio-alto
XH5R8Q6ZCX,Comercio detallista,Auto partes,Bogotá D.C.,2021-02-22 12:32:00,2021-02-22 12:42:00,2021-02-22 12:48:00,1,12139000.0,5290000,False,758687.5,606950.0,0,16,4,2,4,5,245,En riesgo (antes valiosos),2,0,0,0,Valor medio-alto
XHO1A3III1,Comercio detallista,Tecnología,Bogotá D.C.,2021-03-12 15:33:00,2021-03-12 15:42:00,2021-03-12 15:44:00,1,7095000.0,700000,False,886875.0,354750.0,0,8,3,2,3,5,235,Potenciales,0,0,0,0,Valor medio-alto
XHRFI658TC,Comercio detallista,Electrodomésticos,Bogotá D.C.,2021-03-12 14:14:00,2021-03-12 14:22:00,2021-03-12 14:24:00,1,7190000.0,1515000,False,299583.3333333333,359500.0,0,24,3,2,4,5,245,En riesgo (antes valiosos),2,0,0,0,Valor medio-alto
XHRNJVQ6B3,Comercio detallista,Otro,Madrid,2021-03-15 13:02:00,2021-03-15 13:12:00,2021-03-24 17:33:00,1,2000.0,0,False,2000.0,100.0,2,1,1,1,1,1,111,Perdidos / Hibernando,1,1,2,1,Valor medio
XHYM002YL6,Comercio detallista,Materiales de construcción,Bogotá D.C.,2021-03-10 16:50:00,2021-03-10 17:32:00,2021-03-10 17:36:00,1,10967550.0,900950,False,843657.6923076923,548377.5,0,13,3,2,3,5,235,Potenciales,2,0,0,0,Valor medio-alto
XI1ZIUOLTT,Alimentos y bebidas,Licores,Madrid,2021-03-29 11:38:00,2021-03-29 11:45:00,2021-03-29 11:47:00,1,2401000.0,0,False,480200.0,120050.0,1,5,2,2,2,3,223,Potenciales,0,0,1,0,Valor medio-alto
XI2I2FCNMO,Servicios,Tecnología y software,Bogotá D.C.,,,,1,2202000.0,0,False,1101000.0,110100.0,1,2,2,2,1,3,213,Potenciales,0,0,1,0,Valor medio-alto
XIE0N1MHUZ,Comercio detallista,Ropa / Accesorios,Bogotá D.C.,,,,1,1788500.0,352000,False,71540.0,89425.0,0,25,5,2,4,3,243,En riesgo (antes valiosos),2,0,0,0,Valor medio-alto
XIERUES1R5,Servicios,Otro,La Dorada,2021-03-30 13:22:00,2021-03-30 13:36:00,2021-03-30 13:40:00,1,4000.0,0,False,2000.0,200.0,1,2,2,2,1,1,211,Perdidos / Hibernando,1,1,1,1,Valor medio
XIF2UTUKLG,Comercio detallista,Ropa / Accesorios,Bogotá D.C.,2021-03-17 11:44:00,2021-03-17 12:00:00,2021-03-17 12:17:00,1,49000.0,37000,False,16333.333333333334,2450.0,0,3,2,2,2,1,221,Perdidos / Hibernando,0,0,1,0,Valor medio-alto
XIGJ0FF71E,Alimentos y bebidas,Abarrotes / Mercado,Bogotá D.C.,2021-03-11 10:26:00,2021-03-11 10:43:00,2021-03-11 10:45:00,1,438900.0,0,False,87780.0,21945.0,0,5,3,2,2,2,222,Perdidos / Hibernando,0,0,1,0,Valor medio-alto
XJ84C2SM6J,Servicios,Veterinaria,Bogotá D.C.,,,,1,29828000.0,3134000,False,142038.09523809524,1491400.0,0,210,5,2,5,5,255,En riesgo (antes valiosos),2,0,0,0,Valor medio-alto
XJEJMT0S1B,Comercio detallista,Muebles / Decoración,Bogotá D.C.,2021-03-12 11:07:00,2021-03-12 11:24:00,2021-03-12 11:29:00,1,549000.0,0,False,78428.57142857143,27450.0,0,7,3,2,3,2,232,Potenciales,0,0,0,0,Valor medio-alto
XJRKTSXNGU,Belleza y cuidado personal,Spa,Bogotá D.C.,2021-03-23 18:20:00,2021-03-23 18:30:00,,1,46800.0,0,False,23400.0,2340.0,1,2,2,2,1,1,211,Perdidos / Hibernando,0,1,1,1,Valor medio
XKD68BJHRE,Comercio detallista,Óptica,Bogotá D.C.,2021-03-18 15:46:00,2021-03-18 15:54:00,2021-03-18 16:13:00,1,447500.0,0,False,111875.0,22375.0,1,4,2,2,2,2,222,Perdidos / Hibernando,0,0,1,0,Valor medio-alto
XKHF0C9R0V,Alimentos y bebidas,Restaurante / Café,Bogotá D.C.,2021-03-09 13:37:00,2021-03-09 13:54:00,2021-03-09 13:57:00,1,164000.0,0,False,54666.666666666664,8200.0,2,3,1,1,2,1,121,Perdidos / Hibernando,1,1,1,1,Valor medio
XKJWMNEW3M,Reparación y limpieza,Automotriz y autopartes,Bogotá D.C.,2021-02-25 16:57:00,2021-02-25 17:09:00,2021-02-25 17:11:00,1,1656200.0,712000,False,165620.0,82810.0,0,10,4,2,3,3,233,Potenciales,0,0,0,0,Valor medio-alto
XKNXRCPUL1,Comercio detallista,Auto partes,Bogotá D.C.,2021-03-31 15:01:00,2021-03-31 15:12:00,2021-03-31 15:15:00,1,102000.0,0,False,34000.0,5100.0,1,3,2,2,2,1,221,Perdidos / Hibernando,0,1,1,1,Valor medio
XKRVSLV9VM,Belleza y cuidado personal,Distribuidora,Soacha,2021-02-01 11:11:00,2021-02-01 11:20:00,2021-02-01 11:26:00,1,30484950.0,2622600,False,88362.17391304347,1524247.5,0,345,4,2,5,5,255,En riesgo (antes valiosos),2,0,0,0,Valor medio-alto
XL2PB5OTZF,Comercio detallista,Óptica,Bogotá D.C.,2021-02-16 13:36:00,2021-02-16 13:44:00,2021-02-16 13:48:00,1,812000.0,0,False,203000.0,40600.0,1,4,3,2,2,2,222,Perdidos / Hibernando,0,0,1,0,Valor medio-alto
XM1T9K61ON,Reparación y limpieza,Automotriz y autopartes,Bogotá D.C.,2021-03-13 13:22:00,2021-03-13 13:27:00,2021-03-13 13:36:00,1,2000.0,0,False,1000.0,100.0,2,2,1,1,1,1,111,Perdidos / Hibernando,1,1,2,1,Valor medio
XM4YV1COCM,Servicios,Medicina / Odontología,Jamundí,2021-03-24 17:37:00,2021-03-24 17:46:00,,1,88000.0,0,False,29333.333333333332,4400.0,0,3,3,2,2,1,221,Perdidos / Hibernando,0,0,1,0,Valor medio-alto
XMDDBYTI94,Alimentos y bebidas,Otro,Bogotá D.C.,,,,1,2922500.0,140000,False,23760.162601626016,146125.0,0,123,6,2,5,4,254,En riesgo (antes valiosos),2,0,0,0,Valor medio-alto
XN6SK8FETQ,Comercio detallista,Óptica,Bogotá D.C.,,,,1,6142000.0,0,False,383875.0,307100.0,0,16,4,2,4,4,244,En riesgo (antes valiosos),2,0,0,0,Valor medio-alto
XNBLHAIE5Y,Comercio detallista,Otro,El Colegio,2021-02-18 11:19:00,2021-02-18 11:26:00,2021-02-18 11:30:00,1,217390.0,0,False,36231.666666666664,10869.5,0,6,3,2,2,2,222,Perdidos / Hibernando,0,0,1,0,Valor medio-alto
XNWO6TTKM5,Reparación y limpieza,Otro,Bogotá D.C.,2021-03-17 23:39:00,2021-03-18 17:38:00,2021-03-18 17:41:00,1,661600.0,22300,False,36755.555555555555,33080.0,0,18,3,2,4,2,242,En riesgo (antes valiosos),0,0,0,0,Valor medio-alto
XO08VUIPQP,Servicios,Veterinaria,Bogotá D.C.,2021-03-08 15:54:00,2021-03-08 16:03:00,2021-03-08 16:05:00,1,894500.0,0,False,223625.0,44725.0,0,4,2,2,2,2,222,Perdidos / Hibernando,0,0,0,0,Valor medio-alto
XO08YUOXY8,Reparación y limpieza,Automotriz y autopartes,Bogotá D.C.,2021-03-15 16:59:00,2021-03-15 17:04:00,2021-03-15 20:02:00,1,5000.0,0,False,5000.0,250.0,2,1,1,1,1,1,111,Perdidos / Hibernando,1,1,2,1,Valor medio
XO2S596B1G,Comercio detallista,Óptica,Bogotá D.C.,2021-03-25 12:01:00,2021-03-25 12:07:00,2021-03-25 12:12:00,1,2037000.0,1295000,False,1018500.0,101850.0,1,2,2,2,1,3,213,Potenciales,0,0,1,0,Valor medio-alto
XOSHVO3GIS,Servicios,Otro,Bogotá D.C.,2021-03-02 14:14:00,2021-03-02 14:23:00,2021-03-02 14:28:00,1,1487760.0,0,False,212537.14285714287,74388.0,0,7,2,2,3,3,233,Potenciales,0,0,0,0,Valor medio-alto
XOSQFY82AG,Comercio detallista,Materiales de construcción,Soacha,2021-03-24 15:31:00,2021-03-24 15:54:00,2021-03-24 16:00:00,1,4461100.0,0,False,637300.0,223055.0,0,7,3,2,3,4,234,Potenciales,0,0,0,0,Valor medio-alto
XPN2PSS920,Comercio detallista,Ropa / Accesorios,Bogotá D.C.,2021-02-15 12:18:00,2021-02-15 12:22:00,2021-02-16 15:47:00,1,6130000.0,953000,False,77594.93670886075,306500.0,0,79,4,2,5,4,254,En riesgo (antes valiosos),2,0,0,0,Valor medio-alto
XPX9KCG1YK,Comercio detallista,Venta de bicicletas y accesorios,Cota,2021-03-23 18:12:00,2021-03-23 18:27:00,2021-03-23 18:30:00,1,1775300.0,367000,False,110956.25,88765.0,0,16,3,2,4,3,243,En riesgo (antes valiosos),0,0,0,0,Valor medio-alto
XPXMKFNZ2T,Servicios,Medicina / Odontología,Bogotá D.C.,2021-02-09 14:54:00,2021-02-09 15:18:00,2021-02-09 15:26:00,1,15625680.0,0,False,1302140.0,781284.0,0,12,4,2,3,5,235,Potenciales,2,0,0,0,Valor medio-alto
XPXOA31SMQ,Comercio detallista,Tecnología,Bogotá D.C.,2021-03-12 14:35:00,2021-03-12 14:41:00,2021-03-12 14:47:00,1,3866000.0,1535000,False,644333.3333333334,193300.0,0,6,3,2,2,4,224,Potenciales,0,0,0,0,Valor medio-alto
XQTZMSYW4I,Comercio detallista,Otro,Bogotá D.C.,2021-03-06 10:43:00,2021-03-06 11:00:00,2021-03-06 11:03:00,1,3132840.0,570000,False,348093.3333333333,156642.0,0,9,3,2,3,4,234,Potenciales,0,0,0,0,Valor medio-alto
XQUXSSSXWD,Comercio detallista,Ropa / Accesorios,Bogotá D.C.,2021-02-25 13:53:00,2021-02-25 14:00:00,2021-02-25 14:04:00,1,7178000.0,2385000,False,138038.46153846153,358900.0,0,52,4,2,5,5,255,En riesgo (antes valiosos),2,0,0,0,Valor medio-alto
XR2VR0FUL7,Comercio detallista,Óptica,Bogotá D.C.,,,,1,18712000.0,2480000,False,346518.51851851854,935600.0,0,54,6,2,5,5,255,En riesgo (antes valiosos),2,0,0,0,Valor medio-alto
XS1FWOU305,Servicios,Carpintería,Bogotá D.C.,2021-03-09 14:06:00,2021-03-09 14:16:00,2021-03-09 14:20:00,1,4000.0,0,False,2000.0,200.0,1,2,2,2,1,1,211,Perdidos / Hibernando,1,1,1,1,Valor medio
XS3T7BMZCX,Comercio detallista,Óptica,Bogotá D.C.,2021-03-29 17:29:00,2021-03-29 17:38:00,2021-03-29 17:40:00,1,8122400.0,2909700,False,580171.4285714285,406120.0,0,14,3,2,4,5,245,En riesgo (antes valiosos),2,0,0,0,Valor medio-alto
XS9U4ZQQNF,Servicios,Tecnología y software,Bogotá D.C.,2021-03-06 10:51:00,2021-03-06 15:18:00,2021-03-06 19:46:00,1,757000.0,189000,False,126166.66666666667,37850.0,0,6,3,2,2,2,222,Perdidos / Hibernando,0,0,0,0,Valor medio-alto
XSO21FZGJ5,Belleza y cuidado personal,Centro de tatuajes,Bogotá D.C.,2021-02-15 11:20:00,2021-02-15 11:27:00,2021-02-15 11:31:00,1,1671000.0,0,False,278500.0,83550.0,0,6,4,2,2,3,223,Potenciales,0,0,0,0,Valor medio-alto
XSWS4LIURY,Comercio detallista,Ropa / Accesorios,Bogotá D.C.,2021-03-09 16:08:00,2021-03-09 16:34:00,2021-03-09 16:36:00,1,6078000.0,126000,False,675333.3333333334,303900.0,0,9,3,2,3,4,234,Potenciales,0,0,0,0,Valor medio-alto
XTDJXBFIRF,Comercio detallista,Insumos,Bogotá D.C.,,,,1,137260.0,0,False,17157.5,6863.0,0,8,5,2,3,1,231,Potenciales,0,0,1,0,Valor medio-alto
XTO4EB36AV,Turismo y entretenimiento,Gimnasio,Bogotá D.C.,2021-03-02 16:40:00,2021-03-02 22:01:00,,1,425302.0,0,True,106325.5,21265.100000000002,0,4,2,2,2,2,222,Perdidos / Hibernando,0,0,1,0,Valor medio-alto
XU0IUP9KKQ,Comercio detallista,Ropa / Accesorios,Bogotá D.C.,2021-02-17 13:35:00,2021-02-17 13:49:00,2021-02-17 13:51:00,1,2110000.0,0,False,75357.14285714286,105500.0,2,28,2,1,4,3,143,En riesgo (antes valiosos),2,0,1,0,Valor medio-alto
XU5ZWOY484,Comercio detallista,Elementos de seguridad,Bogotá D.C.,2021-03-04 17:32:00,2021-03-04 17:40:00,2021-03-04 17:42:00,1,2000.0,0,False,2000.0,100.0,2,1,1,1,1,1,111,Perdidos / Hibernando,1,1,2,1,Valor medio
XUTMKNYV8Z,Servicios,Logística,Bogotá D.C.,2021-03-09 12:51:00,2021-03-09 12:59:00,2021-03-09 13:01:00,1,2000.0,0,False,2000.0,100.0,2,1,1,1,1,1,111,Perdidos / Hibernando,1,1,2,1,Valor medio
XUY0R8C6CL,Comercio detallista,Insumos,Bogotá D.C.,2021-03-26 11:39:00,2021-03-26 11:46:00,2021-03-26 11:49:00,1,2025580.0,250200,False,101279.0,101279.0,0,20,3,2,4,3,243,En riesgo (antes valiosos),2,0,0,0,Valor medio-alto
XV0V0F0ZAN,Alimentos y bebidas,Comida rápida,Bogotá D.C.,2021-03-12 14:50:00,2021-03-12 15:09:00,2021-03-12 15:21:00,1,373000.0,0,False,93250.0,18650.0,0,4,2,2,2,2,222,Perdidos / Hibernando,0,0,1,0,Valor medio-alto
XV11L5MDCX,Alimentos y bebidas,Abarrotes / Mercado,Bogotá D.C.,2021-03-26 12:32:00,2021-03-26 12:41:00,2021-03-26 12:48:00,1,202000.0,200000,False,202000.0,10100.0,2,1,1,1,1,2,112,Perdidos / Hibernando,1,1,1,1,Valor medio
XVB7GIBP4H,Servicios,Veterinaria,Bogotá D.C.,2021-02-17 15:50:00,2021-02-17 15:57:00,2021-02-17 15:59:00,1,4433600.0,900000,False,94331.91489361702,221680.0,0,47,4,2,5,4,254,En riesgo (antes valiosos),2,0,0,0,Valor medio-alto
XW286YKUO1,Comercio detallista,Tecnología,Cali,2021-02-09 17:37:00,2021-02-09 17:46:00,2021-02-09 17:52:00,1,127050.0,0,False,63525.0,6352.5,3,2,1,1,1,1,111,Perdidos / Hibernando,1,1,1,1,Valor medio
XWTP7DEZ5C,Comercio detallista,Elementos de seguridad,Bogotá D.C.,2021-02-22 12:47:00,2021-02-22 12:54:00,2021-02-22 12:58:00,1,8701300.0,1074500,False,271915.625,435065.0,0,32,4,2,5,5,255,En riesgo (antes valiosos),2,0,0,0,Valor medio-alto
XXEQIFGOTK,Servicios,Otro,Bogotá D.C.,2021-02-08 13:59:00,2021-02-08 14:04:00,2021-02-08 14:06:00,1,1306000.0,60000,False,118727.27272727272,65300.0,0,11,4,2,3,3,233,Potenciales,0,0,0,0,Valor medio-alto
XXHDT3K0BH,Comercio detallista,Óptica,Bogotá D.C.,,,,1,18601000.0,2445000,False,251364.86486486485,930050.0,0,74,6,2,5,5,255,En riesgo (antes valiosos),2,0,0,0,Valor medio-alto
XXT5K6PV0X,Servicios,Otro,Bogotá D.C.,,,,1,28848900.0,2891600,False,38985.0,1442445.0,0,740,6,2,5,5,255,En riesgo (antes valiosos),2,0,0,0,Valor medio-alto
XXZPCJQ1FK,Turismo y entretenimiento,Turismo,Bogotá D.C.,2021-02-11 15:56:00,2021-02-11 16:01:00,2021-02-11 16:05:00,1,27539620.0,0,False,1147484.1666666667,1376981.0,0,24,3,2,4,5,245,En riesgo (antes valiosos),2,0,0,0,Valor medio-alto
XYDUZL5JA6,Transporte,Servicio especial,Bogotá D.C.,2021-03-05 08:25:00,2021-03-05 08:43:00,2021-03-05 08:45:00,1,13000.0,2000,False,4333.333333333333,650.0,2,3,1,1,2,1,121,Perdidos / Hibernando,1,1,1,1,Valor medio
XYJCNMO7IK,Comercio detallista,Artesanías,Bogotá D.C.,2021-03-02 18:13:00,2021-03-02 18:27:00,2021-03-02 18:29:00,1,52000.0,0,False,26000.0,2600.0,2,2,1,1,1,1,111,Perdidos / Hibernando,1,1,1,1,Valor medio
XZNO0JPN8I,Comercio detallista,Óptica,Bogotá D.C.,2021-02-10 13:16:00,2021-02-10 13:21:00,2021-02-10 13:22:00,1,2000.0,0,False,2000.0,100.0,3,1,1,1,1,1,111,Perdidos / Hibernando,1,1,2,1,Valor medio
Y0B19CCIO3,Comercio detallista,Ropa / Accesorios,Bogotá D.C.,2021-03-10 13:17:00,2021-03-10 13:34:00,2021-03-10 13:40:00,1,1522000.0,260000,False,95125.0,76100.0,0,16,3,2,4,3,243,En riesgo (antes valiosos),0,0,0,0,Valor medio-alto
Y0S8ICZCMH,Comercio detallista,Tienda de deportes,Bogotá D.C.,2021-03-10 12:53:00,2021-03-10 13:02:00,2021-03-10 13:04:00,1,4087800.0,199000,False,88865.21739130435,204390.0,0,46,3,2,5,4,254,En riesgo (antes valiosos),2,0,0,0,Valor medio-alto
Y16TUWHTS0,Belleza y cuidado personal,Distribuidora,Bogotá D.C.,,,,1,893100.0,128900,False,40595.454545454544,44655.0,0,22,5,2,4,2,242,En riesgo (antes valiosos),2,0,0,0,Valor medio-alto
Y1TPGZCN33,Servicios,Tecnología y software,Bogotá D.C.,2021-03-15 13:00:00,2021-03-15 13:05:00,2021-03-15 13:09:00,1,261000.0,0,False,87000.0,13050.0,0,3,2,2,2,2,222,Perdidos / Hibernando,0,0,1,0,Valor medio-alto
Y2S9P5S3TO,Comercio detallista,Muebles / Decoración,Bogotá D.C.,,,,1,13571100.0,1513600,False,590047.8260869565,678555.0,0,23,5,2,4,5,245,En riesgo (antes valiosos),2,0,0,0,Valor medio-alto
Y2U8MDM147,Transporte,Otro,Cali,2021-02-20 12:14:00,2021-02-20 12:40:00,2021-02-20 12:42:00,1,151000.0,0,False,75500.0,7550.0,2,2,2,1,1,1,111,Perdidos / Hibernando,1,1,1,1,Valor medio
Y3CHZKAXFE,Comercio detallista,Óptica,Bogotá D.C.,2021-03-01 15:37:00,2021-03-01 15:47:00,2021-03-01 15:48:00,1,5152000.0,250000,False,271157.8947368421,257600.0,0,19,3,2,4,4,244,En riesgo (antes valiosos),2,0,0,0,Valor medio-alto
Y3CW1ZFJLG,Belleza y cuidado personal,Salón de belleza,Bogotá D.C.,2021-03-30 12:13:00,2021-03-31 09:15:00,,1,397150.0,0,False,79430.0,19857.5,0,5,2,2,2,2,222,Perdidos / Hibernando,0,0,1,0,Valor medio-alto
Y434HNQZGK,Comercio detallista,Elementos de seguridad,Bogotá D.C.,2021-03-03 13:16:00,2021-03-03 13:32:00,2021-03-03 13:34:00,1,827000.0,597000,False,165400.0,41350.0,0,5,3,2,2,2,222,Perdidos / Hibernando,0,0,0,0,Valor medio-alto
Y4KYU2TNXW,Comercio detallista,Farmacia,Bogotá D.C.,2021-03-02 09:49:00,2021-03-02 09:57:00,2021-03-02 10:03:00,1,2141900.0,539700,False,66934.375,107095.0,0,32,3,2,5,3,253,En riesgo (antes valiosos),2,0,0,0,Valor medio-alto
Y4NQNW0AC0,Belleza y cuidado personal,Otro,Bogotá D.C.,2021-02-25 18:19:00,2021-02-25 18:28:00,2021-02-25 18:31:00,1,4000.0,0,False,2000.0,200.0,2,2,2,1,1,1,111,Perdidos / Hibernando,1,1,2,1,Valor medio
Y5HHK9BKIS,Comercio detallista,Ropa / Accesorios,Bogotá D.C.,2021-03-30 14:53:00,2021-03-30 14:59:00,2021-03-30 15:01:00,1,2934000.0,1181000,False,154421.05263157896,146700.0,0,19,3,2,4,4,244,En riesgo (antes valiosos),2,0,0,0,Valor medio-alto
Y6PLVL4W9T,Comercio detallista,Muebles / Decoración,Bogotá D.C.,2021-02-10 08:47:00,2021-02-10 09:02:00,2021-02-10 09:04:00,1,1003000.0,0,False,334333.3333333333,50150.0,2,3,2,1,2,3,123,Potenciales,0,0,1,0,Valor medio-alto
Y7GBTUU13Z,Servicios,Otro,Bogotá D.C.,2021-03-16 15:07:00,2021-03-16 15:15:00,2021-03-16 15:21:00,1,2000.0,0,False,2000.0,100.0,2,1,1,1,1,1,111,Perdidos / Hibernando,1,1,2,1,Valor medio
Y8FNUXBY06,Servicios,Medicina / Odontología,Bogotá D.C.,2021-03-26 15:54:00,2021-03-26 16:02:00,2021-03-26 16:04:00,1,6669900.0,1252000,False,370550.0,333495.0,0,18,3,2,4,5,245,En riesgo (antes valiosos),2,0,0,0,Valor medio-alto
Y9CBMOM7E4,Comercio detallista,Otro,Bogotá D.C.,2021-03-29 15:46:00,2021-03-29 18:25:00,2021-03-29 18:27:00,1,96000.0,0,False,19200.0,4800.0,0,5,2,2,2,1,221,Perdidos / Hibernando,0,0,1,0,Valor medio-alto
Y9PW1RP11T,Comercio detallista,Materiales de construcción,Bogotá D.C.,2021-02-23 10:33:00,2021-02-23 10:42:00,2021-02-23 11:10:00,1,22516050.0,3757100,False,479064.89361702127,1125802.5,0,47,4,2,5,5,255,En riesgo (antes valiosos),2,0,0,0,Valor medio-alto
Y9PYKJMSKL,Alimentos y bebidas,Restaurante / Café,El Rosal,2021-03-16 11:12:00,2021-03-16 11:19:00,2021-03-16 11:22:00,1,1648400.0,74000,False,42266.666666666664,82420.0,0,39,3,2,5,3,253,En riesgo (antes valiosos),2,0,0,0,Valor medio-alto
Y9UY89MHFL,Reparación y limpieza,Reparaciones locativas,Soacha,2021-02-18 11:46:00,2021-02-18 11:54:00,2021-02-18 11:58:00,1,2912000.0,240000,False,970666.6666666666,145600.0,0,3,3,2,2,4,224,Potenciales,0,0,0,0,Valor medio-alto
Y9ZY47K65Q,Alimentos y bebidas,Otro,Bogotá D.C.,2021-03-23 17:06:00,2021-03-23 17:13:00,2021-03-23 17:22:00,1,524100.0,125600,False,24957.14285714286,26205.0,0,21,3,2,4,2,242,En riesgo (antes valiosos),0,0,0,0,Valor medio-alto
YBX7WUYL08,Comercio detallista,Auto partes,Bogotá D.C.,2021-03-27 17:08:00,2021-03-27 17:18:00,2021-03-27 17:20:00,1,888000.0,0,False,148000.0,44400.0,0,6,3,2,2,2,222,Perdidos / Hibernando,0,0,0,0,Valor medio-alto
YBXQCJO25P,Comercio detallista,Ropa / Accesorios,Bogotá D.C.,2021-02-14 15:10:00,2021-02-14 15:40:00,2021-02-14 15:42:00,1,2000.0,0,False,2000.0,100.0,3,1,1,1,1,1,111,Perdidos / Hibernando,1,1,2,1,Valor medio
YD9B6YOR9J,Servicios,Veterinaria,Chía,2021-02-27 15:53:00,2021-02-27 16:00:00,2021-02-27 16:04:00,1,2000.0,0,False,2000.0,100.0,3,1,1,1,1,1,111,Perdidos / Hibernando,1,1,2,1,Valor medio
YDR926Y273,Comercio detallista,Óptica,Bogotá D.C.,,,,2,10100590.0,1765400,False,288588.28571428574,505029.5,0,35,5,2,5,5,255,En riesgo (antes valiosos),2,2,0,2,Valor alto
YDWA46YVP5,Servicios,Otro,Bogotá D.C.,2021-03-08 13:46:00,2021-03-08 13:54:00,2021-03-08 14:46:00,1,471900.0,21000,False,52433.333333333336,23595.0,0,9,3,2,3,2,232,Potenciales,0,0,0,0,Valor medio-alto
YE3A0IFGJO,Belleza y cuidado personal,Salón de belleza,Bogotá D.C.,2021-03-11 19:26:00,2021-03-11 19:35:00,2021-03-11 19:38:00,1,1527500.0,385000,False,84861.11111111111,76375.0,0,18,3,2,4,3,243,En riesgo (antes valiosos),2,0,0,0,Valor medio-alto
YE8VJSFBRA,Belleza y cuidado personal,Distribuidora,Bogotá D.C.,2021-03-26 17:32:00,2021-03-26 17:40:00,2021-03-26 18:10:00,1,1784996.0,211796,False,137307.38461538462,89249.8,0,13,3,2,3,3,233,Potenciales,0,0,0,0,Valor medio-alto
YEAETSODU7,Comercio detallista,Materiales de construcción,Soacha,,,,1,7282950.0,93000,False,428408.82352941175,364147.5,0,17,5,2,4,5,245,En riesgo (antes valiosos),2,0,0,0,Valor medio-alto
YES4YJY4DM,Servicios,Otro,Bogotá D.C.,,,,1,2000.0,0,False,2000.0,100.0,4,1,1,1,1,1,111,Perdidos / Hibernando,1,1,2,1,Valor medio
YFM846S4FY,Comercio detallista,Maquinaria,Bogotá D.C.,2021-03-12 12:13:00,2021-03-12 12:19:00,2021-03-12 12:21:00,1,2124000.0,0,False,424800.0,106200.0,0,5,3,2,2,3,223,Potenciales,0,0,0,0,Valor medio-alto
YFRIC383O0,Comercio detallista,Óptica,Bogotá D.C.,2021-03-16 13:44:00,2021-03-16 13:51:00,2021-03-16 13:52:00,1,402000.0,0,False,134000.0,20100.0,0,3,2,2,2,2,222,Perdidos / Hibernando,0,0,1,0,Valor medio-alto
YGUS318FTV,Reparación y limpieza,Automotriz y autopartes,Soacha,,,,1,10991418.0,646800,False,140915.61538461538,549570.9,0,78,5,2,5,5,255,En riesgo (antes valiosos),2,0,0,0,Valor medio-alto
YH15L57MZT,Comercio detallista,Óptica,Bogotá D.C.,,,,1,6124500.0,450000,False,266282.60869565216,306225.0,0,23,4,2,4,4,244,En riesgo (antes valiosos),2,0,0,0,Valor medio-alto
YHX81Y07KA,Comercio detallista,Artesanías,Bogotá D.C.,2021-03-25 12:05:00,2021-03-25 12:18:00,2021-03-25 12:21:00,1,142000.0,0,False,71000.0,7100.0,2,2,1,1,1,1,111,Perdidos / Hibernando,1,1,1,1,Valor medio
YI01TV7PPM,Comercio detallista,Otro,Bogotá D.C.,2021-02-19 17:54:00,2021-02-19 18:07:00,2021-02-19 18:09:00,1,12005600.0,2431250,False,118867.32673267326,600280.0,0,101,4,2,5,5,255,En riesgo (antes valiosos),2,0,0,0,Valor medio-alto
YJMN8TXK40,Comercio detallista,Elementos del hogar,Bogotá D.C.,2021-03-24 12:19:00,2021-03-24 12:27:00,2021-03-24 12:30:00,1,4373030.0,1426900,False,93043.1914893617,218651.5,0,47,3,2,5,4,254,En riesgo (antes valiosos),2,0,0,0,Valor medio-alto
YJNZTJMRA7,Alimentos y bebidas,Comida rápida,Bogotá D.C.,2021-03-04 18:41:00,2021-03-04 18:47:00,2021-03-04 18:55:00,1,10952260.0,2583900,False,52909.46859903382,547613.0,0,207,3,2,5,5,255,En riesgo (antes valiosos),2,0,0,0,Valor medio-alto
YJUQRBWWIP,Servicios,Otro,Bogotá D.C.,2021-02-17 11:30:00,2021-02-17 11:35:00,2021-02-17 11:38:00,1,2112000.0,130000,False,422400.0,105600.0,0,5,4,2,2,3,223,Potenciales,0,0,0,0,Valor medio-alto
YKBUAR07QT,Alimentos y bebidas,Otro,Bogotá D.C.,2021-03-06 12:15:00,2021-03-06 12:19:00,2021-03-06 12:22:00,1,1000.0,0,False,1000.0,50.0,2,1,1,1,1,1,111,Perdidos / Hibernando,1,1,2,1,Valor medio
YKSLBASSHW,Servicios,Otro,Bogotá D.C.,2021-03-15 08:14:00,2021-03-15 08:26:00,2021-03-15 08:30:00,1,5684600.0,0,False,299189.4736842105,284230.0,0,19,3,2,4,4,244,En riesgo (antes valiosos),2,0,0,0,Valor medio-alto
YKYJR0JU36,Comercio detallista,Muebles / Decoración,Bogotá D.C.,2021-02-11 16:39:00,2021-02-11 16:52:00,2021-02-11 16:54:00,2,13615000.0,1364000,False,972500.0,680750.0,0,14,4,2,4,5,245,En riesgo (antes valiosos),2,2,0,2,Valor alto
YLP1XWQESO,Comercio detallista,Ropa / Accesorios,Bogotá D.C.,2021-02-12 15:00:00,2021-02-12 17:55:00,2021-02-19 17:01:00,1,1983750.0,260000,False,132250.0,99187.5,0,15,4,2,4,3,243,En riesgo (antes valiosos),0,0,0,0,Valor medio-alto
YLS8S3KN0P,Comercio detallista,Ropa / Accesorios,Bogotá D.C.,2021-03-30 19:09:00,2021-03-30 19:22:00,2021-03-30 19:27:00,1,1451000.0,484000,False,131909.0909090909,72550.0,0,11,3,2,3,3,233,Potenciales,0,0,0,0,Valor medio-alto
YLTFOMBYAK,Turismo y entretenimiento,Eventos / Festivales,Bogotá D.C.,2021-03-16 16:21:00,2021-03-16 16:30:00,2021-03-16 16:32:00,1,415500.0,0,False,103875.0,20775.0,1,4,2,2,2,2,222,Perdidos / Hibernando,0,0,1,0,Valor medio-alto
YM6W6QQVHS,Reparación y limpieza,Automotriz y autopartes,Bogotá D.C.,2021-03-31 12:37:00,2021-03-31 12:51:00,2021-03-31 12:52:00,1,3427900.0,1011000,False,163233.33333333334,171395.0,0,21,3,2,4,4,244,En riesgo (antes valiosos),2,0,0,0,Valor medio-alto
YMU4BW5OCM,Belleza y cuidado personal,Distribuidora,Bogotá D.C.,,,,1,1362000.0,0,False,681000.0,68100.0,5,2,1,1,1,3,113,Potenciales,1,1,2,1,Valor medio
YMWELUZ8PE,Reparación y limpieza,Automotriz y autopartes,Bogotá D.C.,2021-02-08 18:46:00,2021-02-08 18:52:00,2021-02-08 18:58:00,1,5320000.0,407000,False,152000.0,266000.0,0,35,4,2,5,4,254,En riesgo (antes valiosos),2,0,0,0,Valor medio-alto
YMZLF01LV4,Comercio detallista,Óptica,Fusagasugá,2021-02-12 14:30:00,2021-02-12 14:41:00,2021-02-12 14:42:00,1,6203661.0,483051,False,387728.8125,310183.05,0,16,4,2,4,5,245,En riesgo (antes valiosos),2,0,0,0,Valor medio-alto
YNYJXFGSUK,Comercio detallista,Elementos del hogar,Choachí,2021-03-03 16:06:00,2021-03-03 16:14:00,2021-03-03 16:18:00,1,1401000.0,0,False,467000.0,70050.0,1,3,2,2,2,3,223,Potenciales,0,0,1,0,Valor medio-alto
YOGANG8AZK,Servicios,Medicina / Odontología,Bogotá D.C.,,,,1,92000.0,0,False,30666.666666666668,4600.0,2,3,2,1,2,1,121,Perdidos / Hibernando,1,1,1,1,Valor medio
YP0SBWM6UT,Belleza y cuidado personal,Salón de belleza,Bogotá D.C.,2021-03-08 10:48:00,2021-03-08 10:58:00,2021-03-08 11:00:00,1,4444000.0,686000,False,130705.88235294117,222200.0,0,34,3,2,5,4,254,En riesgo (antes valiosos),2,0,0,0,Valor medio-alto
YPPZ7CA57E,Comercio detallista,Insumos,Bogotá D.C.,2021-03-16 16:47:00,2021-03-16 17:04:00,2021-03-16 17:09:00,1,850880.0,0,False,170176.0,42544.0,2,5,1,1,2,2,122,Perdidos / Hibernando,0,1,1,1,Valor medio
YQ53G88C8H,Servicios,Medicina / Odontología,Bogotá D.C.,2021-03-16 14:51:00,2021-03-16 14:56:00,2021-03-16 15:01:00,1,754000.0,0,False,94250.0,37700.0,0,8,3,2,3,2,232,Potenciales,0,0,0,0,Valor medio-alto
YQ83PYATKC,Servicios,Otro,Bogotá D.C.,2021-03-11 17:15:00,2021-03-11 17:20:00,2021-03-11 17:23:00,1,1362000.0,0,False,113500.0,68100.0,0,12,3,2,3,3,233,Potenciales,0,0,0,0,Valor medio-alto
YQYH2BDJSV,Comercio detallista,Muebles / Decoración,Bogotá D.C.,2021-03-24 18:05:00,2021-03-24 18:21:00,2021-03-24 18:23:00,1,8835500.0,1820000,False,736291.6666666666,441775.0,0,12,3,2,3,5,235,Potenciales,2,0,0,0,Valor medio-alto
YR5Q7DYUB1,Alimentos y bebidas,Licores,Bogotá D.C.,2021-03-03 13:41:00,2021-03-03 13:51:00,2021-03-03 13:55:00,1,2597950.0,475700,False,39362.878787878784,129897.5,0,66,3,2,5,4,254,En riesgo (antes valiosos),2,0,0,0,Valor medio-alto
YR69S1N2Z9,Comercio detallista,Auto partes,Bogotá D.C.,2021-02-09 11:46:00,2021-02-09 11:52:00,2021-02-09 11:55:00,1,5766000.0,1408000,False,106777.77777777778,288300.0,0,54,4,2,5,4,254,En riesgo (antes valiosos),2,0,0,0,Valor medio-alto
YRHS1QPDC1,Comercio detallista,Otro,Bogotá D.C.,2021-03-18 11:41:00,2021-03-18 11:55:00,2021-03-18 11:58:00,1,316750.0,45450,False,63350.0,15837.5,1,5,2,2,2,2,222,Perdidos / Hibernando,0,0,1,0,Valor medio-alto
YS51BZ2QO8,Servicios,Logística,Fusagasugá,2021-02-25 10:43:00,2021-02-25 10:48:00,2021-02-25 10:51:00,1,2048575.0,762750,False,62078.030303030304,102428.75,0,33,3,2,5,3,253,En riesgo (antes valiosos),2,0,0,0,Valor medio-alto
YSHHRZU6FO,Reparación y limpieza,Automotriz y autopartes,Bogotá D.C.,,,,1,2249000.0,500000,False,562250.0,112450.0,0,4,4,2,2,3,223,Potenciales,0,0,0,0,Valor medio-alto
YST7FS1G50,Comercio detallista,Tecnología,Chía,2021-03-24 11:19:00,2021-03-24 11:26:00,2021-03-24 11:28:00,1,327000.0,0,False,81750.0,16350.0,0,4,3,2,2,2,222,Perdidos / Hibernando,0,0,1,0,Valor medio-alto
YTP7FKRVDC,Reparación y limpieza,Automotriz y autopartes,Bogotá D.C.,2021-03-09 16:52:00,2021-03-09 16:58:00,2021-03-09 17:01:00,1,3000.0,0,False,1000.0,150.0,2,3,1,1,2,1,121,Perdidos / Hibernando,1,1,2,1,Valor medio
YTSHI2EJDB,Transporte,Servicio especial,Bogotá D.C.,2020-10-26 16:51:00,2021-03-19 10:53:00,2021-03-19 10:57:00,1,815600.0,112000,False,74145.45454545454,40780.0,0,11,3,2,3,2,232,Potenciales,0,0,0,0,Valor medio-alto
YTSRUO7I6W,Belleza y cuidado personal,Distribuidora,Bogotá D.C.,2021-03-29 15:15:00,2021-03-29 15:21:00,2021-03-29 15:23:00,1,4000.0,0,False,1333.3333333333333,200.0,1,3,2,2,2,1,221,Perdidos / Hibernando,1,1,1,1,Valor medio
YULPQMZ8TG,Alimentos y bebidas,Comida rápida,Bogotá D.C.,2021-03-03 18:39:00,2021-03-03 18:46:00,2021-03-03 18:49:00,1,14159700.0,2409200,False,58511.157024793385,707985.0,0,242,3,2,5,5,255,En riesgo (antes valiosos),2,0,0,0,Valor medio-alto
YVIJPP1A0G,Comercio detallista,Materiales de construcción,Soacha,,,,2,63047850.0,5683850,False,557945.5752212389,3152392.5,0,113,5,2,5,5,255,En riesgo (antes valiosos),2,2,0,2,Valor alto
YW56SLG74Q,Comercio detallista,Elementos de seguridad,Bogotá D.C.,2021-03-10 12:53:00,2021-03-10 13:01:00,2021-03-10 13:04:00,1,2000.0,0,False,2000.0,100.0,2,1,1,1,1,1,111,Perdidos / Hibernando,1,1,2,1,Valor medio
YWE7C0UBK3,Reparación y limpieza,Reparaciones locativas,Mosquera,2021-03-30 09:00:00,2021-03-30 09:10:00,2021-03-30 09:15:00,1,803000.0,0,False,267666.6666666667,40150.0,0,3,2,2,2,2,222,Perdidos / Hibernando,0,0,0,0,Valor medio-alto
YWJ37ML1TD,Comercio detallista,Joyería,Bogotá D.C.,2021-03-20 16:33:00,2021-03-20 16:44:00,2021-03-20 16:48:00,1,2000.0,0,False,2000.0,100.0,2,1,1,1,1,1,111,Perdidos / Hibernando,1,1,2,1,Valor medio
YX2CP1KAKJ,Comercio detallista,Tecnología,Bogotá D.C.,2021-03-31 17:44:00,2021-03-31 17:55:00,2021-03-31 17:58:00,1,502000.0,0,False,251000.0,25100.0,1,2,2,2,1,2,212,Perdidos / Hibernando,0,0,1,0,Valor medio-alto
YX54ZUYTVN,Alimentos y bebidas,Comida rápida,Bogotá D.C.,2021-03-17 13:38:00,2021-03-17 13:43:00,2021-03-17 13:47:00,1,1158900.0,349100,False,37383.87096774193,57945.0,0,31,3,2,5,3,253,En riesgo (antes valiosos),2,0,0,0,Valor medio-alto
YX9B4HMDBS,Comercio detallista,Libros / Papelería,Bogotá D.C.,2021-03-30 15:11:00,2021-03-30 15:16:00,2021-03-30 15:19:00,1,402000.0,44500,False,67000.0,20100.0,0,6,3,2,2,2,222,Perdidos / Hibernando,0,0,1,0,Valor medio-alto
YXRHFFOBWR,Comercio detallista,Artesanías,Bogotá D.C.,2021-03-26 16:58:00,2021-03-26 17:14:00,2021-03-26 17:16:00,1,2000.0,0,False,2000.0,100.0,2,1,1,1,1,1,111,Perdidos / Hibernando,1,1,2,1,Valor medio
YZKJUJMRRS,Comercio detallista,Joyería,Bogotá D.C.,2021-02-19 13:39:00,2021-02-19 13:53:00,2021-02-19 13:55:00,1,2000.0,0,False,2000.0,100.0,3,1,1,1,1,1,111,Perdidos / Hibernando,1,1,2,1,Valor medio
Z00II9DC9C,Comercio detallista,Tecnología,Bogotá D.C.,2021-03-23 17:47:00,2021-03-23 17:59:00,2021-03-23 18:03:00,1,3532700.0,720000,False,80288.63636363637,176635.0,0,44,3,2,5,4,254,En riesgo (antes valiosos),2,0,0,0,Valor medio-alto
Z0F8HR2P4S,Comercio detallista,Tecnología,Bogotá D.C.,2021-03-12 12:12:00,2021-03-12 12:19:00,2021-03-12 12:22:00,1,1732650.0,775600,False,144387.5,86632.5,0,12,3,2,3,3,233,Potenciales,0,0,0,0,Valor medio-alto
Z129T93NCH,Reparación y limpieza,Reparaciones locativas,Soacha,2021-02-03 15:56:00,2021-02-03 16:03:00,2021-02-03 16:07:00,1,3000.0,0,False,3000.0,150.0,3,1,1,1,1,1,111,Perdidos / Hibernando,1,1,2,1,Valor medio
Z1D228WYUZ,Comercio detallista,Ropa / Accesorios,Bogotá D.C.,2021-02-24 10:51:00,2021-02-24 11:03:00,2021-02-24 11:10:00,1,7052000.0,1380000,False,89265.82278481012,352600.0,0,79,4,2,5,5,255,En riesgo (antes valiosos),2,0,0,0,Valor medio-alto
Z1FK6324NE,Alimentos y bebidas,Restaurante / Café,Bogotá D.C.,2021-03-23 19:42:00,2021-03-23 19:49:00,2021-03-23 19:55:00,1,2177100.0,375500,False,29028.0,108855.0,0,75,3,2,5,3,253,En riesgo (antes valiosos),2,0,0,0,Valor medio-alto
Z2C6DLKBWI,Comercio detallista,Óptica,Bogotá D.C.,2021-02-12 14:17:00,2021-02-12 14:26:00,2021-02-12 14:28:00,1,1211000.0,355000,False,242200.0,60550.0,0,5,3,2,2,3,223,Potenciales,0,0,0,0,Valor medio-alto
Z3O15P78Z5,Comercio detallista,Ropa / Accesorios,Bogotá D.C.,2021-03-12 17:47:00,2021-03-12 18:03:00,2021-03-12 18:05:00,1,1515000.0,55000,False,137727.27272727274,75750.0,0,11,3,2,3,3,233,Potenciales,0,0,0,0,Valor medio-alto
Z4ZCNNLXF8,Comercio detallista,Ropa / Accesorios,Bogotá D.C.,2021-03-03 16:46:00,2021-03-03 17:02:00,2021-03-03 17:05:00,1,872000.0,233000,False,62285.71428571428,43600.0,0,14,3,2,4,2,242,En riesgo (antes valiosos),0,0,0,0,Valor medio-alto
Z571L6N2W8,Alimentos y bebidas,Comida rápida,Bogotá D.C.,2021-02-16 09:55:00,2021-02-16 10:09:00,2021-02-16 10:14:00,1,48966.0,0,False,12241.5,2448.3,2,4,2,1,2,1,121,Perdidos / Hibernando,1,1,1,1,Valor medio
Z59D5W5TCY,Servicios,Otro,Bogotá D.C.,2021-03-24 11:43:00,2021-03-24 11:48:00,2021-03-24 11:50:00,1,1000.0,0,False,1000.0,50.0,2,1,1,1,1,1,111,Perdidos / Hibernando,1,1,2,1,Valor medio
Z5B4SX8UZ2,Educación,Otro,Palmira,2021-03-20 15:39:00,2021-03-20 15:45:00,2021-03-20 15:51:00,1,260000.0,0,False,52000.0,13000.0,0,5,2,2,2,2,222,Perdidos / Hibernando,0,0,1,0,Valor medio-alto
Z69GDH0RJE,Alimentos y bebidas,Restaurante / Café,Bogotá D.C.,,,,1,3824000.0,590000,False,31344.262295081968,191200.0,0,122,5,2,5,4,254,En riesgo (antes valiosos),2,0,0,0,Valor medio-alto
Z9D30GYQ9H,Comercio detallista,Electrodomésticos,Bogotá D.C.,2021-03-31 11:40:00,2021-03-31 11:57:00,2021-03-31 11:59:00,1,312000.0,125000,False,62400.0,15600.0,1,5,2,2,2,2,222,Perdidos / Hibernando,0,0,1,0,Valor medio-alto
Z9SU0UEELO,Servicios,Terapias,Barranquilla,2021-03-04 19:00:00,2021-03-08 21:33:00,2021-03-23 14:30:00,1,1291725.0,120000,False,258345.0,64586.25,0,5,3,2,2,3,223,Potenciales,0,0,0,0,Valor medio-alto
Z9X2BHJLNN,Belleza y cuidado personal,Spa,Bogotá D.C.,2021-03-23 11:04:00,2021-03-23 11:11:00,2021-03-23 11:14:00,1,1620939.0,250700,False,77187.57142857143,81046.95000000001,0,21,3,2,4,3,243,En riesgo (antes valiosos),2,0,0,0,Valor medio-alto
ZA49U1KODK,Alimentos y bebidas,Licores,Bogotá D.C.,2021-02-19 20:31:00,2021-02-19 20:44:00,2021-02-19 21:39:00,1,1297000.0,0,False,86466.66666666667,64850.0,0,15,4,2,4,3,243,En riesgo (antes valiosos),0,0,0,0,Valor medio-alto
ZA4D6UBFVI,Comercio detallista,Tecnología,Bogotá D.C.,,2021-02-15 15:33:00,2021-02-15 15:38:00,1,1565300.0,0,False,120407.69230769231,78265.0,0,13,4,2,3,3,233,Potenciales,0,0,0,0,Valor medio-alto
ZAHXY5PGFX,Comercio detallista,Tecnología,Sibaté,2021-03-11 10:28:00,2021-03-11 10:43:00,2021-03-11 10:45:00,1,8107000.0,3110000,False,405350.0,405350.0,0,20,3,2,4,5,245,En riesgo (antes valiosos),2,0,0,0,Valor medio-alto
ZAMJKVYZC7,Comercio detallista,Elementos del hogar,Bogotá D.C.,2021-03-11 13:59:00,2021-03-11 14:10:00,2021-03-11 14:14:00,1,1591000.0,0,False,227285.7142857143,79550.0,0,7,3,2,3,3,233,Potenciales,0,0,0,0,Valor medio-alto
ZAWXXY7B81,Comercio detallista,Óptica,Bogotá D.C.,2021-02-02 14:54:00,2021-02-02 15:02:00,2021-02-02 15:03:00,1,10966000.0,1670000,False,313314.28571428574,548300.0,0,35,4,2,5,5,255,En riesgo (antes valiosos),2,0,0,0,Valor medio-alto
ZBB5JOFDMW,Comercio detallista,Tecnología,Bogotá D.C.,2021-03-11 13:34:00,2021-03-11 13:43:00,2021-03-11 13:46:00,1,66773400.0,9345000,False,316461.6113744076,3338670.0,0,211,3,2,5,5,255,En riesgo (antes valiosos),2,0,0,0,Valor medio-alto
ZBF22WG31Q,Comercio detallista,Otro,Bogotá D.C.,2021-02-18 12:14:00,2021-02-18 12:20:00,2021-02-18 12:23:00,1,6910250.0,42000,False,265778.8461538461,345512.5,0,26,4,2,4,5,245,En riesgo (antes valiosos),2,0,0,0,Valor medio-alto
ZBK5AGY1CD,Comercio detallista,Elementos de seguridad,Bogotá D.C.,2021-03-26 16:11:00,2021-03-26 16:30:00,2021-03-26 16:34:00,1,22561500.0,6018000,False,1504100.0,1128075.0,0,15,3,2,4,5,245,En riesgo (antes valiosos),2,0,0,0,Valor medio-alto
ZBVYZY5XJQ,Comercio detallista,Óptica,Bogotá D.C.,2021-02-08 15:30:00,2021-02-08 15:35:00,2021-02-08 15:38:00,1,9842200.0,1490000,False,328073.3333333333,492110.0,0,30,4,2,5,5,255,En riesgo (antes valiosos),2,0,0,0,Valor medio-alto
ZC6JPHH49U,Comercio detallista,Ropa / Accesorios,Bogotá D.C.,2021-03-15 20:11:00,2021-03-15 20:17:00,2021-03-15 20:21:00,1,152000.0,0,False,50666.666666666664,7600.0,1,3,2,2,2,1,221,Perdidos / Hibernando,0,0,1,0,Valor medio-alto
ZCIJBF2CQL,Servicios,Tecnología y software,Bogotá D.C.,2021-03-26 12:10:00,2021-03-26 12:17:00,2021-03-26 12:20:00,1,5551200.0,1438000,False,1110240.0,277560.0,0,5,3,2,2,4,224,Potenciales,0,0,0,0,Valor medio-alto
ZCQD4UE8XE,Comercio detallista,Óptica,Bogotá D.C.,2021-02-15 13:35:00,2021-02-15 13:47:00,2021-02-15 13:49:00,1,22000.0,0,False,22000.0,1100.0,3,1,1,1,1,1,111,Perdidos / Hibernando,1,1,2,1,Valor medio
ZDHH0NUPES,Comercio detallista,Óptica,Bogotá D.C.,2021-03-29 14:26:00,2021-03-29 14:48:00,2021-03-29 14:50:00,1,10404185.0,3408038,False,1486312.142857143,520209.25,1,7,2,2,3,5,235,Potenciales,0,0,1,0,Valor medio-alto
ZDPI2WLHP6,Comercio detallista,Tecnología,Bogotá D.C.,2021-03-15 17:47:00,2021-03-15 17:55:00,2021-03-15 18:04:00,1,368000.0,0,False,92000.0,18400.0,0,4,2,2,2,2,222,Perdidos / Hibernando,0,0,1,0,Valor medio-alto
ZDVKEEONBI,Comercio detallista,Ropa / Accesorios,Bogotá D.C.,2021-03-24 14:46:00,2021-03-24 14:59:00,2021-03-24 15:01:00,1,1546000.0,80000,False,171777.77777777778,77300.0,0,9,3,2,3,3,233,Potenciales,0,0,0,0,Valor medio-alto
ZEAX8O77SE,Reparación y limpieza,Automotriz y autopartes,Bogotá D.C.,,,,1,2630500.0,383000,False,239136.36363636365,131525.0,0,11,5,2,3,4,234,Potenciales,0,0,0,0,Valor medio-alto
ZEF4EEUY2R,Comercio detallista,Óptica,Fusagasugá,2021-03-10 12:37:00,2021-03-10 12:44:00,2021-03-10 12:46:00,1,4646200.0,180000,False,516244.44444444444,232310.0,2,9,1,1,3,4,134,Potenciales,0,0,1,0,Valor medio-alto
ZEVHP2QE8A,Comercio detallista,Auto partes,Bogotá D.C.,2021-03-17 18:09:00,2021-03-17 18:17:00,2021-03-17 18:19:00,1,4000.0,0,False,4000.0,200.0,2,1,1,1,1,1,111,Perdidos / Hibernando,1,1,2,1,Valor medio
ZEXJY3AECY,Servicios,Contabilidad / Asesorías,Sibaté,2021-03-11 11:51:00,2021-03-11 11:58:00,2021-03-11 12:00:00,1,788090.0,780000,False,197022.5,39404.5,2,4,1,1,2,2,122,Perdidos / Hibernando,0,1,1,1,Valor medio
ZGEAKJUTQ1,Comercio detallista,Elementos del hogar,Bogotá D.C.,2021-03-23 13:36:00,2021-03-23 13:51:00,2021-03-23 13:55:00,1,694000.0,0,False,115666.66666666667,34700.0,0,6,3,2,2,2,222,Perdidos / Hibernando,0,0,0,0,Valor medio-alto
ZGKK4JFNWU,Comercio detallista,Tecnología,Soacha,,,,1,32411000.0,2450000,False,410265.82278481015,1620550.0,0,79,5,2,5,5,255,En riesgo (antes valiosos),2,0,0,0,Valor medio-alto
ZGSO7T5EII,Comercio detallista,Floristería,Bogotá D.C.,2021-02-15 16:31:00,2021-02-15 16:36:00,2021-02-27 19:59:00,1,371500.0,0,False,41277.77777777778,18575.0,1,9,3,2,3,2,232,Potenciales,0,0,1,0,Valor medio-alto
ZGZ2CSNUOQ,Comercio detallista,Joyería,Soacha,2021-02-02 11:13:00,2021-02-02 11:34:00,2021-02-02 11:41:00,1,268000.0,0,False,67000.0,13400.0,1,4,3,2,2,2,222,Perdidos / Hibernando,0,0,1,0,Valor medio-alto
ZHM67XIDFF,Servicios,Logística,Cali,2021-03-13 13:46:00,2021-03-13 15:15:00,2021-03-13 15:17:00,1,11000.0,0,False,5500.0,550.0,2,2,1,1,1,1,111,Perdidos / Hibernando,1,1,2,1,Valor medio
ZHZKOSKU9C,Alimentos y bebidas,Repostería / Panadería,Bogotá D.C.,2021-03-15 15:30:00,2021-03-15 15:38:00,2021-03-15 15:41:00,1,2608750.0,1766750,False,217395.83333333334,130437.5,0,12,3,2,3,4,234,Potenciales,0,0,0,0,Valor medio-alto
ZI4YCV7JGR,Comercio detallista,Tienda de deportes,Bogotá D.C.,2021-03-11 18:09:00,2021-03-11 18:14:00,2021-03-11 18:18:00,1,790000.0,110000,False,158000.0,39500.0,0,5,3,2,2,2,222,Perdidos / Hibernando,0,0,0,0,Valor medio-alto
ZIOTHUFM75,Comercio detallista,Tecnología,Bogotá D.C.,2021-03-29 12:58:00,2021-03-29 13:08:00,2021-03-29 13:09:00,1,1469700.0,0,False,58788.0,73485.0,0,25,3,2,4,3,243,En riesgo (antes valiosos),2,0,0,0,Valor medio-alto
ZIUB7VMXWG,Servicios,Otro,Bogotá D.C.,2021-03-27 10:56:00,2021-03-27 11:01:00,2021-03-27 11:02:00,1,920000.0,560000,False,184000.0,46000.0,0,5,2,2,2,2,222,Perdidos / Hibernando,0,0,0,0,Valor medio-alto
ZJAHTW1B02,Comercio detallista,Otro,Bogotá D.C.,2021-02-05 12:54:00,2021-02-05 13:04:00,2021-02-05 13:08:00,1,2000.0,0,False,2000.0,100.0,3,1,1,1,1,1,111,Perdidos / Hibernando,1,1,2,1,Valor medio
ZJQ92E9QVS,Comercio detallista,Muebles / Decoración,Soacha,2021-03-09 10:32:00,2021-03-09 10:43:00,2021-03-09 10:44:00,1,10915000.0,1025000,False,727666.6666666666,545750.0,0,15,3,2,4,5,245,En riesgo (antes valiosos),2,0,0,0,Valor medio-alto
ZKY57OCSDO,Servicios,Otro,Bogotá D.C.,2021-02-26 12:10:00,2021-02-26 12:30:00,2021-02-26 12:38:00,1,4729676.0,496746,False,295604.75,236483.80000000002,0,16,4,2,4,4,244,En riesgo (antes valiosos),2,0,0,0,Valor medio-alto
ZLGUJBEMT2,Reparación y limpieza,Automotriz y autopartes,Bogotá D.C.,2021-03-30 12:37:00,2021-03-30 12:45:00,2021-03-30 12:52:00,1,958000.0,0,False,191600.0,47900.0,0,5,3,2,2,2,222,Perdidos / Hibernando,0,0,0,0,Valor medio-alto
ZLM9CNX7YP,Servicios,Tecnología y software,Bogotá D.C.,,,,1,4843800.0,430000,False,79406.55737704918,242190.0,0,61,6,2,5,4,254,En riesgo (antes valiosos),2,0,0,0,Valor medio-alto
ZMJ7BCK0TN,Comercio detallista,Elementos de seguridad,Bogotá D.C.,2021-02-23 16:41:00,2021-02-23 16:50:00,2021-02-23 16:52:00,2,2000.0,0,False,2000.0,100.0,3,1,1,1,1,1,111,Perdidos / Hibernando,1,2,2,2,Valor alto
ZMQY02XFF3,Comercio detallista,Tecnología,Bogotá D.C.,2021-03-09 14:39:00,2021-03-09 14:46:00,2021-03-09 14:50:00,1,3060000.0,168000,False,1020000.0,153000.0,1,3,2,2,2,4,224,Potenciales,0,0,1,0,Valor medio-alto
ZNIC0P4OFP,Transporte,Taxi,Cali,2021-03-13 13:47:00,2021-03-13 14:02:00,2021-03-13 14:05:00,1,154000.0,0,False,38500.0,7700.0,1,4,2,2,2,1,221,Perdidos / Hibernando,0,0,1,0,Valor medio-alto
ZNJWIQ4U0G,Comercio detallista,Tienda de deportes,Bogotá D.C.,2021-03-25 12:30:00,2021-03-25 12:37:00,2021-03-25 12:39:00,1,5866350.0,530000,False,366646.875,293317.5,0,16,3,2,4,4,244,En riesgo (antes valiosos),2,0,0,0,Valor medio-alto
ZNN47AMZMD,Comercio detallista,Óptica,Bogotá D.C.,2021-02-22 12:51:00,2021-02-22 12:57:00,2021-02-22 13:01:00,2,4000.0,0,False,2000.0,200.0,3,2,1,1,1,1,111,Perdidos / Hibernando,1,2,2,2,Valor alto
ZO9B0WTY8E,Comercio detallista,Ropa / Accesorios,Bogotá D.C.,2021-03-08 17:02:00,2021-03-08 17:33:00,2021-03-08 17:35:00,1,8884500.0,1026000,False,73425.61983471074,444225.0,0,121,3,2,5,5,255,En riesgo (antes valiosos),2,0,0,0,Valor medio-alto
ZOQ0I2MJK2,Comercio detallista,Ropa / Accesorios,Bogotá D.C.,2021-03-29 19:01:00,2021-03-29 19:07:00,2021-03-29 19:11:00,1,287000.0,80000,False,95666.66666666667,14350.0,0,3,3,2,2,2,222,Perdidos / Hibernando,0,0,1,0,Valor medio-alto
ZPB17XYG2Z,Belleza y cuidado personal,Distribuidora,Cali,2021-03-23 16:32:00,2021-03-23 16:41:00,2021-05-05 19:13:00,1,1291400.0,424200,False,129140.0,64570.0,0,10,2,2,3,3,233,Potenciales,0,0,0,0,Valor medio-alto
ZPC5CF859W,Comercio detallista,Muebles / Decoración,Bogotá D.C.,2021-03-15 12:31:00,2021-03-15 12:37:00,2021-03-15 12:41:00,1,9884000.0,0,False,823666.6666666666,494200.0,0,12,3,2,3,5,235,Potenciales,2,0,0,0,Valor medio-alto
ZPOT3JTLHN,Comercio detallista,Ropa / Accesorios,Bogotá D.C.,2021-03-16 14:15:00,2021-03-16 14:27:00,2021-03-16 15:01:00,1,5495000.0,1351000,False,103679.24528301887,274750.0,0,53,3,2,5,4,254,En riesgo (antes valiosos),2,0,0,0,Valor medio-alto
ZRB0I7JJ4E,Alimentos y bebidas,Comida rápida,Chaparral,2021-03-30 11:24:00,2021-03-30 11:40:00,2021-03-30 11:42:00,1,261700.0,67000,False,32712.5,13085.0,0,8,3,2,3,2,232,Potenciales,0,0,1,0,Valor medio-alto
ZRJM2QVL7X,Servicios,Medicina / Odontología,Bogotá D.C.,2021-03-09 20:46:00,2021-03-09 20:59:00,2021-03-09 21:01:00,1,4972000.0,4970000,False,4972000.0,248600.0,2,1,1,1,1,4,114,Potenciales,0,0,1,0,Valor medio-alto
ZRJMIVF5GT,Alimentos y bebidas,Comida rápida,Sibaté,2021-03-23 18:51:00,2021-03-23 19:07:00,2021-03-23 19:14:00,1,385600.0,24000,False,27542.85714285714,19280.0,0,14,3,2,4,2,242,En riesgo (antes valiosos),0,0,0,0,Valor medio-alto
ZSFL7XYBEZ,Servicios,Tecnología y software,Bogotá D.C.,2021-03-11 11:30:00,2021-03-11 11:37:00,2021-03-11 11:47:00,1,23417000.0,2778000,False,1951416.6666666667,1170850.0,1,12,2,2,3,5,235,Potenciales,2,0,0,0,Valor medio-alto
ZUSO0MAMMO,Comercio detallista,Otro,Bogotá D.C.,2021-03-04 13:50:00,2021-03-04 13:58:00,2021-03-04 14:01:00,1,5173550.0,2190850,False,739078.5714285715,258677.5,0,7,3,2,3,4,234,Potenciales,0,0,0,0,Valor medio-alto
ZUVYWC1NQK,Comercio detallista,Óptica,Bogotá D.C.,2021-02-02 15:29:00,2021-02-02 15:44:00,2021-02-02 15:50:00,1,724000.0,0,False,120666.66666666667,36200.0,0,6,3,2,2,2,222,Perdidos / Hibernando,0,0,0,0,Valor medio-alto
ZV20DQ8N4J,Transporte,Taxi,Cali,2021-03-04 15:00:00,2021-03-04 15:31:00,2021-03-04 15:33:00,1,1000.0,0,False,1000.0,50.0,2,1,1,1,1,1,111,Perdidos / Hibernando,1,1,2,1,Valor medio
ZVRIRFKFLJ,Transporte,Servicio especial,Cali,2021-02-19 17:55:00,2021-02-19 18:19:00,2021-02-19 18:26:00,1,1000.0,0,False,1000.0,50.0,3,1,1,1,1,1,111,Perdidos / Hibernando,1,1,2,1,Valor medio
ZWIHNBQTQC,Comercio detallista,Otro,Bogotá D.C.,2021-02-18 14:28:00,2021-02-18 14:37:00,2021-02-18 14:40:00,1,11100750.0,325000,False,370025.0,555037.5,0,30,4,2,5,5,255,En riesgo (antes valiosos),2,0,0,0,Valor medio-alto
ZX8KS20YN5,Comercio detallista,Tecnología,Bogotá D.C.,2021-03-12 16:29:00,2021-03-12 16:37:00,2021-03-12 16:44:00,1,1167200.0,50000,False,68658.82352941176,58360.0,0,17,3,2,4,3,243,En riesgo (antes valiosos),0,0,0,0,Valor medio-alto
ZYDPQ947UN,Comercio detallista,Ropa / Accesorios,Bogotá D.C.,2021-03-30 17:15:00,2021-03-30 17:29:00,2021-03-30 17:32:00,1,3054000.0,797000,False,145428.57142857142,152700.0,0,21,3,2,4,4,244,En riesgo (antes valiosos),2,0,0,0,Valor medio-alto
ZYEFCCJOEZ,Comercio detallista,Otro,Bogotá D.C.,2021-03-16 15:43:00,2021-03-16 15:53:00,2021-03-16 15:55:00,1,3158000.0,0,False,1052666.6666666667,157900.0,0,3,2,2,2,4,224,Potenciales,0,0,0,0,Valor medio-alto
ZYU8UUM32R,Comercio detallista,Tecnología,Bogotá D.C.,2021-03-11 11:14:00,2021-03-11 11:24:00,2021-03-11 11:30:00,1,26110920.0,4912000,False,1450606.6666666667,1305546.0,0,18,3,2,4,5,245,En riesgo (antes valiosos),2,0,0,0,Valor medio-alto
ZYV1ZCZ7IM,Servicios,Tecnología y software,Bogotá D.C.,2021-03-25 14:36:00,2021-03-25 14:46:00,2021-03-25 14:47:00,1,4400500.0,491000,False,400045.45454545453,220025.0,0,11,3,2,3,4,234,Potenciales,0,0,0,0,Valor medio-alto
ZZJ3KWF9VC,Alimentos y bebidas,Restaurante / Café,Bogotá D.C.,2021-03-19 16:00:00,2021-03-19 16:09:00,2021-03-19 16:12:00,1,65100.0,20000,False,13020.0,3255.0,0,5,2,2,2,1,221,Perdidos / Hibernando,0,0,1,0,Valor medio-alto
ZZMG2NE0Q6,Comercio detallista,Elementos de seguridad,Bogotá D.C.,2021-03-12 10:49:00,2021-03-12 11:05:00,2021-03-12 11:06:00,1,300000.0,149000,False,75000.0,15000.0,0,4,3,2,2,2,222,Perdidos / Hibernando,0,0,1,0,Valor medio-alto
ZZWN25XK8J,Alimentos y bebidas,Restaurante / Café,Choachí,2021-03-11 15:16:00,2021-03-11 15:44:00,2021-03-13 17:27:00,1,1275000.0,186500,False,25500.0,63750.0,0,50,3,2,5,3,253,En riesgo (antes valiosos),2,0,0,0,Valor medio-alto
