Id_comercio,periodo_fecha,Categoria_comercio,Ciudad,segmento_final_nombre,cantidad transacciones,ticket_promedio,monto_estimado_mes,comision_estimada_mes
003QDVFJCJ,2021-03-01,Comercio detallista,Bogotá D.C.,Valor medio-alto,5,218066.66666666666,1090333.3333333333,54516.666666666664
003QDVFJCJ,2021-04-01,Comercio detallista,Bogotá D.C.,Valor medio-alto,9,218066.66666666666,1962600.0,98130.0
003QDVFJCJ,2021-05-01,Comercio detallista,Bogotá D.C.,Valor medio-alto,16,218066.66666666666,3489066.6666666665,174453.33333333334
008LJH6YHN,2021-02-01,Belleza y cuidado personal,Bogotá D.C.,Valor medio-alto,2,438000.0,876000.0,43800.0
008LJH6YHN,2021-03-01,Belleza y cuidado personal,Bogotá D.C.,Valor medio-alto,5,438000.0,2190000.0,109500.0
008LJH6YHN,2021-04-01,Belleza y cuidado personal,Bogotá D.C.,Valor medio-alto,1,438000.0,438000.0,21900.0
008LJH6YHN,2021-05-01,Belleza y cuidado personal,Bogotá D.C.,Valor medio-alto,2,438000.0,876000.0,43800.0
00B3DGV62G,2021-03-01,Comercio detallista,Bogotá D.C.,Valor medio-alto,22,182961.53846153847,4025153.8461538465,201257.69230769234
00B3DGV62G,2021-04-01,Comercio detallista,Bogotá D.C.,Valor medio-alto,22,182961.53846153847,4025153.8461538465,201257.69230769234
00B3DGV62G,2021-05-01,Comercio detallista,Bogotá D.C.,Valor medio-alto,21,182961.53846153847,3842192.307692308,192109.6153846154
00ILW1BB3Y,2021-03-01,Comercio detallista,Bogotá D.C.,Valor medio-alto,1,46562.5,46562.5,2328.125
00ILW1BB3Y,2021-04-01,Comercio detallista,Bogotá D.C.,Valor medio-alto,2,46562.5,93125.0,4656.25
00ILW1BB3Y,2021-05-01,Comercio detallista,Bogotá D.C.,Valor medio-alto,5,46562.5,232812.5,11640.625
01AK7UX4UU,2021-03-01,Comercio detallista,Mosquera,Valor medio-alto,1,41375.0,41375.0,2068.75
01AK7UX4UU,2021-04-01,Comercio detallista,Mosquera,Valor medio-alto,3,41375.0,124125.0,6206.25
01OB36KP84,2020-12-01,Alimentos y bebidas,Bogotá D.C.,Valor medio-alto,3,26000.0,78000.0,3900.0
01OB36KP84,2021-05-01,Alimentos y bebidas,Bogotá D.C.,Valor medio-alto,1,26000.0,26000.0,1300.0
01PFUX10Z9,2021-03-01,Alimentos y bebidas,Bogotá D.C.,Valor medio-alto,1,21654.50980392157,21654.50980392157,1082.7254901960785
01PFUX10Z9,2021-04-01,Alimentos y bebidas,Bogotá D.C.,Valor medio-alto,28,21654.50980392157,606326.274509804,30316.3137254902
01PFUX10Z9,2021-05-01,Alimentos y bebidas,Bogotá D.C.,Valor medio-alto,22,21654.50980392157,476399.2156862745,23819.960784313727
024EE2F9LX,2021-03-01,Comercio detallista,Soacha,Valor medio,1,2000.0,2000.0,100.0
0254G0047E,2021-03-01,Comercio detallista,Bogotá D.C.,Valor medio-alto,3,283125.0,849375.0,42468.75
0254G0047E,2021-04-01,Comercio detallista,Bogotá D.C.,Valor medio-alto,3,283125.0,849375.0,42468.75
0254G0047E,2021-05-01,Comercio detallista,Bogotá D.C.,Valor medio-alto,2,283125.0,566250.0,28312.5
0355B2ZSMZ,2021-03-01,Alimentos y bebidas,Suaita,Valor medio-alto,1,89450.0,89450.0,4472.5
0355B2ZSMZ,2021-04-01,Alimentos y bebidas,Suaita,Valor medio-alto,11,89450.0,983950.0,49197.5
0355B2ZSMZ,2021-05-01,Alimentos y bebidas,Suaita,Valor medio-alto,6,89450.0,536700.0,26835.0
04J2LSELVY,2021-03-01,Transporte,Cali,Valor medio-alto,2,99333.33333333333,198666.66666666666,9933.333333333334
04J2LSELVY,2021-04-01,Transporte,Cali,Valor medio-alto,4,99333.33333333333,397333.3333333333,19866.666666666668
04MFYD9KBY,2021-03-01,Comercio detallista,Bogotá D.C.,Valor medio-alto,2,408075.0,816150.0,40807.5
04MFYD9KBY,2021-04-01,Comercio detallista,Bogotá D.C.,Valor medio-alto,1,408075.0,408075.0,20403.75
04MFYD9KBY,2021-05-01,Comercio detallista,Bogotá D.C.,Valor medio-alto,1,408075.0,408075.0,20403.75
058CLYFL10,2021-02-01,Servicios,Bogotá D.C.,Valor medio-alto,1,66285.71428571429,66285.71428571429,3314.2857142857147
058CLYFL10,2021-03-01,Servicios,Bogotá D.C.,Valor medio-alto,4,66285.71428571429,265142.85714285716,13257.142857142859
058CLYFL10,2021-05-01,Servicios,Bogotá D.C.,Valor medio-alto,2,66285.71428571429,132571.42857142858,6628.571428571429
05LBQA2VIO,2021-03-01,Servicios,Bogotá D.C.,Valor medio-alto,3,337944.44444444444,1013833.3333333333,50691.666666666664
05LBQA2VIO,2021-04-01,Servicios,Bogotá D.C.,Valor medio-alto,3,337944.44444444444,1013833.3333333333,50691.666666666664
05LBQA2VIO,2021-05-01,Servicios,Bogotá D.C.,Valor medio-alto,3,337944.44444444444,1013833.3333333333,50691.666666666664
06QX4IFQGD,2021-03-01,Transporte,Cali,Valor medio,1,1000.0,1000.0,50.0
0773NFXBJD,2021-02-01,Comercio detallista,Soacha,Valor medio,1,2000.0,2000.0,100.0
08GD0QW9SY,2021-02-01,Servicios,Bogotá D.C.,Valor medio,2,42500.0,85000.0,4250.0
08QOL1S7YA,2021-03-01,Reparación y limpieza,Bogotá D.C.,Valor medio,1,2000.0,2000.0,100.0
08UFNI3X2R,2021-03-01,Comercio detallista,Bogotá D.C.,Valor medio,1,526000.0,526000.0,26300.0
097LK3OZHR,2021-02-01,Comercio detallista,Bogotá D.C.,Valor medio-alto,2,254166.66666666666,508333.3333333333,25416.666666666668
097LK3OZHR,2021-03-01,Comercio detallista,Bogotá D.C.,Valor medio-alto,1,254166.66666666666,254166.66666666666,12708.333333333334
097LK3OZHR,2021-04-01,Comercio detallista,Bogotá D.C.,Valor medio-alto,5,254166.66666666666,1270833.3333333333,63541.666666666664
097LK3OZHR,2021-05-01,Comercio detallista,Bogotá D.C.,Valor medio-alto,4,254166.66666666666,1016666.6666666666,50833.333333333336
09BZY6KN5E,2021-03-01,Comercio detallista,Bogotá D.C.,Valor medio-alto,18,121187.5,2181375.0,109068.75
09BZY6KN5E,2021-04-01,Comercio detallista,Bogotá D.C.,Valor medio-alto,14,121187.5,1696625.0,84831.25
0AAKONZD03,2021-03-01,Alimentos y bebidas,Cota,Valor medio-alto,5,51251.851851851854,256259.25925925927,12812.962962962964
0AAKONZD03,2021-04-01,Alimentos y bebidas,Cota,Valor medio-alto,7,51251.851851851854,358762.962962963,17938.14814814815
0AAKONZD03,2021-05-01,Alimentos y bebidas,Cota,Valor medio-alto,15,51251.851851851854,768777.7777777778,38438.88888888889
0AMAEK8YCJ,2021-03-01,Comercio detallista,Bogotá D.C.,Valor medio-alto,4,925500.0,3702000.0,185100.0
0B5X8PJ0E3,2021-03-01,Comercio detallista,Bogotá D.C.,Valor medio-alto,4,147642.85714285713,590571.4285714285,29528.571428571428
0B5X8PJ0E3,2021-04-01,Comercio detallista,Bogotá D.C.,Valor medio-alto,6,147642.85714285713,885857.1428571427,44292.85714285714
0B5X8PJ0E3,2021-05-01,Comercio detallista,Bogotá D.C.,Valor medio-alto,18,147642.85714285713,2657571.428571428,132878.57142857142
0BY8U7KCBS,2021-01-01,Comercio detallista,Soacha,Valor medio-alto,13,605227.5,7867957.5,393397.875
0BY8U7KCBS,2021-02-01,Comercio detallista,Soacha,Valor medio-alto,6,605227.5,3631365.0,181568.25
0BY8U7KCBS,2021-03-01,Comercio detallista,Soacha,Valor medio-alto,1,605227.5,605227.5,30261.375
0BY8U7KCBS,2021-04-01,Comercio detallista,Soacha,Valor medio-alto,1,605227.5,605227.5,30261.375
0BY8U7KCBS,2021-05-01,Comercio detallista,Soacha,Valor medio-alto,1,605227.5,605227.5,30261.375
0CSUDOGURX,2021-03-01,Comercio detallista,Bogotá D.C.,Valor medio-alto,4,273850.0,1095400.0,54770.0
0CSUDOGURX,2021-04-01,Comercio detallista,Bogotá D.C.,Valor medio-alto,7,273850.0,1916950.0,95847.5
0CSUDOGURX,2021-05-01,Comercio detallista,Bogotá D.C.,Valor medio-alto,10,273850.0,2738500.0,136925.0
0DGJFZLOWI,2021-02-01,Alimentos y bebidas,Bogotá D.C.,Valor medio-alto,5,28483.333333333332,142416.66666666666,7120.833333333333
0DGJFZLOWI,2021-03-01,Alimentos y bebidas,Bogotá D.C.,Valor medio-alto,8,28483.333333333332,227866.66666666666,11393.333333333334
0DGJFZLOWI,2021-04-01,Alimentos y bebidas,Bogotá D.C.,Valor medio-alto,7,28483.333333333332,199383.3333333333,9969.166666666666
0DGJFZLOWI,2021-05-01,Alimentos y bebidas,Bogotá D.C.,Valor medio-alto,10,28483.333333333332,284833.3333333333,14241.666666666666
0DT7B70GHI,2020-12-01,Servicios,Bogotá D.C.,Valor medio,3,1100666.6666666667,3302000.0,165100.0
0DXWUKY4BR,2021-02-01,Comercio detallista,Bogotá D.C.,Valor medio-alto,9,451608.6956521739,4064478.260869565,203223.91304347827
0DXWUKY4BR,2021-03-01,Comercio detallista,Bogotá D.C.,Valor medio-alto,3,451608.6956521739,1354826.0869565217,67741.3043478261
0DXWUKY4BR,2021-04-01,Comercio detallista,Bogotá D.C.,Valor medio-alto,5,451608.6956521739,2258043.4782608696,112902.17391304349
0DXWUKY4BR,2021-05-01,Comercio detallista,Bogotá D.C.,Valor medio-alto,6,451608.6956521739,2709652.1739130435,135482.6086956522
0E4AAVCEUB,2021-03-01,Servicios,Bogotá D.C.,Valor medio,3,317333.3333333333,952000.0,47600.0
0EHHJL2T2B,2021-03-01,Comercio detallista,Bogotá D.C.,Valor medio,1,18300.0,18300.0,915.0
0EHHJL2T2B,2021-04-01,Comercio detallista,Bogotá D.C.,Valor medio,1,18300.0,18300.0,915.0
0ENZT1J0PS,2021-02-01,Belleza y cuidado personal,Bogotá D.C.,Valor medio-alto,8,45250.0,362000.0,18100.0
0ENZT1J0PS,2021-03-01,Belleza y cuidado personal,Bogotá D.C.,Valor medio-alto,9,45250.0,407250.0,20362.5
0ENZT1J0PS,2021-04-01,Belleza y cuidado personal,Bogotá D.C.,Valor medio-alto,4,45250.0,181000.0,9050.0
0ENZT1J0PS,2021-05-01,Belleza y cuidado personal,Bogotá D.C.,Valor medio-alto,9,45250.0,407250.0,20362.5
0FC0D0YX31,2021-03-01,Comercio detallista,Bogotá D.C.,Valor medio,1,2000.0,2000.0,100.0
0FF11T68EV,2021-03-01,Comercio detallista,Fusagasugá,Valor medio,1,2000.0,2000.0,100.0
0FHL1TQB2S,2021-03-01,Alimentos y bebidas,Bogotá D.C.,Valor medio-alto,5,41316.0,206580.0,10329.0
0FHL1TQB2S,2021-04-01,Alimentos y bebidas,Bogotá D.C.,Valor medio-alto,11,41316.0,454476.0,22723.800000000003
0FHL1TQB2S,2021-05-01,Alimentos y bebidas,Bogotá D.C.,Valor medio-alto,9,41316.0,371844.0,18592.2
0FNDKBYYVG,2021-02-01,Belleza y cuidado personal,Bogotá D.C.,Valor medio-alto,3,113750.0,341250.0,17062.5
0FNDKBYYVG,2021-03-01,Belleza y cuidado personal,Bogotá D.C.,Valor medio-alto,1,113750.0,113750.0,5687.5
0FTPK27J7W,2021-03-01,Comercio detallista,Bogotá D.C.,Valor medio-alto,5,123090.90909090909,615454.5454545454,30772.727272727272
0FTPK27J7W,2021-05-01,Comercio detallista,Bogotá D.C.,Valor medio-alto,6,123090.90909090909,738545.4545454546,36927.27272727273
0G4Y78FE5B,2021-03-01,Comercio detallista,Fusagasugá,Valor medio,1,1252000.0,1252000.0,62600.0
0G5NDR3BB6,2021-03-01,Comercio detallista,Bogotá D.C.,Valor medio-alto,3,195857.14285714287,587571.4285714286,29378.571428571435
0G5NDR3BB6,2021-04-01,Comercio detallista,Bogotá D.C.,Valor medio-alto,2,195857.14285714287,391714.28571428574,19585.714285714286
0G5NDR3BB6,2021-05-01,Comercio detallista,Bogotá D.C.,Valor medio-alto,2,195857.14285714287,391714.28571428574,19585.714285714286
0GU0J2GTME,2021-03-01,Comercio detallista,Bogotá D.C.,Valor medio-alto,2,95195.0,190390.0,9519.5
0GU0J2GTME,2021-04-01,Comercio detallista,Bogotá D.C.,Valor medio-alto,1,95195.0,95195.0,4759.75
0GU0J2GTME,2021-05-01,Comercio detallista,Bogotá D.C.,Valor medio-alto,1,95195.0,95195.0,4759.75
0H3X50NI9Z,2021-03-01,Servicios,Bogotá D.C.,Valor medio-alto,4,102666.66666666667,410666.6666666667,20533.333333333336
0H3X50NI9Z,2021-05-01,Servicios,Bogotá D.C.,Valor medio-alto,2,102666.66666666667,205333.33333333334,10266.666666666668
0HB9TIG7HU,2021-03-01,Comercio detallista,Bogotá D.C.,Valor medio-alto,6,408083.3333333333,2448500.0,122425.0
0HB9TIG7HU,2021-04-01,Comercio detallista,Bogotá D.C.,Valor medio-alto,4,408083.3333333333,1632333.3333333333,81616.66666666667
0HB9TIG7HU,2021-05-01,Comercio detallista,Bogotá D.C.,Valor medio-alto,2,408083.3333333333,816166.6666666666,40808.333333333336
0HOVMSFJGN,2021-01-01,Alimentos y bebidas,Bogotá D.C.,Valor medio,3,11725.0,35175.0,1758.75
0HOVMSFJGN,2020-12-01,Alimentos y bebidas,Bogotá D.C.,Valor medio,1,11725.0,11725.0,586.25
0I6J5ONJRV,2021-03-01,Comercio detallista,Chía,Valor medio,2,1000.0,2000.0,100.0
0IJ37XWUHM,2021-03-01,Comercio detallista,Cali,Valor medio,2,1000.0,2000.0,100.0
0IK1SWZ556,2021-03-01,Transporte,Bogotá D.C.,Valor medio-alto,2,56733.333333333336,113466.66666666667,5673.333333333334
0IK1SWZ556,2021-04-01,Transporte,Bogotá D.C.,Valor medio-alto,1,56733.333333333336,56733.333333333336,2836.666666666667
0IKBM9ST4Y,2021-03-01,Belleza y cuidado personal,Bogotá D.C.,Valor medio-alto,6,43175.0,259050.0,12952.5
0IKBM9ST4Y,2021-04-01,Belleza y cuidado personal,Bogotá D.C.,Valor medio-alto,1,43175.0,43175.0,2158.75
0IKBM9ST4Y,2021-05-01,Belleza y cuidado personal,Bogotá D.C.,Valor medio-alto,1,43175.0,43175.0,2158.75
0IODSP7LZM,2021-02-01,Reparación y limpieza,Soacha,Valor medio,2,46000.0,92000.0,4600.0
0JA0L0GSES,2021-03-01,Comercio detallista,Funza,Valor medio,2,33500.0,67000.0,3350.0
0JIWIWKDFN,2021-03-01,Belleza y cuidado personal,Bogotá D.C.,Valor medio,4,98750.0,395000.0,19750.0
0JPM8XWDEB,2021-03-01,Comercio detallista,Bogotá D.C.,Valor medio-alto,4,214571.42857142858,858285.7142857143,42914.28571428572
0JPM8XWDEB,2021-04-01,Comercio detallista,Bogotá D.C.,Valor medio-alto,1,214571.42857142858,214571.42857142858,10728.57142857143
0JPM8XWDEB,2021-05-01,Comercio detallista,Bogotá D.C.,Valor medio-alto,2,214571.42857142858,429142.85714285716,21457.14285714286
0K1UO3JRIC,2021-03-01,Comercio detallista,Bogotá D.C.,Valor medio-alto,6,189357.14285714287,1136142.8571428573,56807.14285714287
0K1UO3JRIC,2021-04-01,Comercio detallista,Bogotá D.C.,Valor medio-alto,4,189357.14285714287,757428.5714285715,37871.42857142857
0K1UO3JRIC,2021-05-01,Comercio detallista,Bogotá D.C.,Valor medio-alto,4,189357.14285714287,757428.5714285715,37871.42857142857
0KWCDP63O8,2021-01-01,Comercio detallista,Bogotá D.C.,Valor medio-alto,2,258190.47619047618,516380.95238095237,25819.04761904762
0KWCDP63O8,2021-02-01,Comercio detallista,Bogotá D.C.,Valor medio-alto,4,258190.47619047618,1032761.9047619047,51638.09523809524
0KWCDP63O8,2021-03-01,Comercio detallista,Bogotá D.C.,Valor medio-alto,3,258190.47619047618,774571.4285714285,38728.57142857143
0KWCDP63O8,2021-04-01,Comercio detallista,Bogotá D.C.,Valor medio-alto,4,258190.47619047618,1032761.9047619047,51638.09523809524
0KWCDP63O8,2021-05-01,Comercio detallista,Bogotá D.C.,Valor medio-alto,8,258190.47619047618,2065523.8095238095,103276.19047619047
0LJJAGI2AJ,2021-03-01,Comercio detallista,Bogotá D.C.,Valor medio-alto,11,166663.15789473685,1833294.7368421054,91664.73684210528
0LJJAGI2AJ,2021-04-01,Comercio detallista,Bogotá D.C.,Valor medio-alto,4,166663.15789473685,666652.6315789474,33332.631578947374
0LJJAGI2AJ,2021-05-01,Comercio detallista,Bogotá D.C.,Valor medio-alto,4,166663.15789473685,666652.6315789474,33332.631578947374
0MGPBZHLHG,2020-12-01,Belleza y cuidado personal,Bogotá D.C.,Valor medio,1,2000.0,2000.0,100.0
0MW72KB3P3,2021-03-01,Belleza y cuidado personal,Bogotá D.C.,Valor medio-alto,20,74973.40425531915,1499468.085106383,74973.40425531915
0MW72KB3P3,2021-04-01,Belleza y cuidado personal,Bogotá D.C.,Valor medio-alto,12,74973.40425531915,899680.8510638298,44984.042553191495
0MW72KB3P3,2021-05-01,Belleza y cuidado personal,Bogotá D.C.,Valor medio-alto,15,74973.40425531915,1124601.0638297873,56230.053191489365
0N7O44LYZC,2020-12-01,Comercio detallista,Bogotá D.C.,Valor medio,1,2000.0,2000.0,100.0
0NCW4BV0QP,2021-03-01,Comercio detallista,Bogotá D.C.,Valor medio-alto,1,111200.0,111200.0,5560.0
0NCW4BV0QP,2021-04-01,Comercio detallista,Bogotá D.C.,Valor medio-alto,3,111200.0,333600.0,16680.0
0NCW4BV0QP,2021-05-01,Comercio detallista,Bogotá D.C.,Valor medio-alto,1,111200.0,111200.0,5560.0
0P24STA4HM,2021-03-01,Comercio detallista,Bogotá D.C.,Valor medio-alto,2,151435.0,302870.0,15143.5
0P24STA4HM,2021-04-01,Comercio detallista,Bogotá D.C.,Valor medio-alto,2,151435.0,302870.0,15143.5
0P24STA4HM,2021-05-01,Comercio detallista,Bogotá D.C.,Valor medio-alto,2,151435.0,302870.0,15143.5
0P357K5CIU,2021-03-01,Comercio detallista,Bogotá D.C.,Valor medio-alto,3,53175.0,159525.0,7976.25
0P357K5CIU,2021-04-01,Comercio detallista,Bogotá D.C.,Valor medio-alto,10,53175.0,531750.0,26587.5
0P357K5CIU,2021-05-01,Comercio detallista,Bogotá D.C.,Valor medio-alto,7,53175.0,372225.0,18611.25
0PFA0XM1DV,2021-03-01,Servicios,Cajicá,Valor medio,1,2000.0,2000.0,100.0
0PN6MFSFC6,2021-03-01,Comercio detallista,Bogotá D.C.,Valor medio-alto,7,70553.84615384616,493876.9230769231,24693.846153846156
0PN6MFSFC6,2021-04-01,Comercio detallista,Bogotá D.C.,Valor medio-alto,11,70553.84615384616,776092.3076923077,38804.61538461539
0PN6MFSFC6,2021-05-01,Comercio detallista,Bogotá D.C.,Valor medio-alto,8,70553.84615384616,564430.7692307692,28221.538461538465
0PTFQVKSQS,2021-03-01,Transporte,Cali,Valor medio-alto,7,447373.0612244898,3131611.4285714286,156580.57142857145
0PTFQVKSQS,2021-04-01,Transporte,Cali,Valor medio-alto,21,447373.0612244898,9394834.285714285,469741.7142857143
0PTFQVKSQS,2021-05-01,Transporte,Cali,Valor medio-alto,21,447373.0612244898,9394834.285714285,469741.7142857143
0Q8I9IQYLP,2021-03-01,Alimentos y bebidas,Bogotá D.C.,Valor medio,2,27666.666666666668,55333.333333333336,2766.666666666667
0Q8I9IQYLP,2021-04-01,Alimentos y bebidas,Bogotá D.C.,Valor medio,1,27666.666666666668,27666.666666666668,1383.3333333333335
0QAFIPZDVG,2021-03-01,Comercio detallista,Bogotá D.C.,Valor medio-alto,2,189716.66666666666,379433.3333333333,18971.666666666668
0QAFIPZDVG,2021-04-01,Comercio detallista,Bogotá D.C.,Valor medio-alto,1,189716.66666666666,189716.66666666666,9485.833333333334
0QWT5VZ8K4,2021-03-01,Comercio detallista,Bogotá D.C.,Valor medio-alto,9,56370.0,507330.0,25366.5
0QWT5VZ8K4,2021-04-01,Comercio detallista,Bogotá D.C.,Valor medio-alto,5,56370.0,281850.0,14092.5
0QWT5VZ8K4,2021-05-01,Comercio detallista,Bogotá D.C.,Valor medio-alto,6,56370.0,338220.0,16911.0
0R5JCPUBX5,2021-03-01,Reparación y limpieza,Bogotá D.C.,Valor medio-alto,6,89992.85714285714,539957.1428571428,26997.857142857145
0R5JCPUBX5,2021-05-01,Reparación y limpieza,Bogotá D.C.,Valor medio-alto,1,89992.85714285714,89992.85714285714,4499.642857142858
0RONJIRS7A,2021-03-01,Comercio detallista,Bogotá D.C.,Valor medio,3,170666.66666666666,512000.0,25600.0
0RWB4NMYHV,2021-03-01,Comercio detallista,Bogotá D.C.,Valor medio-alto,14,264123.3333333333,3697726.6666666665,184886.33333333334
0RWB4NMYHV,2021-04-01,Comercio detallista,Bogotá D.C.,Valor medio-alto,8,264123.3333333333,2112986.6666666665,105649.33333333333
0RWB4NMYHV,2021-05-01,Comercio detallista,Bogotá D.C.,Valor medio-alto,2,264123.3333333333,528246.6666666666,26412.333333333332
0S0DQUXKIP,2021-03-01,Servicios,Bogotá D.C.,Valor medio,1,910000.0,910000.0,45500.0
0S3S0LVWIY,2021-03-01,Comercio detallista,Bogotá D.C.,Valor medio-alto,1,237000.0,237000.0,11850.0
0S3S0LVWIY,2021-04-01,Comercio detallista,Bogotá D.C.,Valor medio-alto,4,237000.0,948000.0,47400.0
0S3S0LVWIY,2021-05-01,Comercio detallista,Bogotá D.C.,Valor medio-alto,8,237000.0,1896000.0,94800.0
0T1D7C0AUF,2021-03-01,Comercio detallista,Cali,Valor medio,1,100000.0,100000.0,5000.0
0TPBWIAGDR,2021-03-01,Comercio detallista,Bogotá D.C.,Valor medio-alto,5,84706.25,423531.25,21176.5625
0TPBWIAGDR,2021-04-01,Comercio detallista,Bogotá D.C.,Valor medio-alto,1,84706.25,84706.25,4235.3125
0TPBWIAGDR,2021-05-01,Comercio detallista,Bogotá D.C.,Valor medio-alto,10,84706.25,847062.5,42353.125
0UE0G86TAF,2021-01-01,Servicios,Bogotá D.C.,Valor medio-alto,3,335833.3333333333,1007500.0,50375.0
0UE0G86TAF,2020-12-01,Servicios,Bogotá D.C.,Valor medio-alto,3,335833.3333333333,1007500.0,50375.0
0UE0G86TAF,2021-02-01,Servicios,Bogotá D.C.,Valor medio-alto,4,335833.3333333333,1343333.3333333333,67166.66666666667
0UE0G86TAF,2021-03-01,Servicios,Bogotá D.C.,Valor medio-alto,2,335833.3333333333,671666.6666666666,33583.333333333336
0UE0G86TAF,2021-04-01,Servicios,Bogotá D.C.,Valor medio-alto,4,335833.3333333333,1343333.3333333333,67166.66666666667
0UE0G86TAF,2021-05-01,Servicios,Bogotá D.C.,Valor medio-alto,2,335833.3333333333,671666.6666666666,33583.333333333336
0VDKOUYDG5,2021-03-01,Comercio detallista,Bogotá D.C.,Valor medio,2,228500.0,457000.0,22850.0
0VLU2MNKP7,2021-01-01,Servicios,Melgar,Valor medio-alto,6,53900.0,323400.0,16170.0
0VLU2MNKP7,2021-02-01,Servicios,Melgar,Valor medio-alto,1,53900.0,53900.0,2695.0
0VLU2MNKP7,2021-03-01,Servicios,Melgar,Valor medio-alto,2,53900.0,107800.0,5390.0
0VLU2MNKP7,2021-04-01,Servicios,Melgar,Valor medio-alto,3,53900.0,161700.0,8085.0
0VLU2MNKP7,2021-05-01,Servicios,Melgar,Valor medio-alto,4,53900.0,215600.0,10780.0
0W9VH51YJN,2021-03-01,Reparación y limpieza,Bogotá D.C.,Valor medio,1,2000.0,2000.0,100.0
0WBFHL42RM,2021-03-01,Comercio detallista,Bogotá D.C.,Valor medio-alto,5,61428.57142857143,307142.85714285716,15357.142857142859
0WBFHL42RM,2021-04-01,Comercio detallista,Bogotá D.C.,Valor medio-alto,1,61428.57142857143,61428.57142857143,3071.4285714285716
0WBFHL42RM,2021-05-01,Comercio detallista,Bogotá D.C.,Valor medio-alto,1,61428.57142857143,61428.57142857143,3071.4285714285716
0X3B5RBSL1,2021-02-01,Comercio detallista,Bogotá D.C.,Valor medio,2,1500.0,3000.0,150.0
0X90G1JAAC,2021-03-01,Comercio detallista,Bogotá D.C.,Valor medio,2,2000.0,4000.0,200.0
0XCPFFNN30,2021-01-01,Comercio detallista,Bogotá D.C.,Valor medio-alto,3,302750.0,908250.0,45412.5
0XCPFFNN30,2020-12-01,Comercio detallista,Bogotá D.C.,Valor medio-alto,1,302750.0,302750.0,15137.5
0XCPFFNN30,2021-02-01,Comercio detallista,Bogotá D.C.,Valor medio-alto,1,302750.0,302750.0,15137.5
0XCPFFNN30,2021-03-01,Comercio detallista,Bogotá D.C.,Valor medio-alto,3,302750.0,908250.0,45412.5
0XM9ZQXRYX,2021-03-01,Turismo y entretenimiento,Choachí,Valor medio-alto,5,75976.19047619047,379880.95238095237,18994.04761904762
0XM9ZQXRYX,2021-04-01,Turismo y entretenimiento,Choachí,Valor medio-alto,9,75976.19047619047,683785.7142857143,34189.28571428572
0XM9ZQXRYX,2021-05-01,Turismo y entretenimiento,Choachí,Valor medio-alto,7,75976.19047619047,531833.3333333333,26591.666666666664
0YNDKGAXNL,2021-02-01,Comercio detallista,Bogotá D.C.,Valor medio-alto,34,335931.8181818182,11421681.818181818,571084.0909090909
0YNDKGAXNL,2021-03-01,Comercio detallista,Bogotá D.C.,Valor medio-alto,41,335931.8181818182,13773204.545454545,688660.2272727273
0YNDKGAXNL,2021-04-01,Comercio detallista,Bogotá D.C.,Valor medio-alto,27,335931.8181818182,9070159.09090909,453507.95454545453
0YNDKGAXNL,2021-05-01,Comercio detallista,Bogotá D.C.,Valor medio-alto,30,335931.8181818182,10077954.545454545,503897.7272727273
0YZ3QOS93E,2021-03-01,Comercio detallista,Funza,Valor medio,2,1500.0,3000.0,150.0
0ZL8ZVUXOP,2021-03-01,Comercio detallista,Bogotá D.C.,Valor medio-alto,13,39843.93939393939,517971.2121212121,25898.560606060608
0ZL8ZVUXOP,2021-04-01,Comercio detallista,Bogotá D.C.,Valor medio-alto,22,39843.93939393939,876566.6666666666,43828.333333333336
0ZL8ZVUXOP,2021-05-01,Comercio detallista,Bogotá D.C.,Valor medio-alto,31,39843.93939393939,1235162.121212121,61758.10606060606
0ZT6F19K0Q,2021-03-01,Servicios,Cali,Valor medio-alto,1,31333.333333333332,31333.333333333332,1566.6666666666667
0ZT6F19K0Q,2021-04-01,Servicios,Cali,Valor medio-alto,1,31333.333333333332,31333.333333333332,1566.6666666666667
0ZT6F19K0Q,2021-05-01,Servicios,Cali,Valor medio-alto,1,31333.333333333332,31333.333333333332,1566.6666666666667
104D16C02Q,2021-03-01,Alimentos y bebidas,Bogotá D.C.,Valor medio-alto,26,35101.801801801805,912646.8468468469,45632.342342342345
104D16C02Q,2021-04-01,Alimentos y bebidas,Bogotá D.C.,Valor medio-alto,29,35101.801801801805,1017952.2522522523,50897.61261261262
104D16C02Q,2021-05-01,Alimentos y bebidas,Bogotá D.C.,Valor medio-alto,56,35101.801801801805,1965700.900900901,98285.04504504506
10M75FFVOG,2021-02-01,Comercio detallista,Bogotá D.C.,Valor medio-alto,5,300764.70588235295,1503823.5294117648,75191.17647058824
10M75FFVOG,2021-03-01,Comercio detallista,Bogotá D.C.,Valor medio-alto,8,300764.70588235295,2406117.6470588236,120305.88235294119
10M75FFVOG,2021-04-01,Comercio detallista,Bogotá D.C.,Valor medio-alto,2,300764.70588235295,601529.4117647059,30076.470588235297
10M75FFVOG,2021-05-01,Comercio detallista,Bogotá D.C.,Valor medio-alto,2,300764.70588235295,601529.4117647059,30076.470588235297
10RSZJTDBD,2021-02-01,Belleza y cuidado personal,Bogotá D.C.,Valor medio-alto,9,444839.28571428574,4003553.571428572,200177.6785714286
10RSZJTDBD,2021-03-01,Belleza y cuidado personal,Bogotá D.C.,Valor medio-alto,6,444839.28571428574,2669035.7142857146,133451.78571428574
10RSZJTDBD,2021-04-01,Belleza y cuidado personal,Bogotá D.C.,Valor medio-alto,12,444839.28571428574,5338071.428571429,266903.5714285715
10RSZJTDBD,2021-05-01,Belleza y cuidado personal,Bogotá D.C.,Valor medio-alto,1,444839.28571428574,444839.28571428574,22241.96428571429
1149FP2AIW,2021-03-01,Comercio detallista,Bogotá D.C.,Valor medio-alto,4,102833.33333333333,411333.3333333333,20566.666666666668
1149FP2AIW,2021-04-01,Comercio detallista,Bogotá D.C.,Valor medio-alto,2,102833.33333333333,205666.66666666666,10283.333333333334
11V4VMOMO1,2020-12-01,Turismo y entretenimiento,Bogotá D.C.,Valor medio,1,2000.0,2000.0,100.0
126JEYCDHF,2021-03-01,Alimentos y bebidas,Chía,Valor medio-alto,3,32174.0,96522.0,4826.1
126JEYCDHF,2021-04-01,Alimentos y bebidas,Chía,Valor medio-alto,11,32174.0,353914.0,17695.7
126JEYCDHF,2021-05-01,Alimentos y bebidas,Chía,Valor medio-alto,11,32174.0,353914.0,17695.7
12VM871I0S,2021-03-01,Alimentos y bebidas,Cali,Valor medio,1,1100.0,1100.0,55.0
13C57ZLYB2,2021-03-01,Alimentos y bebidas,Bogotá D.C.,Valor medio-alto,1,68509.30232558139,68509.30232558139,3425.4651162790697
13C57ZLYB2,2021-04-01,Alimentos y bebidas,Bogotá D.C.,Valor medio-alto,15,68509.30232558139,1027639.5348837208,51381.976744186046
13C57ZLYB2,2021-05-01,Alimentos y bebidas,Bogotá D.C.,Valor medio-alto,27,68509.30232558139,1849751.1627906975,92487.55813953489
14BLS7RWUM,2021-03-01,Comercio detallista,Bogotá D.C.,Valor medio-alto,1,350125.0,350125.0,17506.25
14BLS7RWUM,2021-04-01,Comercio detallista,Bogotá D.C.,Valor medio-alto,2,350125.0,700250.0,35012.5
14BLS7RWUM,2021-05-01,Comercio detallista,Bogotá D.C.,Valor medio-alto,5,350125.0,1750625.0,87531.25
151OFC9R4A,2021-02-01,Comercio detallista,Bogotá D.C.,Valor medio-alto,3,388428.5714285714,1165285.7142857143,58264.28571428572
151OFC9R4A,2021-03-01,Comercio detallista,Bogotá D.C.,Valor medio-alto,2,388428.5714285714,776857.1428571428,38842.857142857145
151OFC9R4A,2021-04-01,Comercio detallista,Bogotá D.C.,Valor medio-alto,1,388428.5714285714,388428.5714285714,19421.428571428572
151OFC9R4A,2021-05-01,Comercio detallista,Bogotá D.C.,Valor medio-alto,1,388428.5714285714,388428.5714285714,19421.428571428572
15VSQZS9OS,2021-02-01,Alimentos y bebidas,Bogotá D.C.,Valor alto,16,34229.333333333336,547669.3333333334,27383.46666666667
15VSQZS9OS,2021-03-01,Alimentos y bebidas,Bogotá D.C.,Valor alto,18,34229.333333333336,616128.0,30806.4
15VSQZS9OS,2021-04-01,Alimentos y bebidas,Bogotá D.C.,Valor alto,39,34229.333333333336,1334944.0,66747.2
15VSQZS9OS,2021-05-01,Alimentos y bebidas,Bogotá D.C.,Valor alto,77,34229.333333333336,2635658.666666667,131782.93333333335
165E10R73Z,2021-03-01,Alimentos y bebidas,Chía,Valor medio-alto,1,84515.0,84515.0,4225.75
165E10R73Z,2021-04-01,Alimentos y bebidas,Chía,Valor medio-alto,1,84515.0,84515.0,4225.75
165E10R73Z,2021-05-01,Alimentos y bebidas,Chía,Valor medio-alto,3,84515.0,253545.0,12677.25
16E4UZL9KM,2021-03-01,Comercio detallista,Bogotá D.C.,Valor medio-alto,3,378100.0,1134300.0,56715.0
16E4UZL9KM,2021-04-01,Comercio detallista,Bogotá D.C.,Valor medio-alto,1,378100.0,378100.0,18905.0
16E4UZL9KM,2021-05-01,Comercio detallista,Bogotá D.C.,Valor medio-alto,1,378100.0,378100.0,18905.0
16I7T9HCDI,2021-03-01,Transporte,Cali,Valor medio,1,1000.0,1000.0,50.0
16LK63O4BJ,2021-03-01,Comercio detallista,Bogotá D.C.,Valor medio,1,58000.0,58000.0,2900.0
16LK63O4BJ,2021-04-01,Comercio detallista,Bogotá D.C.,Valor medio,1,58000.0,58000.0,2900.0
175ORGTF37,2021-03-01,Reparación y limpieza,Bogotá D.C.,Valor medio,2,70000.0,140000.0,7000.0
17KC0BBP0G,2021-03-01,Alimentos y bebidas,El Rosal,Valor medio-alto,3,29731.25,89193.75,4459.6875
17KC0BBP0G,2021-04-01,Alimentos y bebidas,El Rosal,Valor medio-alto,16,29731.25,475700.0,23785.0
17KC0BBP0G,2021-05-01,Alimentos y bebidas,El Rosal,Valor medio-alto,13,29731.25,386506.25,19325.3125
17PZ2RWF0H,2021-01-01,Belleza y cuidado personal,Bogotá D.C.,Valor medio-alto,3,59909.09090909091,179727.27272727274,8986.363636363638
17PZ2RWF0H,2021-02-01,Belleza y cuidado personal,Bogotá D.C.,Valor medio-alto,15,59909.09090909091,898636.3636363636,44931.818181818184
17PZ2RWF0H,2021-03-01,Belleza y cuidado personal,Bogotá D.C.,Valor medio-alto,5,59909.09090909091,299545.4545454546,14977.27272727273
17PZ2RWF0H,2021-04-01,Belleza y cuidado personal,Bogotá D.C.,Valor medio-alto,5,59909.09090909091,299545.4545454546,14977.27272727273
17PZ2RWF0H,2021-05-01,Belleza y cuidado personal,Bogotá D.C.,Valor medio-alto,5,59909.09090909091,299545.4545454546,14977.27272727273
17QW4XKO6B,2021-01-01,Comercio detallista,Bogotá D.C.,Valor medio-alto,1,333555.55555555556,333555.55555555556,16677.777777777777
17QW4XKO6B,2021-02-01,Comercio detallista,Bogotá D.C.,Valor medio-alto,3,333555.55555555556,1000666.6666666667,50033.33333333334
17QW4XKO6B,2021-03-01,Comercio detallista,Bogotá D.C.,Valor medio-alto,2,333555.55555555556,667111.1111111111,33355.555555555555
17QW4XKO6B,2021-04-01,Comercio detallista,Bogotá D.C.,Valor medio-alto,2,333555.55555555556,667111.1111111111,33355.555555555555
17QW4XKO6B,2021-05-01,Comercio detallista,Bogotá D.C.,Valor medio-alto,1,333555.55555555556,333555.55555555556,16677.777777777777
17SB9B1ARV,2021-03-01,Reparación y limpieza,Bogotá D.C.,Valor medio-alto,2,1650666.6666666667,3301333.3333333335,165066.6666666667
17SB9B1ARV,2021-04-01,Reparación y limpieza,Bogotá D.C.,Valor medio-alto,1,1650666.6666666667,1650666.6666666667,82533.33333333334
1810KYE17R,2021-03-01,Transporte,Bogotá D.C.,Valor medio-alto,2,25333.333333333332,50666.666666666664,2533.3333333333335
1810KYE17R,2021-05-01,Transporte,Bogotá D.C.,Valor medio-alto,1,25333.333333333332,25333.333333333332,1266.6666666666667
181A3JZR4S,2021-02-01,Servicios,Bogotá D.C.,Valor medio-alto,2,565100.0,1130200.0,56510.0
181A3JZR4S,2021-03-01,Servicios,Bogotá D.C.,Valor medio-alto,3,565100.0,1695300.0,84765.0
181A3JZR4S,2021-04-01,Servicios,Bogotá D.C.,Valor medio-alto,3,565100.0,1695300.0,84765.0
181A3JZR4S,2021-05-01,Servicios,Bogotá D.C.,Valor medio-alto,2,565100.0,1130200.0,56510.0
18HT52YQE2,2021-03-01,Comercio detallista,Bogotá D.C.,Valor medio-alto,1,121500.0,121500.0,6075.0
18HT52YQE2,2021-05-01,Comercio detallista,Bogotá D.C.,Valor medio-alto,4,121500.0,486000.0,24300.0
18KWFU13B7,2021-03-01,Comercio detallista,Bogotá D.C.,Valor medio-alto,6,225529.16666666666,1353175.0,67658.75
18KWFU13B7,2021-04-01,Comercio detallista,Bogotá D.C.,Valor medio-alto,3,225529.16666666666,676587.5,33829.375
18KWFU13B7,2021-05-01,Comercio detallista,Bogotá D.C.,Valor medio-alto,15,225529.16666666666,3382937.5,169146.875
18QMUN3GL9,2021-02-01,Servicios,Bogotá D.C.,Valor medio-alto,2,103250.0,206500.0,10325.0
18QMUN3GL9,2021-03-01,Servicios,Bogotá D.C.,Valor medio-alto,5,103250.0,516250.0,25812.5
18QMUN3GL9,2021-05-01,Servicios,Bogotá D.C.,Valor medio-alto,1,103250.0,103250.0,5162.5
1A29XH7F6M,2021-03-01,Comercio detallista,Mosquera,Valor medio,2,569000.0,1138000.0,56900.0
1ACZQ0HGAJ,2021-02-01,Alimentos y bebidas,Bogotá D.C.,Valor medio-alto,13,30432.06106870229,395616.79389312974,19780.83969465649
1ACZQ0HGAJ,2021-03-01,Alimentos y bebidas,Bogotá D.C.,Valor medio-alto,40,30432.06106870229,1217282.4427480916,60864.122137404585
1ACZQ0HGAJ,2021-04-01,Alimentos y bebidas,Bogotá D.C.,Valor medio-alto,38,30432.06106870229,1156418.320610687,57820.91603053435
1ACZQ0HGAJ,2021-05-01,Alimentos y bebidas,Bogotá D.C.,Valor medio-alto,40,30432.06106870229,1217282.4427480916,60864.122137404585
1AGM7ZJ1RD,2021-03-01,Comercio detallista,Bogotá D.C.,Valor medio-alto,1,99333.33333333333,99333.33333333333,4966.666666666667
1AGM7ZJ1RD,2021-04-01,Comercio detallista,Bogotá D.C.,Valor medio-alto,1,99333.33333333333,99333.33333333333,4966.666666666667
1AGM7ZJ1RD,2021-05-01,Comercio detallista,Bogotá D.C.,Valor medio-alto,1,99333.33333333333,99333.33333333333,4966.666666666667
1AIPRY67PX,2021-01-01,Transporte,Bogotá D.C.,Valor medio,57,1063.8297872340424,60638.297872340416,3031.914893617021
1AIPRY67PX,2020-12-01,Transporte,Bogotá D.C.,Valor medio,19,1063.8297872340424,20212.765957446805,1010.6382978723403
1AIPRY67PX,2021-02-01,Transporte,Bogotá D.C.,Valor medio,65,1063.8297872340424,69148.93617021276,3457.446808510638
1AWSOXNEI7,2021-03-01,Comercio detallista,Bogotá D.C.,Valor medio,2,165000.0,330000.0,16500.0
1BLOO4YPSN,2021-03-01,Comercio detallista,Bogotá D.C.,Valor medio-alto,3,161880.0,485640.0,24282.0
1BLOO4YPSN,2021-04-01,Comercio detallista,Bogotá D.C.,Valor medio-alto,3,161880.0,485640.0,24282.0
1BLOO4YPSN,2021-05-01,Comercio detallista,Bogotá D.C.,Valor medio-alto,4,161880.0,647520.0,32376.0
1C0G3LQO7U,2021-03-01,Servicios,Bogotá D.C.,Valor medio-alto,2,357207.8947368421,714415.7894736842,35720.789473684206
1C0G3LQO7U,2021-04-01,Servicios,Bogotá D.C.,Valor medio-alto,11,357207.8947368421,3929286.842105263,196464.34210526315
1C0G3LQO7U,2021-05-01,Servicios,Bogotá D.C.,Valor medio-alto,6,357207.8947368421,2143247.3684210526,107162.36842105264
1C9EUDWN8H,2021-03-01,Comercio detallista,Soacha,Valor medio-alto,3,950166.6666666666,2850500.0,142525.0
1C9EUDWN8H,2021-04-01,Comercio detallista,Soacha,Valor medio-alto,3,950166.6666666666,2850500.0,142525.0
1CJNR6C2GO,2021-02-01,Comercio detallista,Bogotá D.C.,Valor medio-alto,1,89200.0,89200.0,4460.0
1CJNR6C2GO,2021-05-01,Comercio detallista,Bogotá D.C.,Valor medio-alto,1,89200.0,89200.0,4460.0
1CV0E286PF,2021-03-01,Comercio detallista,Bogotá D.C.,Valor medio-alto,10,186440.5,1864405.0,93220.25
1CV0E286PF,2021-04-01,Comercio detallista,Bogotá D.C.,Valor medio-alto,7,186440.5,1305083.5,65254.175
1CV0E286PF,2021-05-01,Comercio detallista,Bogotá D.C.,Valor medio-alto,3,186440.5,559321.5,27966.075
1D0B1S8HZQ,2021-03-01,Alimentos y bebidas,Bogotá D.C.,Valor medio,2,8400.0,16800.0,840.0
1D0B1S8HZQ,2021-04-01,Alimentos y bebidas,Bogotá D.C.,Valor medio,3,8400.0,25200.0,1260.0
1D4OV5BIO5,2021-03-01,Comercio detallista,Bogotá D.C.,Valor medio-alto,4,46000.0,184000.0,9200.0
1D4OV5BIO5,2021-05-01,Comercio detallista,Bogotá D.C.,Valor medio-alto,3,46000.0,138000.0,6900.0
1D7VETOWRX,2021-01-01,Comercio detallista,Bogotá D.C.,Valor medio-alto,1,423218.5714285714,423218.5714285714,21160.928571428572
1D7VETOWRX,2021-02-01,Comercio detallista,Bogotá D.C.,Valor medio-alto,3,423218.5714285714,1269655.7142857143,63482.78571428572
1D7VETOWRX,2021-03-01,Comercio detallista,Bogotá D.C.,Valor medio-alto,1,423218.5714285714,423218.5714285714,21160.928571428572
1D7VETOWRX,2021-04-01,Comercio detallista,Bogotá D.C.,Valor medio-alto,2,423218.5714285714,846437.1428571428,42321.857142857145
1D7VETOWRX,2021-05-01,Comercio detallista,Bogotá D.C.,Valor medio-alto,7,423218.5714285714,2962530.0,148126.5
1D9EHDLTAH,2021-03-01,Comercio detallista,Bogotá D.C.,Valor medio-alto,5,164888.88888888888,824444.4444444444,41222.22222222222
1D9EHDLTAH,2021-04-01,Comercio detallista,Bogotá D.C.,Valor medio-alto,1,164888.88888888888,164888.88888888888,8244.444444444443
1D9EHDLTAH,2021-05-01,Comercio detallista,Bogotá D.C.,Valor medio-alto,3,164888.88888888888,494666.6666666666,24733.333333333332
1E5QG3X0C5,2021-01-01,Comercio detallista,Bogotá D.C.,Valor medio,1,2000.0,2000.0,100.0
1FAIK8EKN6,2021-03-01,Servicios,Bogotá D.C.,Valor medio,2,5000.0,10000.0,500.0
1FAIK8EKN6,2021-05-01,Servicios,Bogotá D.C.,Valor medio,2,5000.0,10000.0,500.0
1FC5TONKZ6,2021-03-01,Comercio detallista,Bogotá D.C.,Valor medio-alto,1,124600.0,124600.0,6230.0
1FC5TONKZ6,2021-04-01,Comercio detallista,Bogotá D.C.,Valor medio-alto,2,124600.0,249200.0,12460.0
1FC5TONKZ6,2021-05-01,Comercio detallista,Bogotá D.C.,Valor medio-alto,2,124600.0,249200.0,12460.0
1FCHBWH80R,2021-03-01,Comercio detallista,Bogotá D.C.,Valor medio-alto,6,188181.81818181818,1129090.9090909092,56454.54545454546
1FCHBWH80R,2021-04-01,Comercio detallista,Bogotá D.C.,Valor medio-alto,1,188181.81818181818,188181.81818181818,9409.09090909091
1FCHBWH80R,2021-05-01,Comercio detallista,Bogotá D.C.,Valor medio-alto,4,188181.81818181818,752727.2727272727,37636.36363636364
1FSV6PBJWF,2021-03-01,Comercio detallista,Sibaté,Valor medio-alto,2,125888.88888888889,251777.77777777778,12588.88888888889
1FSV6PBJWF,2021-04-01,Comercio detallista,Sibaté,Valor medio-alto,5,125888.88888888889,629444.4444444445,31472.222222222226
1FSV6PBJWF,2021-05-01,Comercio detallista,Sibaté,Valor medio-alto,2,125888.88888888889,251777.77777777778,12588.88888888889
1GFSP8V2WU,2021-02-01,Servicios,Bogotá D.C.,Valor medio-alto,5,368400.0,1842000.0,92100.0
1GFSP8V2WU,2021-03-01,Servicios,Bogotá D.C.,Valor medio-alto,4,368400.0,1473600.0,73680.0
1GFSP8V2WU,2021-05-01,Servicios,Bogotá D.C.,Valor medio-alto,1,368400.0,368400.0,18420.0
1GJLCJECTO,2021-03-01,Comercio detallista,Bogotá D.C.,Valor medio-alto,6,159200.0,955200.0,47760.0
1GJLCJECTO,2021-04-01,Comercio detallista,Bogotá D.C.,Valor medio-alto,3,159200.0,477600.0,23880.0
1GJLCJECTO,2021-05-01,Comercio detallista,Bogotá D.C.,Valor medio-alto,1,159200.0,159200.0,7960.0
1GR5GDELCO,2021-03-01,Belleza y cuidado personal,Cali,Valor medio-alto,8,107555.55555555556,860444.4444444445,43022.222222222226
1GR5GDELCO,2021-04-01,Belleza y cuidado personal,Cali,Valor medio-alto,8,107555.55555555556,860444.4444444445,43022.222222222226
1GR5GDELCO,2021-05-01,Belleza y cuidado personal,Cali,Valor medio-alto,2,107555.55555555556,215111.11111111112,10755.555555555557
1GV16OSCLA,2021-03-01,Comercio detallista,Soacha,Valor medio-alto,2,617750.0,1235500.0,61775.0
1GV16OSCLA,2021-04-01,Comercio detallista,Soacha,Valor medio-alto,4,617750.0,2471000.0,123550.0
1GV16OSCLA,2021-05-01,Comercio detallista,Soacha,Valor medio-alto,2,617750.0,1235500.0,61775.0
1I5GJ9M988,2021-03-01,Comercio detallista,Bogotá D.C.,Valor medio-alto,1,340428.5714285714,340428.5714285714,17021.428571428572
1I5GJ9M988,2021-04-01,Comercio detallista,Bogotá D.C.,Valor medio-alto,3,340428.5714285714,1021285.7142857143,51064.28571428572
1I5GJ9M988,2021-05-01,Comercio detallista,Bogotá D.C.,Valor medio-alto,3,340428.5714285714,1021285.7142857143,51064.28571428572
1IASIAUHHJ,2021-03-01,Comercio detallista,Bogotá D.C.,Valor medio-alto,8,118450.0,947600.0,47380.0
1IASIAUHHJ,2021-04-01,Comercio detallista,Bogotá D.C.,Valor medio-alto,6,118450.0,710700.0,35535.0
1IASIAUHHJ,2021-05-01,Comercio detallista,Bogotá D.C.,Valor medio-alto,6,118450.0,710700.0,35535.0
1IDHRNT5X6,2021-03-01,Alimentos y bebidas,Cali,Valor medio-alto,6,30001.19760479042,180007.18562874253,9000.359281437128
1IDHRNT5X6,2021-04-01,Alimentos y bebidas,Cali,Valor medio-alto,52,30001.19760479042,1560062.2754491018,78003.1137724551
1IDHRNT5X6,2021-05-01,Alimentos y bebidas,Cali,Valor medio-alto,109,30001.19760479042,3270130.5389221557,163506.5269461078
1IFJTRPV9R,2021-03-01,Servicios,Bogotá D.C.,Valor medio-alto,3,174250.0,522750.0,26137.5
1IFJTRPV9R,2021-05-01,Servicios,Bogotá D.C.,Valor medio-alto,1,174250.0,174250.0,8712.5
1IHNGXFUM9,2021-03-01,Comercio detallista,Bogotá D.C.,Valor medio-alto,6,228307.6923076923,1369846.153846154,68492.3076923077
1IHNGXFUM9,2021-04-01,Comercio detallista,Bogotá D.C.,Valor medio-alto,2,228307.6923076923,456615.3846153846,22830.769230769234
1IHNGXFUM9,2021-05-01,Comercio detallista,Bogotá D.C.,Valor medio-alto,5,228307.6923076923,1141538.4615384615,57076.92307692308
1JZCALZ45V,2021-03-01,Servicios,Sibaté,Valor medio,3,213666.66666666666,641000.0,32050.0
1K15DOPTWA,2021-03-01,Comercio detallista,Bogotá D.C.,Valor medio,1,2000.0,2000.0,100.0
1K5Y5MXU5B,2021-03-01,Comercio detallista,Bogotá D.C.,Valor medio-alto,2,262800.0,525600.0,26280.0
1K5Y5MXU5B,2021-04-01,Comercio detallista,Bogotá D.C.,Valor medio-alto,1,262800.0,262800.0,13140.0
1K5Y5MXU5B,2021-05-01,Comercio detallista,Bogotá D.C.,Valor medio-alto,2,262800.0,525600.0,26280.0
1K84HJGD45,2021-03-01,Belleza y cuidado personal,Bogotá D.C.,Valor medio-alto,2,218333.33333333334,436666.6666666667,21833.333333333336
1K84HJGD45,2021-04-01,Belleza y cuidado personal,Bogotá D.C.,Valor medio-alto,1,218333.33333333334,218333.33333333334,10916.666666666668
1KDUK7LEUV,2021-01-01,Comercio detallista,Bogotá D.C.,Valor medio-alto,9,356129.87012987013,3205168.8311688313,160258.44155844158
1KDUK7LEUV,2020-12-01,Comercio detallista,Bogotá D.C.,Valor medio-alto,4,356129.87012987013,1424519.4805194805,71225.97402597404
1KDUK7LEUV,2021-02-01,Comercio detallista,Bogotá D.C.,Valor medio-alto,11,356129.87012987013,3917428.5714285714,195871.42857142858
1KDUK7LEUV,2021-03-01,Comercio detallista,Bogotá D.C.,Valor medio-alto,19,356129.87012987013,6766467.532467533,338323.3766233767
1KDUK7LEUV,2021-04-01,Comercio detallista,Bogotá D.C.,Valor medio-alto,13,356129.87012987013,4629688.311688311,231484.41558441558
1KDUK7LEUV,2021-05-01,Comercio detallista,Bogotá D.C.,Valor medio-alto,21,356129.87012987013,7478727.2727272725,373936.36363636365
1KN3L6Z878,2021-03-01,Comercio detallista,Bogotá D.C.,Valor medio-alto,11,309979.66101694916,3409776.2711864407,170488.81355932204
1KN3L6Z878,2021-04-01,Comercio detallista,Bogotá D.C.,Valor medio-alto,20,309979.66101694916,6199593.220338983,309979.66101694916
1KN3L6Z878,2021-05-01,Comercio detallista,Bogotá D.C.,Valor medio-alto,28,309979.66101694916,8679430.508474577,433971.52542372886
1KQ92VPKRS,2021-03-01,Comercio detallista,Bogotá D.C.,Valor medio-alto,6,139436.36363636365,836618.1818181819,41830.909090909096
1KQ92VPKRS,2021-04-01,Comercio detallista,Bogotá D.C.,Valor medio-alto,1,139436.36363636365,139436.36363636365,6971.818181818183
1KQ92VPKRS,2021-05-01,Comercio detallista,Bogotá D.C.,Valor medio-alto,4,139436.36363636365,557745.4545454546,27887.27272727273
1KWDUSX8BR,2021-02-01,Comercio detallista,Bogotá D.C.,Valor medio-alto,2,208769.23076923078,417538.46153846156,20876.923076923078
1KWDUSX8BR,2021-03-01,Comercio detallista,Bogotá D.C.,Valor medio-alto,8,208769.23076923078,1670153.8461538462,83507.69230769231
1KWDUSX8BR,2021-05-01,Comercio detallista,Bogotá D.C.,Valor medio-alto,3,208769.23076923078,626307.6923076924,31315.38461538462
1L0O3IFQRZ,2021-03-01,Reparación y limpieza,Bogotá D.C.,Valor medio,1,26000.0,26000.0,1300.0
1L0O3IFQRZ,2021-04-01,Reparación y limpieza,Bogotá D.C.,Valor medio,1,26000.0,26000.0,1300.0
1L2TFG5YLT,2021-01-01,Comercio detallista,Soacha,Valor medio-alto,8,117895.41284403669,943163.3027522935,47158.16513761468
1L2TFG5YLT,2021-02-01,Comercio detallista,Soacha,Valor medio-alto,27,117895.41284403669,3183176.1467889906,159158.80733944953
1L2TFG5YLT,2021-03-01,Comercio detallista,Soacha,Valor medio-alto,33,117895.41284403669,3890548.623853211,194527.43119266056
1L2TFG5YLT,2021-04-01,Comercio detallista,Soacha,Valor medio-alto,21,117895.41284403669,2475803.6697247704,123790.18348623853
1L2TFG5YLT,2021-05-01,Comercio detallista,Soacha,Valor medio-alto,20,117895.41284403669,2357908.2568807337,117895.41284403669
1L2XH0PNHH,2021-03-01,Comercio detallista,Bogotá D.C.,Valor medio-alto,10,166230.76923076922,1662307.6923076923,83115.38461538462
1L2XH0PNHH,2021-04-01,Comercio detallista,Bogotá D.C.,Valor medio-alto,3,166230.76923076922,498692.30769230763,24934.615384615383
1L2XH0PNHH,2021-05-01,Comercio detallista,Bogotá D.C.,Valor medio-alto,13,166230.76923076922,2161000.0,108050.0
1L48T9NLTX,2021-03-01,Comercio detallista,Mosquera,Valor medio-alto,1,30000.0,30000.0,1500.0
1L48T9NLTX,2021-04-01,Comercio detallista,Mosquera,Valor medio-alto,2,30000.0,60000.0,3000.0
1L48T9NLTX,2021-05-01,Comercio detallista,Mosquera,Valor medio-alto,4,30000.0,120000.0,6000.0
1L6S9K57EG,2021-02-01,Servicios,Bogotá D.C.,Valor medio,2,788500.0,1577000.0,78850.0
1LJKQX0OTN,2020-12-01,Servicios,Bogotá D.C.,Valor medio,1,2000.0,2000.0,100.0
1LPWV3VHIG,2021-03-01,Reparación y limpieza,Bogotá D.C.,Valor medio-alto,2,339266.6666666667,678533.3333333334,33926.66666666667
1LPWV3VHIG,2021-04-01,Reparación y limpieza,Bogotá D.C.,Valor medio-alto,4,339266.6666666667,1357066.6666666667,67853.33333333334
1LZW76ZGZF,2021-03-01,Comercio detallista,Bogotá D.C.,Valor medio-alto,6,146121.21212121213,876727.2727272727,43836.36363636364
1LZW76ZGZF,2021-04-01,Comercio detallista,Bogotá D.C.,Valor medio-alto,23,146121.21212121213,3360787.878787879,168039.39393939395
1LZW76ZGZF,2021-05-01,Comercio detallista,Bogotá D.C.,Valor medio-alto,37,146121.21212121213,5406484.848484849,270324.24242424243
1NBQOVPEDC,2021-03-01,Belleza y cuidado personal,Bogotá D.C.,Valor medio-alto,6,68333.33333333333,410000.0,20500.0
1NBQOVPEDC,2021-04-01,Belleza y cuidado personal,Bogotá D.C.,Valor medio-alto,4,68333.33333333333,273333.3333333333,13666.666666666666
1NBQOVPEDC,2021-05-01,Belleza y cuidado personal,Bogotá D.C.,Valor medio-alto,5,68333.33333333333,341666.6666666666,17083.333333333332
1NG9C7IRS1,2021-03-01,Servicios,Bogotá D.C.,Valor medio-alto,6,116145.83333333333,696875.0,34843.75
1NG9C7IRS1,2021-04-01,Servicios,Bogotá D.C.,Valor medio-alto,3,116145.83333333333,348437.5,17421.875
1NG9C7IRS1,2021-05-01,Servicios,Bogotá D.C.,Valor medio-alto,3,116145.83333333333,348437.5,17421.875
1NHGXNA6L4,2021-03-01,Comercio detallista,Bogotá D.C.,Valor medio-alto,5,136857.14285714287,684285.7142857143,34214.28571428572
1NHGXNA6L4,2021-04-01,Comercio detallista,Bogotá D.C.,Valor medio-alto,1,136857.14285714287,136857.14285714287,6842.857142857144
1NHGXNA6L4,2021-05-01,Comercio detallista,Bogotá D.C.,Valor medio-alto,8,136857.14285714287,1094857.142857143,54742.85714285715
1NREY42L3I,2020-12-01,Servicios,Bogotá D.C.,Valor medio,1,12000.0,12000.0,600.0
1O2INIFIO7,2021-01-01,Comercio detallista,Bogotá D.C.,Valor medio-alto,1,459400.0,459400.0,22970.0
1O2INIFIO7,2021-02-01,Comercio detallista,Bogotá D.C.,Valor medio-alto,3,459400.0,1378200.0,68910.0
1O2INIFIO7,2021-04-01,Comercio detallista,Bogotá D.C.,Valor medio-alto,1,459400.0,459400.0,22970.0
1OLQDXWGRN,2021-03-01,Comercio detallista,Bogotá D.C.,Valor medio-alto,3,466133.3333333333,1398400.0,69920.0
1OLQDXWGRN,2021-04-01,Comercio detallista,Bogotá D.C.,Valor medio-alto,5,466133.3333333333,2330666.6666666665,116533.33333333333
1OLQDXWGRN,2021-05-01,Comercio detallista,Bogotá D.C.,Valor medio-alto,7,466133.3333333333,3262933.333333333,163146.66666666666
1PA0EIWUGO,2021-03-01,Comercio detallista,Bogotá D.C.,Valor medio-alto,8,334100.4285714286,2672803.4285714286,133640.17142857143
1PA0EIWUGO,2021-04-01,Comercio detallista,Bogotá D.C.,Valor medio-alto,5,334100.4285714286,1670502.142857143,83525.10714285716
1PA0EIWUGO,2021-05-01,Comercio detallista,Bogotá D.C.,Valor medio-alto,8,334100.4285714286,2672803.4285714286,133640.17142857143
1PUJ3XYX4M,2021-03-01,Comercio detallista,Bogotá D.C.,Valor medio-alto,5,71659.09090909091,358295.4545454546,17914.77272727273
1PUJ3XYX4M,2021-04-01,Comercio detallista,Bogotá D.C.,Valor medio-alto,4,71659.09090909091,286636.36363636365,14331.818181818184
1PUJ3XYX4M,2021-05-01,Comercio detallista,Bogotá D.C.,Valor medio-alto,2,71659.09090909091,143318.18181818182,7165.909090909092
1Q6QJR9AG3,2021-03-01,Servicios,Bogotá D.C.,Valor medio-alto,7,348512.25,2439585.75,121979.2875
1Q6QJR9AG3,2021-04-01,Servicios,Bogotá D.C.,Valor medio-alto,3,348512.25,1045536.75,52276.8375
1Q6QJR9AG3,2021-05-01,Servicios,Bogotá D.C.,Valor medio-alto,6,348512.25,2091073.5,104553.675
1QDSWQ6VQ5,2021-03-01,Reparación y limpieza,Bogotá D.C.,Valor medio-alto,3,349666.6666666667,1049000.0,52450.0
1QDSWQ6VQ5,2021-04-01,Reparación y limpieza,Bogotá D.C.,Valor medio-alto,1,349666.6666666667,349666.6666666667,17483.333333333336
1QDSWQ6VQ5,2021-05-01,Reparación y limpieza,Bogotá D.C.,Valor medio-alto,2,349666.6666666667,699333.3333333334,34966.66666666667
1QVT4INTZ2,2021-02-01,Comercio detallista,Bogotá D.C.,Valor medio,2,2000.0,4000.0,200.0
1RR8D0M054,2021-03-01,Comercio detallista,Bogotá D.C.,Valor medio,1,2000.0,2000.0,100.0
1SF607C71I,2021-03-01,Comercio detallista,Bogotá D.C.,Valor medio,1,2000.0,2000.0,100.0
1SFVLT3KOI,2021-02-01,Comercio detallista,Bogotá D.C.,Valor medio-alto,2,51041.15,102082.3,5104.115000000001
1SFVLT3KOI,2021-03-01,Comercio detallista,Bogotá D.C.,Valor medio-alto,3,51041.15,153123.45,7656.172500000001
1SFVLT3KOI,2021-04-01,Comercio detallista,Bogotá D.C.,Valor medio-alto,8,51041.15,408329.2,20416.460000000003
1SFVLT3KOI,2021-05-01,Comercio detallista,Bogotá D.C.,Valor medio-alto,7,51041.15,357288.05,17864.4025
1SMS355DPI,2021-01-01,Comercio detallista,Soacha,Valor medio-alto,1,445190.4761904762,445190.4761904762,22259.523809523813
1SMS355DPI,2020-12-01,Comercio detallista,Soacha,Valor medio-alto,1,445190.4761904762,445190.4761904762,22259.523809523813
1SMS355DPI,2021-02-01,Comercio detallista,Soacha,Valor medio-alto,4,445190.4761904762,1780761.9047619049,89038.09523809525
1SMS355DPI,2021-03-01,Comercio detallista,Soacha,Valor medio-alto,7,445190.4761904762,3116333.3333333335,155816.6666666667
1SMS355DPI,2021-04-01,Comercio detallista,Soacha,Valor medio-alto,1,445190.4761904762,445190.4761904762,22259.523809523813
1SMS355DPI,2021-05-01,Comercio detallista,Soacha,Valor medio-alto,7,445190.4761904762,3116333.3333333335,155816.6666666667
1SNDS7EB7P,2021-03-01,Comercio detallista,Bogotá D.C.,Valor medio-alto,5,112403.33333333333,562016.6666666666,28100.833333333332
1SNDS7EB7P,2021-04-01,Comercio detallista,Bogotá D.C.,Valor medio-alto,8,112403.33333333333,899226.6666666666,44961.333333333336
1SNDS7EB7P,2021-05-01,Comercio detallista,Bogotá D.C.,Valor medio-alto,17,112403.33333333333,1910856.6666666665,95542.83333333333
1T1H62ZZGO,2021-02-01,Comercio detallista,Bogotá D.C.,Valor medio,6,68333.33333333333,410000.0,20500.0
1TEU1KM5F0,2021-03-01,Comercio detallista,Bogotá D.C.,Valor medio-alto,1,541133.3333333334,541133.3333333334,27056.66666666667
1TEU1KM5F0,2021-05-01,Comercio detallista,Bogotá D.C.,Valor medio-alto,2,541133.3333333334,1082266.6666666667,54113.33333333334
1TSATMXN7W,2021-05-01,Comercio detallista,Soacha,Valor medio-alto,5,53800.0,269000.0,13450.0
1U3NT9DH0E,2021-02-01,Servicios,Bogotá D.C.,Valor medio-alto,1,48666.666666666664,48666.666666666664,2433.3333333333335
1U3NT9DH0E,2021-03-01,Servicios,Bogotá D.C.,Valor medio-alto,3,48666.666666666664,146000.0,7300.0
1U3NT9DH0E,2021-05-01,Servicios,Bogotá D.C.,Valor medio-alto,2,48666.666666666664,97333.33333333333,4866.666666666667
1UI6EAYNF1,2021-03-01,Servicios,Bogotá D.C.,Valor medio,3,500.0,1500.0,75.0
1UI6EAYNF1,2021-05-01,Servicios,Bogotá D.C.,Valor medio,1,500.0,500.0,25.0
1VC1C5HO5C,2021-02-01,Comercio detallista,Bogotá D.C.,Valor medio-alto,2,265952.38095238095,531904.7619047619,26595.238095238095
1VC1C5HO5C,2021-03-01,Comercio detallista,Bogotá D.C.,Valor medio-alto,14,265952.38095238095,3723333.333333333,186166.66666666666
1VC1C5HO5C,2021-04-01,Comercio detallista,Bogotá D.C.,Valor medio-alto,1,265952.38095238095,265952.38095238095,13297.619047619048
1VC1C5HO5C,2021-05-01,Comercio detallista,Bogotá D.C.,Valor medio-alto,4,265952.38095238095,1063809.5238095238,53190.47619047619
1VF1MO6LTV,2021-03-01,Comercio detallista,Choachí,Valor medio-alto,1,73000.0,73000.0,3650.0
1VF1MO6LTV,2021-05-01,Comercio detallista,Choachí,Valor medio-alto,1,73000.0,73000.0,3650.0
1WTH8TVU4E,2021-03-01,Servicios,Bogotá D.C.,Valor medio-alto,4,151000.0,604000.0,30200.0
1WTH8TVU4E,2021-04-01,Servicios,Bogotá D.C.,Valor medio-alto,1,151000.0,151000.0,7550.0
1WTH8TVU4E,2021-05-01,Servicios,Bogotá D.C.,Valor medio-alto,19,151000.0,2869000.0,143450.0
1X2I61HP5J,2021-03-01,Comercio detallista,Bogotá D.C.,Valor medio-alto,2,341750.0,683500.0,34175.0
1X2I61HP5J,2021-04-01,Comercio detallista,Bogotá D.C.,Valor medio-alto,7,341750.0,2392250.0,119612.5
1X2I61HP5J,2021-05-01,Comercio detallista,Bogotá D.C.,Valor medio-alto,7,341750.0,2392250.0,119612.5
1XJJT62SFH,2021-02-01,Comercio detallista,Bogotá D.C.,Valor medio-alto,2,388240.0,776480.0,38824.0
1XJJT62SFH,2021-03-01,Comercio detallista,Bogotá D.C.,Valor medio-alto,2,388240.0,776480.0,38824.0
1XJJT62SFH,2021-04-01,Comercio detallista,Bogotá D.C.,Valor medio-alto,2,388240.0,776480.0,38824.0
1XJJT62SFH,2021-05-01,Comercio detallista,Bogotá D.C.,Valor medio-alto,4,388240.0,1552960.0,77648.0
1XPC927A39,2021-03-01,Alimentos y bebidas,Bogotá D.C.,Valor medio-alto,33,224145.6953642384,7396807.947019868,369840.3973509934
1XPC927A39,2021-04-01,Alimentos y bebidas,Bogotá D.C.,Valor medio-alto,49,224145.6953642384,10983139.072847681,549156.953642384
1XPC927A39,2021-05-01,Alimentos y bebidas,Bogotá D.C.,Valor medio-alto,69,224145.6953642384,15466052.98013245,773302.6490066225
1Y5ZXTTI91,2021-03-01,Reparación y limpieza,Bogotá D.C.,Valor medio,2,268500.0,537000.0,26850.0
1YGJB6PF5R,2021-03-01,Belleza y cuidado personal,Bogotá D.C.,Valor medio-alto,11,65876.38888888889,724640.2777777778,36232.01388888889
1YGJB6PF5R,2021-04-01,Belleza y cuidado personal,Bogotá D.C.,Valor medio-alto,48,65876.38888888889,3162066.666666667,158103.33333333337
1YGJB6PF5R,2021-05-01,Belleza y cuidado personal,Bogotá D.C.,Valor medio-alto,121,65876.38888888889,7971043.055555556,398552.1527777778
1YVD9CL8WS,2021-03-01,Comercio detallista,Bogotá D.C.,Valor medio,2,32000.0,64000.0,3200.0
1ZLGO6WDLG,2021-03-01,Reparación y limpieza,El Rosal,Valor medio,1,2000.0,2000.0,100.0
20TV4VP1TT,2021-03-01,Comercio detallista,Bogotá D.C.,Valor medio-alto,21,183916.66666666666,3862250.0,193112.5
20TV4VP1TT,2021-04-01,Comercio detallista,Bogotá D.C.,Valor medio-alto,3,183916.66666666666,551750.0,27587.5
20TV4VP1TT,2021-05-01,Comercio detallista,Bogotá D.C.,Valor medio-alto,12,183916.66666666666,2207000.0,110350.0
22CIJ80VMV,2021-03-01,Servicios,Bogotá D.C.,Valor medio-alto,4,95388.88888888889,381555.55555555556,19077.777777777777
22CIJ80VMV,2021-04-01,Servicios,Bogotá D.C.,Valor medio-alto,2,95388.88888888889,190777.77777777778,9538.888888888889
22CIJ80VMV,2021-05-01,Servicios,Bogotá D.C.,Valor medio-alto,3,95388.88888888889,286166.6666666667,14308.333333333336
22IXTO9KHH,2021-03-01,Turismo y entretenimiento,Bogotá D.C.,Valor medio,1,4000.0,4000.0,200.0
22NBH4WHID,2021-02-01,Educación,Soacha,Valor medio-alto,3,719357.1428571428,2158071.4285714286,107903.57142857143
22NBH4WHID,2021-03-01,Educación,Soacha,Valor medio-alto,5,719357.1428571428,3596785.714285714,179839.2857142857
22NBH4WHID,2021-04-01,Educación,Soacha,Valor medio-alto,4,719357.1428571428,2877428.5714285714,143871.42857142858
22NBH4WHID,2021-05-01,Educación,Soacha,Valor medio-alto,2,719357.1428571428,1438714.2857142857,71935.71428571429
22RKIIGPS5,2021-03-01,Servicios,Bogotá D.C.,Valor medio-alto,1,503961.8,503961.8,25198.09
22RKIIGPS5,2021-04-01,Servicios,Bogotá D.C.,Valor medio-alto,2,503961.8,1007923.6,50396.18
22RKIIGPS5,2021-05-01,Servicios,Bogotá D.C.,Valor medio-alto,2,503961.8,1007923.6,50396.18
234W3WJU8T,2021-03-01,Belleza y cuidado personal,Bogotá D.C.,Valor medio-alto,2,65250.0,130500.0,6525.0
234W3WJU8T,2021-05-01,Belleza y cuidado personal,Bogotá D.C.,Valor medio-alto,2,65250.0,130500.0,6525.0
240CP4FGXZ,2021-03-01,Servicios,Bogotá D.C.,Valor medio-alto,1,1376000.0,1376000.0,68800.0
240CP4FGXZ,2021-04-01,Servicios,Bogotá D.C.,Valor medio-alto,1,1376000.0,1376000.0,68800.0
24A2ORQNU4,2021-03-01,Comercio detallista,Bogotá D.C.,Valor medio-alto,7,334330.0,2340310.0,117015.5
24A2ORQNU4,2021-04-01,Comercio detallista,Bogotá D.C.,Valor medio-alto,3,334330.0,1002990.0,50149.5
24A2ORQNU4,2021-05-01,Comercio detallista,Bogotá D.C.,Valor medio-alto,10,334330.0,3343300.0,167165.0
24CAY40QRW,2021-03-01,Comercio detallista,Cali,Valor medio,5,296200.0,1481000.0,74050.0
25GQ1IEDF6,2021-03-01,Comercio detallista,Bogotá D.C.,Valor medio,1,1633.3333333333333,1633.3333333333333,81.66666666666667
25GQ1IEDF6,2021-04-01,Comercio detallista,Bogotá D.C.,Valor medio,2,1633.3333333333333,3266.6666666666665,163.33333333333334
266OCTDJC5,2021-02-01,Servicios,Fusagasugá,Valor alto,6,1535.0,9210.0,460.5
26VQEEUAYZ,2021-02-01,Comercio detallista,Bogotá D.C.,Valor medio-alto,1,557904.7619047619,557904.7619047619,27895.238095238095
26VQEEUAYZ,2021-03-01,Comercio detallista,Bogotá D.C.,Valor medio-alto,1,557904.7619047619,557904.7619047619,27895.238095238095
26VQEEUAYZ,2021-04-01,Comercio detallista,Bogotá D.C.,Valor medio-alto,3,557904.7619047619,1673714.2857142857,83685.71428571429
26VQEEUAYZ,2021-05-01,Comercio detallista,Bogotá D.C.,Valor medio-alto,16,557904.7619047619,8926476.19047619,446323.8095238095
27X939KH2P,2021-03-01,Belleza y cuidado personal,Bogotá D.C.,Valor medio-alto,17,84963.76811594203,1444384.0579710146,72219.20289855073
27X939KH2P,2021-04-01,Belleza y cuidado personal,Bogotá D.C.,Valor medio-alto,24,84963.76811594203,2039130.4347826089,101956.52173913045
27X939KH2P,2021-05-01,Belleza y cuidado personal,Bogotá D.C.,Valor medio-alto,28,84963.76811594203,2378985.507246377,118949.27536231885
28CJK7BPIZ,2021-03-01,Comercio detallista,Bogotá D.C.,Valor medio-alto,7,193677.77777777778,1355744.4444444445,67787.22222222223
28CJK7BPIZ,2021-04-01,Comercio detallista,Bogotá D.C.,Valor medio-alto,5,193677.77777777778,968388.8888888889,48419.444444444445
28CJK7BPIZ,2021-05-01,Comercio detallista,Bogotá D.C.,Valor medio-alto,6,193677.77777777778,1162066.6666666667,58103.33333333334
28F16D8XJP,2021-02-01,Comercio detallista,Bogotá D.C.,Valor medio-alto,2,49077.77777777778,98155.55555555556,4907.777777777778
28F16D8XJP,2021-03-01,Comercio detallista,Bogotá D.C.,Valor medio-alto,3,49077.77777777778,147233.33333333334,7361.666666666668
28F16D8XJP,2021-04-01,Comercio detallista,Bogotá D.C.,Valor medio-alto,1,49077.77777777778,49077.77777777778,2453.888888888889
28F16D8XJP,2021-05-01,Comercio detallista,Bogotá D.C.,Valor medio-alto,3,49077.77777777778,147233.33333333334,7361.666666666668
28XIG04G8Y,2021-03-01,Reparación y limpieza,Bogotá D.C.,Valor medio-alto,1,33100.0,33100.0,1655.0
28XIG04G8Y,2021-05-01,Reparación y limpieza,Bogotá D.C.,Valor medio-alto,1,33100.0,33100.0,1655.0
292TCS46SV,2021-03-01,Comercio detallista,Bogotá D.C.,Valor medio-alto,4,48250.0,193000.0,9650.0
292TCS46SV,2021-04-01,Comercio detallista,Bogotá D.C.,Valor medio-alto,2,48250.0,96500.0,4825.0
292TCS46SV,2021-05-01,Comercio detallista,Bogotá D.C.,Valor medio-alto,2,48250.0,96500.0,4825.0
297I2RLVX9,2021-03-01,Comercio detallista,Chía,Valor medio,1,2000.0,2000.0,100.0
29JITR3157,2021-03-01,Servicios,Bogotá D.C.,Valor medio-alto,4,204777.58620689655,819110.3448275862,40955.51724137931
29JITR3157,2021-04-01,Servicios,Bogotá D.C.,Valor medio-alto,11,204777.58620689655,2252553.4482758623,112627.67241379312
29JITR3157,2021-05-01,Servicios,Bogotá D.C.,Valor medio-alto,14,204777.58620689655,2866886.206896552,143344.3103448276
2AB8VAXTIA,2021-03-01,Comercio detallista,Bogotá D.C.,Valor medio-alto,1,234000.0,234000.0,11700.0
2AB8VAXTIA,2021-05-01,Comercio detallista,Bogotá D.C.,Valor medio-alto,1,234000.0,234000.0,11700.0
2AEBS0XD5V,2021-03-01,Comercio detallista,Villa de San Diego de Ubate,Valor medio-alto,1,245000.0,245000.0,12250.0
2AEBS0XD5V,2021-05-01,Comercio detallista,Villa de San Diego de Ubate,Valor medio-alto,1,245000.0,245000.0,12250.0
2AFTAVL7GG,2021-03-01,Servicios,Bogotá D.C.,Valor medio,2,143500.0,287000.0,14350.0
2AGCQ7ZXCB,2021-03-01,Comercio detallista,Bogotá D.C.,Valor medio-alto,2,96750.0,193500.0,9675.0
2AGCQ7ZXCB,2021-04-01,Comercio detallista,Bogotá D.C.,Valor medio-alto,1,96750.0,96750.0,4837.5
2AGCQ7ZXCB,2021-05-01,Comercio detallista,Bogotá D.C.,Valor medio-alto,1,96750.0,96750.0,4837.5
2B2BS44MT7,2021-01-01,Servicios,Bogotá D.C.,Valor medio-alto,5,173601.94174757283,868009.7087378642,43400.485436893214
2B2BS44MT7,2020-12-01,Servicios,Bogotá D.C.,Valor medio-alto,19,173601.94174757283,3298436.893203884,164921.8446601942
2B2BS44MT7,2021-02-01,Servicios,Bogotá D.C.,Valor medio-alto,41,173601.94174757283,7117679.611650486,355883.9805825243
2B2BS44MT7,2021-03-01,Servicios,Bogotá D.C.,Valor medio-alto,18,173601.94174757283,3124834.9514563107,156241.74757281554
2B2BS44MT7,2021-04-01,Servicios,Bogotá D.C.,Valor medio-alto,11,173601.94174757283,1909621.359223301,95481.06796116506
2B2BS44MT7,2021-05-01,Servicios,Bogotá D.C.,Valor medio-alto,9,173601.94174757283,1562417.4757281553,78120.87378640777
2B9M4G0UZ7,2021-03-01,Comercio detallista,Chía,Valor medio-alto,3,54250.0,162750.0,8137.5
2B9M4G0UZ7,2021-04-01,Comercio detallista,Chía,Valor medio-alto,6,54250.0,325500.0,16275.0
2B9M4G0UZ7,2021-05-01,Comercio detallista,Chía,Valor medio-alto,1,54250.0,54250.0,2712.5
2BOBSG8KQL,2021-03-01,Alimentos y bebidas,Mosquera,Valor medio-alto,8,39925.0,319400.0,15970.0
2BOBSG8KQL,2021-04-01,Alimentos y bebidas,Mosquera,Valor medio-alto,7,39925.0,279475.0,13973.75
2BOBSG8KQL,2021-05-01,Alimentos y bebidas,Mosquera,Valor medio-alto,1,39925.0,39925.0,1996.25
2BOSTW5CPF,2021-03-01,Comercio detallista,Bogotá D.C.,Valor medio-alto,2,118800.0,237600.0,11880.0
2BOSTW5CPF,2021-04-01,Comercio detallista,Bogotá D.C.,Valor medio-alto,2,118800.0,237600.0,11880.0
2BOSTW5CPF,2021-05-01,Comercio detallista,Bogotá D.C.,Valor medio-alto,6,118800.0,712800.0,35640.0
2BQA04GY6U,2021-03-01,Comercio detallista,Bogotá D.C.,Valor medio,1,653000.0,653000.0,32650.0
2C2R3WQ145,2021-03-01,Comercio detallista,Cali,Valor medio,6,69166.66666666667,415000.0,20750.0
2C5P6UUB04,2021-03-01,Comercio detallista,Bogotá D.C.,Valor medio-alto,8,905301.3333333334,7242410.666666667,362120.5333333334
2C5P6UUB04,2021-04-01,Comercio detallista,Bogotá D.C.,Valor medio-alto,4,905301.3333333334,3621205.3333333335,181060.2666666667
2C5P6UUB04,2021-05-01,Comercio detallista,Bogotá D.C.,Valor medio-alto,3,905301.3333333334,2715904.0,135795.2
2CP8XUKX7S,2021-03-01,Transporte,Cali,Valor medio,1,1000.0,1000.0,50.0
2CZ7QZSMST,2021-01-01,Servicios,Soacha,Valor medio-alto,1,220672.5,220672.5,11033.625
2CZ7QZSMST,2021-02-01,Servicios,Soacha,Valor medio-alto,5,220672.5,1103362.5,55168.125
2CZ7QZSMST,2021-03-01,Servicios,Soacha,Valor medio-alto,1,220672.5,220672.5,11033.625
2CZ7QZSMST,2021-04-01,Servicios,Soacha,Valor medio-alto,2,220672.5,441345.0,22067.25
2CZ7QZSMST,2021-05-01,Servicios,Soacha,Valor medio-alto,3,220672.5,662017.5,33100.875
2EBD840C3R,2021-03-01,Servicios,Bogotá D.C.,Valor medio-alto,4,408400.0,1633600.0,81680.0
2EBD840C3R,2021-04-01,Servicios,Bogotá D.C.,Valor medio-alto,1,408400.0,408400.0,20420.0
2G0SZDP1RI,2021-03-01,Servicios,Bogotá D.C.,Valor medio-alto,4,165936.66666666666,663746.6666666666,33187.333333333336
2G0SZDP1RI,2021-04-01,Servicios,Bogotá D.C.,Valor medio-alto,1,165936.66666666666,165936.66666666666,8296.833333333334
2G0SZDP1RI,2021-05-01,Servicios,Bogotá D.C.,Valor medio-alto,1,165936.66666666666,165936.66666666666,8296.833333333334
2G2AO0S7TN,2021-02-01,Servicios,Bogotá D.C.,Valor medio-alto,1,607250.0,607250.0,30362.5
2G2AO0S7TN,2021-05-01,Servicios,Bogotá D.C.,Valor medio-alto,3,607250.0,1821750.0,91087.5
2G8DLVF025,2021-03-01,Comercio detallista,Bogotá D.C.,Valor medio-alto,11,633211.4146341464,6965325.56097561,348266.2780487805
2G8DLVF025,2021-04-01,Comercio detallista,Bogotá D.C.,Valor medio-alto,13,633211.4146341464,8231748.390243903,411587.41951219516
2G8DLVF025,2021-05-01,Comercio detallista,Bogotá D.C.,Valor medio-alto,17,633211.4146341464,10764594.048780488,538229.7024390245
2GGDO4D53Y,2021-02-01,Comercio detallista,Bogotá D.C.,Valor medio-alto,4,40830.769230769234,163323.07692307694,8166.153846153848
2GGDO4D53Y,2021-03-01,Comercio detallista,Bogotá D.C.,Valor medio-alto,8,40830.769230769234,326646.1538461539,16332.307692307695
2GGDO4D53Y,2021-04-01,Comercio detallista,Bogotá D.C.,Valor medio-alto,4,40830.769230769234,163323.07692307694,8166.153846153848
2GGDO4D53Y,2021-05-01,Comercio detallista,Bogotá D.C.,Valor medio-alto,10,40830.769230769234,408307.69230769237,20415.38461538462
2GJSE8GW0R,2021-03-01,Comercio detallista,Bogotá D.C.,Valor medio-alto,5,73058.82352941176,365294.1176470588,18264.70588235294
2GJSE8GW0R,2021-04-01,Comercio detallista,Bogotá D.C.,Valor medio-alto,9,73058.82352941176,657529.4117647059,32876.470588235294
2GJSE8GW0R,2021-05-01,Comercio detallista,Bogotá D.C.,Valor medio-alto,3,73058.82352941176,219176.4705882353,10958.823529411766
2H32Y4FDLN,2021-03-01,Comercio detallista,Bogotá D.C.,Valor medio-alto,1,417500.0,417500.0,20875.0
2H32Y4FDLN,2021-04-01,Comercio detallista,Bogotá D.C.,Valor medio-alto,1,417500.0,417500.0,20875.0
2H5BKYLK5H,2021-03-01,Comercio detallista,Bogotá D.C.,Valor medio-alto,2,63150.0,126300.0,6315.0
2H5BKYLK5H,2021-04-01,Comercio detallista,Bogotá D.C.,Valor medio-alto,1,63150.0,63150.0,3157.5
2H5BKYLK5H,2021-05-01,Comercio detallista,Bogotá D.C.,Valor medio-alto,5,63150.0,315750.0,15787.5
2H7JHH7PV3,2021-02-01,Comercio detallista,Bogotá D.C.,Valor medio-alto,7,66924.44444444444,468471.11111111107,23423.555555555555
2H7JHH7PV3,2021-03-01,Comercio detallista,Bogotá D.C.,Valor medio-alto,14,66924.44444444444,936942.2222222221,46847.11111111111
2H7JHH7PV3,2021-04-01,Comercio detallista,Bogotá D.C.,Valor medio-alto,8,66924.44444444444,535395.5555555555,26769.777777777777
2H7JHH7PV3,2021-05-01,Comercio detallista,Bogotá D.C.,Valor medio-alto,16,66924.44444444444,1070791.111111111,53539.555555555555
2HMWGFFAXX,2021-03-01,Alimentos y bebidas,Bogotá D.C.,Valor medio-alto,13,47825.0,621725.0,31086.25
2HMWGFFAXX,2021-04-01,Alimentos y bebidas,Bogotá D.C.,Valor medio-alto,30,47825.0,1434750.0,71737.5
2HMWGFFAXX,2021-05-01,Alimentos y bebidas,Bogotá D.C.,Valor medio-alto,13,47825.0,621725.0,31086.25
2HOJKMUWIY,2021-02-01,Reparación y limpieza,Soacha,Valor medio-alto,3,675090.9090909091,2025272.727272727,101263.63636363635
2HOJKMUWIY,2021-03-01,Reparación y limpieza,Soacha,Valor medio-alto,16,675090.9090909091,10801454.545454545,540072.7272727273
2HOJKMUWIY,2021-04-01,Reparación y limpieza,Soacha,Valor medio-alto,7,675090.9090909091,4725636.363636363,236281.81818181818
2HOJKMUWIY,2021-05-01,Reparación y limpieza,Soacha,Valor medio-alto,7,675090.9090909091,4725636.363636363,236281.81818181818
2HPWAABOWE,2021-03-01,Comercio detallista,Bogotá D.C.,Valor medio,2,9750.0,19500.0,975.0
2ITPSDO03V,2021-03-01,Comercio detallista,Bogotá D.C.,Valor medio,5,137400.0,687000.0,34350.0
2J7T6X56ZZ,2021-03-01,Alimentos y bebidas,Carmen de Apicalá,Valor medio-alto,14,81644.26229508196,1143019.6721311475,57150.983606557376
2J7T6X56ZZ,2021-04-01,Alimentos y bebidas,Carmen de Apicalá,Valor medio-alto,47,81644.26229508196,3837280.3278688523,191864.01639344264
2JB4VFBOY9,2021-03-01,Comercio detallista,Bogotá D.C.,Valor medio-alto,4,138090.9090909091,552363.6363636364,27618.18181818182
2JB4VFBOY9,2021-04-01,Comercio detallista,Bogotá D.C.,Valor medio-alto,2,138090.9090909091,276181.8181818182,13809.09090909091
2JB4VFBOY9,2021-05-01,Comercio detallista,Bogotá D.C.,Valor medio-alto,5,138090.9090909091,690454.5454545454,34522.72727272727
2JXAW6I2S0,2021-03-01,Comercio detallista,Bogotá D.C.,Valor medio-alto,3,29800.0,89400.0,4470.0
2JXAW6I2S0,2021-05-01,Comercio detallista,Bogotá D.C.,Valor medio-alto,6,29800.0,178800.0,8940.0
2KEGLETUC9,2021-03-01,Comercio detallista,Bogotá D.C.,Valor medio-alto,1,107428.57142857143,107428.57142857143,5371.4285714285725
2KEGLETUC9,2021-04-01,Comercio detallista,Bogotá D.C.,Valor medio-alto,1,107428.57142857143,107428.57142857143,5371.4285714285725
2KEGLETUC9,2021-05-01,Comercio detallista,Bogotá D.C.,Valor medio-alto,5,107428.57142857143,537142.8571428572,26857.14285714286
2KHGQSEBSX,2021-01-01,Alimentos y bebidas,Bogotá D.C.,Valor medio-alto,13,49881.53846153846,648460.0,32423.0
2KHGQSEBSX,2020-12-01,Alimentos y bebidas,Bogotá D.C.,Valor medio-alto,16,49881.53846153846,798104.6153846154,39905.23076923077
2KHGQSEBSX,2021-02-01,Alimentos y bebidas,Bogotá D.C.,Valor medio-alto,12,49881.53846153846,598578.4615384615,29928.923076923078
2KHGQSEBSX,2021-03-01,Alimentos y bebidas,Bogotá D.C.,Valor medio-alto,9,49881.53846153846,448933.8461538461,22446.69230769231
2KHGQSEBSX,2021-04-01,Alimentos y bebidas,Bogotá D.C.,Valor medio-alto,8,49881.53846153846,399052.3076923077,19952.615384615387
2KHGQSEBSX,2021-05-01,Alimentos y bebidas,Bogotá D.C.,Valor medio-alto,7,49881.53846153846,349170.76923076925,17458.538461538465
2KPA5TU2E0,2021-03-01,Belleza y cuidado personal,Bogotá D.C.,Valor medio-alto,1,148566.66666666666,148566.66666666666,7428.333333333333
2KPA5TU2E0,2021-04-01,Belleza y cuidado personal,Bogotá D.C.,Valor medio-alto,12,148566.66666666666,1782800.0,89140.0
2KPA5TU2E0,2021-05-01,Belleza y cuidado personal,Bogotá D.C.,Valor medio-alto,17,148566.66666666666,2525633.333333333,126281.66666666666
2KQPUUCJAH,2021-03-01,Servicios,Bogotá D.C.,Valor medio-alto,1,67333.33333333333,67333.33333333333,3366.6666666666665
2KQPUUCJAH,2021-04-01,Servicios,Bogotá D.C.,Valor medio-alto,1,67333.33333333333,67333.33333333333,3366.6666666666665
2KQPUUCJAH,2021-05-01,Servicios,Bogotá D.C.,Valor medio-alto,1,67333.33333333333,67333.33333333333,3366.6666666666665
2L65LJ0L30,2021-03-01,Comercio detallista,Bogotá D.C.,Valor medio-alto,7,199445.33333333334,1396117.3333333335,69805.86666666668
2L65LJ0L30,2021-04-01,Comercio detallista,Bogotá D.C.,Valor medio-alto,6,199445.33333333334,1196672.0,59833.600000000006
2L65LJ0L30,2021-05-01,Comercio detallista,Bogotá D.C.,Valor medio-alto,2,199445.33333333334,398890.6666666667,19944.533333333336
2LBI92XSJQ,2021-03-01,Comercio detallista,Bogotá D.C.,Valor medio-alto,1,9733.333333333334,9733.333333333334,486.66666666666674
2LBI92XSJQ,2021-04-01,Comercio detallista,Bogotá D.C.,Valor medio-alto,3,9733.333333333334,29200.0,1460.0
2LBI92XSJQ,2021-05-01,Comercio detallista,Bogotá D.C.,Valor medio-alto,2,9733.333333333334,19466.666666666668,973.3333333333335
2LGZ3Y6UKT,2020-12-01,Servicios,Bogotá D.C.,Valor medio,1,1000.0,1000.0,50.0
2LVWZOKHG7,2021-03-01,Servicios,Bogotá D.C.,Valor medio-alto,2,574519.6666666666,1149039.3333333333,57451.96666666667
2LVWZOKHG7,2021-04-01,Servicios,Bogotá D.C.,Valor medio-alto,2,574519.6666666666,1149039.3333333333,57451.96666666667
2LVWZOKHG7,2021-05-01,Servicios,Bogotá D.C.,Valor medio-alto,2,574519.6666666666,1149039.3333333333,57451.96666666667
2LWZJ2HA95,2021-03-01,Comercio detallista,Bogotá D.C.,Valor medio,1,2000.0,2000.0,100.0
2MDBP46CWC,2021-03-01,Comercio detallista,Bogotá D.C.,Valor medio-alto,4,100117.64705882352,400470.5882352941,20023.529411764706
2MDBP46CWC,2021-04-01,Comercio detallista,Bogotá D.C.,Valor medio-alto,2,100117.64705882352,200235.29411764705,10011.764705882353
2MDBP46CWC,2021-05-01,Comercio detallista,Bogotá D.C.,Valor medio-alto,11,100117.64705882352,1101294.1176470588,55064.705882352944
2MHW0WVOU0,2021-02-01,Servicios,Bogotá D.C.,Valor medio-alto,1,79555.55555555556,79555.55555555556,3977.7777777777783
2MHW0WVOU0,2021-03-01,Servicios,Bogotá D.C.,Valor medio-alto,5,79555.55555555556,397777.7777777778,19888.88888888889
2MHW0WVOU0,2021-04-01,Servicios,Bogotá D.C.,Valor medio-alto,1,79555.55555555556,79555.55555555556,3977.7777777777783
2MHW0WVOU0,2021-05-01,Servicios,Bogotá D.C.,Valor medio-alto,2,79555.55555555556,159111.11111111112,7955.555555555557
2MQOTTTU0D,2021-02-01,Servicios,Bogotá D.C.,Valor medio,1,2000.0,2000.0,100.0
2N5XYH9ZTK,2021-01-01,Servicios,Bogotá D.C.,Valor medio-alto,1,1644500.0,1644500.0,82225.0
2N5XYH9ZTK,2021-05-01,Servicios,Bogotá D.C.,Valor medio-alto,1,1644500.0,1644500.0,82225.0
2N9ODMDK4V,2021-03-01,Comercio detallista,Bogotá D.C.,Valor medio,1,72000.0,72000.0,3600.0
2NK3C1T5T3,2021-01-01,Comercio detallista,Soacha,Valor medio-alto,18,364082.8828828829,6553491.891891892,327674.5945945946
2NK3C1T5T3,2021-02-01,Comercio detallista,Soacha,Valor medio-alto,24,364082.8828828829,8737989.18918919,436899.4594594595
2NK3C1T5T3,2021-03-01,Comercio detallista,Soacha,Valor medio-alto,28,364082.8828828829,10194320.720720721,509716.0360360361
2NK3C1T5T3,2021-04-01,Comercio detallista,Soacha,Valor medio-alto,18,364082.8828828829,6553491.891891892,327674.5945945946
2NK3C1T5T3,2021-05-01,Comercio detallista,Soacha,Valor medio-alto,23,364082.8828828829,8373906.306306306,418695.3153153153
2PRNANDUCO,2021-02-01,Comercio detallista,Bogotá D.C.,Valor medio-alto,1,868400.0,868400.0,43420.0
2PRNANDUCO,2021-03-01,Comercio detallista,Bogotá D.C.,Valor medio-alto,2,868400.0,1736800.0,86840.0
2PRNANDUCO,2021-04-01,Comercio detallista,Bogotá D.C.,Valor medio-alto,1,868400.0,868400.0,43420.0
2PRNANDUCO,2021-05-01,Comercio detallista,Bogotá D.C.,Valor medio-alto,1,868400.0,868400.0,43420.0
2R16F8AZB5,2021-03-01,Comercio detallista,Bogotá D.C.,Valor medio-alto,8,892312.5,7138500.0,356925.0
2R16F8AZB5,2021-04-01,Comercio detallista,Bogotá D.C.,Valor medio-alto,4,892312.5,3569250.0,178462.5
2R16F8AZB5,2021-05-01,Comercio detallista,Bogotá D.C.,Valor medio-alto,4,892312.5,3569250.0,178462.5
2REMVYD0V1,2021-03-01,Alimentos y bebidas,Carmen de Apicalá,Valor medio-alto,2,59116.666666666664,118233.33333333333,5911.666666666667
2REMVYD0V1,2021-04-01,Alimentos y bebidas,Carmen de Apicalá,Valor medio-alto,34,59116.666666666664,2009966.6666666665,100498.33333333333
2RICBEP0IP,2021-03-01,Turismo y entretenimiento,Bogotá D.C.,Valor medio,1,2000.0,2000.0,100.0
2SC6FPOX13,2021-02-01,Servicios,Bogotá D.C.,Valor medio-alto,10,34996.307692307695,349963.07692307694,17498.153846153848
2SC6FPOX13,2021-03-01,Servicios,Bogotá D.C.,Valor medio-alto,6,34996.307692307695,209977.84615384619,10498.89230769231
2SC6FPOX13,2021-04-01,Servicios,Bogotá D.C.,Valor medio-alto,4,34996.307692307695,139985.23076923078,6999.261538461539
2SC6FPOX13,2021-05-01,Servicios,Bogotá D.C.,Valor medio-alto,6,34996.307692307695,209977.84615384619,10498.89230769231
2SI00771LD,2021-03-01,Alimentos y bebidas,Cali,Valor medio-alto,1,27040.54054054054,27040.54054054054,1352.027027027027
2SI00771LD,2021-05-01,Alimentos y bebidas,Cali,Valor medio-alto,36,27040.54054054054,973459.4594594594,48672.97297297297
2SIMZM34L6,2021-03-01,Servicios,Bogotá D.C.,Valor medio-alto,5,346400.0,1732000.0,86600.0
2SIMZM34L6,2021-04-01,Servicios,Bogotá D.C.,Valor medio-alto,3,346400.0,1039200.0,51960.0
2SIMZM34L6,2021-05-01,Servicios,Bogotá D.C.,Valor medio-alto,2,346400.0,692800.0,34640.0
2SRVGD8BOS,2021-03-01,Comercio detallista,Bogotá D.C.,Valor medio,1,21000.0,21000.0,1050.0
2SRVGD8BOS,2021-04-01,Comercio detallista,Bogotá D.C.,Valor medio,1,21000.0,21000.0,1050.0
2SZ72BCY3X,2021-03-01,Alimentos y bebidas,Soacha,Valor medio-alto,4,84693.93939393939,338775.75757575757,16938.78787878788
2SZ72BCY3X,2021-04-01,Alimentos y bebidas,Soacha,Valor medio-alto,16,84693.93939393939,1355103.0303030303,67755.15151515152
2SZ72BCY3X,2021-05-01,Alimentos y bebidas,Soacha,Valor medio-alto,13,84693.93939393939,1101021.2121212122,55051.06060606061
2TCSNSKGWE,2021-03-01,Comercio detallista,Bogotá D.C.,Valor medio-alto,3,58507.142857142855,175521.42857142858,8776.07142857143
2TCSNSKGWE,2021-04-01,Comercio detallista,Bogotá D.C.,Valor medio-alto,9,58507.142857142855,526564.2857142857,26328.214285714286
2TCSNSKGWE,2021-05-01,Comercio detallista,Bogotá D.C.,Valor medio-alto,9,58507.142857142855,526564.2857142857,26328.214285714286
2U4O81AGAD,2021-03-01,Comercio detallista,Bogotá D.C.,Valor medio-alto,1,140882.35294117648,140882.35294117648,7044.117647058824
2U4O81AGAD,2021-04-01,Comercio detallista,Bogotá D.C.,Valor medio-alto,3,140882.35294117648,422647.0588235294,21132.352941176472
2U4O81AGAD,2021-05-01,Comercio detallista,Bogotá D.C.,Valor medio-alto,13,140882.35294117648,1831470.5882352942,91573.52941176471
2V7TUASBTR,2021-03-01,Comercio detallista,Bogotá D.C.,Valor medio-alto,7,708488.8888888889,4959422.222222222,247971.11111111112
2V7TUASBTR,2021-04-01,Comercio detallista,Bogotá D.C.,Valor medio-alto,3,708488.8888888889,2125466.6666666665,106273.33333333333
2V7TUASBTR,2021-05-01,Comercio detallista,Bogotá D.C.,Valor medio-alto,8,708488.8888888889,5667911.111111111,283395.55555555556
2V98T2MMNF,2021-03-01,Comercio detallista,Chía,Valor medio-alto,4,600953.2352941176,2403812.9411764704,120190.64705882352
2V98T2MMNF,2021-04-01,Comercio detallista,Chía,Valor medio-alto,5,600953.2352941176,3004766.176470588,150238.3088235294
2V98T2MMNF,2021-05-01,Comercio detallista,Chía,Valor medio-alto,8,600953.2352941176,4807625.882352941,240381.29411764705
2VP21AN76M,2021-01-01,Comercio detallista,Bogotá D.C.,Valor medio-alto,2,528333.3333333334,1056666.6666666667,52833.33333333334
2VP21AN76M,2020-12-01,Comercio detallista,Bogotá D.C.,Valor medio-alto,2,528333.3333333334,1056666.6666666667,52833.33333333334
2VP21AN76M,2021-02-01,Comercio detallista,Bogotá D.C.,Valor medio-alto,4,528333.3333333334,2113333.3333333335,105666.66666666669
2VP21AN76M,2021-03-01,Comercio detallista,Bogotá D.C.,Valor medio-alto,7,528333.3333333334,3698333.3333333335,184916.6666666667
2VP21AN76M,2021-04-01,Comercio detallista,Bogotá D.C.,Valor medio-alto,5,528333.3333333334,2641666.666666667,132083.33333333334
2VP21AN76M,2021-05-01,Comercio detallista,Bogotá D.C.,Valor medio-alto,4,528333.3333333334,2113333.3333333335,105666.66666666669
2W1EO533YD,2020-12-01,Comercio detallista,Bogotá D.C.,Valor medio,1,2000.0,2000.0,100.0
2WAHPI7T0D,2021-03-01,Comercio detallista,Bogotá D.C.,Valor medio,5,7600.0,38000.0,1900.0
2WM7ZS1JQH,2021-03-01,Comercio detallista,Bogotá D.C.,Valor medio,1,2000.0,2000.0,100.0
2WN3MJNBRX,2021-03-01,Belleza y cuidado personal,Bogotá D.C.,Valor medio,1,2000.0,2000.0,100.0
2XQBXCKQNU,2021-03-01,Comercio detallista,Bogotá D.C.,Valor medio-alto,3,309900.0,929700.0,46485.0
2XQBXCKQNU,2021-04-01,Comercio detallista,Bogotá D.C.,Valor medio-alto,5,309900.0,1549500.0,77475.0
2XQBXCKQNU,2021-05-01,Comercio detallista,Bogotá D.C.,Valor medio-alto,2,309900.0,619800.0,30990.0
2Y67HG42YI,2021-03-01,Comercio detallista,Choachí,Valor medio-alto,5,137028.57142857142,685142.857142857,34257.142857142855
2Y67HG42YI,2021-04-01,Comercio detallista,Choachí,Valor medio-alto,2,137028.57142857142,274057.14285714284,13702.857142857143
2YI39WKUPA,2021-01-01,Servicios,Bogotá D.C.,Valor medio-alto,10,336530.86419753084,3365308.6419753083,168265.43209876542
2YI39WKUPA,2020-12-01,Servicios,Bogotá D.C.,Valor medio-alto,1,336530.86419753084,336530.86419753084,16826.54320987654
2YI39WKUPA,2021-02-01,Servicios,Bogotá D.C.,Valor medio-alto,21,336530.86419753084,7067148.148148147,353357.4074074074
2YI39WKUPA,2021-03-01,Servicios,Bogotá D.C.,Valor medio-alto,15,336530.86419753084,5047962.962962963,252398.14814814815
2YI39WKUPA,2021-04-01,Servicios,Bogotá D.C.,Valor medio-alto,12,336530.86419753084,4038370.3703703703,201918.51851851854
2YI39WKUPA,2021-05-01,Servicios,Bogotá D.C.,Valor medio-alto,22,336530.86419753084,7403679.012345678,370183.95061728393
2YY528KCXT,2021-03-01,Comercio detallista,Bogotá D.C.,Valor medio-alto,8,503869.5652173913,4030956.5217391304,201547.82608695654
2YY528KCXT,2021-04-01,Comercio detallista,Bogotá D.C.,Valor medio-alto,7,503869.5652173913,3527086.9565217393,176354.34782608697
2YY528KCXT,2021-05-01,Comercio detallista,Bogotá D.C.,Valor medio-alto,8,503869.5652173913,4030956.5217391304,201547.82608695654
2Z3ZS9GHVP,2021-03-01,Servicios,Bogotá D.C.,Valor medio-alto,1,151500.0,151500.0,7575.0
2Z3ZS9GHVP,2021-05-01,Servicios,Bogotá D.C.,Valor medio-alto,1,151500.0,151500.0,7575.0
2ZDUO76KCW,2021-03-01,Comercio detallista,Bogotá D.C.,Valor medio-alto,4,56892.307692307695,227569.23076923078,11378.461538461539
2ZDUO76KCW,2021-04-01,Comercio detallista,Bogotá D.C.,Valor medio-alto,6,56892.307692307695,341353.8461538462,17067.69230769231
2ZDUO76KCW,2021-05-01,Comercio detallista,Bogotá D.C.,Valor medio-alto,3,56892.307692307695,170676.9230769231,8533.846153846154
2ZNF7QMFGR,2021-02-01,Comercio detallista,Bogotá D.C.,Valor medio-alto,2,196811.76470588235,393623.5294117647,19681.176470588238
2ZNF7QMFGR,2021-03-01,Comercio detallista,Bogotá D.C.,Valor medio-alto,6,196811.76470588235,1180870.588235294,59043.5294117647
2ZNF7QMFGR,2021-04-01,Comercio detallista,Bogotá D.C.,Valor medio-alto,2,196811.76470588235,393623.5294117647,19681.176470588238
2ZNF7QMFGR,2021-05-01,Comercio detallista,Bogotá D.C.,Valor medio-alto,7,196811.76470588235,1377682.3529411764,68884.11764705883
302RZNDYX8,2021-03-01,Comercio detallista,Bogotá D.C.,Valor medio,1,2000.0,2000.0,100.0
307S8LLI3D,2021-03-01,Comercio detallista,Bogotá D.C.,Valor medio-alto,1,640666.6666666666,640666.6666666666,32033.333333333332
307S8LLI3D,2021-05-01,Comercio detallista,Bogotá D.C.,Valor medio-alto,2,640666.6666666666,1281333.3333333333,64066.666666666664
3087FW8P09,2021-01-01,Turismo y entretenimiento,Melgar,Valor medio-alto,2,48400.0,96800.0,4840.0
3087FW8P09,2021-03-01,Turismo y entretenimiento,Melgar,Valor medio-alto,1,48400.0,48400.0,2420.0
3087FW8P09,2021-04-01,Turismo y entretenimiento,Melgar,Valor medio-alto,2,48400.0,96800.0,4840.0
30NJJ4YJ5I,2021-03-01,Comercio detallista,Bogotá D.C.,Valor medio-alto,4,386666.6666666667,1546666.6666666667,77333.33333333334
30NJJ4YJ5I,2021-04-01,Comercio detallista,Bogotá D.C.,Valor medio-alto,2,386666.6666666667,773333.3333333334,38666.66666666667
30NJJ4YJ5I,2021-05-01,Comercio detallista,Bogotá D.C.,Valor medio-alto,3,386666.6666666667,1160000.0,58000.0
310MUZZ5IN,2021-03-01,Servicios,Bogotá D.C.,Valor medio-alto,4,106511.0,426044.0,21302.2
310MUZZ5IN,2021-05-01,Servicios,Bogotá D.C.,Valor medio-alto,1,106511.0,106511.0,5325.55
3115HZVEPP,2021-03-01,Reparación y limpieza,Bogotá D.C.,Valor medio-alto,1,326000.0,326000.0,16300.0
3115HZVEPP,2021-05-01,Reparación y limpieza,Bogotá D.C.,Valor medio-alto,1,326000.0,326000.0,16300.0
31XAXBHP80,2021-03-01,Alimentos y bebidas,Bogotá D.C.,Valor medio-alto,1,88831.02040816327,88831.02040816327,4441.551020408164
31XAXBHP80,2021-04-01,Alimentos y bebidas,Bogotá D.C.,Valor medio-alto,27,88831.02040816327,2398437.551020408,119921.87755102041
31XAXBHP80,2021-05-01,Alimentos y bebidas,Bogotá D.C.,Valor medio-alto,21,88831.02040816327,1865451.4285714286,93272.57142857143
33GHGS4PE6,2021-02-01,Servicios,Bogotá D.C.,Valor medio-alto,2,553000.0,1106000.0,55300.0
33GHGS4PE6,2021-05-01,Servicios,Bogotá D.C.,Valor medio-alto,1,553000.0,553000.0,27650.0
33PC9DIPM4,2021-03-01,Comercio detallista,Bogotá D.C.,Valor medio-alto,8,252785.13513513515,2022281.0810810812,101114.05405405407
33PC9DIPM4,2021-04-01,Comercio detallista,Bogotá D.C.,Valor medio-alto,6,252785.13513513515,1516710.810810811,75835.54054054055
33PC9DIPM4,2021-05-01,Comercio detallista,Bogotá D.C.,Valor medio-alto,23,252785.13513513515,5814058.108108109,290702.90540540544
33RB7BLEQE,2021-03-01,Servicios,Bogotá D.C.,Valor medio-alto,1,297000.0,297000.0,14850.0
33RB7BLEQE,2021-04-01,Servicios,Bogotá D.C.,Valor medio-alto,1,297000.0,297000.0,14850.0
33RB7BLEQE,2021-05-01,Servicios,Bogotá D.C.,Valor medio-alto,3,297000.0,891000.0,44550.0
347ESZJRRL,2021-03-01,Alimentos y bebidas,Bogotá D.C.,Valor medio-alto,1,80288.88888888889,80288.88888888889,4014.444444444445
347ESZJRRL,2021-04-01,Alimentos y bebidas,Bogotá D.C.,Valor medio-alto,16,80288.88888888889,1284622.2222222222,64231.11111111112
347ESZJRRL,2021-05-01,Alimentos y bebidas,Bogotá D.C.,Valor medio-alto,10,80288.88888888889,802888.8888888889,40144.444444444445
358IJ2REVS,2021-03-01,Comercio detallista,La Dorada,Valor medio,2,2000.0,4000.0,200.0
367C9ZLWE1,2021-01-01,Alimentos y bebidas,Bogotá D.C.,Valor medio-alto,2,24917.241379310344,49834.48275862069,2491.7241379310344
367C9ZLWE1,2021-02-01,Alimentos y bebidas,Bogotá D.C.,Valor medio-alto,7,24917.241379310344,174420.6896551724,8721.034482758621
367C9ZLWE1,2021-03-01,Alimentos y bebidas,Bogotá D.C.,Valor medio-alto,9,24917.241379310344,224255.1724137931,11212.758620689656
367C9ZLWE1,2021-04-01,Alimentos y bebidas,Bogotá D.C.,Valor medio-alto,4,24917.241379310344,99668.96551724138,4983.448275862069
367C9ZLWE1,2021-05-01,Alimentos y bebidas,Bogotá D.C.,Valor medio-alto,7,24917.241379310344,174420.6896551724,8721.034482758621
36ACRHS3ZB,2021-03-01,Comercio detallista,Bogotá D.C.,Valor medio-alto,11,257104.16666666666,2828145.833333333,141407.29166666666
36ACRHS3ZB,2021-04-01,Comercio detallista,Bogotá D.C.,Valor medio-alto,1,257104.16666666666,257104.16666666666,12855.208333333334
37G9FHUWKL,2021-03-01,Comercio detallista,Bogotá D.C.,Valor medio-alto,2,24762.5,49525.0,2476.25
37G9FHUWKL,2021-04-01,Comercio detallista,Bogotá D.C.,Valor medio-alto,3,24762.5,74287.5,3714.375
37G9FHUWKL,2021-05-01,Comercio detallista,Bogotá D.C.,Valor medio-alto,5,24762.5,123812.5,6190.625
387RYWXS2R,2021-02-01,Comercio detallista,Bogotá D.C.,Valor medio-alto,1,313142.85714285716,313142.85714285716,15657.142857142859
387RYWXS2R,2021-03-01,Comercio detallista,Bogotá D.C.,Valor medio-alto,5,313142.85714285716,1565714.285714286,78285.7142857143
387RYWXS2R,2021-05-01,Comercio detallista,Bogotá D.C.,Valor medio-alto,1,313142.85714285716,313142.85714285716,15657.142857142859
38NMX1PHDQ,2021-03-01,Servicios,Bogotá D.C.,Valor medio-alto,2,200666.66666666666,401333.3333333333,20066.666666666668
38NMX1PHDQ,2021-04-01,Servicios,Bogotá D.C.,Valor medio-alto,1,200666.66666666666,200666.66666666666,10033.333333333334
38O5KZS3DN,2020-12-01,Servicios,Bogotá D.C.,Valor medio,2,2000.0,4000.0,200.0
38QXXBQACE,2021-01-01,Alimentos y bebidas,Bogotá D.C.,Valor medio-alto,16,45972.77777777778,735564.4444444445,36778.222222222226
38QXXBQACE,2021-02-01,Alimentos y bebidas,Bogotá D.C.,Valor medio-alto,21,45972.77777777778,965428.3333333334,48271.41666666667
38QXXBQACE,2021-03-01,Alimentos y bebidas,Bogotá D.C.,Valor medio-alto,10,45972.77777777778,459727.7777777778,22986.38888888889
38QXXBQACE,2021-04-01,Alimentos y bebidas,Bogotá D.C.,Valor medio-alto,23,45972.77777777778,1057373.888888889,52868.69444444445
38QXXBQACE,2021-05-01,Alimentos y bebidas,Bogotá D.C.,Valor medio-alto,20,45972.77777777778,919455.5555555556,45972.77777777778
39EDNOWQMT,2021-03-01,Comercio detallista,Bogotá D.C.,Valor medio-alto,4,27933.333333333332,111733.33333333333,5586.666666666667
39EDNOWQMT,2021-04-01,Comercio detallista,Bogotá D.C.,Valor medio-alto,9,27933.333333333332,251400.0,12570.0
39EDNOWQMT,2021-05-01,Comercio detallista,Bogotá D.C.,Valor medio-alto,2,27933.333333333332,55866.666666666664,2793.3333333333335
39FIBWZZ7F,2021-03-01,Alimentos y bebidas,Bogotá D.C.,Valor medio-alto,28,25743.697478991595,720823.5294117647,36041.17647058824
39FIBWZZ7F,2021-04-01,Alimentos y bebidas,Bogotá D.C.,Valor medio-alto,46,25743.697478991595,1184210.0840336133,59210.50420168067
39FIBWZZ7F,2021-05-01,Alimentos y bebidas,Bogotá D.C.,Valor medio-alto,45,25743.697478991595,1158466.3865546219,57923.31932773109
39N5R42SOR,2021-03-01,Comercio detallista,Bogotá D.C.,Valor medio-alto,16,53910.63829787234,862570.2127659575,43128.51063829788
39N5R42SOR,2021-04-01,Comercio detallista,Bogotá D.C.,Valor medio-alto,14,53910.63829787234,754748.9361702128,37737.44680851064
39N5R42SOR,2021-05-01,Comercio detallista,Bogotá D.C.,Valor medio-alto,17,53910.63829787234,916480.8510638298,45824.042553191495
39U0HBN4L4,2021-02-01,Comercio detallista,Bogotá D.C.,Valor medio-alto,1,408634.6153846154,408634.6153846154,20431.73076923077
39U0HBN4L4,2021-03-01,Comercio detallista,Bogotá D.C.,Valor medio-alto,5,408634.6153846154,2043173.076923077,102158.65384615386
39U0HBN4L4,2021-05-01,Comercio detallista,Bogotá D.C.,Valor medio-alto,20,408634.6153846154,8172692.307692308,408634.61538461543
3A3VROHNHT,2021-03-01,Comercio detallista,Bogotá D.C.,Valor medio-alto,3,90040.0,270120.0,13506.0
3A3VROHNHT,2021-04-01,Comercio detallista,Bogotá D.C.,Valor medio-alto,2,90040.0,180080.0,9004.0
3A8VMKIMIM,2021-03-01,Alimentos y bebidas,Bogotá D.C.,Valor medio-alto,12,32080.51948051948,384966.2337662338,19248.31168831169
3A8VMKIMIM,2021-04-01,Alimentos y bebidas,Bogotá D.C.,Valor medio-alto,29,32080.51948051948,930335.064935065,46516.75324675325
3A8VMKIMIM,2021-05-01,Alimentos y bebidas,Bogotá D.C.,Valor medio-alto,36,32080.51948051948,1154898.7012987013,57744.93506493507
3AK11ZZJ9Z,2021-02-01,Servicios,Bogotá D.C.,Valor medio,2,53333.333333333336,106666.66666666667,5333.333333333334
3AK11ZZJ9Z,2021-03-01,Servicios,Bogotá D.C.,Valor medio,1,53333.333333333336,53333.333333333336,2666.666666666667
3B7WPM6TUH,2021-03-01,Comercio detallista,Bogotá D.C.,Valor medio,1,2000.0,2000.0,100.0
3BUG7LVT6L,2020-12-01,Belleza y cuidado personal,Bogotá D.C.,Valor medio,3,78333.33333333333,235000.0,11750.0
3BVEIYCPUI,2021-02-01,Comercio detallista,Bogotá D.C.,Valor medio-alto,5,284666.6666666667,1423333.3333333335,71166.66666666667
3BVEIYCPUI,2021-03-01,Comercio detallista,Bogotá D.C.,Valor medio-alto,3,284666.6666666667,854000.0,42700.0
3BVEIYCPUI,2021-04-01,Comercio detallista,Bogotá D.C.,Valor medio-alto,1,284666.6666666667,284666.6666666667,14233.333333333336
3CQYW2QMSZ,2021-03-01,Comercio detallista,Bogotá D.C.,Valor medio-alto,3,460000.0,1380000.0,69000.0
3CQYW2QMSZ,2021-05-01,Comercio detallista,Bogotá D.C.,Valor medio-alto,2,460000.0,920000.0,46000.0
3DBWT0O93P,2021-03-01,Belleza y cuidado personal,Bogotá D.C.,Valor medio-alto,3,111513.63636363637,334540.9090909091,16727.045454545456
3DBWT0O93P,2021-04-01,Belleza y cuidado personal,Bogotá D.C.,Valor medio-alto,4,111513.63636363637,446054.54545454547,22302.727272727276
3DBWT0O93P,2021-05-01,Belleza y cuidado personal,Bogotá D.C.,Valor medio-alto,4,111513.63636363637,446054.54545454547,22302.727272727276
3DO9FZBZMR,2021-03-01,Comercio detallista,Bogotá D.C.,Valor medio-alto,46,88154.49101796407,4055106.5868263473,202755.32934131738
3DO9FZBZMR,2021-04-01,Comercio detallista,Bogotá D.C.,Valor medio-alto,40,88154.49101796407,3526179.640718563,176308.98203592817
3DO9FZBZMR,2021-05-01,Comercio detallista,Bogotá D.C.,Valor medio-alto,81,88154.49101796407,7140513.77245509,357025.68862275453
3E16XVFFKP,2021-02-01,Alimentos y bebidas,Bogotá D.C.,Valor medio-alto,34,59754.43925233645,2031650.9345794395,101582.54672897198
3E16XVFFKP,2021-03-01,Alimentos y bebidas,Bogotá D.C.,Valor medio-alto,46,59754.43925233645,2748704.2056074766,137435.21028037384
3E16XVFFKP,2021-04-01,Alimentos y bebidas,Bogotá D.C.,Valor medio-alto,69,59754.43925233645,4123056.308411215,206152.81542056077
3E16XVFFKP,2021-05-01,Alimentos y bebidas,Bogotá D.C.,Valor medio-alto,65,59754.43925233645,3884038.5514018694,194201.92757009348
3E9979HJCA,2021-03-01,Comercio detallista,Bogotá D.C.,Valor medio-alto,4,304857.14285714284,1219428.5714285714,60971.42857142857
3E9979HJCA,2021-04-01,Comercio detallista,Bogotá D.C.,Valor medio-alto,2,304857.14285714284,609714.2857142857,30485.714285714286
3E9979HJCA,2021-05-01,Comercio detallista,Bogotá D.C.,Valor medio-alto,1,304857.14285714284,304857.14285714284,15242.857142857143
3EBRSM1XJZ,2021-02-01,Comercio detallista,Bogotá D.C.,Valor medio-alto,4,270750.0,1083000.0,54150.0
3EBRSM1XJZ,2021-03-01,Comercio detallista,Bogotá D.C.,Valor medio-alto,14,270750.0,3790500.0,189525.0
3EBRSM1XJZ,2021-04-01,Comercio detallista,Bogotá D.C.,Valor medio-alto,6,270750.0,1624500.0,81225.0
3EBRSM1XJZ,2021-05-01,Comercio detallista,Bogotá D.C.,Valor medio-alto,8,270750.0,2166000.0,108300.0
3EICTQJZ66,2021-02-01,Comercio detallista,Soacha,Valor alto,1,98571.42857142857,98571.42857142857,4928.571428571428
3EICTQJZ66,2021-03-01,Comercio detallista,Soacha,Valor alto,5,98571.42857142857,492857.14285714284,24642.857142857145
3EICTQJZ66,2021-04-01,Comercio detallista,Soacha,Valor alto,5,98571.42857142857,492857.14285714284,24642.857142857145
3EICTQJZ66,2021-05-01,Comercio detallista,Soacha,Valor alto,3,98571.42857142857,295714.2857142857,14785.714285714284
3EKOTUR7PK,2021-03-01,Comercio detallista,Bogotá D.C.,Valor medio,1,4000.0,4000.0,200.0
3F0QW4MUY2,2021-01-01,Servicios,Mosquera,Valor medio-alto,5,243906.52173913043,1219532.608695652,60976.63043478261
3F0QW4MUY2,2020-12-01,Servicios,Mosquera,Valor medio-alto,7,243906.52173913043,1707345.652173913,85367.28260869566
3F0QW4MUY2,2021-05-01,Servicios,Mosquera,Valor medio-alto,11,243906.52173913043,2682971.7391304346,134148.58695652173
3F1ELDEVJQ,2021-03-01,Comercio detallista,Bogotá D.C.,Valor medio-alto,1,1450333.3333333333,1450333.3333333333,72516.66666666667
3F1ELDEVJQ,2021-05-01,Comercio detallista,Bogotá D.C.,Valor medio-alto,2,1450333.3333333333,2900666.6666666665,145033.33333333334
3F81YDURLQ,2021-03-01,Comercio detallista,Bogotá D.C.,Valor medio-alto,1,390000.0,390000.0,19500.0
3F81YDURLQ,2021-04-01,Comercio detallista,Bogotá D.C.,Valor medio-alto,1,390000.0,390000.0,19500.0
3F8P8S0I4R,2021-03-01,Comercio detallista,Soacha,Valor medio-alto,4,229478.57142857142,917914.2857142857,45895.71428571429
3F8P8S0I4R,2021-04-01,Comercio detallista,Soacha,Valor medio-alto,4,229478.57142857142,917914.2857142857,45895.71428571429
3F8P8S0I4R,2021-05-01,Comercio detallista,Soacha,Valor medio-alto,6,229478.57142857142,1376871.4285714286,68843.57142857143
3GE6F6DJZE,2021-02-01,Servicios,Cali,Valor medio,1,500.0,500.0,25.0
3GE6F6DJZE,2021-03-01,Servicios,Cali,Valor medio,1,500.0,500.0,25.0
3GFZSKUYQU,2021-02-01,Belleza y cuidado personal,Bogotá D.C.,Valor medio,1,63500.0,63500.0,3175.0
3GFZSKUYQU,2021-03-01,Belleza y cuidado personal,Bogotá D.C.,Valor medio,1,63500.0,63500.0,3175.0
3GWNST58M0,2021-03-01,Servicios,Bogotá D.C.,Valor medio-alto,1,1626300.0,1626300.0,81315.0
3GWNST58M0,2021-04-01,Servicios,Bogotá D.C.,Valor medio-alto,1,1626300.0,1626300.0,81315.0
3HOIBTNCR2,2021-03-01,Alimentos y bebidas,Facatativá,Valor medio,1,1000.0,1000.0,50.0
3HXKADKAA1,2021-03-01,Servicios,Bogotá D.C.,Valor medio-alto,1,860000.0,860000.0,43000.0
3HXKADKAA1,2021-05-01,Servicios,Bogotá D.C.,Valor medio-alto,1,860000.0,860000.0,43000.0
3HYFR5C2JM,2021-03-01,Turismo y entretenimiento,Bogotá D.C.,Valor medio-alto,2,101333.33333333333,202666.66666666666,10133.333333333334
3HYFR5C2JM,2021-04-01,Turismo y entretenimiento,Bogotá D.C.,Valor medio-alto,1,101333.33333333333,101333.33333333333,5066.666666666667
3I99YWH3VE,2021-02-01,Belleza y cuidado personal,Bogotá D.C.,Valor medio-alto,1,45600.0,45600.0,2280.0
3I99YWH3VE,2021-03-01,Belleza y cuidado personal,Bogotá D.C.,Valor medio-alto,11,45600.0,501600.0,25080.0
3I99YWH3VE,2021-04-01,Belleza y cuidado personal,Bogotá D.C.,Valor medio-alto,1,45600.0,45600.0,2280.0
3I99YWH3VE,2021-05-01,Belleza y cuidado personal,Bogotá D.C.,Valor medio-alto,7,45600.0,319200.0,15960.0
3IOFYFXM95,2021-02-01,Belleza y cuidado personal,Bogotá D.C.,Valor medio,1,1000.0,1000.0,50.0
3JLF0A1CPQ,2021-03-01,Alimentos y bebidas,Cajicá,Valor medio-alto,1,55783.88888888889,55783.88888888889,2789.194444444445
3JLF0A1CPQ,2021-04-01,Alimentos y bebidas,Cajicá,Valor medio-alto,3,55783.88888888889,167351.6666666667,8367.583333333334
3JLF0A1CPQ,2021-05-01,Alimentos y bebidas,Cajicá,Valor medio-alto,5,55783.88888888889,278919.44444444444,13945.972222222223
3JWE874JL0,2021-03-01,Comercio detallista,Bogotá D.C.,Valor medio-alto,4,236000.0,944000.0,47200.0
3JWE874JL0,2021-05-01,Comercio detallista,Bogotá D.C.,Valor medio-alto,3,236000.0,708000.0,35400.0
3K3ZA3QOZW,2021-03-01,Belleza y cuidado personal,Bogotá D.C.,Valor medio,2,1500.0,3000.0,150.0
3K9WLNENAM,2021-03-01,Comercio detallista,Bogotá D.C.,Valor medio-alto,1,476285.71428571426,476285.71428571426,23814.285714285714
3K9WLNENAM,2021-04-01,Comercio detallista,Bogotá D.C.,Valor medio-alto,3,476285.71428571426,1428857.1428571427,71442.85714285714
3K9WLNENAM,2021-05-01,Comercio detallista,Bogotá D.C.,Valor medio-alto,3,476285.71428571426,1428857.1428571427,71442.85714285714
3KDO4MFTX9,2021-01-01,Servicios,Bogotá D.C.,Valor medio-alto,1,459761.90476190473,459761.90476190473,22988.095238095237
3KDO4MFTX9,2021-02-01,Servicios,Bogotá D.C.,Valor medio-alto,3,459761.90476190473,1379285.714285714,68964.28571428571
3KDO4MFTX9,2021-03-01,Servicios,Bogotá D.C.,Valor medio-alto,7,459761.90476190473,3218333.333333333,160916.66666666666
3KDO4MFTX9,2021-04-01,Servicios,Bogotá D.C.,Valor medio-alto,3,459761.90476190473,1379285.714285714,68964.28571428571
3KDO4MFTX9,2021-05-01,Servicios,Bogotá D.C.,Valor medio-alto,7,459761.90476190473,3218333.333333333,160916.66666666666
3KTDMBWMGE,2021-01-01,Alimentos y bebidas,Bogotá D.C.,Valor medio,1,2000.0,2000.0,100.0
3L6MN1WKT0,2021-01-01,Alimentos y bebidas,Bogotá D.C.,Valor medio-alto,25,44116.63442940039,1102915.8607350097,55145.79303675049
3L6MN1WKT0,2020-12-01,Alimentos y bebidas,Bogotá D.C.,Valor medio-alto,2,44116.63442940039,88233.26885880077,4411.663442940039
3L6MN1WKT0,2021-02-01,Alimentos y bebidas,Bogotá D.C.,Valor medio-alto,123,44116.63442940039,5426346.034816247,271317.30174081237
3L6MN1WKT0,2021-03-01,Alimentos y bebidas,Bogotá D.C.,Valor medio-alto,102,44116.63442940039,4499896.711798839,224994.83558994197
3L6MN1WKT0,2021-04-01,Alimentos y bebidas,Bogotá D.C.,Valor medio-alto,112,44116.63442940039,4941063.056092843,247053.1528046422
3L6MN1WKT0,2021-05-01,Alimentos y bebidas,Bogotá D.C.,Valor medio-alto,153,44116.63442940039,6749845.067698259,337492.25338491297
3L9NNMIIXH,2021-01-01,Reparación y limpieza,Bogotá D.C.,Valor medio-alto,3,371555.55555555556,1114666.6666666667,55733.33333333334
3L9NNMIIXH,2021-02-01,Reparación y limpieza,Bogotá D.C.,Valor medio-alto,3,371555.55555555556,1114666.6666666667,55733.33333333334
3L9NNMIIXH,2021-03-01,Reparación y limpieza,Bogotá D.C.,Valor medio-alto,1,371555.55555555556,371555.55555555556,18577.777777777777
3L9NNMIIXH,2021-04-01,Reparación y limpieza,Bogotá D.C.,Valor medio-alto,1,371555.55555555556,371555.55555555556,18577.777777777777
3L9NNMIIXH,2021-05-01,Reparación y limpieza,Bogotá D.C.,Valor medio-alto,1,371555.55555555556,371555.55555555556,18577.777777777777
3M1IEQTGYT,2021-03-01,Comercio detallista,Bogotá D.C.,Valor medio-alto,4,155686.66666666666,622746.6666666666,31137.333333333332
3M1IEQTGYT,2021-04-01,Comercio detallista,Bogotá D.C.,Valor medio-alto,3,155686.66666666666,467060.0,23353.0
3M1IEQTGYT,2021-05-01,Comercio detallista,Bogotá D.C.,Valor medio-alto,8,155686.66666666666,1245493.3333333333,62274.666666666664
3M8ZGHH8JG,2021-03-01,Alimentos y bebidas,Bogotá D.C.,Valor medio,2,21750.0,43500.0,2175.0
3M8ZGHH8JG,2021-04-01,Alimentos y bebidas,Bogotá D.C.,Valor medio,1,21750.0,21750.0,1087.5
3N4E1H0164,2021-03-01,Servicios,Bogotá D.C.,Valor medio,3,35666.666666666664,107000.0,5350.0
3N6EPAJN2C,2021-02-01,Servicios,Fusagasugá,Valor medio-alto,1,303000.0,303000.0,15150.0
3N6EPAJN2C,2021-03-01,Servicios,Fusagasugá,Valor medio-alto,3,303000.0,909000.0,45450.0
3N6EPAJN2C,2021-04-01,Servicios,Fusagasugá,Valor medio-alto,4,303000.0,1212000.0,60600.0
3N6EPAJN2C,2021-05-01,Servicios,Fusagasugá,Valor medio-alto,7,303000.0,2121000.0,106050.0
3NDCUAMFDW,2021-03-01,Comercio detallista,Bogotá D.C.,Valor medio,1,28000.0,28000.0,1400.0
3NDCUAMFDW,2021-04-01,Comercio detallista,Bogotá D.C.,Valor medio,1,28000.0,28000.0,1400.0
3O2KIYAKW0,2021-03-01,Servicios,Bogotá D.C.,Valor medio-alto,2,401200.0,802400.0,40120.0
3O2KIYAKW0,2021-04-01,Servicios,Bogotá D.C.,Valor medio-alto,2,401200.0,802400.0,40120.0
3O92NJK1R6,2021-03-01,Alimentos y bebidas,Ubaque,Valor medio-alto,3,68750.0,206250.0,10312.5
3O92NJK1R6,2021-04-01,Alimentos y bebidas,Ubaque,Valor medio-alto,1,68750.0,68750.0,3437.5
3OYN40893K,2021-01-01,Reparación y limpieza,Bogotá D.C.,Valor medio,1,36000.0,36000.0,1800.0
3OYN40893K,2021-02-01,Reparación y limpieza,Bogotá D.C.,Valor medio,1,36000.0,36000.0,1800.0
3PDVHR5PBP,2021-03-01,Comercio detallista,Bogotá D.C.,Valor medio,1,1000.0,1000.0,50.0
3PIJ23L6A2,2021-02-01,Belleza y cuidado personal,Bogotá D.C.,Valor medio-alto,21,86020.55555555556,1806431.6666666667,90321.58333333334
3PIJ23L6A2,2021-03-01,Belleza y cuidado personal,Bogotá D.C.,Valor medio-alto,20,86020.55555555556,1720411.1111111112,86020.55555555556
3PIJ23L6A2,2021-04-01,Belleza y cuidado personal,Bogotá D.C.,Valor medio-alto,15,86020.55555555556,1290308.3333333335,64515.41666666668
3PIJ23L6A2,2021-05-01,Belleza y cuidado personal,Bogotá D.C.,Valor medio-alto,34,86020.55555555556,2924698.888888889,146234.94444444447
3RJTP6JVLF,2021-02-01,Transporte,Bogotá D.C.,Valor medio,1,2000.0,2000.0,100.0
3SJOKRATNQ,2021-02-01,Servicios,Bogotá D.C.,Valor medio,1,2000.0,2000.0,100.0
3T1QJUD7K4,2021-01-01,Comercio detallista,Bogotá D.C.,Valor medio-alto,5,344555.44444444444,1722777.2222222222,86138.86111111112
3T1QJUD7K4,2021-02-01,Comercio detallista,Bogotá D.C.,Valor medio-alto,1,344555.44444444444,344555.44444444444,17227.772222222222
3T1QJUD7K4,2021-04-01,Comercio detallista,Bogotá D.C.,Valor medio-alto,1,344555.44444444444,344555.44444444444,17227.772222222222
3T1QJUD7K4,2021-05-01,Comercio detallista,Bogotá D.C.,Valor medio-alto,2,344555.44444444444,689110.8888888889,34455.544444444444
3TK39FW9H5,2021-03-01,Servicios,Bogotá D.C.,Valor medio-alto,2,316666.6666666667,633333.3333333334,31666.66666666667
3TK39FW9H5,2021-05-01,Servicios,Bogotá D.C.,Valor medio-alto,1,316666.6666666667,316666.6666666667,15833.333333333336
3V28ZGGG43,2021-01-01,Alimentos y bebidas,Bogotá D.C.,Valor medio-alto,1,39187.5,39187.5,1959.375
3V28ZGGG43,2021-02-01,Alimentos y bebidas,Bogotá D.C.,Valor medio-alto,2,39187.5,78375.0,3918.75
3V28ZGGG43,2021-04-01,Alimentos y bebidas,Bogotá D.C.,Valor medio-alto,2,39187.5,78375.0,3918.75
3V28ZGGG43,2021-05-01,Alimentos y bebidas,Bogotá D.C.,Valor medio-alto,3,39187.5,117562.5,5878.125
3VBXW8X05S,2021-02-01,Comercio detallista,Bogotá D.C.,Valor medio-alto,12,306117.64705882355,3673411.7647058824,183670.58823529413
3VBXW8X05S,2021-03-01,Comercio detallista,Bogotá D.C.,Valor medio-alto,4,306117.64705882355,1224470.5882352942,61223.52941176471
3VBXW8X05S,2021-04-01,Comercio detallista,Bogotá D.C.,Valor medio-alto,1,306117.64705882355,306117.64705882355,15305.882352941178
3VMAB5J8NS,2021-03-01,Alimentos y bebidas,Bogotá D.C.,Valor medio,1,2000.0,2000.0,100.0
3W02D2EQSF,2021-03-01,Comercio detallista,Bogotá D.C.,Valor medio-alto,1,665000.0,665000.0,33250.0
3W02D2EQSF,2021-05-01,Comercio detallista,Bogotá D.C.,Valor medio-alto,7,665000.0,4655000.0,232750.0
3WRPINABI0,2021-03-01,Alimentos y bebidas,Bogotá D.C.,Valor medio-alto,8,39542.857142857145,316342.85714285716,15817.142857142859
3WRPINABI0,2021-04-01,Alimentos y bebidas,Bogotá D.C.,Valor medio-alto,3,39542.857142857145,118628.57142857143,5931.4285714285725
3WRPINABI0,2021-05-01,Alimentos y bebidas,Bogotá D.C.,Valor medio-alto,10,39542.857142857145,395428.5714285715,19771.428571428576
3X8GZPSDK1,2021-01-01,Comercio detallista,Soacha,Valor medio-alto,2,126645.16129032258,253290.32258064515,12664.516129032258
3X8GZPSDK1,2021-02-01,Comercio detallista,Soacha,Valor medio-alto,3,126645.16129032258,379935.48387096776,18996.77419354839
3X8GZPSDK1,2021-03-01,Comercio detallista,Soacha,Valor medio-alto,5,126645.16129032258,633225.8064516129,31661.290322580644
3X8GZPSDK1,2021-04-01,Comercio detallista,Soacha,Valor medio-alto,7,126645.16129032258,886516.1290322581,44325.80645161291
3X8GZPSDK1,2021-05-01,Comercio detallista,Soacha,Valor medio-alto,14,126645.16129032258,1773032.2580645161,88651.61290322582
3X8L3DFRWR,2021-01-01,Comercio detallista,Soacha,Valor medio-alto,2,250120.24,500240.48,25012.024
3X8L3DFRWR,2021-02-01,Comercio detallista,Soacha,Valor medio-alto,9,250120.24,2251082.16,112554.10800000001
3X8L3DFRWR,2021-03-01,Comercio detallista,Soacha,Valor medio-alto,2,250120.24,500240.48,25012.024
3X8L3DFRWR,2021-04-01,Comercio detallista,Soacha,Valor medio-alto,8,250120.24,2000961.92,100048.096
3X8L3DFRWR,2021-05-01,Comercio detallista,Soacha,Valor medio-alto,4,250120.24,1000480.96,50024.048
3XBZATZIFQ,2021-03-01,Comercio detallista,Zipaquirá,Valor medio-alto,5,1276222.2222222222,6381111.111111111,319055.55555555556
3XBZATZIFQ,2021-04-01,Comercio detallista,Zipaquirá,Valor medio-alto,3,1276222.2222222222,3828666.666666667,191433.33333333337
3XBZATZIFQ,2021-05-01,Comercio detallista,Zipaquirá,Valor medio-alto,10,1276222.2222222222,12762222.222222222,638111.1111111111
3XDPNA9F5J,2021-03-01,Servicios,Bogotá D.C.,Valor medio,1,1000.0,1000.0,50.0
3XM8WN9UMN,2021-03-01,Comercio detallista,Bogotá D.C.,Valor medio-alto,2,37600.0,75200.0,3760.0
3XM8WN9UMN,2021-04-01,Comercio detallista,Bogotá D.C.,Valor medio-alto,2,37600.0,75200.0,3760.0
3XM8WN9UMN,2021-05-01,Comercio detallista,Bogotá D.C.,Valor medio-alto,1,37600.0,37600.0,1880.0
3Y2B4E95ZJ,2021-03-01,Comercio detallista,Bogotá D.C.,Valor medio,5,65800.0,329000.0,16450.0
3YB7BM65A7,2021-03-01,Comercio detallista,Bogotá D.C.,Valor medio-alto,3,304555.55555555556,913666.6666666667,45683.33333333334
3YB7BM65A7,2021-05-01,Comercio detallista,Bogotá D.C.,Valor medio-alto,6,304555.55555555556,1827333.3333333335,91366.66666666669
3ZG8OGQYK4,2021-02-01,Comercio detallista,Soacha,Valor medio-alto,2,135487.1794871795,270974.358974359,13548.717948717951
3ZG8OGQYK4,2021-03-01,Comercio detallista,Soacha,Valor medio-alto,10,135487.1794871795,1354871.794871795,67743.58974358975
3ZG8OGQYK4,2021-04-01,Comercio detallista,Soacha,Valor medio-alto,11,135487.1794871795,1490358.9743589745,74517.94871794873
3ZG8OGQYK4,2021-05-01,Comercio detallista,Soacha,Valor medio-alto,16,135487.1794871795,2167794.871794872,108389.74358974361
406EG3IJG5,2021-01-01,Servicios,Bogotá D.C.,Valor medio,1,2000.0,2000.0,100.0
40C4THYIDT,2021-03-01,Reparación y limpieza,Bogotá D.C.,Valor medio,1,2000.0,2000.0,100.0
40IMCT6J66,2021-03-01,Servicios,Bogotá D.C.,Valor medio-alto,12,72377.19298245614,868526.3157894737,43426.31578947369
40IMCT6J66,2021-04-01,Servicios,Bogotá D.C.,Valor medio-alto,22,72377.19298245614,1592298.245614035,79614.91228070176
40IMCT6J66,2021-05-01,Servicios,Bogotá D.C.,Valor medio-alto,23,72377.19298245614,1664675.4385964912,83233.77192982456
40JHNNW6AX,2021-03-01,Servicios,Bogotá D.C.,Valor medio-alto,2,326500.0,653000.0,32650.0
40JHNNW6AX,2021-05-01,Servicios,Bogotá D.C.,Valor medio-alto,2,326500.0,653000.0,32650.0
40LMHSU0CC,2021-03-01,Comercio detallista,Bogotá D.C.,Valor medio,1,2000.0,2000.0,100.0
40TRBHETLV,2021-02-01,Comercio detallista,Bogotá D.C.,Valor medio-alto,7,285736.6666666667,2000156.6666666667,100007.83333333334
40TRBHETLV,2021-03-01,Comercio detallista,Bogotá D.C.,Valor medio-alto,16,285736.6666666667,4571786.666666667,228589.33333333337
40TRBHETLV,2021-04-01,Comercio detallista,Bogotá D.C.,Valor medio-alto,4,285736.6666666667,1142946.6666666667,57147.33333333334
40TRBHETLV,2021-05-01,Comercio detallista,Bogotá D.C.,Valor medio-alto,3,285736.6666666667,857210.0,42860.5
419AYZIJHX,2021-03-01,Servicios,Bogotá D.C.,Valor medio-alto,1,510666.6666666667,510666.6666666667,25533.333333333336
419AYZIJHX,2021-04-01,Servicios,Bogotá D.C.,Valor medio-alto,2,510666.6666666667,1021333.3333333334,51066.66666666667
41DW47V2BT,2021-03-01,Comercio detallista,Ibagué,Valor medio-alto,1,64750.0,64750.0,3237.5
41DW47V2BT,2021-04-01,Comercio detallista,Ibagué,Valor medio-alto,2,64750.0,129500.0,6475.0
41DW47V2BT,2021-05-01,Comercio detallista,Ibagué,Valor medio-alto,1,64750.0,64750.0,3237.5
41KB8LYK9X,2021-03-01,Comercio detallista,Bogotá D.C.,Valor medio-alto,9,275250.0,2477250.0,123862.5
41KB8LYK9X,2021-04-01,Comercio detallista,Bogotá D.C.,Valor medio-alto,3,275250.0,825750.0,41287.5
41KB8LYK9X,2021-05-01,Comercio detallista,Bogotá D.C.,Valor medio-alto,4,275250.0,1101000.0,55050.0
42OPVX6CWZ,2021-03-01,Servicios,Bogotá D.C.,Valor medio-alto,1,113112.5,113112.5,5655.625
42OPVX6CWZ,2021-04-01,Servicios,Bogotá D.C.,Valor medio-alto,3,113112.5,339337.5,16966.875
43339GSPQ2,2021-03-01,Alimentos y bebidas,Bogotá D.C.,Valor medio,1,2000.0,2000.0,100.0
437CFU9SBP,2021-02-01,Alimentos y bebidas,Cali,Valor medio-alto,25,34758.203592814374,868955.0898203594,43447.75449101797
437CFU9SBP,2021-03-01,Alimentos y bebidas,Cali,Valor medio-alto,29,34758.203592814374,1007987.9041916168,50399.39520958084
437CFU9SBP,2021-04-01,Alimentos y bebidas,Cali,Valor medio-alto,45,34758.203592814374,1564119.161676647,78205.95808383235
437CFU9SBP,2021-05-01,Alimentos y bebidas,Cali,Valor medio-alto,68,34758.203592814374,2363557.8443113775,118177.89221556888
43JRU0X9KJ,2021-03-01,Comercio detallista,Bogotá D.C.,Valor medio-alto,2,643151.5151515151,1286303.0303030303,64315.15151515152
43JRU0X9KJ,2021-05-01,Comercio detallista,Bogotá D.C.,Valor medio-alto,31,643151.5151515151,19937696.96969697,996884.8484848485
43Q6A0FTA6,2021-02-01,Comercio detallista,Bogotá D.C.,Valor medio-alto,11,112466.02,1237126.22,61856.311
43Q6A0FTA6,2021-03-01,Comercio detallista,Bogotá D.C.,Valor medio-alto,17,112466.02,1911922.34,95596.11700000001
43Q6A0FTA6,2021-04-01,Comercio detallista,Bogotá D.C.,Valor medio-alto,12,112466.02,1349592.24,67479.61200000001
43Q6A0FTA6,2021-05-01,Comercio detallista,Bogotá D.C.,Valor medio-alto,10,112466.02,1124660.2,56233.01
43UKY9YLC1,2021-03-01,Reparación y limpieza,Madrid,Valor medio,1,2000.0,2000.0,100.0
44MKV9TF94,2021-03-01,Comercio detallista,Bogotá D.C.,Valor medio-alto,3,357000.0,1071000.0,53550.0
44MKV9TF94,2021-05-01,Comercio detallista,Bogotá D.C.,Valor medio-alto,1,357000.0,357000.0,17850.0
4511YIJ7WW,2021-01-01,Reparación y limpieza,Bogotá D.C.,Valor medio-alto,1,914000.0,914000.0,45700.0
4511YIJ7WW,2021-02-01,Reparación y limpieza,Bogotá D.C.,Valor medio-alto,1,914000.0,914000.0,45700.0
4511YIJ7WW,2021-04-01,Reparación y limpieza,Bogotá D.C.,Valor medio-alto,1,914000.0,914000.0,45700.0
4511YIJ7WW,2021-05-01,Reparación y limpieza,Bogotá D.C.,Valor medio-alto,4,914000.0,3656000.0,182800.0
462QC6O30X,2021-03-01,Comercio detallista,Bogotá D.C.,Valor medio,1,2000.0,2000.0,100.0
463N772R1O,2021-01-01,Comercio detallista,Bogotá D.C.,Valor medio-alto,6,379464.28571428574,2276785.7142857146,113839.28571428574
463N772R1O,2021-02-01,Comercio detallista,Bogotá D.C.,Valor medio-alto,12,379464.28571428574,4553571.428571429,227678.57142857148
463N772R1O,2021-03-01,Comercio detallista,Bogotá D.C.,Valor medio-alto,22,379464.28571428574,8348214.285714286,417410.7142857143
463N772R1O,2021-04-01,Comercio detallista,Bogotá D.C.,Valor medio-alto,4,379464.28571428574,1517857.142857143,75892.85714285714
463N772R1O,2021-05-01,Comercio detallista,Bogotá D.C.,Valor medio-alto,12,379464.28571428574,4553571.428571429,227678.57142857148
4681S0D5D8,2021-01-01,Transporte,Bogotá D.C.,Valor medio-alto,1,87285.71428571429,87285.71428571429,4364.285714285715
4681S0D5D8,2021-03-01,Transporte,Bogotá D.C.,Valor medio-alto,3,87285.71428571429,261857.14285714287,13092.857142857145
4681S0D5D8,2021-04-01,Transporte,Bogotá D.C.,Valor medio-alto,2,87285.71428571429,174571.42857142858,8728.57142857143
4681S0D5D8,2021-05-01,Transporte,Bogotá D.C.,Valor medio-alto,1,87285.71428571429,87285.71428571429,4364.285714285715
47YF8HH0Z0,2021-03-01,Alimentos y bebidas,Chía,Valor medio-alto,4,62127.083333333336,248508.33333333334,12425.416666666668
47YF8HH0Z0,2021-04-01,Alimentos y bebidas,Chía,Valor medio-alto,15,62127.083333333336,931906.25,46595.3125
47YF8HH0Z0,2021-05-01,Alimentos y bebidas,Chía,Valor medio-alto,5,62127.083333333336,310635.4166666667,15531.770833333336
48K7QBUWDZ,2021-03-01,Transporte,Bogotá D.C.,Valor medio,1,1000.0,1000.0,50.0
48X7F5USKN,2021-03-01,Comercio detallista,Bogotá D.C.,Valor medio-alto,5,74777.77777777778,373888.8888888889,18694.444444444445
48X7F5USKN,2021-04-01,Comercio detallista,Bogotá D.C.,Valor medio-alto,6,74777.77777777778,448666.6666666667,22433.333333333336
48X7F5USKN,2021-05-01,Comercio detallista,Bogotá D.C.,Valor medio-alto,7,74777.77777777778,523444.4444444445,26172.222222222226
49J32IM2Y7,2021-03-01,Alimentos y bebidas,Bogotá D.C.,Valor medio,1,2000.0,2000.0,100.0
4ABJ0CHA7B,2021-02-01,Belleza y cuidado personal,Bogotá D.C.,Valor medio-alto,6,1892260.8695652173,11353565.217391305,567678.2608695653
4ABJ0CHA7B,2021-03-01,Belleza y cuidado personal,Bogotá D.C.,Valor medio-alto,3,1892260.8695652173,5676782.608695652,283839.13043478265
4ABJ0CHA7B,2021-04-01,Belleza y cuidado personal,Bogotá D.C.,Valor medio-alto,5,1892260.8695652173,9461304.347826086,473065.2173913043
4ABJ0CHA7B,2021-05-01,Belleza y cuidado personal,Bogotá D.C.,Valor medio-alto,9,1892260.8695652173,17030347.826086957,851517.3913043479
4ADM1XECXK,2021-03-01,Alimentos y bebidas,Bogotá D.C.,Valor medio,1,2000.0,2000.0,100.0
4AQ6TJPC24,2021-03-01,Transporte,Cali,Valor medio,1,1000.0,1000.0,50.0
4AX7GUYCLI,2021-01-01,Comercio detallista,Bogotá D.C.,Valor alto,3,286676.4705882353,860029.4117647059,43001.4705882353
4AX7GUYCLI,2021-02-01,Comercio detallista,Bogotá D.C.,Valor alto,12,286676.4705882353,3440117.6470588236,172005.8823529412
4AX7GUYCLI,2021-03-01,Comercio detallista,Bogotá D.C.,Valor alto,3,286676.4705882353,860029.4117647059,43001.4705882353
4AX7GUYCLI,2021-04-01,Comercio detallista,Bogotá D.C.,Valor alto,8,286676.4705882353,2293411.7647058824,114670.58823529413
4AX7GUYCLI,2021-05-01,Comercio detallista,Bogotá D.C.,Valor alto,8,286676.4705882353,2293411.7647058824,114670.58823529413
4B7NVCGYZB,2021-02-01,Comercio detallista,Fusagasugá,Valor medio-alto,3,45100.0,135300.0,6765.0
4B7NVCGYZB,2021-03-01,Comercio detallista,Fusagasugá,Valor medio-alto,2,45100.0,90200.0,4510.0
4B7NVCGYZB,2021-04-01,Comercio detallista,Fusagasugá,Valor medio-alto,2,45100.0,90200.0,4510.0
4B7NVCGYZB,2021-05-01,Comercio detallista,Fusagasugá,Valor medio-alto,3,45100.0,135300.0,6765.0
4BH3TTFWIF,2020-12-01,Reparación y limpieza,Soacha,Valor medio-alto,6,397966.6666666667,2387800.0,119390.0
4BH3TTFWIF,2021-02-01,Reparación y limpieza,Soacha,Valor medio-alto,6,397966.6666666667,2387800.0,119390.0
4BH3TTFWIF,2021-03-01,Reparación y limpieza,Soacha,Valor medio-alto,4,397966.6666666667,1591866.6666666667,79593.33333333334
4BH3TTFWIF,2021-04-01,Reparación y limpieza,Soacha,Valor medio-alto,5,397966.6666666667,1989833.3333333335,99491.66666666669
4BH3TTFWIF,2021-05-01,Reparación y limpieza,Soacha,Valor medio-alto,3,397966.6666666667,1193900.0,59695.0
4CTMO7HPJL,2021-03-01,Servicios,Cali,Valor medio-alto,6,85447.82608695653,512686.95652173914,25634.34782608696
4CTMO7HPJL,2021-04-01,Servicios,Cali,Valor medio-alto,10,85447.82608695653,854478.2608695653,42723.91304347827
4CTMO7HPJL,2021-05-01,Servicios,Cali,Valor medio-alto,7,85447.82608695653,598134.7826086957,29906.739130434784
4D0T63XQOK,2021-03-01,Comercio detallista,Madrid,Valor medio-alto,6,134111.11111111112,804666.6666666667,40233.33333333334
4D0T63XQOK,2021-04-01,Comercio detallista,Madrid,Valor medio-alto,4,134111.11111111112,536444.4444444445,26822.222222222226
4D0T63XQOK,2021-05-01,Comercio detallista,Madrid,Valor medio-alto,8,134111.11111111112,1072888.888888889,53644.44444444445
4EAVWAJRAD,2021-03-01,Comercio detallista,Soacha,Valor medio,1,2000.0,2000.0,100.0
4F24QCVW53,2021-03-01,Comercio detallista,Bogotá D.C.,Valor medio-alto,15,58996.36363636364,884945.4545454546,44247.272727272735
4F24QCVW53,2021-04-01,Comercio detallista,Bogotá D.C.,Valor medio-alto,15,58996.36363636364,884945.4545454546,44247.272727272735
4F24QCVW53,2021-05-01,Comercio detallista,Bogotá D.C.,Valor medio-alto,25,58996.36363636364,1474909.090909091,73745.45454545456
4FBPXQ85J7,2021-03-01,Servicios,Bogotá D.C.,Valor medio-alto,5,787000.0,3935000.0,196750.0
4FBPXQ85J7,2021-04-01,Servicios,Bogotá D.C.,Valor medio-alto,2,787000.0,1574000.0,78700.0
4FNPPFHGQ5,2021-03-01,Comercio detallista,Bogotá D.C.,Valor medio-alto,13,1234659.0909090908,16050568.18181818,802528.4090909091
4FNPPFHGQ5,2021-04-01,Comercio detallista,Bogotá D.C.,Valor medio-alto,1,1234659.0909090908,1234659.0909090908,61732.954545454544
4FNPPFHGQ5,2021-05-01,Comercio detallista,Bogotá D.C.,Valor medio-alto,8,1234659.0909090908,9877272.727272727,493863.63636363635
4G6RDWVR81,2021-03-01,Comercio detallista,Bogotá D.C.,Valor medio-alto,8,325125.0,2601000.0,130050.0
4G6RDWVR81,2021-04-01,Comercio detallista,Bogotá D.C.,Valor medio-alto,1,325125.0,325125.0,16256.25
4G6RDWVR81,2021-05-01,Comercio detallista,Bogotá D.C.,Valor medio-alto,7,325125.0,2275875.0,113793.75
4GE5A1YRM4,2021-03-01,Comercio detallista,Bogotá D.C.,Valor medio-alto,3,178357.14285714287,535071.4285714286,26753.571428571435
4GE5A1YRM4,2021-04-01,Comercio detallista,Bogotá D.C.,Valor medio-alto,2,178357.14285714287,356714.28571428574,17835.714285714286
4GE5A1YRM4,2021-05-01,Comercio detallista,Bogotá D.C.,Valor medio-alto,9,178357.14285714287,1605214.285714286,80260.7142857143
4GJVWSD8O5,2021-01-01,Servicios,Bogotá D.C.,Valor medio-alto,1,61214.28571428572,61214.28571428572,3060.7142857142862
4GJVWSD8O5,2021-02-01,Servicios,Bogotá D.C.,Valor medio-alto,16,61214.28571428572,979428.5714285715,48971.42857142858
4GJVWSD8O5,2021-03-01,Servicios,Bogotá D.C.,Valor medio-alto,10,61214.28571428572,612142.8571428572,30607.14285714286
4GJVWSD8O5,2021-04-01,Servicios,Bogotá D.C.,Valor medio-alto,7,61214.28571428572,428500.0,21425.0
4GJVWSD8O5,2021-05-01,Servicios,Bogotá D.C.,Valor medio-alto,8,61214.28571428572,489714.28571428574,24485.71428571429
4H8F535CTF,2021-03-01,Comercio detallista,Bogotá D.C.,Valor medio,1,2000.0,2000.0,100.0
4H93ND2TH0,2021-02-01,Reparación y limpieza,Bogotá D.C.,Valor medio-alto,1,210625.0,210625.0,10531.25
4H93ND2TH0,2021-03-01,Reparación y limpieza,Bogotá D.C.,Valor medio-alto,3,210625.0,631875.0,31593.75
4H93ND2TH0,2021-04-01,Reparación y limpieza,Bogotá D.C.,Valor medio-alto,1,210625.0,210625.0,10531.25
4H93ND2TH0,2021-05-01,Reparación y limpieza,Bogotá D.C.,Valor medio-alto,3,210625.0,631875.0,31593.75
4HBKQFZW5O,2021-03-01,Servicios,Bogotá D.C.,Valor medio,3,80000.0,240000.0,12000.0
4I1E11Z5Q0,2021-02-01,Servicios,Bogotá D.C.,Valor medio,2,2000.0,4000.0,200.0
4IE9F1TCAP,2021-03-01,Comercio detallista,Bogotá D.C.,Valor medio,3,2000.0,6000.0,300.0
4J64EL8D6H,2021-03-01,Servicios,Bogotá D.C.,Valor medio,3,9333.333333333334,28000.0,1400.0
4J6J73PYIQ,2021-03-01,Servicios,Bogotá D.C.,Valor medio,1,2000.0,2000.0,100.0
4J7IJF9CWW,2021-03-01,Comercio detallista,Bogotá D.C.,Valor medio-alto,8,572666.6666666666,4581333.333333333,229066.66666666666
4J7IJF9CWW,2021-04-01,Comercio detallista,Bogotá D.C.,Valor medio-alto,3,572666.6666666666,1718000.0,85900.0
4J7IJF9CWW,2021-05-01,Comercio detallista,Bogotá D.C.,Valor medio-alto,1,572666.6666666666,572666.6666666666,28633.333333333332
4JCZ70W685,2021-03-01,Comercio detallista,Bogotá D.C.,Valor medio,2,1500.0,3000.0,150.0
4KMHMMLHN7,2021-02-01,Comercio detallista,Bogotá D.C.,Valor medio-alto,1,250833.33333333334,250833.33333333334,12541.666666666668
4KMHMMLHN7,2021-03-01,Comercio detallista,Bogotá D.C.,Valor medio-alto,2,250833.33333333334,501666.6666666667,25083.333333333336
4KMHMMLHN7,2021-04-01,Comercio detallista,Bogotá D.C.,Valor medio-alto,1,250833.33333333334,250833.33333333334,12541.666666666668
4KMHMMLHN7,2021-05-01,Comercio detallista,Bogotá D.C.,Valor medio-alto,2,250833.33333333334,501666.6666666667,25083.333333333336
4KYQONNLP6,2021-03-01,Comercio detallista,Madrid,Valor medio,1,2000.0,2000.0,100.0
4LHHQXPDKE,2021-01-01,Servicios,Bogotá D.C.,Valor medio,1,8200.0,8200.0,410.0
4LHHQXPDKE,2020-12-01,Servicios,Bogotá D.C.,Valor medio,1,8200.0,8200.0,410.0
4LOBNX5FL8,2021-03-01,Alimentos y bebidas,Bogotá D.C.,Valor medio-alto,3,34388.0,103164.0,5158.200000000001
4LOBNX5FL8,2021-04-01,Alimentos y bebidas,Bogotá D.C.,Valor medio-alto,10,34388.0,343880.0,17194.0
4LOBNX5FL8,2021-05-01,Alimentos y bebidas,Bogotá D.C.,Valor medio-alto,12,34388.0,412656.0,20632.800000000003
4LQWLMXLYI,2021-01-01,Reparación y limpieza,Soacha,Valor medio-alto,12,1286666.6666666667,15440000.0,772000.0
4M9EP4D8XL,2021-03-01,Comercio detallista,Bogotá D.C.,Valor medio,1,2000.0,2000.0,100.0
4MACPK2KC8,2021-03-01,Alimentos y bebidas,Bogotá D.C.,Valor medio,3,131133.33333333334,393400.0,19670.0
4MNZKHGPCC,2021-03-01,Servicios,Bogotá D.C.,Valor medio-alto,6,82066.66666666667,492400.0,24620.0
4MNZKHGPCC,2021-04-01,Servicios,Bogotá D.C.,Valor medio-alto,5,82066.66666666667,410333.3333333334,20516.66666666667
4MNZKHGPCC,2021-05-01,Servicios,Bogotá D.C.,Valor medio-alto,1,82066.66666666667,82066.66666666667,4103.333333333334
4NNYNMMI84,2021-02-01,Comercio detallista,Bogotá D.C.,Valor medio-alto,1,629000.0,629000.0,31450.0
4NNYNMMI84,2021-03-01,Comercio detallista,Bogotá D.C.,Valor medio-alto,2,629000.0,1258000.0,62900.0
4NNYNMMI84,2021-04-01,Comercio detallista,Bogotá D.C.,Valor medio-alto,4,629000.0,2516000.0,125800.0
4NNYNMMI84,2021-05-01,Comercio detallista,Bogotá D.C.,Valor medio-alto,2,629000.0,1258000.0,62900.0
4NW1JZ9BSG,2021-01-01,Servicios,Bogotá D.C.,Valor alto,24,182737.98076923078,4385711.538461539,219285.57692307697
4NW1JZ9BSG,2020-12-01,Servicios,Bogotá D.C.,Valor alto,28,182737.98076923078,5116663.461538462,255833.17307692312
4NW1JZ9BSG,2021-02-01,Servicios,Bogotá D.C.,Valor alto,11,182737.98076923078,2010117.7884615385,100505.88942307694
4NW1JZ9BSG,2021-03-01,Servicios,Bogotá D.C.,Valor alto,19,182737.98076923078,3472021.634615385,173601.08173076925
4NW1JZ9BSG,2021-04-01,Servicios,Bogotá D.C.,Valor alto,5,182737.98076923078,913689.9038461539,45684.495192307695
4NW1JZ9BSG,2021-05-01,Servicios,Bogotá D.C.,Valor alto,17,182737.98076923078,3106545.6730769235,155327.28365384619
4O3SZ4POD4,2021-03-01,Belleza y cuidado personal,Bogotá D.C.,Valor medio-alto,6,62529.0625,375174.375,18758.71875
4O3SZ4POD4,2021-04-01,Belleza y cuidado personal,Bogotá D.C.,Valor medio-alto,10,62529.0625,625290.625,31264.53125
4O3SZ4POD4,2021-05-01,Belleza y cuidado personal,Bogotá D.C.,Valor medio-alto,16,62529.0625,1000465.0,50023.25
4OTYGK4503,2021-03-01,Alimentos y bebidas,Bogotá D.C.,Valor medio,2,61000.0,122000.0,6100.0
4OX9WJKT1U,2021-03-01,Alimentos y bebidas,Bogotá D.C.,Valor medio-alto,9,29897.967479674797,269081.7073170732,13454.08536585366
4OX9WJKT1U,2021-04-01,Alimentos y bebidas,Bogotá D.C.,Valor medio-alto,45,29897.967479674797,1345408.536585366,67270.4268292683
4OX9WJKT1U,2021-05-01,Alimentos y bebidas,Bogotá D.C.,Valor medio-alto,69,29897.967479674797,2062959.756097561,103147.98780487805
4PQ9326LZS,2021-02-01,Servicios,Bogotá D.C.,Valor medio,1,2000.0,2000.0,100.0
4R3AT5HWOX,2021-03-01,Reparación y limpieza,Bogotá D.C.,Valor medio-alto,2,61333.333333333336,122666.66666666667,6133.333333333334
4R3AT5HWOX,2021-04-01,Reparación y limpieza,Bogotá D.C.,Valor medio-alto,5,61333.333333333336,306666.6666666667,15333.333333333336
4R3AT5HWOX,2021-05-01,Reparación y limpieza,Bogotá D.C.,Valor medio-alto,11,61333.333333333336,674666.6666666667,33733.333333333336
4R4K7PJOQT,2021-03-01,Comercio detallista,Bogotá D.C.,Valor medio-alto,6,653008.5833333334,3918051.5,195902.575
4R4K7PJOQT,2021-04-01,Comercio detallista,Bogotá D.C.,Valor medio-alto,3,653008.5833333334,1959025.75,97951.2875
4R4K7PJOQT,2021-05-01,Comercio detallista,Bogotá D.C.,Valor medio-alto,3,653008.5833333334,1959025.75,97951.2875
4R8ZTBXPDG,2021-03-01,Comercio detallista,Bogotá D.C.,Valor medio-alto,6,117230.76923076923,703384.6153846154,35169.23076923077
4R8ZTBXPDG,2021-04-01,Comercio detallista,Bogotá D.C.,Valor medio-alto,1,117230.76923076923,117230.76923076923,5861.538461538462
4R8ZTBXPDG,2021-05-01,Comercio detallista,Bogotá D.C.,Valor medio-alto,6,117230.76923076923,703384.6153846154,35169.23076923077
4RFFGGPXL3,2021-03-01,Comercio detallista,Bogotá D.C.,Valor medio-alto,2,88500.0,177000.0,8850.0
4RFFGGPXL3,2021-04-01,Comercio detallista,Bogotá D.C.,Valor medio-alto,6,88500.0,531000.0,26550.0
4RFFGGPXL3,2021-05-01,Comercio detallista,Bogotá D.C.,Valor medio-alto,10,88500.0,885000.0,44250.0
4SE83DCBRK,2021-03-01,Comercio detallista,Bogotá D.C.,Valor medio-alto,3,327111.1111111111,981333.3333333334,49066.66666666667
4SE83DCBRK,2021-04-01,Comercio detallista,Bogotá D.C.,Valor medio-alto,3,327111.1111111111,981333.3333333334,49066.66666666667
4SE83DCBRK,2021-05-01,Comercio detallista,Bogotá D.C.,Valor medio-alto,3,327111.1111111111,981333.3333333334,49066.66666666667
4SIHGLKL4Z,2021-03-01,Comercio detallista,Bogotá D.C.,Valor medio-alto,4,463500.0,1854000.0,92700.0
4U3DFX8D7I,2021-03-01,Comercio detallista,Bogotá D.C.,Valor medio-alto,5,126853.33333333333,634266.6666666666,31713.333333333332
4U3DFX8D7I,2021-04-01,Comercio detallista,Bogotá D.C.,Valor medio-alto,9,126853.33333333333,1141680.0,57084.0
4U3DFX8D7I,2021-05-01,Comercio detallista,Bogotá D.C.,Valor medio-alto,16,126853.33333333333,2029653.3333333333,101482.66666666667
4UKIGF1HSK,2021-03-01,Belleza y cuidado personal,Bogotá D.C.,Valor medio,1,1500.0,1500.0,75.0
4UKIGF1HSK,2021-04-01,Belleza y cuidado personal,Bogotá D.C.,Valor medio,1,1500.0,1500.0,75.0
4UM1JM7R65,2021-03-01,Comercio detallista,Soacha,Valor medio-alto,1,192333.33333333334,192333.33333333334,9616.666666666668
4UM1JM7R65,2021-05-01,Comercio detallista,Soacha,Valor medio-alto,2,192333.33333333334,384666.6666666667,19233.333333333336
4VTMSH392Z,2021-02-01,Comercio detallista,Soacha,Valor medio-alto,10,102913.04347826086,1029130.4347826086,51456.52173913043
4VTMSH392Z,2021-03-01,Comercio detallista,Soacha,Valor medio-alto,18,102913.04347826086,1852434.7826086956,92621.73913043478
4VTMSH392Z,2021-04-01,Comercio detallista,Soacha,Valor medio-alto,22,102913.04347826086,2264086.9565217393,113204.34782608697
4VTMSH392Z,2021-05-01,Comercio detallista,Soacha,Valor medio-alto,42,102913.04347826086,4322347.826086956,216117.3913043478
4VZEAZBQJI,2021-03-01,Transporte,Cali,Valor medio,1,1000.0,1000.0,50.0
4WIZ1RWV2B,2021-03-01,Belleza y cuidado personal,Bogotá D.C.,Valor medio-alto,2,130625.0,261250.0,13062.5
4WIZ1RWV2B,2021-05-01,Belleza y cuidado personal,Bogotá D.C.,Valor medio-alto,2,130625.0,261250.0,13062.5
4X2NK6G9DP,2021-01-01,Comercio detallista,Bogotá D.C.,Valor medio-alto,4,38500.0,154000.0,7700.0
4X2NK6G9DP,2020-12-01,Comercio detallista,Bogotá D.C.,Valor medio-alto,2,38500.0,77000.0,3850.0
4X2NK6G9DP,2021-02-01,Comercio detallista,Bogotá D.C.,Valor medio-alto,5,38500.0,192500.0,9625.0
4X2NK6G9DP,2021-03-01,Comercio detallista,Bogotá D.C.,Valor medio-alto,1,38500.0,38500.0,1925.0
4X2NK6G9DP,2021-04-01,Comercio detallista,Bogotá D.C.,Valor medio-alto,7,38500.0,269500.0,13475.0
4X2NK6G9DP,2021-05-01,Comercio detallista,Bogotá D.C.,Valor medio-alto,9,38500.0,346500.0,17325.0
4X5LHZJEB4,2021-03-01,Comercio detallista,Bogotá D.C.,Valor medio,1,2000.0,2000.0,100.0
4X7EM82JGO,2021-03-01,Belleza y cuidado personal,Bogotá D.C.,Valor medio,1,2000.0,2000.0,100.0
4X80AYC7VZ,2021-01-01,Alimentos y bebidas,Bogotá D.C.,Valor medio,3,17440.0,52320.0,2616.0
4X80AYC7VZ,2021-02-01,Alimentos y bebidas,Bogotá D.C.,Valor medio,2,17440.0,34880.0,1744.0
4XUWH6LSI3,2021-03-01,Comercio detallista,Bogotá D.C.,Valor medio-alto,1,54722.22222222222,54722.22222222222,2736.1111111111113
4XUWH6LSI3,2021-04-01,Comercio detallista,Bogotá D.C.,Valor medio-alto,3,54722.22222222222,164166.66666666666,8208.333333333334
4XUWH6LSI3,2021-05-01,Comercio detallista,Bogotá D.C.,Valor medio-alto,5,54722.22222222222,273611.1111111111,13680.555555555557
4XXG2DIY5Q,2021-03-01,Belleza y cuidado personal,Cali,Valor medio-alto,2,88842.85714285714,177685.7142857143,8884.285714285716
4XXG2DIY5Q,2021-05-01,Belleza y cuidado personal,Cali,Valor medio-alto,5,88842.85714285714,444214.28571428574,22210.71428571429
4Y5PFA6SDH,2021-03-01,Comercio detallista,Bogotá D.C.,Valor medio,1,2000.0,2000.0,100.0
4YRQ0XZRMD,2021-01-01,Alimentos y bebidas,Bogotá D.C.,Valor medio,1,2000.0,2000.0,100.0
4Z3MVP68RR,2021-02-01,Servicios,Bogotá D.C.,Valor medio-alto,2,326218.0,652436.0,32621.800000000003
4Z3MVP68RR,2021-03-01,Servicios,Bogotá D.C.,Valor medio-alto,1,326218.0,326218.0,16310.900000000001
4Z3MVP68RR,2021-04-01,Servicios,Bogotá D.C.,Valor medio-alto,2,326218.0,652436.0,32621.800000000003
5080AG2S02,2020-12-01,Servicios,Bogotá D.C.,Valor medio-alto,4,1279125.0,5116500.0,255825.0
5080AG2S02,2021-02-01,Servicios,Bogotá D.C.,Valor medio-alto,2,1279125.0,2558250.0,127912.5
5080AG2S02,2021-05-01,Servicios,Bogotá D.C.,Valor medio-alto,2,1279125.0,2558250.0,127912.5
50BJ2NV63B,2021-03-01,Alimentos y bebidas,Choachí,Valor medio-alto,1,79428.71153846153,79428.71153846153,3971.435576923077
50BJ2NV63B,2021-04-01,Alimentos y bebidas,Choachí,Valor medio-alto,25,79428.71153846153,1985717.7884615383,99285.88942307692
50BJ2NV63B,2021-05-01,Alimentos y bebidas,Choachí,Valor medio-alto,26,79428.71153846153,2065146.4999999998,103257.325
50E9KAFY4O,2021-02-01,Comercio detallista,Bogotá D.C.,Valor medio-alto,2,16600.0,33200.0,1660.0
50E9KAFY4O,2021-03-01,Comercio detallista,Bogotá D.C.,Valor medio-alto,2,16600.0,33200.0,1660.0
50E9KAFY4O,2021-05-01,Comercio detallista,Bogotá D.C.,Valor medio-alto,1,16600.0,16600.0,830.0
50U0787KD7,2021-03-01,Comercio detallista,Bogotá D.C.,Valor medio-alto,4,134520.0,538080.0,26904.0
50U0787KD7,2021-04-01,Comercio detallista,Bogotá D.C.,Valor medio-alto,12,134520.0,1614240.0,80712.0
50U0787KD7,2021-05-01,Comercio detallista,Bogotá D.C.,Valor medio-alto,14,134520.0,1883280.0,94164.0
50UC2CW853,2021-03-01,Comercio detallista,Bogotá D.C.,Valor medio-alto,5,119666.66666666667,598333.3333333334,29916.66666666667
50UC2CW853,2021-04-01,Comercio detallista,Bogotá D.C.,Valor medio-alto,2,119666.66666666667,239333.33333333334,11966.666666666668
50UC2CW853,2021-05-01,Comercio detallista,Bogotá D.C.,Valor medio-alto,11,119666.66666666667,1316333.3333333335,65816.66666666667
510GC69JDP,2021-03-01,Comercio detallista,Bogotá D.C.,Valor medio-alto,1,17680.0,17680.0,884.0
510GC69JDP,2021-04-01,Comercio detallista,Bogotá D.C.,Valor medio-alto,6,17680.0,106080.0,5304.0
510GC69JDP,2021-05-01,Comercio detallista,Bogotá D.C.,Valor medio-alto,3,17680.0,53040.0,2652.0
516CH4EN3O,2021-03-01,Servicios,Bogotá D.C.,Valor medio,1,1000.0,1000.0,50.0
521ITSOM3V,2021-03-01,Comercio detallista,Soacha,Valor medio-alto,28,191821.42857142858,5371000.0,268550.0
521ITSOM3V,2021-04-01,Comercio detallista,Soacha,Valor medio-alto,5,191821.42857142858,959107.142857143,47955.35714285715
521ITSOM3V,2021-05-01,Comercio detallista,Soacha,Valor medio-alto,23,191821.42857142858,4411892.857142857,220594.64285714287
524YX4VDZ4,2021-02-01,Servicios,Bogotá D.C.,Valor medio-alto,9,78922.22222222222,710300.0,35515.0
524YX4VDZ4,2021-03-01,Servicios,Bogotá D.C.,Valor medio-alto,21,78922.22222222222,1657366.6666666665,82868.33333333333
524YX4VDZ4,2021-04-01,Servicios,Bogotá D.C.,Valor medio-alto,11,78922.22222222222,868144.4444444444,43407.22222222222
524YX4VDZ4,2021-05-01,Servicios,Bogotá D.C.,Valor medio-alto,22,78922.22222222222,1736288.8888888888,86814.44444444444
533WERYV5S,2021-03-01,Comercio detallista,Bogotá D.C.,Valor medio-alto,2,174041.625,348083.25,17404.162500000002
533WERYV5S,2021-04-01,Comercio detallista,Bogotá D.C.,Valor medio-alto,11,174041.625,1914457.875,95722.89375
533WERYV5S,2021-05-01,Comercio detallista,Bogotá D.C.,Valor medio-alto,11,174041.625,1914457.875,95722.89375
5424GTITOZ,2021-01-01,Comercio detallista,Bogotá D.C.,Valor medio-alto,7,282307.40425531915,1976151.829787234,98807.59148936172
5424GTITOZ,2020-12-01,Comercio detallista,Bogotá D.C.,Valor medio-alto,5,282307.40425531915,1411537.0212765958,70576.85106382979
5424GTITOZ,2021-02-01,Comercio detallista,Bogotá D.C.,Valor medio-alto,20,282307.40425531915,5646148.085106383,282307.40425531915
5424GTITOZ,2021-03-01,Comercio detallista,Bogotá D.C.,Valor medio-alto,9,282307.40425531915,2540766.6382978726,127038.33191489364
5424GTITOZ,2021-04-01,Comercio detallista,Bogotá D.C.,Valor medio-alto,1,282307.40425531915,282307.40425531915,14115.370212765958
5424GTITOZ,2021-05-01,Comercio detallista,Bogotá D.C.,Valor medio-alto,5,282307.40425531915,1411537.0212765958,70576.85106382979
548DQ4FJ9I,2021-03-01,Servicios,Bogotá D.C.,Valor medio,2,53850.0,107700.0,5385.0
54IR64E9J6,2021-03-01,Comercio detallista,Bogotá D.C.,Valor medio-alto,2,1108596.5185185184,2217193.037037037,110859.65185185184
54IR64E9J6,2021-04-01,Comercio detallista,Bogotá D.C.,Valor medio-alto,13,1108596.5185185184,14411754.740740739,720587.737037037
54IR64E9J6,2021-05-01,Comercio detallista,Bogotá D.C.,Valor medio-alto,12,1108596.5185185184,13303158.22222222,665157.911111111
54Y62TPI8D,2021-03-01,Comercio detallista,Fusagasugá,Valor medio-alto,2,981500.0,1963000.0,98150.0
54Y62TPI8D,2021-04-01,Comercio detallista,Fusagasugá,Valor medio-alto,1,981500.0,981500.0,49075.0
54Y62TPI8D,2021-05-01,Comercio detallista,Fusagasugá,Valor medio-alto,3,981500.0,2944500.0,147225.0
5501UDRFAT,2021-02-01,Belleza y cuidado personal,Bogotá D.C.,Valor medio-alto,3,102294.11764705883,306882.3529411765,15344.117647058825
5501UDRFAT,2021-03-01,Belleza y cuidado personal,Bogotá D.C.,Valor medio-alto,11,102294.11764705883,1125235.294117647,56261.76470588235
5501UDRFAT,2021-04-01,Belleza y cuidado personal,Bogotá D.C.,Valor medio-alto,7,102294.11764705883,716058.8235294118,35802.941176470595
5501UDRFAT,2021-05-01,Belleza y cuidado personal,Bogotá D.C.,Valor medio-alto,13,102294.11764705883,1329823.5294117648,66491.17647058824
552F4BK5SV,2021-01-01,Comercio detallista,Bogotá D.C.,Valor medio-alto,14,216327.58620689655,3028586.206896552,151429.3103448276
552F4BK5SV,2021-02-01,Comercio detallista,Bogotá D.C.,Valor medio-alto,11,216327.58620689655,2379603.4482758623,118980.17241379312
552F4BK5SV,2021-03-01,Comercio detallista,Bogotá D.C.,Valor medio-alto,10,216327.58620689655,2163275.8620689656,108163.79310344829
552F4BK5SV,2021-04-01,Comercio detallista,Bogotá D.C.,Valor medio-alto,13,216327.58620689655,2812258.620689655,140612.93103448275
552F4BK5SV,2021-05-01,Comercio detallista,Bogotá D.C.,Valor medio-alto,10,216327.58620689655,2163275.8620689656,108163.79310344829
55O8J3AAYD,2021-03-01,Alimentos y bebidas,Choachí,Valor medio-alto,9,27688.0,249192.0,12459.6
55O8J3AAYD,2021-04-01,Alimentos y bebidas,Choachí,Valor medio-alto,22,27688.0,609136.0,30456.800000000003
55O8J3AAYD,2021-05-01,Alimentos y bebidas,Choachí,Valor medio-alto,19,27688.0,526072.0,26303.600000000002
55XNT1LGX8,2021-03-01,Alimentos y bebidas,Bogotá D.C.,Valor medio,1,2000.0,2000.0,100.0
562O0UTZWU,2021-03-01,Alimentos y bebidas,Cali,Valor medio-alto,1,44400.0,44400.0,2220.0
562O0UTZWU,2021-04-01,Alimentos y bebidas,Cali,Valor medio-alto,2,44400.0,88800.0,4440.0
562O0UTZWU,2021-05-01,Alimentos y bebidas,Cali,Valor medio-alto,2,44400.0,88800.0,4440.0
566IJLO3SU,2021-03-01,Comercio detallista,Sibaté,Valor medio-alto,4,232608.69565217392,930434.7826086957,46521.739130434784
566IJLO3SU,2021-04-01,Comercio detallista,Sibaté,Valor medio-alto,10,232608.69565217392,2326086.9565217393,116304.34782608697
566IJLO3SU,2021-05-01,Comercio detallista,Sibaté,Valor medio-alto,9,232608.69565217392,2093478.2608695652,104673.91304347827
56X3S0D7JF,2021-03-01,Comercio detallista,Bogotá D.C.,Valor medio-alto,12,103388.05970149254,1240656.7164179105,62032.83582089553
56X3S0D7JF,2021-04-01,Comercio detallista,Bogotá D.C.,Valor medio-alto,16,103388.05970149254,1654208.9552238807,82710.44776119404
56X3S0D7JF,2021-05-01,Comercio detallista,Bogotá D.C.,Valor medio-alto,39,103388.05970149254,4032134.328358209,201606.71641791047
573VCS7ZEQ,2021-03-01,Comercio detallista,Bogotá D.C.,Valor medio-alto,4,170444.44444444444,681777.7777777778,34088.88888888889
573VCS7ZEQ,2021-04-01,Comercio detallista,Bogotá D.C.,Valor medio-alto,3,170444.44444444444,511333.3333333333,25566.666666666668
573VCS7ZEQ,2021-05-01,Comercio detallista,Bogotá D.C.,Valor medio-alto,2,170444.44444444444,340888.8888888889,17044.444444444445
57FNIDPJQP,2021-03-01,Alimentos y bebidas,Villa del Rosario,Valor medio-alto,2,133323.5294117647,266647.0588235294,13332.35294117647
57FNIDPJQP,2021-04-01,Alimentos y bebidas,Villa del Rosario,Valor medio-alto,8,133323.5294117647,1066588.2352941176,53329.41176470588
57FNIDPJQP,2021-05-01,Alimentos y bebidas,Villa del Rosario,Valor medio-alto,7,133323.5294117647,933264.7058823529,46663.23529411765
57I6IR2ILO,2021-03-01,Comercio detallista,Bogotá D.C.,Valor medio-alto,2,407636.84210526315,815273.6842105263,40763.68421052632
57I6IR2ILO,2021-04-01,Comercio detallista,Bogotá D.C.,Valor medio-alto,8,407636.84210526315,3261094.736842105,163054.73684210528
57I6IR2ILO,2021-05-01,Comercio detallista,Bogotá D.C.,Valor medio-alto,9,407636.84210526315,3668731.578947368,183436.57894736843
586566YSM7,2021-01-01,Servicios,Bogotá D.C.,Valor medio-alto,5,411750.0,2058750.0,102937.5
586566YSM7,2021-02-01,Servicios,Bogotá D.C.,Valor medio-alto,4,411750.0,1647000.0,82350.0
586566YSM7,2021-03-01,Servicios,Bogotá D.C.,Valor medio-alto,2,411750.0,823500.0,41175.0
586566YSM7,2021-04-01,Servicios,Bogotá D.C.,Valor medio-alto,8,411750.0,3294000.0,164700.0
586566YSM7,2021-05-01,Servicios,Bogotá D.C.,Valor medio-alto,5,411750.0,2058750.0,102937.5
58DW5DULJ8,2021-02-01,Comercio detallista,Bogotá D.C.,Valor medio-alto,12,157274.32432432432,1887291.8918918918,94364.5945945946
58DW5DULJ8,2021-03-01,Comercio detallista,Bogotá D.C.,Valor medio-alto,10,157274.32432432432,1572743.243243243,78637.16216216216
58DW5DULJ8,2021-04-01,Comercio detallista,Bogotá D.C.,Valor medio-alto,9,157274.32432432432,1415468.9189189188,70773.44594594595
58DW5DULJ8,2021-05-01,Comercio detallista,Bogotá D.C.,Valor medio-alto,6,157274.32432432432,943645.9459459459,47182.2972972973
596LYQEXK5,2021-03-01,Transporte,Cali,Valor medio,1,1000.0,1000.0,50.0
5997N58LGG,2021-03-01,Alimentos y bebidas,Bogotá D.C.,Valor medio-alto,2,91063.47826086957,182126.95652173914,9106.347826086958
5997N58LGG,2021-04-01,Alimentos y bebidas,Bogotá D.C.,Valor medio-alto,20,91063.47826086957,1821269.5652173914,91063.47826086957
5997N58LGG,2021-05-01,Alimentos y bebidas,Bogotá D.C.,Valor medio-alto,24,91063.47826086957,2185523.4782608696,109276.17391304349
5AMOTWU379,2021-01-01,Belleza y cuidado personal,Bogotá D.C.,Valor medio-alto,9,74061.66666666667,666555.0,33327.75
5AMOTWU379,2020-12-01,Belleza y cuidado personal,Bogotá D.C.,Valor medio-alto,7,74061.66666666667,518431.6666666667,25921.583333333336
5AMOTWU379,2021-02-01,Belleza y cuidado personal,Bogotá D.C.,Valor medio-alto,18,74061.66666666667,1333110.0,66655.5
5AMOTWU379,2021-03-01,Belleza y cuidado personal,Bogotá D.C.,Valor medio-alto,19,74061.66666666667,1407171.6666666667,70358.58333333334
5AMOTWU379,2021-04-01,Belleza y cuidado personal,Bogotá D.C.,Valor medio-alto,5,74061.66666666667,370308.3333333334,18515.416666666668
5AMOTWU379,2021-05-01,Belleza y cuidado personal,Bogotá D.C.,Valor medio-alto,20,74061.66666666667,1481233.3333333335,74061.66666666667
5BHVBU8NMP,2021-02-01,Reparación y limpieza,Soacha,Valor medio-alto,1,618766.6666666666,618766.6666666666,30938.333333333332
5BHVBU8NMP,2021-03-01,Reparación y limpieza,Soacha,Valor medio-alto,2,618766.6666666666,1237533.3333333333,61876.666666666664
5BHVBU8NMP,2021-04-01,Reparación y limpieza,Soacha,Valor medio-alto,2,618766.6666666666,1237533.3333333333,61876.666666666664
5BHVBU8NMP,2021-05-01,Reparación y limpieza,Soacha,Valor medio-alto,4,618766.6666666666,2475066.6666666665,123753.33333333333
5C1XIMDV7E,2021-03-01,Comercio detallista,Bogotá D.C.,Valor medio,1,2000.0,2000.0,100.0
5C5J0HYSW2,2021-02-01,Comercio detallista,Bogotá D.C.,Valor medio-alto,5,109583.33333333333,547916.6666666666,27395.833333333332
5C5J0HYSW2,2021-03-01,Comercio detallista,Bogotá D.C.,Valor medio-alto,3,109583.33333333333,328750.0,16437.5
5C5J0HYSW2,2021-04-01,Comercio detallista,Bogotá D.C.,Valor medio-alto,2,109583.33333333333,219166.66666666666,10958.333333333334
5C5J0HYSW2,2021-05-01,Comercio detallista,Bogotá D.C.,Valor medio-alto,2,109583.33333333333,219166.66666666666,10958.333333333334
5D7BQW71SA,2021-03-01,Comercio detallista,Bogotá D.C.,Valor medio-alto,1,353500.0,353500.0,17675.0
5D7BQW71SA,2021-04-01,Comercio detallista,Bogotá D.C.,Valor medio-alto,1,353500.0,353500.0,17675.0
5D8N9JCVDF,2021-03-01,Comercio detallista,Bogotá D.C.,Valor medio-alto,1,211400.0,211400.0,10570.0
5D8N9JCVDF,2021-04-01,Comercio detallista,Bogotá D.C.,Valor medio-alto,2,211400.0,422800.0,21140.0
5D8N9JCVDF,2021-05-01,Comercio detallista,Bogotá D.C.,Valor medio-alto,2,211400.0,422800.0,21140.0
5DFGSUKETC,2021-03-01,Servicios,Bogotá D.C.,Valor medio-alto,2,50500.0,101000.0,5050.0
5DFGSUKETC,2021-04-01,Servicios,Bogotá D.C.,Valor medio-alto,1,50500.0,50500.0,2525.0
5DFGSUKETC,2021-05-01,Servicios,Bogotá D.C.,Valor medio-alto,1,50500.0,50500.0,2525.0
5DHK79AQK5,2021-01-01,Comercio detallista,Bogotá D.C.,Valor medio-alto,1,304800.0,304800.0,15240.0
5DHK79AQK5,2021-02-01,Comercio detallista,Bogotá D.C.,Valor medio-alto,1,304800.0,304800.0,15240.0
5DHK79AQK5,2021-05-01,Comercio detallista,Bogotá D.C.,Valor medio-alto,4,304800.0,1219200.0,60960.0
5DTDW3E1KJ,2021-03-01,Alimentos y bebidas,Bogotá D.C.,Valor medio-alto,1,102270.0,102270.0,5113.5
5DTDW3E1KJ,2021-05-01,Alimentos y bebidas,Bogotá D.C.,Valor medio-alto,1,102270.0,102270.0,5113.5
5DU40RKNX8,2021-01-01,Comercio detallista,Bogotá D.C.,Valor medio,1,2000.0,2000.0,100.0
5DVEVKGW9C,2021-03-01,Belleza y cuidado personal,Girardot,Valor medio-alto,2,33181.818181818184,66363.63636363637,3318.1818181818185
5DVEVKGW9C,2021-04-01,Belleza y cuidado personal,Girardot,Valor medio-alto,2,33181.818181818184,66363.63636363637,3318.1818181818185
5DVEVKGW9C,2021-05-01,Belleza y cuidado personal,Girardot,Valor medio-alto,7,33181.818181818184,232272.7272727273,11613.636363636366
5DYMUF90Z8,2021-03-01,Servicios,Bogotá D.C.,Valor medio-alto,1,226000.0,226000.0,11300.0
5DYMUF90Z8,2021-05-01,Servicios,Bogotá D.C.,Valor medio-alto,1,226000.0,226000.0,11300.0
5EF0JIAWAT,2021-03-01,Servicios,Bogotá D.C.,Valor medio-alto,1,261743.33333333334,261743.33333333334,13087.166666666668
5EF0JIAWAT,2021-04-01,Servicios,Bogotá D.C.,Valor medio-alto,2,261743.33333333334,523486.6666666667,26174.333333333336
5EF0JIAWAT,2021-05-01,Servicios,Bogotá D.C.,Valor medio-alto,12,261743.33333333334,3140920.0,157046.0
5ERXKG9F74,2021-03-01,Alimentos y bebidas,Bogotá D.C.,Valor medio-alto,49,43857.99433427762,2149041.7223796034,107452.08611898018
5ERXKG9F74,2021-04-01,Alimentos y bebidas,Bogotá D.C.,Valor medio-alto,122,43857.99433427762,5350675.30878187,267533.7654390935
5ERXKG9F74,2021-05-01,Alimentos y bebidas,Bogotá D.C.,Valor medio-alto,182,43857.99433427762,7982154.968838526,399107.7484419263
5F9KHRWGGL,2021-03-01,Transporte,Cali,Valor medio-alto,2,30400.0,60800.0,3040.0
5F9KHRWGGL,2021-05-01,Transporte,Cali,Valor medio-alto,2,30400.0,60800.0,3040.0
5F9SRC09PL,2021-03-01,Servicios,Bogotá D.C.,Valor medio-alto,5,182728.04347826086,913640.2173913043,45682.010869565216
5F9SRC09PL,2021-04-01,Servicios,Bogotá D.C.,Valor medio-alto,13,182728.04347826086,2375464.565217391,118773.22826086957
5F9SRC09PL,2021-05-01,Servicios,Bogotá D.C.,Valor medio-alto,5,182728.04347826086,913640.2173913043,45682.010869565216
5FGU4T9SR9,2021-03-01,Comercio detallista,Bogotá D.C.,Valor medio-alto,3,213607.375,640822.125,32041.10625
5FGU4T9SR9,2021-04-01,Comercio detallista,Bogotá D.C.,Valor medio-alto,4,213607.375,854429.5,42721.475000000006
5FGU4T9SR9,2021-05-01,Comercio detallista,Bogotá D.C.,Valor medio-alto,9,213607.375,1922466.375,96123.31875
5GEIZZMW32,2021-03-01,Comercio detallista,Chía,Valor medio,2,609000.0,1218000.0,60900.0
5HBGV3VZU0,2021-01-01,Comercio detallista,Bogotá D.C.,Valor medio-alto,4,304529.4117647059,1218117.6470588236,60905.88235294118
5HBGV3VZU0,2021-02-01,Comercio detallista,Bogotá D.C.,Valor medio-alto,6,304529.4117647059,1827176.4705882354,91358.82352941178
5HBGV3VZU0,2021-03-01,Comercio detallista,Bogotá D.C.,Valor medio-alto,3,304529.4117647059,913588.2352941177,45679.41176470589
5HBGV3VZU0,2021-04-01,Comercio detallista,Bogotá D.C.,Valor medio-alto,3,304529.4117647059,913588.2352941177,45679.41176470589
5HBGV3VZU0,2021-05-01,Comercio detallista,Bogotá D.C.,Valor medio-alto,1,304529.4117647059,304529.4117647059,15226.470588235296
5HXEUBFPUQ,2021-02-01,Reparación y limpieza,Bogotá D.C.,Valor medio-alto,1,931250.0,931250.0,46562.5
5HXEUBFPUQ,2021-03-01,Reparación y limpieza,Bogotá D.C.,Valor medio-alto,3,931250.0,2793750.0,139687.5
5HXEUBFPUQ,2021-04-01,Reparación y limpieza,Bogotá D.C.,Valor medio-alto,1,931250.0,931250.0,46562.5
5HXEUBFPUQ,2021-05-01,Reparación y limpieza,Bogotá D.C.,Valor medio-alto,3,931250.0,2793750.0,139687.5
5IBT59EFWS,2021-03-01,Comercio detallista,Bogotá D.C.,Valor medio,1,13500.0,13500.0,675.0
5IBT59EFWS,2021-05-01,Comercio detallista,Bogotá D.C.,Valor medio,1,13500.0,13500.0,675.0
5IKKFEM3AH,2021-03-01,Comercio detallista,Bogotá D.C.,Valor medio-alto,2,35923.07692307692,71846.15384615384,3592.3076923076924
5IKKFEM3AH,2021-04-01,Comercio detallista,Bogotá D.C.,Valor medio-alto,5,35923.07692307692,179615.38461538462,8980.769230769232
5IKKFEM3AH,2021-05-01,Comercio detallista,Bogotá D.C.,Valor medio-alto,6,35923.07692307692,215538.46153846153,10776.923076923078
5IMKKQN7ZW,2021-03-01,Reparación y limpieza,Bogotá D.C.,Valor medio,1,182000.0,182000.0,9100.0
5IRPV7NJ3C,2021-03-01,Comercio detallista,Chía,Valor medio-alto,13,165247.40740740742,2148216.2962962966,107410.81481481483
5IRPV7NJ3C,2021-04-01,Comercio detallista,Chía,Valor medio-alto,10,165247.40740740742,1652474.0740740742,82623.70370370371
5IRPV7NJ3C,2021-05-01,Comercio detallista,Chía,Valor medio-alto,4,165247.40740740742,660989.6296296297,33049.48148148148
5ISLWOG9UP,2021-03-01,Comercio detallista,Bogotá D.C.,Valor medio,1,1000.0,1000.0,50.0
5J4XXC2J03,2020-12-01,Comercio detallista,Bogotá D.C.,Valor medio-alto,2,442419.3548387097,884838.7096774194,44241.93548387097
5J4XXC2J03,2021-02-01,Comercio detallista,Bogotá D.C.,Valor medio-alto,8,442419.3548387097,3539354.8387096776,176967.74193548388
5J4XXC2J03,2021-03-01,Comercio detallista,Bogotá D.C.,Valor medio-alto,6,442419.3548387097,2654516.129032258,132725.8064516129
5J4XXC2J03,2021-04-01,Comercio detallista,Bogotá D.C.,Valor medio-alto,4,442419.3548387097,1769677.4193548388,88483.87096774194
5J4XXC2J03,2021-05-01,Comercio detallista,Bogotá D.C.,Valor medio-alto,11,442419.3548387097,4866612.903225807,243330.64516129033
5JM9PYADSK,2021-03-01,Alimentos y bebidas,Bogotá D.C.,Valor medio-alto,5,49166.666666666664,245833.3333333333,12291.666666666666
5JM9PYADSK,2021-05-01,Alimentos y bebidas,Bogotá D.C.,Valor medio-alto,1,49166.666666666664,49166.666666666664,2458.3333333333335
5JOOIW2VBK,2021-02-01,Comercio detallista,Fusagasugá,Valor medio,2,500000.0,1000000.0,50000.0
5JSE5EFQ2J,2021-03-01,Servicios,Bogotá D.C.,Valor medio,1,867000.0,867000.0,43350.0
5KI7RGY0WW,2021-01-01,Comercio detallista,Soacha,Valor alto,8,202432.6923076923,1619461.5384615385,80973.07692307694
5KI7RGY0WW,2020-12-01,Comercio detallista,Soacha,Valor alto,8,202432.6923076923,1619461.5384615385,80973.07692307694
5KI7RGY0WW,2021-02-01,Comercio detallista,Soacha,Valor alto,7,202432.6923076923,1417028.8461538462,70851.44230769231
5KI7RGY0WW,2021-03-01,Comercio detallista,Soacha,Valor alto,9,202432.6923076923,1821894.2307692308,91094.71153846155
5KI7RGY0WW,2021-04-01,Comercio detallista,Soacha,Valor alto,9,202432.6923076923,1821894.2307692308,91094.71153846155
5KI7RGY0WW,2021-05-01,Comercio detallista,Soacha,Valor alto,11,202432.6923076923,2226759.6153846155,111337.98076923078
5KOQGJMCW4,2021-03-01,Comercio detallista,Bogotá D.C.,Valor medio-alto,1,226500.0,226500.0,11325.0
5KOQGJMCW4,2021-04-01,Comercio detallista,Bogotá D.C.,Valor medio-alto,1,226500.0,226500.0,11325.0
5KOQGJMCW4,2021-05-01,Comercio detallista,Bogotá D.C.,Valor medio-alto,2,226500.0,453000.0,22650.0
5KR3DAMCY8,2021-02-01,Comercio detallista,Soacha,Valor medio-alto,11,120537.5,1325912.5,66295.625
5KR3DAMCY8,2021-03-01,Comercio detallista,Soacha,Valor medio-alto,7,120537.5,843762.5,42188.125
5KR3DAMCY8,2021-04-01,Comercio detallista,Soacha,Valor medio-alto,7,120537.5,843762.5,42188.125
5KR3DAMCY8,2021-05-01,Comercio detallista,Soacha,Valor medio-alto,3,120537.5,361612.5,18080.625
5KUWHJUV0L,2021-01-01,Alimentos y bebidas,Bogotá D.C.,Valor medio-alto,5,17224.48979591837,86122.44897959185,4306.122448979592
5KUWHJUV0L,2021-02-01,Alimentos y bebidas,Bogotá D.C.,Valor medio-alto,17,17224.48979591837,292816.32653061225,14640.816326530614
5KUWHJUV0L,2021-03-01,Alimentos y bebidas,Bogotá D.C.,Valor medio-alto,12,17224.48979591837,206693.8775510204,10334.69387755102
5KUWHJUV0L,2021-04-01,Alimentos y bebidas,Bogotá D.C.,Valor medio-alto,9,17224.48979591837,155020.40816326533,7751.020408163266
5KUWHJUV0L,2021-05-01,Alimentos y bebidas,Bogotá D.C.,Valor medio-alto,6,17224.48979591837,103346.9387755102,5167.34693877551
5LOW59L450,2021-02-01,Comercio detallista,Bogotá D.C.,Valor medio,2,126000.0,252000.0,12600.0
5LUJRGDJW6,2021-03-01,Alimentos y bebidas,El Rosal,Valor medio-alto,16,62416.91176470588,998670.5882352941,49933.529411764706
5LUJRGDJW6,2021-04-01,Alimentos y bebidas,El Rosal,Valor medio-alto,20,62416.91176470588,1248338.2352941176,62416.91176470588
5LUJRGDJW6,2021-05-01,Alimentos y bebidas,El Rosal,Valor medio-alto,32,62416.91176470588,1997341.1764705882,99867.05882352941
5LYP7FGKNX,2021-03-01,Servicios,Bogotá D.C.,Valor medio-alto,5,128035.71428571429,640178.5714285715,32008.928571428576
5LYP7FGKNX,2021-04-01,Servicios,Bogotá D.C.,Valor medio-alto,3,128035.71428571429,384107.14285714284,19205.35714285714
5LYP7FGKNX,2021-05-01,Servicios,Bogotá D.C.,Valor medio-alto,6,128035.71428571429,768214.2857142857,38410.71428571428
5MP5QTM59W,2021-02-01,Servicios,Soacha,Valor medio-alto,1,458400.0,458400.0,22920.0
5MP5QTM59W,2021-03-01,Servicios,Soacha,Valor medio-alto,3,458400.0,1375200.0,68760.0
5MP5QTM59W,2021-04-01,Servicios,Soacha,Valor medio-alto,1,458400.0,458400.0,22920.0
5MUBCK5POR,2021-02-01,Transporte,Cali,Valor medio-alto,1,77333.33333333333,77333.33333333333,3866.6666666666665
5MUBCK5POR,2021-03-01,Transporte,Cali,Valor medio-alto,1,77333.33333333333,77333.33333333333,3866.6666666666665
5MUBCK5POR,2021-04-01,Transporte,Cali,Valor medio-alto,3,77333.33333333333,232000.0,11600.0
5MUBCK5POR,2021-05-01,Transporte,Cali,Valor medio-alto,1,77333.33333333333,77333.33333333333,3866.6666666666665
5MVQX98XEN,2021-03-01,Belleza y cuidado personal,Bogotá D.C.,Valor medio-alto,9,358265.3846153846,3224388.4615384615,161219.4230769231
5MVQX98XEN,2021-04-01,Belleza y cuidado personal,Bogotá D.C.,Valor medio-alto,8,358265.3846153846,2866123.076923077,143306.15384615384
5MVQX98XEN,2021-05-01,Belleza y cuidado personal,Bogotá D.C.,Valor medio-alto,9,358265.3846153846,3224388.4615384615,161219.4230769231
5MX555P5UM,2021-03-01,Alimentos y bebidas,Bogotá D.C.,Valor medio-alto,5,68323.33333333333,341616.6666666666,17080.833333333332
5MX555P5UM,2021-04-01,Alimentos y bebidas,Bogotá D.C.,Valor medio-alto,12,68323.33333333333,819880.0,40994.0
5MX555P5UM,2021-05-01,Alimentos y bebidas,Bogotá D.C.,Valor medio-alto,13,68323.33333333333,888203.3333333333,44410.166666666664
5NLDLEZ7X5,2021-03-01,Comercio detallista,Bogotá D.C.,Valor medio-alto,19,73268.49056603774,1392101.320754717,69605.06603773586
5NLDLEZ7X5,2021-04-01,Comercio detallista,Bogotá D.C.,Valor medio-alto,11,73268.49056603774,805953.3962264152,40297.66981132076
5NLDLEZ7X5,2021-05-01,Comercio detallista,Bogotá D.C.,Valor medio-alto,23,73268.49056603774,1685175.283018868,84258.7641509434
5NPUONVBWW,2020-12-01,Comercio detallista,Bogotá D.C.,Valor medio,16,117687.5,1883000.0,94150.0
5NTB5MC01G,2021-03-01,Comercio detallista,Bogotá D.C.,Valor medio-alto,1,378333.3333333333,378333.3333333333,18916.666666666668
5NTB5MC01G,2021-04-01,Comercio detallista,Bogotá D.C.,Valor medio-alto,1,378333.3333333333,378333.3333333333,18916.666666666668
5NTB5MC01G,2021-05-01,Comercio detallista,Bogotá D.C.,Valor medio-alto,1,378333.3333333333,378333.3333333333,18916.666666666668
5O3AP133P3,2021-03-01,Comercio detallista,Bogotá D.C.,Valor medio-alto,10,240000.0,2400000.0,120000.0
5O3AP133P3,2021-04-01,Comercio detallista,Bogotá D.C.,Valor medio-alto,5,240000.0,1200000.0,60000.0
5O3AP133P3,2021-05-01,Comercio detallista,Bogotá D.C.,Valor medio-alto,2,240000.0,480000.0,24000.0
5OHTUDW9HX,2021-03-01,Comercio detallista,Bogotá D.C.,Valor medio-alto,2,270250.0,540500.0,27025.0
5OHTUDW9HX,2021-04-01,Comercio detallista,Bogotá D.C.,Valor medio-alto,1,270250.0,270250.0,13512.5
5OHTUDW9HX,2021-05-01,Comercio detallista,Bogotá D.C.,Valor medio-alto,1,270250.0,270250.0,13512.5
5OO4QR2BA1,2021-02-01,Comercio detallista,Bogotá D.C.,Valor medio-alto,1,169250.0,169250.0,8462.5
5OO4QR2BA1,2021-04-01,Comercio detallista,Bogotá D.C.,Valor medio-alto,1,169250.0,169250.0,8462.5
5OO4QR2BA1,2021-05-01,Comercio detallista,Bogotá D.C.,Valor medio-alto,2,169250.0,338500.0,16925.0
5OSFJZ1QDY,2021-03-01,Transporte,Bogotá D.C.,Valor medio,1,1000.0,1000.0,50.0
5OUE5HJ8I6,2021-03-01,Servicios,Bogotá D.C.,Valor medio-alto,2,266857.14285714284,533714.2857142857,26685.714285714286
5OUE5HJ8I6,2021-04-01,Servicios,Bogotá D.C.,Valor medio-alto,6,266857.14285714284,1601142.857142857,80057.14285714286
5OUE5HJ8I6,2021-05-01,Servicios,Bogotá D.C.,Valor medio-alto,6,266857.14285714284,1601142.857142857,80057.14285714286
5P6UA41LOY,2021-02-01,Comercio detallista,Bogotá D.C.,Valor medio-alto,3,178991.66666666666,536975.0,26848.75
5P6UA41LOY,2021-03-01,Comercio detallista,Bogotá D.C.,Valor medio-alto,5,178991.66666666666,894958.3333333333,44747.916666666664
5P6UA41LOY,2021-04-01,Comercio detallista,Bogotá D.C.,Valor medio-alto,2,178991.66666666666,357983.3333333333,17899.166666666668
5P6UA41LOY,2021-05-01,Comercio detallista,Bogotá D.C.,Valor medio-alto,2,178991.66666666666,357983.3333333333,17899.166666666668
5PGQ5OWQ6X,2021-03-01,Belleza y cuidado personal,Soacha,Valor medio-alto,1,139416.66666666666,139416.66666666666,6970.833333333333
5PGQ5OWQ6X,2021-04-01,Belleza y cuidado personal,Soacha,Valor medio-alto,3,139416.66666666666,418250.0,20912.5
5PGQ5OWQ6X,2021-05-01,Belleza y cuidado personal,Soacha,Valor medio-alto,2,139416.66666666666,278833.3333333333,13941.666666666666
5Q08F527DJ,2021-03-01,Comercio detallista,Bogotá D.C.,Valor medio-alto,3,24730.3125,74190.9375,3709.546875
5Q08F527DJ,2021-04-01,Comercio detallista,Bogotá D.C.,Valor medio-alto,5,24730.3125,123651.5625,6182.578125
5Q08F527DJ,2021-05-01,Comercio detallista,Bogotá D.C.,Valor medio-alto,8,24730.3125,197842.5,9892.125
5Q5PELTATN,2021-03-01,Comercio detallista,Bogotá D.C.,Valor medio,1,59800.0,59800.0,2990.0
5R8ND97JTL,2021-01-01,Reparación y limpieza,Soacha,Valor medio-alto,4,727761.9047619047,2911047.619047619,145552.38095238095
5R8ND97JTL,2020-12-01,Reparación y limpieza,Soacha,Valor medio-alto,5,727761.9047619047,3638809.523809524,181940.4761904762
5R8ND97JTL,2021-02-01,Reparación y limpieza,Soacha,Valor medio-alto,4,727761.9047619047,2911047.619047619,145552.38095238095
5R8ND97JTL,2021-03-01,Reparación y limpieza,Soacha,Valor medio-alto,4,727761.9047619047,2911047.619047619,145552.38095238095
5R8ND97JTL,2021-04-01,Reparación y limpieza,Soacha,Valor medio-alto,3,727761.9047619047,2183285.714285714,109164.28571428571
5R8ND97JTL,2021-05-01,Reparación y limpieza,Soacha,Valor medio-alto,1,727761.9047619047,727761.9047619047,36388.09523809524
5SJ7VK78R7,2021-03-01,Comercio detallista,Bogotá D.C.,Valor medio-alto,32,170746.73913043478,5463895.652173913,273194.7826086957
5SJ7VK78R7,2021-04-01,Comercio detallista,Bogotá D.C.,Valor medio-alto,13,170746.73913043478,2219707.6086956523,110985.38043478262
5SJ7VK78R7,2021-05-01,Comercio detallista,Bogotá D.C.,Valor medio-alto,47,170746.73913043478,8025096.739130435,401254.8369565217
5T9TR5NGI0,2021-02-01,Comercio detallista,Bogotá D.C.,Valor alto,12,129030.05714285714,1548360.6857142858,77418.0342857143
5T9TR5NGI0,2021-03-01,Comercio detallista,Bogotá D.C.,Valor alto,19,129030.05714285714,2451571.0857142857,122578.55428571429
5T9TR5NGI0,2021-04-01,Comercio detallista,Bogotá D.C.,Valor alto,22,129030.05714285714,2838661.257142857,141933.06285714285
5T9TR5NGI0,2021-05-01,Comercio detallista,Bogotá D.C.,Valor alto,17,129030.05714285714,2193510.9714285713,109675.54857142858
5TZ85I92JT,2020-12-01,Belleza y cuidado personal,Bogotá D.C.,Valor medio,2,17000.0,34000.0,1700.0
5UAU1JEZD2,2021-02-01,Comercio detallista,Bogotá D.C.,Valor medio-alto,8,118133.6,945068.8,47253.44
5UAU1JEZD2,2021-03-01,Comercio detallista,Bogotá D.C.,Valor medio-alto,11,118133.6,1299469.6,64973.48000000001
5UAU1JEZD2,2021-04-01,Comercio detallista,Bogotá D.C.,Valor medio-alto,9,118133.6,1063202.4000000001,53160.12000000001
5UAU1JEZD2,2021-05-01,Comercio detallista,Bogotá D.C.,Valor medio-alto,7,118133.6,826935.2000000001,41346.76000000001
5UW5P5Q4NM,2021-03-01,Comercio detallista,Sibaté,Valor medio-alto,2,160666.66666666666,321333.3333333333,16066.666666666666
5UW5P5Q4NM,2021-04-01,Comercio detallista,Sibaté,Valor medio-alto,2,160666.66666666666,321333.3333333333,16066.666666666666
5UW5P5Q4NM,2021-05-01,Comercio detallista,Sibaté,Valor medio-alto,2,160666.66666666666,321333.3333333333,16066.666666666666
5V6M0GXOA0,2021-03-01,Belleza y cuidado personal,Bogotá D.C.,Valor medio-alto,4,32272.727272727272,129090.90909090909,6454.545454545455
5V6M0GXOA0,2021-04-01,Belleza y cuidado personal,Bogotá D.C.,Valor medio-alto,7,32272.727272727272,225909.0909090909,11295.454545454546
5V6M0GXOA0,2021-05-01,Belleza y cuidado personal,Bogotá D.C.,Valor medio-alto,11,32272.727272727272,355000.0,17750.0
5VJP2X335Y,2021-03-01,Servicios,Bogotá D.C.,Valor medio-alto,2,54666.666666666664,109333.33333333333,5466.666666666667
5VJP2X335Y,2021-04-01,Servicios,Bogotá D.C.,Valor medio-alto,1,54666.666666666664,54666.666666666664,2733.3333333333335
5VWPU1IE4P,2021-03-01,Comercio detallista,Bogotá D.C.,Valor medio,3,598000.0,1794000.0,89700.0
5WGXUE0XFY,2021-01-01,Comercio detallista,Bogotá D.C.,Valor medio-alto,6,141400.0,848400.0,42420.0
5WGXUE0XFY,2020-12-01,Comercio detallista,Bogotá D.C.,Valor medio-alto,3,141400.0,424200.0,21210.0
5WGXUE0XFY,2021-02-01,Comercio detallista,Bogotá D.C.,Valor medio-alto,1,141400.0,141400.0,7070.0
5WGXUE0XFY,2021-03-01,Comercio detallista,Bogotá D.C.,Valor medio-alto,4,141400.0,565600.0,28280.0
5WGXUE0XFY,2021-04-01,Comercio detallista,Bogotá D.C.,Valor medio-alto,3,141400.0,424200.0,21210.0
5WGXUE0XFY,2021-05-01,Comercio detallista,Bogotá D.C.,Valor medio-alto,2,141400.0,282800.0,14140.0
5WYKO753KY,2021-03-01,Servicios,Bogotá D.C.,Valor medio-alto,3,845666.6666666666,2537000.0,126850.0
5WYKO753KY,2021-04-01,Servicios,Bogotá D.C.,Valor medio-alto,1,845666.6666666666,845666.6666666666,42283.333333333336
5WYKO753KY,2021-05-01,Servicios,Bogotá D.C.,Valor medio-alto,2,845666.6666666666,1691333.3333333333,84566.66666666667
5WZMLVT713,2021-03-01,Comercio detallista,Bogotá D.C.,Valor medio-alto,5,29133.333333333332,145666.66666666666,7283.333333333333
5WZMLVT713,2021-04-01,Comercio detallista,Bogotá D.C.,Valor medio-alto,5,29133.333333333332,145666.66666666666,7283.333333333333
5WZMLVT713,2021-05-01,Comercio detallista,Bogotá D.C.,Valor medio-alto,5,29133.333333333332,145666.66666666666,7283.333333333333
5X2Y9U2S7M,2021-03-01,Comercio detallista,Bogotá D.C.,Valor medio-alto,3,73571.42857142857,220714.28571428568,11035.714285714284
5X2Y9U2S7M,2021-04-01,Comercio detallista,Bogotá D.C.,Valor medio-alto,1,73571.42857142857,73571.42857142857,3678.5714285714284
5X2Y9U2S7M,2021-05-01,Comercio detallista,Bogotá D.C.,Valor medio-alto,3,73571.42857142857,220714.28571428568,11035.714285714284
5X3XBU6Y1W,2021-03-01,Alimentos y bebidas,Bogotá D.C.,Valor medio-alto,37,36741.93548387097,1359451.612903226,67972.5806451613
5X3XBU6Y1W,2021-04-01,Alimentos y bebidas,Bogotá D.C.,Valor medio-alto,36,36741.93548387097,1322709.677419355,66135.48387096774
5X3XBU6Y1W,2021-05-01,Alimentos y bebidas,Bogotá D.C.,Valor medio-alto,51,36741.93548387097,1873838.7096774194,93691.93548387097
5XGE6YDY25,2021-03-01,Servicios,Bogotá D.C.,Valor medio,1,2000.0,2000.0,100.0
5XXKS7NFE6,2021-01-01,Reparación y limpieza,Soacha,Valor medio-alto,1,114625.0,114625.0,5731.25
5XXKS7NFE6,2021-02-01,Reparación y limpieza,Soacha,Valor medio-alto,2,114625.0,229250.0,11462.5
5XXKS7NFE6,2021-03-01,Reparación y limpieza,Soacha,Valor medio-alto,2,114625.0,229250.0,11462.5
5XXKS7NFE6,2021-04-01,Reparación y limpieza,Soacha,Valor medio-alto,2,114625.0,229250.0,11462.5
5XXKS7NFE6,2021-05-01,Reparación y limpieza,Soacha,Valor medio-alto,1,114625.0,114625.0,5731.25
5XYFYEPI0Y,2021-02-01,Comercio detallista,Bogotá D.C.,Valor medio-alto,10,64558.82352941176,645588.2352941176,32279.41176470588
5XYFYEPI0Y,2021-03-01,Comercio detallista,Bogotá D.C.,Valor medio-alto,28,64558.82352941176,1807647.0588235294,90382.35294117648
5XYFYEPI0Y,2021-04-01,Comercio detallista,Bogotá D.C.,Valor medio-alto,19,64558.82352941176,1226617.6470588234,61330.882352941175
5XYFYEPI0Y,2021-05-01,Comercio detallista,Bogotá D.C.,Valor medio-alto,45,64558.82352941176,2905147.058823529,145257.35294117648
5YI7WTR7RA,2021-01-01,Comercio detallista,Bogotá D.C.,Valor medio-alto,8,199333.33333333334,1594666.6666666667,79733.33333333334
5YI7WTR7RA,2021-02-01,Comercio detallista,Bogotá D.C.,Valor medio-alto,14,199333.33333333334,2790666.666666667,139533.33333333334
5YI7WTR7RA,2021-03-01,Comercio detallista,Bogotá D.C.,Valor medio-alto,10,199333.33333333334,1993333.3333333335,99666.66666666669
5YI7WTR7RA,2021-04-01,Comercio detallista,Bogotá D.C.,Valor medio-alto,10,199333.33333333334,1993333.3333333335,99666.66666666669
5YI7WTR7RA,2021-05-01,Comercio detallista,Bogotá D.C.,Valor medio-alto,3,199333.33333333334,598000.0,29900.0
60B1N8AIZJ,2021-04-01,Belleza y cuidado personal,Bogotá D.C.,Valor medio-alto,2,71058.33333333333,142116.66666666666,7105.833333333333
60B1N8AIZJ,2021-05-01,Belleza y cuidado personal,Bogotá D.C.,Valor medio-alto,4,71058.33333333333,284233.3333333333,14211.666666666666
60D63QA8XY,2021-03-01,Belleza y cuidado personal,Bogotá D.C.,Valor medio-alto,8,65391.30434782609,523130.4347826087,26156.521739130436
60D63QA8XY,2021-04-01,Belleza y cuidado personal,Bogotá D.C.,Valor medio-alto,7,65391.30434782609,457739.1304347826,22886.956521739132
60D63QA8XY,2021-05-01,Belleza y cuidado personal,Bogotá D.C.,Valor medio-alto,8,65391.30434782609,523130.4347826087,26156.521739130436
60G7MZYD3B,2021-03-01,Comercio detallista,Bogotá D.C.,Valor medio-alto,1,953207.5757575758,953207.5757575758,47660.37878787879
60G7MZYD3B,2021-04-01,Comercio detallista,Bogotá D.C.,Valor medio-alto,12,953207.5757575758,11438490.90909091,571924.5454545455
60G7MZYD3B,2021-05-01,Comercio detallista,Bogotá D.C.,Valor medio-alto,20,953207.5757575758,19064151.515151516,953207.5757575758
60ZSZO6Q8Z,2021-01-01,Comercio detallista,Bogotá D.C.,Valor medio,5,2205979.8,11029899.0,551494.9500000001
612MV0PYZ7,2021-03-01,Comercio detallista,Bogotá D.C.,Valor medio-alto,6,551721.4285714285,3310328.571428571,165516.42857142855
612MV0PYZ7,2021-04-01,Comercio detallista,Bogotá D.C.,Valor medio-alto,5,551721.4285714285,2758607.1428571427,137930.35714285713
612MV0PYZ7,2021-05-01,Comercio detallista,Bogotá D.C.,Valor medio-alto,3,551721.4285714285,1655164.2857142854,82758.21428571428
61454Z9G5W,2021-02-01,Comercio detallista,Bogotá D.C.,Valor medio-alto,1,173333.33333333334,173333.33333333334,8666.666666666668
61454Z9G5W,2021-03-01,Comercio detallista,Bogotá D.C.,Valor medio-alto,2,173333.33333333334,346666.6666666667,17333.333333333336
61KIA4DFWF,2021-01-01,Belleza y cuidado personal,Bogotá D.C.,Valor medio,1,441000.0,441000.0,22050.0
61KIA4DFWF,2021-02-01,Belleza y cuidado personal,Bogotá D.C.,Valor medio,1,441000.0,441000.0,22050.0
61LP1C9FL8,2021-03-01,Servicios,Bogotá D.C.,Valor medio-alto,4,29677.777777777777,118711.11111111111,5935.555555555556
61LP1C9FL8,2021-04-01,Servicios,Bogotá D.C.,Valor medio-alto,3,29677.777777777777,89033.33333333333,4451.666666666667
61LP1C9FL8,2021-05-01,Servicios,Bogotá D.C.,Valor medio-alto,2,29677.777777777777,59355.555555555555,2967.777777777778
6271HQZ27N,2021-02-01,Alimentos y bebidas,Bogotá D.C.,Valor medio-alto,6,37416.21621621621,224497.29729729728,11224.864864864865
6271HQZ27N,2021-03-01,Alimentos y bebidas,Bogotá D.C.,Valor medio-alto,7,37416.21621621621,261913.5135135135,13095.675675675675
6271HQZ27N,2021-04-01,Alimentos y bebidas,Bogotá D.C.,Valor medio-alto,11,37416.21621621621,411578.37837837834,20578.91891891892
6271HQZ27N,2021-05-01,Alimentos y bebidas,Bogotá D.C.,Valor medio-alto,13,37416.21621621621,486410.81081081077,24320.54054054054
62D3OJM728,2021-03-01,Comercio detallista,Bogotá D.C.,Valor medio-alto,3,25500.0,76500.0,3825.0
62D3OJM728,2021-05-01,Comercio detallista,Bogotá D.C.,Valor medio-alto,1,25500.0,25500.0,1275.0
62G5WVMRH3,2021-03-01,Comercio detallista,Bogotá D.C.,Valor medio-alto,2,236545.45454545456,473090.9090909091,23654.545454545456
62G5WVMRH3,2021-04-01,Comercio detallista,Bogotá D.C.,Valor medio-alto,5,236545.45454545456,1182727.2727272727,59136.36363636364
62G5WVMRH3,2021-05-01,Comercio detallista,Bogotá D.C.,Valor medio-alto,4,236545.45454545456,946181.8181818182,47309.09090909091
62LQJXETAX,2021-01-01,Servicios,Bogotá D.C.,Valor medio-alto,5,272961.53846153844,1364807.6923076923,68240.38461538461
62LQJXETAX,2020-12-01,Servicios,Bogotá D.C.,Valor medio-alto,3,272961.53846153844,818884.6153846153,40944.230769230766
62LQJXETAX,2021-02-01,Servicios,Bogotá D.C.,Valor medio-alto,4,272961.53846153844,1091846.1538461538,54592.30769230769
62LQJXETAX,2021-03-01,Servicios,Bogotá D.C.,Valor medio-alto,10,272961.53846153844,2729615.3846153845,136480.76923076922
62LQJXETAX,2021-04-01,Servicios,Bogotá D.C.,Valor medio-alto,2,272961.53846153844,545923.0769230769,27296.153846153844
62LQJXETAX,2021-05-01,Servicios,Bogotá D.C.,Valor medio-alto,2,272961.53846153844,545923.0769230769,27296.153846153844
63O84O4G1G,2021-03-01,Belleza y cuidado personal,Bogotá D.C.,Valor medio-alto,1,426600.0,426600.0,21330.0
63O84O4G1G,2021-04-01,Belleza y cuidado personal,Bogotá D.C.,Valor medio-alto,2,426600.0,853200.0,42660.0
63O84O4G1G,2021-05-01,Belleza y cuidado personal,Bogotá D.C.,Valor medio-alto,2,426600.0,853200.0,42660.0
63SL7IDTGS,2021-03-01,Servicios,Bogotá D.C.,Valor medio-alto,3,1025800.0,3077400.0,153870.0
63SL7IDTGS,2021-04-01,Servicios,Bogotá D.C.,Valor medio-alto,3,1025800.0,3077400.0,153870.0
63SL7IDTGS,2021-05-01,Servicios,Bogotá D.C.,Valor medio-alto,4,1025800.0,4103200.0,205160.0
63WBCXK3U8,2021-03-01,Alimentos y bebidas,Bogotá D.C.,Valor medio-alto,237,69996.86847599165,16589257.828810021,829462.8914405011
63WBCXK3U8,2021-04-01,Alimentos y bebidas,Bogotá D.C.,Valor medio-alto,148,69996.86847599165,10359536.534446765,517976.8267223383
63WBCXK3U8,2021-05-01,Alimentos y bebidas,Bogotá D.C.,Valor medio-alto,94,69996.86847599165,6579705.636743215,328985.28183716076
63WOMQ8TRS,2021-03-01,Belleza y cuidado personal,Bogotá D.C.,Valor medio,1,2000.0,2000.0,100.0
65CA3QS9D9,2021-03-01,Comercio detallista,Bogotá D.C.,Valor medio-alto,1,133666.66666666666,133666.66666666666,6683.333333333333
65CA3QS9D9,2021-05-01,Comercio detallista,Bogotá D.C.,Valor medio-alto,2,133666.66666666666,267333.3333333333,13366.666666666666
66R1AH4VYO,2021-02-01,Comercio detallista,Soacha,Valor medio-alto,12,104561.40350877192,1254736.8421052631,62736.84210526316
66R1AH4VYO,2021-03-01,Comercio detallista,Soacha,Valor medio-alto,12,104561.40350877192,1254736.8421052631,62736.84210526316
66R1AH4VYO,2021-04-01,Comercio detallista,Soacha,Valor medio-alto,15,104561.40350877192,1568421.0526315789,78421.05263157895
66R1AH4VYO,2021-05-01,Comercio detallista,Soacha,Valor medio-alto,18,104561.40350877192,1882105.2631578946,94105.26315789473
66YY89Z2JP,2021-03-01,Comercio detallista,Bogotá D.C.,Valor medio,1,2000.0,2000.0,100.0
68ENKIFD0R,2021-03-01,Turismo y entretenimiento,Bogotá D.C.,Valor medio-alto,2,286000.0,572000.0,28600.0
68ENKIFD0R,2021-04-01,Turismo y entretenimiento,Bogotá D.C.,Valor medio-alto,1,286000.0,286000.0,14300.0
68ENKIFD0R,2021-05-01,Turismo y entretenimiento,Bogotá D.C.,Valor medio-alto,2,286000.0,572000.0,28600.0
68RONX4D21,2021-03-01,Comercio detallista,Bogotá D.C.,Valor medio,3,1000.0,3000.0,150.0
68Z1PVOS5D,2021-03-01,Comercio detallista,Bogotá D.C.,Valor medio-alto,3,426166.6666666667,1278500.0,63925.0
68Z1PVOS5D,2021-04-01,Comercio detallista,Bogotá D.C.,Valor medio-alto,2,426166.6666666667,852333.3333333334,42616.66666666667
68Z1PVOS5D,2021-05-01,Comercio detallista,Bogotá D.C.,Valor medio-alto,1,426166.6666666667,426166.6666666667,21308.333333333336
69CXZXA0ES,2021-03-01,Comercio detallista,Bogotá D.C.,Valor medio,2,1500.0,3000.0,150.0
69GONJ7WL7,2021-03-01,Alimentos y bebidas,Bogotá D.C.,Valor medio-alto,1,22375.0,22375.0,1118.75
69GONJ7WL7,2021-04-01,Alimentos y bebidas,Bogotá D.C.,Valor medio-alto,12,22375.0,268500.0,13425.0
69GONJ7WL7,2021-05-01,Alimentos y bebidas,Bogotá D.C.,Valor medio-alto,3,22375.0,67125.0,3356.25
69MT1AWUC0,2021-02-01,Comercio detallista,Bogotá D.C.,Valor medio-alto,12,40317.857142857145,483814.28571428574,24190.71428571429
69MT1AWUC0,2021-03-01,Comercio detallista,Bogotá D.C.,Valor medio-alto,14,40317.857142857145,564450.0,28222.5
69MT1AWUC0,2021-04-01,Comercio detallista,Bogotá D.C.,Valor medio-alto,16,40317.857142857145,645085.7142857143,32254.285714285717
69MT1AWUC0,2021-05-01,Comercio detallista,Bogotá D.C.,Valor medio-alto,14,40317.857142857145,564450.0,28222.5
6ADR80VQ0A,2021-03-01,Transporte,Bogotá D.C.,Valor medio,1,1000.0,1000.0,50.0
6B2D9VRWTJ,2021-02-01,Comercio detallista,Bogotá D.C.,Valor medio,2,174000.0,348000.0,17400.0
6B38CXLP7A,2021-03-01,Comercio detallista,Bogotá D.C.,Valor medio-alto,2,895571.4285714285,1791142.857142857,89557.14285714286
6B38CXLP7A,2021-04-01,Comercio detallista,Bogotá D.C.,Valor medio-alto,6,895571.4285714285,5373428.571428571,268671.4285714286
6B38CXLP7A,2021-05-01,Comercio detallista,Bogotá D.C.,Valor medio-alto,6,895571.4285714285,5373428.571428571,268671.4285714286
6BAZ76R4PD,2021-02-01,Transporte,Cali,Valor medio-alto,1,36250.0,36250.0,1812.5
6BAZ76R4PD,2021-03-01,Transporte,Cali,Valor medio-alto,4,36250.0,145000.0,7250.0
6BAZ76R4PD,2021-05-01,Transporte,Cali,Valor medio-alto,1,36250.0,36250.0,1812.5
6BO83N44HG,2021-03-01,Belleza y cuidado personal,Soacha,Valor medio-alto,1,217000.0,217000.0,10850.0
6BO83N44HG,2021-04-01,Belleza y cuidado personal,Soacha,Valor medio-alto,2,217000.0,434000.0,21700.0
6BO83N44HG,2021-05-01,Belleza y cuidado personal,Soacha,Valor medio-alto,9,217000.0,1953000.0,97650.0
6C3WG23EG2,2021-03-01,Alimentos y bebidas,Bogotá D.C.,Valor medio-alto,20,42111.971830985916,842239.4366197183,42111.971830985916
6C3WG23EG2,2021-04-01,Alimentos y bebidas,Bogotá D.C.,Valor medio-alto,23,42111.971830985916,968575.352112676,48428.7676056338
6C3WG23EG2,2021-05-01,Alimentos y bebidas,Bogotá D.C.,Valor medio-alto,28,42111.971830985916,1179135.2112676057,58956.76056338029
6C5VWLS2HH,2021-03-01,Reparación y limpieza,Bogotá D.C.,Valor medio-alto,8,63100.0,504800.0,25240.0
6C5VWLS2HH,2021-04-01,Reparación y limpieza,Bogotá D.C.,Valor medio-alto,1,63100.0,63100.0,3155.0
6C5VWLS2HH,2021-05-01,Reparación y limpieza,Bogotá D.C.,Valor medio-alto,1,63100.0,63100.0,3155.0
6CCTXYY95I,2021-03-01,Reparación y limpieza,Bogotá D.C.,Valor medio-alto,4,357857.14285714284,1431428.5714285714,71571.42857142857
6CCTXYY95I,2021-04-01,Reparación y limpieza,Bogotá D.C.,Valor medio-alto,1,357857.14285714284,357857.14285714284,17892.85714285714
6CCTXYY95I,2021-05-01,Reparación y limpieza,Bogotá D.C.,Valor medio-alto,2,357857.14285714284,715714.2857142857,35785.71428571428
6CH8C929DI,2021-03-01,Comercio detallista,Bogotá D.C.,Valor medio,2,15500.0,31000.0,1550.0
6D6LEAFBPP,2021-03-01,Servicios,Bogotá D.C.,Valor medio-alto,2,860366.6666666666,1720733.3333333333,86036.66666666667
6D6LEAFBPP,2021-04-01,Servicios,Bogotá D.C.,Valor medio-alto,1,860366.6666666666,860366.6666666666,43018.333333333336
6D6LEAFBPP,2021-05-01,Servicios,Bogotá D.C.,Valor medio-alto,12,860366.6666666666,10324400.0,516220.0
6DIT6L8BRF,2021-03-01,Comercio detallista,Bogotá D.C.,Valor medio-alto,3,713175.0,2139525.0,106976.25
6DIT6L8BRF,2021-04-01,Comercio detallista,Bogotá D.C.,Valor medio-alto,4,713175.0,2852700.0,142635.0
6DIT6L8BRF,2021-05-01,Comercio detallista,Bogotá D.C.,Valor medio-alto,1,713175.0,713175.0,35658.75
6DSA0HVH5P,2021-01-01,Comercio detallista,Bogotá D.C.,Valor medio-alto,4,77800.0,311200.0,15560.0
6DSA0HVH5P,2021-02-01,Comercio detallista,Bogotá D.C.,Valor medio-alto,4,77800.0,311200.0,15560.0
6DSA0HVH5P,2021-03-01,Comercio detallista,Bogotá D.C.,Valor medio-alto,3,77800.0,233400.0,11670.0
6DSA0HVH5P,2021-04-01,Comercio detallista,Bogotá D.C.,Valor medio-alto,1,77800.0,77800.0,3890.0
6DSA0HVH5P,2021-05-01,Comercio detallista,Bogotá D.C.,Valor medio-alto,3,77800.0,233400.0,11670.0
6F1YSR6QRA,2021-01-01,Alimentos y bebidas,Bogotá D.C.,Valor medio-alto,3,37994.0,113982.0,5699.1
6F1YSR6QRA,2020-12-01,Alimentos y bebidas,Bogotá D.C.,Valor medio-alto,4,37994.0,151976.0,7598.8
6F1YSR6QRA,2021-02-01,Alimentos y bebidas,Bogotá D.C.,Valor medio-alto,7,37994.0,265958.0,13297.900000000001
6F1YSR6QRA,2021-03-01,Alimentos y bebidas,Bogotá D.C.,Valor medio-alto,1,37994.0,37994.0,1899.7
6F1YSR6QRA,2021-04-01,Alimentos y bebidas,Bogotá D.C.,Valor medio-alto,10,37994.0,379940.0,18997.0
6F1YSR6QRA,2021-05-01,Alimentos y bebidas,Bogotá D.C.,Valor medio-alto,15,37994.0,569910.0,28495.5
6FGX3A5PTO,2021-03-01,Alimentos y bebidas,Bogotá D.C.,Valor medio-alto,9,142552.9411764706,1282976.4705882354,64148.82352941178
6FGX3A5PTO,2021-04-01,Alimentos y bebidas,Bogotá D.C.,Valor medio-alto,3,142552.9411764706,427658.8235294118,21382.94117647059
6FGX3A5PTO,2021-05-01,Alimentos y bebidas,Bogotá D.C.,Valor medio-alto,5,142552.9411764706,712764.705882353,35638.23529411765
6FPBCBCBR6,2021-03-01,Alimentos y bebidas,Bogotá D.C.,Valor medio-alto,9,30242.125,272179.125,13608.956250000001
6FPBCBCBR6,2021-04-01,Alimentos y bebidas,Bogotá D.C.,Valor medio-alto,19,30242.125,574600.375,28730.018750000003
6FPBCBCBR6,2021-05-01,Alimentos y bebidas,Bogotá D.C.,Valor medio-alto,12,30242.125,362905.5,18145.275
6G0AX2PWQ1,2021-03-01,Transporte,Bogotá D.C.,Valor medio,1,1000.0,1000.0,50.0
6GI49VGELH,2021-03-01,Alimentos y bebidas,La Mesa,Valor medio-alto,4,144025.92592592593,576103.7037037037,28805.185185185186
6GI49VGELH,2021-04-01,Alimentos y bebidas,La Mesa,Valor medio-alto,6,144025.92592592593,864155.5555555555,43207.77777777778
6GI49VGELH,2021-05-01,Alimentos y bebidas,La Mesa,Valor medio-alto,17,144025.92592592593,2448440.7407407407,122422.03703703704
6GOYSKZN4A,2021-03-01,Alimentos y bebidas,Choachí,Valor medio-alto,3,68480.95238095238,205442.85714285716,10272.142857142859
6GOYSKZN4A,2021-04-01,Alimentos y bebidas,Choachí,Valor medio-alto,27,68480.95238095238,1848985.7142857143,92449.28571428572
6GOYSKZN4A,2021-05-01,Alimentos y bebidas,Choachí,Valor medio-alto,33,68480.95238095238,2259871.4285714286,112993.57142857143
6GRPQXR5QQ,2021-03-01,Alimentos y bebidas,Bogotá D.C.,Valor medio-alto,1,51025.0,51025.0,2551.25
6GRPQXR5QQ,2021-04-01,Alimentos y bebidas,Bogotá D.C.,Valor medio-alto,4,51025.0,204100.0,10205.0
6GRPQXR5QQ,2021-05-01,Alimentos y bebidas,Bogotá D.C.,Valor medio-alto,3,51025.0,153075.0,7653.75
6H1TYTVCAO,2021-03-01,Comercio detallista,Bogotá D.C.,Valor medio,1,1000.0,1000.0,50.0
6HNN0LETDC,2021-01-01,Reparación y limpieza,Bogotá D.C.,Valor medio-alto,3,55250.0,165750.0,8287.5
6HNN0LETDC,2021-02-01,Reparación y limpieza,Bogotá D.C.,Valor medio-alto,5,55250.0,276250.0,13812.5
6HNN0LETDC,2021-03-01,Reparación y limpieza,Bogotá D.C.,Valor medio-alto,9,55250.0,497250.0,24862.5
6HNN0LETDC,2021-04-01,Reparación y limpieza,Bogotá D.C.,Valor medio-alto,4,55250.0,221000.0,11050.0
6HNN0LETDC,2021-05-01,Reparación y limpieza,Bogotá D.C.,Valor medio-alto,7,55250.0,386750.0,19337.5
6HWU32GZ2S,2021-03-01,Comercio detallista,Soacha,Valor medio-alto,3,217875.0,653625.0,32681.25
6HWU32GZ2S,2021-04-01,Comercio detallista,Soacha,Valor medio-alto,4,217875.0,871500.0,43575.0
6HWU32GZ2S,2021-05-01,Comercio detallista,Soacha,Valor medio-alto,1,217875.0,217875.0,10893.75
6JVV2H9RRG,2021-03-01,Comercio detallista,Soacha,Valor medio-alto,3,879349.9523809524,2638049.8571428573,131902.49285714288
6JVV2H9RRG,2021-04-01,Comercio detallista,Soacha,Valor medio-alto,11,879349.9523809524,9672849.476190478,483642.4738095239
6JVV2H9RRG,2021-05-01,Comercio detallista,Soacha,Valor medio-alto,7,879349.9523809524,6155449.666666667,307772.48333333334
6K8MFS8NDA,2021-03-01,Comercio detallista,Bogotá D.C.,Valor medio-alto,1,183375.0,183375.0,9168.75
6K8MFS8NDA,2021-04-01,Comercio detallista,Bogotá D.C.,Valor medio-alto,2,183375.0,366750.0,18337.5
6K8MFS8NDA,2021-05-01,Comercio detallista,Bogotá D.C.,Valor medio-alto,5,183375.0,916875.0,45843.75
6KGP8MABR4,2021-03-01,Comercio detallista,Bogotá D.C.,Valor medio,3,26375.0,79125.0,3956.25
6KGP8MABR4,2021-04-01,Comercio detallista,Bogotá D.C.,Valor medio,1,26375.0,26375.0,1318.75
6KHRNF6P7R,2021-03-01,Comercio detallista,Bogotá D.C.,Valor medio-alto,3,827400.0,2482200.0,124110.0
6KHRNF6P7R,2021-04-01,Comercio detallista,Bogotá D.C.,Valor medio-alto,1,827400.0,827400.0,41370.0
6KHRNF6P7R,2021-05-01,Comercio detallista,Bogotá D.C.,Valor medio-alto,1,827400.0,827400.0,41370.0
6KJOYO84M8,2021-03-01,Alimentos y bebidas,Funza,Valor medio-alto,1,35863.63636363636,35863.63636363636,1793.181818181818
6KJOYO84M8,2021-04-01,Alimentos y bebidas,Funza,Valor medio-alto,6,35863.63636363636,215181.81818181818,10759.09090909091
6KJOYO84M8,2021-05-01,Alimentos y bebidas,Funza,Valor medio-alto,4,35863.63636363636,143454.54545454544,7172.727272727272
6L99AGJHH4,2021-03-01,Comercio detallista,Bogotá D.C.,Valor medio,1,1000.0,1000.0,50.0
6LD30NM8O9,2021-02-01,Alimentos y bebidas,Bogotá D.C.,Valor medio-alto,6,49702.89855072464,298217.39130434784,14910.869565217392
6LD30NM8O9,2021-03-01,Alimentos y bebidas,Bogotá D.C.,Valor medio-alto,37,49702.89855072464,1839007.2463768118,91950.36231884059
6LD30NM8O9,2021-04-01,Alimentos y bebidas,Bogotá D.C.,Valor medio-alto,39,49702.89855072464,1938413.043478261,96920.65217391305
6LD30NM8O9,2021-05-01,Alimentos y bebidas,Bogotá D.C.,Valor medio-alto,56,49702.89855072464,2783362.31884058,139168.11594202902
6LG4ZFETCV,2021-01-01,Alimentos y bebidas,Bogotá D.C.,Valor medio-alto,1,17067.85714285714,17067.85714285714,853.3928571428571
6LG4ZFETCV,2020-12-01,Alimentos y bebidas,Bogotá D.C.,Valor medio-alto,1,17067.85714285714,17067.85714285714,853.3928571428571
6LG4ZFETCV,2021-02-01,Alimentos y bebidas,Bogotá D.C.,Valor medio-alto,8,17067.85714285714,136542.85714285713,6827.142857142857
6LG4ZFETCV,2021-03-01,Alimentos y bebidas,Bogotá D.C.,Valor medio-alto,3,17067.85714285714,51203.57142857142,2560.178571428571
6LG4ZFETCV,2021-04-01,Alimentos y bebidas,Bogotá D.C.,Valor medio-alto,7,17067.85714285714,119474.99999999999,5973.75
6LG4ZFETCV,2021-05-01,Alimentos y bebidas,Bogotá D.C.,Valor medio-alto,8,17067.85714285714,136542.85714285713,6827.142857142857
6LHUXX86FS,2021-03-01,Belleza y cuidado personal,Bogotá D.C.,Valor medio-alto,3,34700.0,104100.0,5205.0
6LHUXX86FS,2021-04-01,Belleza y cuidado personal,Bogotá D.C.,Valor medio-alto,1,34700.0,34700.0,1735.0
6LHUXX86FS,2021-05-01,Belleza y cuidado personal,Bogotá D.C.,Valor medio-alto,1,34700.0,34700.0,1735.0
6LJNP7MCG5,2021-03-01,Comercio detallista,Bogotá D.C.,Valor medio-alto,5,311933.0833333333,1559665.4166666665,77983.27083333333
6LJNP7MCG5,2021-04-01,Comercio detallista,Bogotá D.C.,Valor medio-alto,4,311933.0833333333,1247732.3333333333,62386.61666666667
6LJNP7MCG5,2021-05-01,Comercio detallista,Bogotá D.C.,Valor medio-alto,3,311933.0833333333,935799.25,46789.9625
6LTBMBN8NC,2021-03-01,Reparación y limpieza,Fusagasugá,Valor medio-alto,2,136545.45454545456,273090.9090909091,13654.545454545456
6LTBMBN8NC,2021-04-01,Reparación y limpieza,Fusagasugá,Valor medio-alto,5,136545.45454545456,682727.2727272728,34136.36363636364
6LTBMBN8NC,2021-05-01,Reparación y limpieza,Fusagasugá,Valor medio-alto,4,136545.45454545456,546181.8181818182,27309.09090909091
6LUXMSBYCK,2021-01-01,Comercio detallista,Bogotá D.C.,Valor medio-alto,2,161374.32432432432,322748.64864864864,16137.432432432433
6LUXMSBYCK,2021-02-01,Comercio detallista,Bogotá D.C.,Valor medio-alto,13,161374.32432432432,2097866.2162162163,104893.31081081083
6LUXMSBYCK,2021-03-01,Comercio detallista,Bogotá D.C.,Valor medio-alto,12,161374.32432432432,1936491.8918918918,96824.5945945946
6LUXMSBYCK,2021-04-01,Comercio detallista,Bogotá D.C.,Valor medio-alto,9,161374.32432432432,1452368.9189189188,72618.44594594595
6LUXMSBYCK,2021-05-01,Comercio detallista,Bogotá D.C.,Valor medio-alto,1,161374.32432432432,161374.32432432432,8068.716216216217
6MUXAOTO28,2021-01-01,Servicios,Bogotá D.C.,Valor medio,1,2000.0,2000.0,100.0
6N0H9X7LAL,2021-03-01,Comercio detallista,Bogotá D.C.,Valor medio,1,2000.0,2000.0,100.0
6NG2IZHSH9,2021-03-01,Comercio detallista,Bogotá D.C.,Valor medio,1,2000.0,2000.0,100.0
6NG2IZHSH9,2021-04-01,Comercio detallista,Bogotá D.C.,Valor medio,1,2000.0,2000.0,100.0
6NH5UYUQPI,2021-02-01,Reparación y limpieza,Soacha,Valor medio-alto,3,911734.3181818182,2735202.9545454546,136760.14772727274
6NH5UYUQPI,2021-03-01,Reparación y limpieza,Soacha,Valor medio-alto,10,911734.3181818182,9117343.181818182,455867.1590909091
6NH5UYUQPI,2021-04-01,Reparación y limpieza,Soacha,Valor medio-alto,4,911734.3181818182,3646937.272727273,182346.86363636365
6NH5UYUQPI,2021-05-01,Reparación y limpieza,Soacha,Valor medio-alto,5,911734.3181818182,4558671.590909091,227933.57954545456
6O46N9MHC5,2021-01-01,Comercio detallista,Bogotá D.C.,Valor medio-alto,1,504055.55555555556,504055.55555555556,25202.77777777778
6O46N9MHC5,2021-02-01,Comercio detallista,Bogotá D.C.,Valor medio-alto,3,504055.55555555556,1512166.6666666667,75608.33333333334
6O46N9MHC5,2021-03-01,Comercio detallista,Bogotá D.C.,Valor medio-alto,6,504055.55555555556,3024333.3333333335,151216.6666666667
6O46N9MHC5,2021-04-01,Comercio detallista,Bogotá D.C.,Valor medio-alto,2,504055.55555555556,1008111.1111111111,50405.55555555556
6O46N9MHC5,2021-05-01,Comercio detallista,Bogotá D.C.,Valor medio-alto,6,504055.55555555556,3024333.3333333335,151216.6666666667
6OB6EAIZ1W,2021-03-01,Comercio detallista,Madrid,Valor medio-alto,4,1251116.6666666667,5004466.666666667,250223.33333333337
6OB6EAIZ1W,2021-04-01,Comercio detallista,Madrid,Valor medio-alto,2,1251116.6666666667,2502233.3333333335,125111.66666666669
6ONO0CBH7X,2021-01-01,Comercio detallista,Soacha,Valor medio-alto,3,56747.619047619046,170242.85714285713,8512.142857142857
6ONO0CBH7X,2021-02-01,Comercio detallista,Soacha,Valor medio-alto,2,56747.619047619046,113495.23809523809,5674.761904761905
6ONO0CBH7X,2021-03-01,Comercio detallista,Soacha,Valor medio-alto,7,56747.619047619046,397233.3333333333,19861.666666666668
6ONO0CBH7X,2021-04-01,Comercio detallista,Soacha,Valor medio-alto,2,56747.619047619046,113495.23809523809,5674.761904761905
6ONO0CBH7X,2021-05-01,Comercio detallista,Soacha,Valor medio-alto,7,56747.619047619046,397233.3333333333,19861.666666666668
6OV39AQ6SZ,2021-03-01,Reparación y limpieza,Bogotá D.C.,Valor medio-alto,2,36537.5,73075.0,3653.75
6OV39AQ6SZ,2021-05-01,Reparación y limpieza,Bogotá D.C.,Valor medio-alto,2,36537.5,73075.0,3653.75
6PDAJ0HTJK,2021-03-01,Servicios,Soacha,Valor alto,5,174987.03703703705,874935.1851851853,43746.75925925927
6PDAJ0HTJK,2021-04-01,Servicios,Soacha,Valor alto,12,174987.03703703705,2099844.4444444445,104992.22222222223
6PDAJ0HTJK,2021-05-01,Servicios,Soacha,Valor alto,10,174987.03703703705,1749870.3703703706,87493.51851851854
6PN5UVOT9X,2021-02-01,Servicios,Bogotá D.C.,Valor medio,1,2000.0,2000.0,100.0
6PXSUO8JYJ,2021-03-01,Comercio detallista,Cajicá,Valor medio-alto,3,102538.46153846153,307615.3846153846,15380.769230769232
6PXSUO8JYJ,2021-04-01,Comercio detallista,Cajicá,Valor medio-alto,5,102538.46153846153,512692.30769230763,25634.615384615383
6PXSUO8JYJ,2021-05-01,Comercio detallista,Cajicá,Valor medio-alto,5,102538.46153846153,512692.30769230763,25634.615384615383
6Q11YM9F8F,2021-03-01,Transporte,Cali,Valor medio-alto,2,205980.0,411960.0,20598.0
6Q11YM9F8F,2021-05-01,Transporte,Cali,Valor medio-alto,3,205980.0,617940.0,30897.0
6R8RD080AG,2021-03-01,Servicios,Soacha,Valor medio,1,158500.0,158500.0,7925.0
6RT5FC9F2H,2021-03-01,Comercio detallista,Bogotá D.C.,Valor medio-alto,9,249750.0,2247750.0,112387.5
6RT5FC9F2H,2021-04-01,Comercio detallista,Bogotá D.C.,Valor medio-alto,7,249750.0,1748250.0,87412.5
6RT5FC9F2H,2021-05-01,Comercio detallista,Bogotá D.C.,Valor medio-alto,8,249750.0,1998000.0,99900.0
6S5FR3W0EI,2021-02-01,Belleza y cuidado personal,Bogotá D.C.,Valor medio-alto,2,43590.0,87180.0,4359.0
6S5FR3W0EI,2021-04-01,Belleza y cuidado personal,Bogotá D.C.,Valor medio-alto,3,43590.0,130770.0,6538.5
6S5FR3W0EI,2021-05-01,Belleza y cuidado personal,Bogotá D.C.,Valor medio-alto,5,43590.0,217950.0,10897.5
6T90JTRF28,2021-03-01,Comercio detallista,Bogotá D.C.,Valor medio,2,75500.0,151000.0,7550.0
6THE7Y9N8W,2021-03-01,Servicios,Villa de San Diego de Ubate,Valor medio,3,1000.0,3000.0,150.0
6TQVUX9YWR,2021-03-01,Comercio detallista,Bogotá D.C.,Valor medio-alto,8,193443.3962264151,1547547.1698113207,77377.35849056604
6TQVUX9YWR,2021-04-01,Comercio detallista,Bogotá D.C.,Valor medio-alto,10,193443.3962264151,1934433.9622641508,96721.69811320755
6TQVUX9YWR,2021-05-01,Comercio detallista,Bogotá D.C.,Valor medio-alto,35,193443.3962264151,6770518.867924528,338525.94339622644
6UWXH1AGKT,2021-03-01,Comercio detallista,Bogotá D.C.,Valor medio-alto,7,975544.24,6828809.68,341440.484
6UWXH1AGKT,2021-04-01,Comercio detallista,Bogotá D.C.,Valor medio-alto,12,975544.24,11706530.879999999,585326.544
6UWXH1AGKT,2021-05-01,Comercio detallista,Bogotá D.C.,Valor medio-alto,6,975544.24,5853265.4399999995,292663.272
6VHSE8Q4CT,2021-02-01,Servicios,Bogotá D.C.,Valor medio-alto,1,67250.0,67250.0,3362.5
6VHSE8Q4CT,2021-03-01,Servicios,Bogotá D.C.,Valor medio-alto,2,67250.0,134500.0,6725.0
6VHSE8Q4CT,2021-04-01,Servicios,Bogotá D.C.,Valor medio-alto,1,67250.0,67250.0,3362.5
6W42KQX92H,2021-03-01,Comercio detallista,Bogotá D.C.,Valor medio-alto,1,63214.28571428572,63214.28571428572,3160.7142857142862
6W42KQX92H,2021-04-01,Comercio detallista,Bogotá D.C.,Valor medio-alto,4,63214.28571428572,252857.14285714287,12642.857142857145
6W42KQX92H,2021-05-01,Comercio detallista,Bogotá D.C.,Valor medio-alto,2,63214.28571428572,126428.57142857143,6321.4285714285725
6W9NQBH43N,2021-03-01,Comercio detallista,Bogotá D.C.,Valor medio,4,193500.0,774000.0,38700.0
6WG7Q4R47V,2021-01-01,Comercio detallista,Bogotá D.C.,Valor medio-alto,3,337728.2051282051,1013184.6153846154,50659.23076923077
6WG7Q4R47V,2021-02-01,Comercio detallista,Bogotá D.C.,Valor medio-alto,15,337728.2051282051,5065923.076923077,253296.15384615387
6WG7Q4R47V,2021-03-01,Comercio detallista,Bogotá D.C.,Valor medio-alto,8,337728.2051282051,2701825.641025641,135091.28205128206
6WG7Q4R47V,2021-04-01,Comercio detallista,Bogotá D.C.,Valor medio-alto,6,337728.2051282051,2026369.2307692308,101318.46153846155
6WG7Q4R47V,2021-05-01,Comercio detallista,Bogotá D.C.,Valor medio-alto,7,337728.2051282051,2364097.435897436,118204.87179487181
6WWOGHL4AX,2021-03-01,Comercio detallista,Soacha,Valor medio-alto,13,59970.58823529412,779617.6470588235,38980.882352941175
6WWOGHL4AX,2021-04-01,Comercio detallista,Soacha,Valor medio-alto,2,59970.58823529412,119941.17647058824,5997.058823529413
6WWOGHL4AX,2021-05-01,Comercio detallista,Soacha,Valor medio-alto,2,59970.58823529412,119941.17647058824,5997.058823529413
6XDQ7ES293,2021-02-01,Comercio detallista,Bogotá D.C.,Valor medio-alto,8,313552.63157894736,2508421.052631579,125421.05263157895
6XDQ7ES293,2021-03-01,Comercio detallista,Bogotá D.C.,Valor medio-alto,2,313552.63157894736,627105.2631578947,31355.263157894737
6XDQ7ES293,2021-04-01,Comercio detallista,Bogotá D.C.,Valor medio-alto,3,313552.63157894736,940657.894736842,47032.89473684211
6XDQ7ES293,2021-05-01,Comercio detallista,Bogotá D.C.,Valor medio-alto,25,313552.63157894736,7838815.789473684,391940.7894736842
6XV4WOY43J,2021-04-01,Comercio detallista,Bogotá D.C.,Valor medio-alto,2,245275.0,490550.0,24527.5
6XV4WOY43J,2021-05-01,Comercio detallista,Bogotá D.C.,Valor medio-alto,2,245275.0,490550.0,24527.5
6Y7TOGK3HX,2021-03-01,Comercio detallista,Bogotá D.C.,Valor medio-alto,11,91827.35135135135,1010100.8648648649,50505.04324324324
6Y7TOGK3HX,2021-04-01,Comercio detallista,Bogotá D.C.,Valor medio-alto,19,91827.35135135135,1744719.6756756755,87235.98378378378
6Y7TOGK3HX,2021-05-01,Comercio detallista,Bogotá D.C.,Valor medio-alto,7,91827.35135135135,642791.4594594594,32139.572972972972
6YCU2HUC9N,2021-03-01,Reparación y limpieza,Bogotá D.C.,Valor medio-alto,2,146800.0,293600.0,14680.0
6YCU2HUC9N,2021-05-01,Reparación y limpieza,Bogotá D.C.,Valor medio-alto,1,146800.0,146800.0,7340.0
6YIDILXE3U,2021-03-01,Reparación y limpieza,Bogotá D.C.,Valor medio,2,13625.0,27250.0,1362.5
6YIDILXE3U,2021-04-01,Reparación y limpieza,Bogotá D.C.,Valor medio,2,13625.0,27250.0,1362.5
6Z2KP7XG7H,2021-03-01,Alimentos y bebidas,Bogotá D.C.,Valor medio-alto,1,34946.153846153844,34946.153846153844,1747.3076923076924
6Z2KP7XG7H,2021-04-01,Alimentos y bebidas,Bogotá D.C.,Valor medio-alto,7,34946.153846153844,244623.0769230769,12231.153846153846
6Z2KP7XG7H,2021-05-01,Alimentos y bebidas,Bogotá D.C.,Valor medio-alto,5,34946.153846153844,174730.76923076922,8736.538461538461
6Z9J3UF1AU,2021-03-01,Comercio detallista,Bogotá D.C.,Valor medio-alto,2,154250.0,308500.0,15425.0
6Z9J3UF1AU,2021-04-01,Comercio detallista,Bogotá D.C.,Valor medio-alto,6,154250.0,925500.0,46275.0
6ZNZOGYY54,2021-02-01,Comercio detallista,Bogotá D.C.,Valor medio,1,2000.0,2000.0,100.0
7007WG0QHB,2021-03-01,Alimentos y bebidas,Villa de San Diego de Ubate,Valor medio-alto,5,22363.636363636364,111818.18181818182,5590.909090909092
7007WG0QHB,2021-04-01,Alimentos y bebidas,Villa de San Diego de Ubate,Valor medio-alto,3,22363.636363636364,67090.90909090909,3354.5454545454545
7007WG0QHB,2021-05-01,Alimentos y bebidas,Villa de San Diego de Ubate,Valor medio-alto,3,22363.636363636364,67090.90909090909,3354.5454545454545
70ZPXGRY9P,2021-02-01,Comercio detallista,Bogotá D.C.,Valor medio,1,2000.0,2000.0,100.0
71YQCGQK01,2021-03-01,Comercio detallista,Bogotá D.C.,Valor medio-alto,4,100785.71428571429,403142.85714285716,20157.14285714286
71YQCGQK01,2021-04-01,Comercio detallista,Bogotá D.C.,Valor medio-alto,5,100785.71428571429,503928.5714285715,25196.428571428576
71YQCGQK01,2021-05-01,Comercio detallista,Bogotá D.C.,Valor medio-alto,5,100785.71428571429,503928.5714285715,25196.428571428576
71YU6SWV77,2021-03-01,Servicios,Bogotá D.C.,Valor medio-alto,5,595798.7341772151,2978993.6708860756,148949.68354430379
71YU6SWV77,2021-04-01,Servicios,Bogotá D.C.,Valor medio-alto,24,595798.7341772151,14299169.620253164,714958.4810126582
71YU6SWV77,2021-05-01,Servicios,Bogotá D.C.,Valor medio-alto,50,595798.7341772151,29789936.70886076,1489496.835443038
726I91BXBA,2021-02-01,Comercio detallista,Bogotá D.C.,Valor medio-alto,6,682125.0,4092750.0,204637.5
726I91BXBA,2021-03-01,Comercio detallista,Bogotá D.C.,Valor medio-alto,5,682125.0,3410625.0,170531.25
726I91BXBA,2021-04-01,Comercio detallista,Bogotá D.C.,Valor medio-alto,1,682125.0,682125.0,34106.25
726I91BXBA,2021-05-01,Comercio detallista,Bogotá D.C.,Valor medio-alto,4,682125.0,2728500.0,136425.0
72U4V3KG5U,2020-12-01,Alimentos y bebidas,Bogotá D.C.,Valor medio-alto,4,160000.0,640000.0,32000.0
72U4V3KG5U,2021-02-01,Alimentos y bebidas,Bogotá D.C.,Valor medio-alto,4,160000.0,640000.0,32000.0
72U4V3KG5U,2021-03-01,Alimentos y bebidas,Bogotá D.C.,Valor medio-alto,5,160000.0,800000.0,40000.0
72U4V3KG5U,2021-05-01,Alimentos y bebidas,Bogotá D.C.,Valor medio-alto,2,160000.0,320000.0,16000.0
72XBOKXEIH,2021-01-01,Comercio detallista,Bogotá D.C.,Valor medio-alto,1,237275.8620689655,237275.8620689655,11863.793103448275
72XBOKXEIH,2021-02-01,Comercio detallista,Bogotá D.C.,Valor medio-alto,10,237275.8620689655,2372758.620689655,118637.93103448277
72XBOKXEIH,2021-03-01,Comercio detallista,Bogotá D.C.,Valor medio-alto,7,237275.8620689655,1660931.0344827585,83046.55172413793
72XBOKXEIH,2021-04-01,Comercio detallista,Bogotá D.C.,Valor medio-alto,1,237275.8620689655,237275.8620689655,11863.793103448275
72XBOKXEIH,2021-05-01,Comercio detallista,Bogotá D.C.,Valor medio-alto,10,237275.8620689655,2372758.620689655,118637.93103448277
73EDNK0WRW,2021-03-01,Comercio detallista,Bogotá D.C.,Valor medio-alto,4,204227.27272727274,816909.0909090909,40845.45454545455
73EDNK0WRW,2021-04-01,Comercio detallista,Bogotá D.C.,Valor medio-alto,5,204227.27272727274,1021136.3636363636,51056.818181818184
73EDNK0WRW,2021-05-01,Comercio detallista,Bogotá D.C.,Valor medio-alto,2,204227.27272727274,408454.54545454547,20422.727272727276
73LCCUD9DX,2021-03-01,Comercio detallista,Bogotá D.C.,Valor medio-alto,1,282914.28571428574,282914.28571428574,14145.714285714288
73LCCUD9DX,2021-05-01,Comercio detallista,Bogotá D.C.,Valor medio-alto,6,282914.28571428574,1697485.7142857146,84874.28571428574
74TBGMSJMT,2021-03-01,Comercio detallista,Bogotá D.C.,Valor medio-alto,1,175666.66666666666,175666.66666666666,8783.333333333334
74TBGMSJMT,2021-04-01,Comercio detallista,Bogotá D.C.,Valor medio-alto,2,175666.66666666666,351333.3333333333,17566.666666666668
756ZYWI7MJ,2021-03-01,Alimentos y bebidas,Cali,Valor medio,4,1000.0,4000.0,200.0
75I3FR4BW7,2021-03-01,Comercio detallista,Bogotá D.C.,Valor medio-alto,5,271000.0,1355000.0,67750.0
75I3FR4BW7,2021-04-01,Comercio detallista,Bogotá D.C.,Valor medio-alto,1,271000.0,271000.0,13550.0
75VOFYNEEC,2021-03-01,Comercio detallista,Bogotá D.C.,Valor medio-alto,2,101392.85714285714,202785.7142857143,10139.285714285716
75VOFYNEEC,2021-04-01,Comercio detallista,Bogotá D.C.,Valor medio-alto,6,101392.85714285714,608357.1428571428,30417.857142857145
75VOFYNEEC,2021-05-01,Comercio detallista,Bogotá D.C.,Valor medio-alto,6,101392.85714285714,608357.1428571428,30417.857142857145
75XYC1LM29,2021-03-01,Comercio detallista,Bogotá D.C.,Valor medio-alto,3,73991.66666666667,221975.0,11098.75
75XYC1LM29,2021-04-01,Comercio detallista,Bogotá D.C.,Valor medio-alto,1,73991.66666666667,73991.66666666667,3699.583333333334
75XYC1LM29,2021-05-01,Comercio detallista,Bogotá D.C.,Valor medio-alto,2,73991.66666666667,147983.33333333334,7399.166666666668
76FSMJ6JPI,2021-03-01,Comercio detallista,Bogotá D.C.,Valor medio,1,10250.0,10250.0,512.5
76FSMJ6JPI,2021-04-01,Comercio detallista,Bogotá D.C.,Valor medio,3,10250.0,30750.0,1537.5
776RIIB8DT,2021-03-01,Reparación y limpieza,Bogotá D.C.,Valor medio-alto,8,119182.9268292683,953463.4146341464,47673.17073170732
776RIIB8DT,2021-04-01,Reparación y limpieza,Bogotá D.C.,Valor medio-alto,12,119182.9268292683,1430195.1219512196,71509.75609756098
776RIIB8DT,2021-05-01,Reparación y limpieza,Bogotá D.C.,Valor medio-alto,21,119182.9268292683,2502841.463414634,125142.07317073172
77VLSJ17LJ,2021-03-01,Servicios,Bogotá D.C.,Valor medio,1,30500.0,30500.0,1525.0
77VLSJ17LJ,2021-04-01,Servicios,Bogotá D.C.,Valor medio,1,30500.0,30500.0,1525.0
7813YDFCCF,2021-03-01,Comercio detallista,Bogotá D.C.,Valor medio-alto,14,153736.84210526315,2152315.789473684,107615.78947368421
7813YDFCCF,2021-04-01,Comercio detallista,Bogotá D.C.,Valor medio-alto,5,153736.84210526315,768684.2105263157,38434.21052631579
78WLHXF64M,2021-03-01,Comercio detallista,Bogotá D.C.,Valor medio,2,186000.0,372000.0,18600.0
79119O6TAJ,2021-03-01,Comercio detallista,Bogotá D.C.,Valor medio-alto,2,71857.14285714286,143714.2857142857,7185.714285714286
79119O6TAJ,2021-04-01,Comercio detallista,Bogotá D.C.,Valor medio-alto,4,71857.14285714286,287428.5714285714,14371.428571428572
79119O6TAJ,2021-05-01,Comercio detallista,Bogotá D.C.,Valor medio-alto,8,71857.14285714286,574857.1428571428,28742.857142857145
793UFS4M19,2021-03-01,Comercio detallista,Bogotá D.C.,Valor medio,1,172000.0,172000.0,8600.0
79B53NLN1V,2021-03-01,Comercio detallista,Bogotá D.C.,Valor medio-alto,10,102821.42857142857,1028214.2857142857,51410.71428571429
79B53NLN1V,2021-04-01,Comercio detallista,Bogotá D.C.,Valor medio-alto,13,102821.42857142857,1336678.5714285714,66833.92857142857
79B53NLN1V,2021-05-01,Comercio detallista,Bogotá D.C.,Valor medio-alto,5,102821.42857142857,514107.14285714284,25705.357142857145
79THSYNSUW,2021-01-01,Servicios,Bogotá D.C.,Valor medio-alto,1,147444.44444444444,147444.44444444444,7372.222222222223
79THSYNSUW,2021-02-01,Servicios,Bogotá D.C.,Valor medio-alto,4,147444.44444444444,589777.7777777778,29488.88888888889
79THSYNSUW,2021-03-01,Servicios,Bogotá D.C.,Valor medio-alto,2,147444.44444444444,294888.8888888889,14744.444444444445
79THSYNSUW,2021-04-01,Servicios,Bogotá D.C.,Valor medio-alto,4,147444.44444444444,589777.7777777778,29488.88888888889
79THSYNSUW,2021-05-01,Servicios,Bogotá D.C.,Valor medio-alto,7,147444.44444444444,1032111.111111111,51605.555555555555
7A561QKVO8,2021-03-01,Servicios,Bogotá D.C.,Valor medio,1,2000.0,2000.0,100.0
7AIBADIKEN,2021-03-01,Comercio detallista,Soacha,Valor medio-alto,2,179550.0,359100.0,17955.0
7AIBADIKEN,2021-04-01,Comercio detallista,Soacha,Valor medio-alto,1,179550.0,179550.0,8977.5
7AIBADIKEN,2021-05-01,Comercio detallista,Soacha,Valor medio-alto,1,179550.0,179550.0,8977.5
7BCB0QY8D8,2021-01-01,Servicios,Bogotá D.C.,Valor medio-alto,9,256109.375,2304984.375,115249.21875
7BCB0QY8D8,2020-12-01,Servicios,Bogotá D.C.,Valor medio-alto,3,256109.375,768328.125,38416.40625
7BCB0QY8D8,2021-02-01,Servicios,Bogotá D.C.,Valor medio-alto,12,256109.375,3073312.5,153665.625
7BCB0QY8D8,2021-03-01,Servicios,Bogotá D.C.,Valor medio-alto,14,256109.375,3585531.25,179276.5625
7BCB0QY8D8,2021-04-01,Servicios,Bogotá D.C.,Valor medio-alto,9,256109.375,2304984.375,115249.21875
7BCB0QY8D8,2021-05-01,Servicios,Bogotá D.C.,Valor medio-alto,17,256109.375,4353859.375,217692.96875
7C8D7TED4O,2021-03-01,Alimentos y bebidas,Bogotá D.C.,Valor medio-alto,7,61344.155844155845,429409.09090909094,21470.454545454548
7C8D7TED4O,2021-04-01,Alimentos y bebidas,Bogotá D.C.,Valor medio-alto,35,61344.155844155845,2147045.4545454546,107352.27272727274
7C8D7TED4O,2021-05-01,Alimentos y bebidas,Bogotá D.C.,Valor medio-alto,35,61344.155844155845,2147045.4545454546,107352.27272727274
7CNA7K4YX6,2021-02-01,Alimentos y bebidas,Bogotá D.C.,Valor medio-alto,7,51530.882352941175,360716.1764705882,18035.80882352941
7CNA7K4YX6,2021-03-01,Alimentos y bebidas,Bogotá D.C.,Valor medio-alto,11,51530.882352941175,566839.7058823529,28341.985294117647
7CNA7K4YX6,2021-04-01,Alimentos y bebidas,Bogotá D.C.,Valor medio-alto,35,51530.882352941175,1803580.8823529412,90179.04411764706
7CNA7K4YX6,2021-05-01,Alimentos y bebidas,Bogotá D.C.,Valor medio-alto,15,51530.882352941175,772963.2352941176,38648.16176470588
7CRAJR678B,2021-03-01,Comercio detallista,Bogotá D.C.,Valor medio-alto,1,142833.33333333334,142833.33333333334,7141.666666666668
7CRAJR678B,2021-04-01,Comercio detallista,Bogotá D.C.,Valor medio-alto,2,142833.33333333334,285666.6666666667,14283.333333333336
7CRAJR678B,2021-05-01,Comercio detallista,Bogotá D.C.,Valor medio-alto,3,142833.33333333334,428500.0,21425.0
7CVOZL27VO,2021-01-01,Comercio detallista,Bogotá D.C.,Valor medio-alto,2,29538.46153846154,59076.92307692308,2953.8461538461543
7CVOZL27VO,2020-12-01,Comercio detallista,Bogotá D.C.,Valor medio-alto,6,29538.46153846154,177230.76923076925,8861.538461538463
7CVOZL27VO,2021-02-01,Comercio detallista,Bogotá D.C.,Valor medio-alto,4,29538.46153846154,118153.84615384616,5907.6923076923085
7CVOZL27VO,2021-03-01,Comercio detallista,Bogotá D.C.,Valor medio-alto,1,29538.46153846154,29538.46153846154,1476.9230769230771
7DCUZ4SAI7,2021-01-01,Comercio detallista,Melgar,Valor medio-alto,58,179761.20218579235,10426149.726775957,521307.4863387979
7DCUZ4SAI7,2020-12-01,Comercio detallista,Melgar,Valor medio-alto,91,179761.20218579235,16358269.398907105,817913.4699453553
7DCUZ4SAI7,2021-02-01,Comercio detallista,Melgar,Valor medio-alto,47,179761.20218579235,8448776.502732242,422438.8251366121
7DCUZ4SAI7,2021-03-01,Comercio detallista,Melgar,Valor medio-alto,78,179761.20218579235,14021373.770491803,701068.6885245902
7DCUZ4SAI7,2021-04-01,Comercio detallista,Melgar,Valor medio-alto,48,179761.20218579235,8628537.704918033,431426.88524590165
7DCUZ4SAI7,2021-05-01,Comercio detallista,Melgar,Valor medio-alto,44,179761.20218579235,7909492.896174864,395474.6448087432
7DZPGHB7YX,2021-03-01,Comercio detallista,Bogotá D.C.,Valor medio-alto,19,174641.17647058822,3318182.3529411764,165909.11764705883
7DZPGHB7YX,2021-04-01,Comercio detallista,Bogotá D.C.,Valor medio-alto,7,174641.17647058822,1222488.2352941176,61124.41176470588
7DZPGHB7YX,2021-05-01,Comercio detallista,Bogotá D.C.,Valor medio-alto,25,174641.17647058822,4366029.411764706,218301.4705882353
7EY4KHBTH0,2021-02-01,Alimentos y bebidas,Bogotá D.C.,Valor medio-alto,4,20611.11111111111,82444.44444444444,4122.222222222222
7EY4KHBTH0,2021-03-01,Alimentos y bebidas,Bogotá D.C.,Valor medio-alto,2,20611.11111111111,41222.22222222222,2061.111111111111
7EY4KHBTH0,2021-04-01,Alimentos y bebidas,Bogotá D.C.,Valor medio-alto,1,20611.11111111111,20611.11111111111,1030.5555555555554
7EY4KHBTH0,2021-05-01,Alimentos y bebidas,Bogotá D.C.,Valor medio-alto,2,20611.11111111111,41222.22222222222,2061.111111111111
7FPGHF39UM,2021-03-01,Comercio detallista,Bogotá D.C.,Valor medio-alto,4,226076.92307692306,904307.6923076923,45215.38461538462
7FPGHF39UM,2021-04-01,Comercio detallista,Bogotá D.C.,Valor medio-alto,5,226076.92307692306,1130384.6153846153,56519.230769230766
7FPGHF39UM,2021-05-01,Comercio detallista,Bogotá D.C.,Valor medio-alto,4,226076.92307692306,904307.6923076923,45215.38461538462
7G57A1ZDBA,2021-02-01,Comercio detallista,Bogotá D.C.,Valor medio-alto,4,185882.35294117648,743529.4117647059,37176.470588235294
7G57A1ZDBA,2021-03-01,Comercio detallista,Bogotá D.C.,Valor medio-alto,15,185882.35294117648,2788235.294117647,139411.76470588238
7G57A1ZDBA,2021-04-01,Comercio detallista,Bogotá D.C.,Valor medio-alto,5,185882.35294117648,929411.7647058824,46470.588235294126
7G57A1ZDBA,2021-05-01,Comercio detallista,Bogotá D.C.,Valor medio-alto,10,185882.35294117648,1858823.5294117648,92941.17647058825
7GH5816S8S,2021-03-01,Belleza y cuidado personal,Bogotá D.C.,Valor medio-alto,3,82909.09090909091,248727.27272727274,12436.363636363638
7GH5816S8S,2021-04-01,Belleza y cuidado personal,Bogotá D.C.,Valor medio-alto,2,82909.09090909091,165818.18181818182,8290.909090909092
7GH5816S8S,2021-05-01,Belleza y cuidado personal,Bogotá D.C.,Valor medio-alto,6,82909.09090909091,497454.54545454547,24872.727272727276
7GOD67NBF3,2021-02-01,Belleza y cuidado personal,Bogotá D.C.,Valor medio-alto,1,2836000.0,2836000.0,141800.0
7GOD67NBF3,2021-05-01,Belleza y cuidado personal,Bogotá D.C.,Valor medio-alto,1,2836000.0,2836000.0,141800.0
7H4W4M19RN,2021-02-01,Comercio detallista,Bogotá D.C.,Valor medio-alto,2,212705.88235294117,425411.76470588235,21270.58823529412
7H4W4M19RN,2021-03-01,Comercio detallista,Bogotá D.C.,Valor medio-alto,6,212705.88235294117,1276235.294117647,63811.76470588235
7H4W4M19RN,2021-04-01,Comercio detallista,Bogotá D.C.,Valor medio-alto,5,212705.88235294117,1063529.4117647058,53176.470588235294
7H4W4M19RN,2021-05-01,Comercio detallista,Bogotá D.C.,Valor medio-alto,4,212705.88235294117,850823.5294117647,42541.17647058824
7IL8SVB1GO,2021-02-01,Comercio detallista,Bogotá D.C.,Valor medio-alto,5,318363.63636363635,1591818.1818181816,79590.90909090909
7IL8SVB1GO,2021-03-01,Comercio detallista,Bogotá D.C.,Valor medio-alto,2,318363.63636363635,636727.2727272727,31836.363636363636
7IL8SVB1GO,2021-04-01,Comercio detallista,Bogotá D.C.,Valor medio-alto,1,318363.63636363635,318363.63636363635,15918.181818181818
7IL8SVB1GO,2021-05-01,Comercio detallista,Bogotá D.C.,Valor medio-alto,3,318363.63636363635,955090.9090909091,47754.545454545456
7ISY60C8WL,2021-02-01,Comercio detallista,Fusagasugá,Valor medio-alto,2,21683.333333333332,43366.666666666664,2168.3333333333335
7ISY60C8WL,2021-03-01,Comercio detallista,Fusagasugá,Valor medio-alto,2,21683.333333333332,43366.666666666664,2168.3333333333335
7ISY60C8WL,2021-05-01,Comercio detallista,Fusagasugá,Valor medio-alto,2,21683.333333333332,43366.666666666664,2168.3333333333335
7IY458L77P,2021-03-01,Comercio detallista,Zipaquirá,Valor medio-alto,1,35333.333333333336,35333.333333333336,1766.666666666667
7IY458L77P,2021-04-01,Comercio detallista,Zipaquirá,Valor medio-alto,1,35333.333333333336,35333.333333333336,1766.666666666667
7IY458L77P,2021-05-01,Comercio detallista,Zipaquirá,Valor medio-alto,1,35333.333333333336,35333.333333333336,1766.666666666667
7IY5UZ166R,2021-01-01,Comercio detallista,Chía,Valor medio-alto,13,108589.14728682171,1411658.9147286823,70582.94573643412
7IY5UZ166R,2020-12-01,Comercio detallista,Chía,Valor medio-alto,45,108589.14728682171,4886511.627906977,244325.58139534888
7IY5UZ166R,2021-02-01,Comercio detallista,Chía,Valor medio-alto,13,108589.14728682171,1411658.9147286823,70582.94573643412
7IY5UZ166R,2021-03-01,Comercio detallista,Chía,Valor medio-alto,17,108589.14728682171,1846015.503875969,92300.77519379846
7IY5UZ166R,2021-04-01,Comercio detallista,Chía,Valor medio-alto,22,108589.14728682171,2388961.2403100776,119448.06201550388
7IY5UZ166R,2021-05-01,Comercio detallista,Chía,Valor medio-alto,19,108589.14728682171,2063193.7984496125,103159.68992248063
7JGZK7S9TI,2021-01-01,Comercio detallista,Bogotá D.C.,Valor medio-alto,2,382848.275862069,765696.551724138,38284.8275862069
7JGZK7S9TI,2021-02-01,Comercio detallista,Bogotá D.C.,Valor medio-alto,4,382848.275862069,1531393.103448276,76569.6551724138
7JGZK7S9TI,2021-03-01,Comercio detallista,Bogotá D.C.,Valor medio-alto,11,382848.275862069,4211331.0344827585,210566.55172413794
7JGZK7S9TI,2021-04-01,Comercio detallista,Bogotá D.C.,Valor medio-alto,7,382848.275862069,2679937.931034483,133996.89655172414
7JGZK7S9TI,2021-05-01,Comercio detallista,Bogotá D.C.,Valor medio-alto,5,382848.275862069,1914241.3793103448,95712.06896551725
7JQI5E3EJW,2021-03-01,Comercio detallista,Bogotá D.C.,Valor medio-alto,10,295600.0,2956000.0,147800.0
7JXN5BGUE7,2021-03-01,Reparación y limpieza,Bogotá D.C.,Valor medio-alto,1,92500.0,92500.0,4625.0
7JXN5BGUE7,2021-04-01,Reparación y limpieza,Bogotá D.C.,Valor medio-alto,1,92500.0,92500.0,4625.0
7JXN5BGUE7,2021-05-01,Reparación y limpieza,Bogotá D.C.,Valor medio-alto,6,92500.0,555000.0,27750.0
7KC3RBUBIH,2021-03-01,Alimentos y bebidas,Cajicá,Valor medio-alto,10,76645.6,766456.0,38322.8
7KC3RBUBIH,2021-04-01,Alimentos y bebidas,Cajicá,Valor medio-alto,23,76645.6,1762848.8,88142.44
7KC3RBUBIH,2021-05-01,Alimentos y bebidas,Cajicá,Valor medio-alto,27,76645.6,2069431.2000000002,103471.56000000001
7KHHGHTL43,2021-03-01,Comercio detallista,Bogotá D.C.,Valor medio,1,139500.0,139500.0,6975.0
7KTNTN34H1,2021-03-01,Comercio detallista,Girardot,Valor medio-alto,2,215435.7142857143,430871.4285714286,21543.57142857143
7KTNTN34H1,2021-04-01,Comercio detallista,Girardot,Valor medio-alto,1,215435.7142857143,215435.7142857143,10771.785714285716
7KTNTN34H1,2021-05-01,Comercio detallista,Girardot,Valor medio-alto,4,215435.7142857143,861742.8571428572,43087.14285714286
7KYCN7ZE2E,2021-02-01,Comercio detallista,Fusagasugá,Valor medio,3,51750.0,155250.0,7762.5
7KYCN7ZE2E,2021-03-01,Comercio detallista,Fusagasugá,Valor medio,1,51750.0,51750.0,2587.5
7LNR9Z8YV8,2021-03-01,Reparación y limpieza,Bogotá D.C.,Valor medio-alto,15,302421.05263157893,4536315.789473684,226815.78947368418
7LNR9Z8YV8,2021-04-01,Reparación y limpieza,Bogotá D.C.,Valor medio-alto,1,302421.05263157893,302421.05263157893,15121.052631578947
7LNR9Z8YV8,2021-05-01,Reparación y limpieza,Bogotá D.C.,Valor medio-alto,3,302421.05263157893,907263.1578947369,45363.15789473685
7LTZ3FFTKF,2021-03-01,Comercio detallista,Bogotá D.C.,Valor medio,1,1000.0,1000.0,50.0
7LVUC2EJPF,2021-02-01,Comercio detallista,Bogotá D.C.,Valor medio-alto,7,141808.82352941178,992661.7647058824,49633.088235294126
7LVUC2EJPF,2021-03-01,Comercio detallista,Bogotá D.C.,Valor medio-alto,25,141808.82352941178,3545220.5882352944,177261.02941176473
7LVUC2EJPF,2021-04-01,Comercio detallista,Bogotá D.C.,Valor medio-alto,15,141808.82352941178,2127132.352941177,106356.61764705885
7LVUC2EJPF,2021-05-01,Comercio detallista,Bogotá D.C.,Valor medio-alto,21,141808.82352941178,2977985.294117647,148899.26470588238
7M7SSW7NKI,2021-03-01,Comercio detallista,Bogotá D.C.,Valor medio-alto,1,221085.7894736842,221085.7894736842,11054.289473684212
7M7SSW7NKI,2021-04-01,Comercio detallista,Bogotá D.C.,Valor medio-alto,11,221085.7894736842,2431943.6842105263,121597.18421052632
7M7SSW7NKI,2021-05-01,Comercio detallista,Bogotá D.C.,Valor medio-alto,7,221085.7894736842,1547600.5263157894,77380.02631578948
7MKEDI6THP,2021-03-01,Belleza y cuidado personal,Bogotá D.C.,Valor medio-alto,15,96417.39130434782,1446260.8695652173,72313.04347826086
7MKEDI6THP,2021-04-01,Belleza y cuidado personal,Bogotá D.C.,Valor medio-alto,26,96417.39130434782,2506852.1739130435,125342.60869565218
7MKEDI6THP,2021-05-01,Belleza y cuidado personal,Bogotá D.C.,Valor medio-alto,28,96417.39130434782,2699686.9565217393,134984.34782608697
7NUR9KS8Z9,2021-03-01,Comercio detallista,Bogotá D.C.,Valor medio-alto,15,59558.53658536585,893378.0487804877,44668.90243902439
7NUR9KS8Z9,2021-04-01,Comercio detallista,Bogotá D.C.,Valor medio-alto,31,59558.53658536585,1846314.6341463414,92315.73170731707
7NUR9KS8Z9,2021-05-01,Comercio detallista,Bogotá D.C.,Valor medio-alto,36,59558.53658536585,2144107.3170731706,107205.36585365853
7OQ0YLZRV3,2021-03-01,Alimentos y bebidas,Bogotá D.C.,Valor medio-alto,6,75529.62962962964,453177.7777777778,22658.88888888889
7OQ0YLZRV3,2021-04-01,Alimentos y bebidas,Bogotá D.C.,Valor medio-alto,9,75529.62962962964,679766.6666666667,33988.333333333336
7OQ0YLZRV3,2021-05-01,Alimentos y bebidas,Bogotá D.C.,Valor medio-alto,12,75529.62962962964,906355.5555555556,45317.77777777778
7ORWIT0QTB,2020-12-01,Comercio detallista,Bogotá D.C.,Valor medio,1,2000.0,2000.0,100.0
7PD3QXEIIH,2021-02-01,Transporte,Cali,Valor medio,1,1500.0,1500.0,75.0
7PD3QXEIIH,2021-05-01,Transporte,Cali,Valor medio,1,1500.0,1500.0,75.0
7PSNMB1KUY,2021-03-01,Comercio detallista,Bogotá D.C.,Valor medio-alto,2,713591.6666666666,1427183.3333333333,71359.16666666667
7PSNMB1KUY,2021-04-01,Comercio detallista,Bogotá D.C.,Valor medio-alto,1,713591.6666666666,713591.6666666666,35679.583333333336
7PSNMB1KUY,2021-05-01,Comercio detallista,Bogotá D.C.,Valor medio-alto,3,713591.6666666666,2140775.0,107038.75
7S793XEWN8,2021-03-01,Comercio detallista,Villa de San Diego de Ubate,Valor medio-alto,1,72666.66666666667,72666.66666666667,3633.333333333334
7S793XEWN8,2021-04-01,Comercio detallista,Villa de San Diego de Ubate,Valor medio-alto,1,72666.66666666667,72666.66666666667,3633.333333333334
7S793XEWN8,2021-05-01,Comercio detallista,Villa de San Diego de Ubate,Valor medio-alto,1,72666.66666666667,72666.66666666667,3633.333333333334
7S8X7JJ9WB,2021-03-01,Comercio detallista,Bogotá D.C.,Valor medio-alto,1,576400.0,576400.0,28820.0
7S8X7JJ9WB,2021-04-01,Comercio detallista,Bogotá D.C.,Valor medio-alto,2,576400.0,1152800.0,57640.0
7SSS9CHE0M,2021-03-01,Servicios,Bogotá D.C.,Valor medio-alto,11,130600.0,1436600.0,71830.0
7SSS9CHE0M,2021-04-01,Servicios,Bogotá D.C.,Valor medio-alto,2,130600.0,261200.0,13060.0
7SSS9CHE0M,2021-05-01,Servicios,Bogotá D.C.,Valor medio-alto,7,130600.0,914200.0,45710.0
7SYRR6HKJ7,2021-02-01,Comercio detallista,Bogotá D.C.,Valor medio-alto,5,352153.8461538461,1760769.2307692305,88038.46153846153
7SYRR6HKJ7,2021-03-01,Comercio detallista,Bogotá D.C.,Valor medio-alto,4,352153.8461538461,1408615.3846153845,70430.76923076923
7SYRR6HKJ7,2021-04-01,Comercio detallista,Bogotá D.C.,Valor medio-alto,3,352153.8461538461,1056461.5384615385,52823.07692307693
7SYRR6HKJ7,2021-05-01,Comercio detallista,Bogotá D.C.,Valor medio-alto,1,352153.8461538461,352153.8461538461,17607.69230769231
7TP3J9UWCM,2021-01-01,Servicios,Bogotá D.C.,Valor medio,1,2000.0,2000.0,100.0
7TTW3SVU9K,2021-03-01,Comercio detallista,Bogotá D.C.,Valor medio,1,11125.0,11125.0,556.25
7TTW3SVU9K,2021-05-01,Comercio detallista,Bogotá D.C.,Valor medio,3,11125.0,33375.0,1668.75
7TXKP4AG0W,2021-03-01,Comercio detallista,Bogotá D.C.,Valor medio-alto,6,284545.45454545453,1707272.727272727,85363.63636363635
7TXKP4AG0W,2021-04-01,Comercio detallista,Bogotá D.C.,Valor medio-alto,2,284545.45454545453,569090.9090909091,28454.545454545456
7TXKP4AG0W,2021-05-01,Comercio detallista,Bogotá D.C.,Valor medio-alto,3,284545.45454545453,853636.3636363635,42681.81818181818
7UIY7W6KMG,2021-03-01,Belleza y cuidado personal,Bogotá D.C.,Valor medio-alto,16,58983.63636363636,943738.1818181818,47186.90909090909
7UIY7W6KMG,2021-04-01,Belleza y cuidado personal,Bogotá D.C.,Valor medio-alto,39,58983.63636363636,2300361.818181818,115018.0909090909
7ULN5Z3F5T,2021-02-01,Comercio detallista,Bogotá D.C.,Valor medio-alto,3,592356.4285714285,1777069.2857142854,88853.46428571428
7ULN5Z3F5T,2021-03-01,Comercio detallista,Bogotá D.C.,Valor medio-alto,3,592356.4285714285,1777069.2857142854,88853.46428571428
7ULN5Z3F5T,2021-04-01,Comercio detallista,Bogotá D.C.,Valor medio-alto,1,592356.4285714285,592356.4285714285,29617.821428571428
7UQH0GA7XD,2021-03-01,Belleza y cuidado personal,Bogotá D.C.,Valor medio,4,27200.0,108800.0,5440.0
7UQH0GA7XD,2021-04-01,Belleza y cuidado personal,Bogotá D.C.,Valor medio,1,27200.0,27200.0,1360.0
7VVLRPES80,2021-03-01,Transporte,Bogotá D.C.,Valor medio-alto,2,323333.3333333333,646666.6666666666,32333.333333333332
7VVLRPES80,2021-04-01,Transporte,Bogotá D.C.,Valor medio-alto,1,323333.3333333333,323333.3333333333,16166.666666666666
7W4NO4I3ZI,2021-03-01,Comercio detallista,Bogotá D.C.,Valor medio-alto,8,326416.6666666667,2611333.3333333335,130566.66666666669
7W4NO4I3ZI,2021-04-01,Comercio detallista,Bogotá D.C.,Valor medio-alto,7,326416.6666666667,2284916.666666667,114245.83333333336
7W4NO4I3ZI,2021-05-01,Comercio detallista,Bogotá D.C.,Valor medio-alto,9,326416.6666666667,2937750.0,146887.5
7W55X2116L,2021-03-01,Alimentos y bebidas,Facatativá,Valor medio-alto,17,37885.555555555555,644054.4444444444,32202.72222222222
7W55X2116L,2021-04-01,Alimentos y bebidas,Facatativá,Valor medio-alto,31,37885.555555555555,1174452.2222222222,58722.61111111112
7W55X2116L,2021-05-01,Alimentos y bebidas,Facatativá,Valor medio-alto,42,37885.555555555555,1591193.3333333333,79559.66666666667
7YAKZ7MREM,2021-03-01,Comercio detallista,Bogotá D.C.,Valor medio-alto,7,236125.0,1652875.0,82643.75
7YAKZ7MREM,2021-04-01,Comercio detallista,Bogotá D.C.,Valor medio-alto,14,236125.0,3305750.0,165287.5
7YAKZ7MREM,2021-05-01,Comercio detallista,Bogotá D.C.,Valor medio-alto,11,236125.0,2597375.0,129868.75
7YGRG7397H,2021-03-01,Alimentos y bebidas,Bogotá D.C.,Valor medio-alto,6,122161.66666666667,732970.0,36648.5
7YGRG7397H,2021-05-01,Alimentos y bebidas,Bogotá D.C.,Valor medio-alto,9,122161.66666666667,1099455.0,54972.75
7YIRCWV6ER,2021-03-01,Servicios,Bogotá D.C.,Valor medio-alto,3,78200.0,234600.0,11730.0
7YIRCWV6ER,2021-04-01,Servicios,Bogotá D.C.,Valor medio-alto,2,78200.0,156400.0,7820.0
7YIRCWV6ER,2021-05-01,Servicios,Bogotá D.C.,Valor medio-alto,5,78200.0,391000.0,19550.0
7YJV1LLJCS,2021-03-01,Comercio detallista,Bogotá D.C.,Valor medio-alto,1,498675.0,498675.0,24933.75
7YJV1LLJCS,2021-04-01,Comercio detallista,Bogotá D.C.,Valor medio-alto,1,498675.0,498675.0,24933.75
7YJV1LLJCS,2021-05-01,Comercio detallista,Bogotá D.C.,Valor medio-alto,2,498675.0,997350.0,49867.5
7Z1QYN0GU2,2021-03-01,Alimentos y bebidas,Chía,Valor medio-alto,15,43074.0,646110.0,32305.5
7Z1QYN0GU2,2021-04-01,Alimentos y bebidas,Chía,Valor medio-alto,5,43074.0,215370.0,10768.5
7Z7H9AMJEM,2021-03-01,Servicios,Cota,Valor medio-alto,8,162330.85714285713,1298646.857142857,64932.34285714285
7Z7H9AMJEM,2021-04-01,Servicios,Cota,Valor medio-alto,11,162330.85714285713,1785639.4285714284,89281.97142857143
7Z7H9AMJEM,2021-05-01,Servicios,Cota,Valor medio-alto,16,162330.85714285713,2597293.714285714,129864.6857142857
7ZYF9CMR9O,2021-03-01,Reparación y limpieza,Bogotá D.C.,Valor medio-alto,4,20142.85714285714,80571.42857142857,4028.5714285714284
7ZYF9CMR9O,2021-04-01,Reparación y limpieza,Bogotá D.C.,Valor medio-alto,2,20142.85714285714,40285.71428571428,2014.2857142857142
7ZYF9CMR9O,2021-05-01,Reparación y limpieza,Bogotá D.C.,Valor medio-alto,1,20142.85714285714,20142.85714285714,1007.1428571428571
803DYOJBAF,2021-02-01,Alimentos y bebidas,Bogotá D.C.,Valor medio-alto,1,22950.0,22950.0,1147.5
803DYOJBAF,2021-03-01,Alimentos y bebidas,Bogotá D.C.,Valor medio-alto,3,22950.0,68850.0,3442.5
803DYOJBAF,2021-05-01,Alimentos y bebidas,Bogotá D.C.,Valor medio-alto,4,22950.0,91800.0,4590.0
80JW4PK8KP,2021-03-01,Comercio detallista,Bogotá D.C.,Valor medio,2,96000.0,192000.0,9600.0
80KDLR2EMF,2021-01-01,Comercio detallista,Bogotá D.C.,Valor medio-alto,4,60065.625,240262.5,12013.125
80KDLR2EMF,2021-02-01,Comercio detallista,Bogotá D.C.,Valor medio-alto,9,60065.625,540590.625,27029.53125
80KDLR2EMF,2021-03-01,Comercio detallista,Bogotá D.C.,Valor medio-alto,8,60065.625,480525.0,24026.25
80KDLR2EMF,2021-04-01,Comercio detallista,Bogotá D.C.,Valor medio-alto,4,60065.625,240262.5,12013.125
80KDLR2EMF,2021-05-01,Comercio detallista,Bogotá D.C.,Valor medio-alto,7,60065.625,420459.375,21022.96875
81AW9QTV6Z,2021-03-01,Comercio detallista,Bogotá D.C.,Valor medio-alto,2,213408.64285714287,426817.28571428574,21340.864285714288
81AW9QTV6Z,2021-04-01,Comercio detallista,Bogotá D.C.,Valor medio-alto,5,213408.64285714287,1067043.2142857143,53352.16071428572
81AW9QTV6Z,2021-05-01,Comercio detallista,Bogotá D.C.,Valor medio-alto,7,213408.64285714287,1493860.5,74693.02500000001
81QBDNU46J,2021-03-01,Belleza y cuidado personal,Bogotá D.C.,Valor medio-alto,3,69200.0,207600.0,10380.0
81QBDNU46J,2021-04-01,Belleza y cuidado personal,Bogotá D.C.,Valor medio-alto,1,69200.0,69200.0,3460.0
81QBDNU46J,2021-05-01,Belleza y cuidado personal,Bogotá D.C.,Valor medio-alto,12,69200.0,830400.0,41520.0
82ZQJJTQKZ,2021-03-01,Comercio detallista,Bogotá D.C.,Valor medio-alto,21,123057.69230769231,2584211.5384615385,129210.57692307694
82ZQJJTQKZ,2021-04-01,Comercio detallista,Bogotá D.C.,Valor medio-alto,16,123057.69230769231,1968923.076923077,98446.15384615386
82ZQJJTQKZ,2021-05-01,Comercio detallista,Bogotá D.C.,Valor medio-alto,15,123057.69230769231,1845865.3846153847,92293.26923076925
831UHS2HIC,2021-02-01,Belleza y cuidado personal,Soacha,Valor medio-alto,4,84596.49122807017,338385.9649122807,16919.298245614034
831UHS2HIC,2021-03-01,Belleza y cuidado personal,Soacha,Valor medio-alto,9,84596.49122807017,761368.4210526315,38068.42105263157
831UHS2HIC,2021-04-01,Belleza y cuidado personal,Soacha,Valor medio-alto,22,84596.49122807017,1861122.8070175438,93056.14035087719
831UHS2HIC,2021-05-01,Belleza y cuidado personal,Soacha,Valor medio-alto,22,84596.49122807017,1861122.8070175438,93056.14035087719
83HJ3U53SO,2021-02-01,Servicios,Bogotá D.C.,Valor medio-alto,1,63733.333333333336,63733.333333333336,3186.666666666667
83HJ3U53SO,2021-04-01,Servicios,Bogotá D.C.,Valor medio-alto,2,63733.333333333336,127466.66666666667,6373.333333333334
84F9CL9RQS,2021-03-01,Servicios,Bogotá D.C.,Valor medio-alto,2,375950.0,751900.0,37595.0
84F9CL9RQS,2021-04-01,Servicios,Bogotá D.C.,Valor medio-alto,4,375950.0,1503800.0,75190.0
84GH7WLORR,2021-03-01,Comercio detallista,Bogotá D.C.,Valor medio-alto,16,474596.1538461539,7593538.461538462,379676.9230769231
84GH7WLORR,2021-04-01,Comercio detallista,Bogotá D.C.,Valor medio-alto,11,474596.1538461539,5220557.692307693,261027.88461538465
84GH7WLORR,2021-05-01,Comercio detallista,Bogotá D.C.,Valor medio-alto,25,474596.1538461539,11864903.846153846,593245.1923076924
84V2EXUJ93,2020-12-01,Servicios,Chía,Valor medio,1,2000.0,2000.0,100.0
85EBJXWV1P,2021-02-01,Comercio detallista,Bogotá D.C.,Valor medio-alto,9,390525.2,3514726.8000000003,175736.34000000003
85EBJXWV1P,2021-03-01,Comercio detallista,Bogotá D.C.,Valor medio-alto,6,390525.2,2343151.2,117157.56000000001
85EBJXWV1P,2021-04-01,Comercio detallista,Bogotá D.C.,Valor medio-alto,3,390525.2,1171575.6,58578.780000000006
85EBJXWV1P,2021-05-01,Comercio detallista,Bogotá D.C.,Valor medio-alto,7,390525.2,2733676.4,136683.82
85KENSZT40,2021-01-01,Reparación y limpieza,Soacha,Valor medio-alto,8,603042.5,4824340.0,241217.0
85KENSZT40,2021-02-01,Reparación y limpieza,Soacha,Valor medio-alto,3,603042.5,1809127.5,90456.375
85KENSZT40,2021-04-01,Reparación y limpieza,Soacha,Valor medio-alto,5,603042.5,3015212.5,150760.625
85KENSZT40,2021-05-01,Reparación y limpieza,Soacha,Valor medio-alto,4,603042.5,2412170.0,120608.5
85S935ZNB9,2021-03-01,Alimentos y bebidas,Jamundí,Valor medio-alto,3,263308.6666666667,789926.0,39496.3
85S935ZNB9,2021-04-01,Alimentos y bebidas,Jamundí,Valor medio-alto,6,263308.6666666667,1579852.0,78992.6
85S935ZNB9,2021-05-01,Alimentos y bebidas,Jamundí,Valor medio-alto,3,263308.6666666667,789926.0,39496.3
86A3VL7R6M,2021-03-01,Comercio detallista,Bogotá D.C.,Valor medio-alto,3,86000.0,258000.0,12900.0
86A3VL7R6M,2021-04-01,Comercio detallista,Bogotá D.C.,Valor medio-alto,1,86000.0,86000.0,4300.0
86TJUVNS07,2021-02-01,Reparación y limpieza,Bogotá D.C.,Valor medio-alto,1,16025.0,16025.0,801.25
86TJUVNS07,2021-03-01,Reparación y limpieza,Bogotá D.C.,Valor medio-alto,1,16025.0,16025.0,801.25
86TJUVNS07,2021-04-01,Reparación y limpieza,Bogotá D.C.,Valor medio-alto,1,16025.0,16025.0,801.25
86TJUVNS07,2021-05-01,Reparación y limpieza,Bogotá D.C.,Valor medio-alto,1,16025.0,16025.0,801.25
873EUNJNP5,2021-01-01,Reparación y limpieza,Bogotá D.C.,Valor medio-alto,1,453083.3333333333,453083.3333333333,22654.166666666668
873EUNJNP5,2020-12-01,Reparación y limpieza,Bogotá D.C.,Valor medio-alto,7,453083.3333333333,3171583.333333333,158579.16666666666
873EUNJNP5,2021-02-01,Reparación y limpieza,Bogotá D.C.,Valor medio-alto,1,453083.3333333333,453083.3333333333,22654.166666666668
873EUNJNP5,2021-03-01,Reparación y limpieza,Bogotá D.C.,Valor medio-alto,1,453083.3333333333,453083.3333333333,22654.166666666668
873EUNJNP5,2021-04-01,Reparación y limpieza,Bogotá D.C.,Valor medio-alto,1,453083.3333333333,453083.3333333333,22654.166666666668
873EUNJNP5,2021-05-01,Reparación y limpieza,Bogotá D.C.,Valor medio-alto,1,453083.3333333333,453083.3333333333,22654.166666666668
87JAEU79IX,2021-03-01,Comercio detallista,Bogotá D.C.,Valor medio-alto,1,71833.33333333333,71833.33333333333,3591.6666666666665
87JAEU79IX,2021-04-01,Comercio detallista,Bogotá D.C.,Valor medio-alto,3,71833.33333333333,215500.0,10775.0
87JAEU79IX,2021-05-01,Comercio detallista,Bogotá D.C.,Valor medio-alto,2,71833.33333333333,143666.66666666666,7183.333333333333
87MP0FX075,2021-03-01,Comercio detallista,Quetame,Valor medio-alto,2,20400.0,40800.0,2040.0
87MP0FX075,2021-04-01,Comercio detallista,Quetame,Valor medio-alto,2,20400.0,40800.0,2040.0
87MP0FX075,2021-05-01,Comercio detallista,Quetame,Valor medio-alto,1,20400.0,20400.0,1020.0
87O3NK3KF1,2021-03-01,Comercio detallista,Bogotá D.C.,Valor medio-alto,1,179727.27272727274,179727.27272727274,8986.363636363638
87O3NK3KF1,2021-04-01,Comercio detallista,Bogotá D.C.,Valor medio-alto,5,179727.27272727274,898636.3636363636,44931.818181818184
87O3NK3KF1,2021-05-01,Comercio detallista,Bogotá D.C.,Valor medio-alto,5,179727.27272727274,898636.3636363636,44931.818181818184
87V650352W,2021-02-01,Comercio detallista,Bogotá D.C.,Valor medio-alto,3,313083.3333333333,939250.0,46962.5
87V650352W,2021-03-01,Comercio detallista,Bogotá D.C.,Valor medio-alto,2,313083.3333333333,626166.6666666666,31308.333333333332
87V650352W,2021-04-01,Comercio detallista,Bogotá D.C.,Valor medio-alto,1,313083.3333333333,313083.3333333333,15654.166666666666
88LL68YKFA,2021-02-01,Alimentos y bebidas,Bogotá D.C.,Valor medio-alto,8,93074.70588235294,744597.6470588235,37229.882352941175
88LL68YKFA,2021-03-01,Alimentos y bebidas,Bogotá D.C.,Valor medio-alto,29,93074.70588235294,2699166.470588235,134958.32352941178
88LL68YKFA,2021-04-01,Alimentos y bebidas,Bogotá D.C.,Valor medio-alto,24,93074.70588235294,2233792.9411764704,111689.64705882352
88LL68YKFA,2021-05-01,Alimentos y bebidas,Bogotá D.C.,Valor medio-alto,24,93074.70588235294,2233792.9411764704,111689.64705882352
88QZPR9JFF,2021-02-01,Belleza y cuidado personal,Bogotá D.C.,Valor medio,1,2000.0,2000.0,100.0
890AJ1VC4S,2021-01-01,Comercio detallista,Bogotá D.C.,Valor medio-alto,4,76025.67567567568,304102.7027027027,15205.135135135137
890AJ1VC4S,2020-12-01,Comercio detallista,Bogotá D.C.,Valor medio-alto,4,76025.67567567568,304102.7027027027,15205.135135135137
890AJ1VC4S,2021-02-01,Comercio detallista,Bogotá D.C.,Valor medio-alto,7,76025.67567567568,532179.7297297297,26608.986486486487
890AJ1VC4S,2021-03-01,Comercio detallista,Bogotá D.C.,Valor medio-alto,4,76025.67567567568,304102.7027027027,15205.135135135137
890AJ1VC4S,2021-04-01,Comercio detallista,Bogotá D.C.,Valor medio-alto,4,76025.67567567568,304102.7027027027,15205.135135135137
890AJ1VC4S,2021-05-01,Comercio detallista,Bogotá D.C.,Valor medio-alto,14,76025.67567567568,1064359.4594594594,53217.97297297297
89F1XUB63U,2021-03-01,Belleza y cuidado personal,Bogotá D.C.,Valor alto,4,77728.42105263157,310913.6842105263,15545.684210526315
89F1XUB63U,2021-04-01,Belleza y cuidado personal,Bogotá D.C.,Valor alto,23,77728.42105263157,1787753.6842105263,89387.68421052632
89F1XUB63U,2021-05-01,Belleza y cuidado personal,Bogotá D.C.,Valor alto,68,77728.42105263157,5285532.6315789465,264276.63157894736
89KFJHNS7W,2021-03-01,Servicios,Bogotá D.C.,Valor medio-alto,2,3054400.0,6108800.0,305440.0
89KFJHNS7W,2021-04-01,Servicios,Bogotá D.C.,Valor medio-alto,2,3054400.0,6108800.0,305440.0
89KFJHNS7W,2021-05-01,Servicios,Bogotá D.C.,Valor medio-alto,1,3054400.0,3054400.0,152720.0
89QTHUTMHO,2021-03-01,Comercio detallista,Bogotá D.C.,Valor medio,1,2000.0,2000.0,100.0
8BN3OT1HG7,2021-02-01,Comercio detallista,Bogotá D.C.,Valor medio-alto,7,427481.48148148146,2992370.3703703703,149618.5185185185
8BN3OT1HG7,2021-03-01,Comercio detallista,Bogotá D.C.,Valor medio-alto,7,427481.48148148146,2992370.3703703703,149618.5185185185
8BN3OT1HG7,2021-04-01,Comercio detallista,Bogotá D.C.,Valor medio-alto,8,427481.48148148146,3419851.8518518517,170992.59259259258
8BN3OT1HG7,2021-05-01,Comercio detallista,Bogotá D.C.,Valor medio-alto,5,427481.48148148146,2137407.407407407,106870.37037037036
8BRUJO0IAU,2021-02-01,Comercio detallista,Bogotá D.C.,Valor medio-alto,1,445250.0,445250.0,22262.5
8BRUJO0IAU,2021-03-01,Comercio detallista,Bogotá D.C.,Valor medio-alto,4,445250.0,1781000.0,89050.0
8BRUJO0IAU,2021-04-01,Comercio detallista,Bogotá D.C.,Valor medio-alto,3,445250.0,1335750.0,66787.5
8CUJM6QLMV,2021-01-01,Alimentos y bebidas,Bogotá D.C.,Valor medio-alto,5,42124.82993197279,210624.14965986394,10531.207482993197
8CUJM6QLMV,2021-02-01,Alimentos y bebidas,Bogotá D.C.,Valor medio-alto,21,42124.82993197279,884621.4285714285,44231.07142857143
8CUJM6QLMV,2021-03-01,Alimentos y bebidas,Bogotá D.C.,Valor medio-alto,38,42124.82993197279,1600743.537414966,80037.1768707483
8CUJM6QLMV,2021-04-01,Alimentos y bebidas,Bogotá D.C.,Valor medio-alto,42,42124.82993197279,1769242.857142857,88462.14285714286
8CUJM6QLMV,2021-05-01,Alimentos y bebidas,Bogotá D.C.,Valor medio-alto,41,42124.82993197279,1727118.0272108843,86355.90136054422
8D3KPVHCET,2021-03-01,Servicios,Bogotá D.C.,Valor medio,1,2000.0,2000.0,100.0
8D3KPVHCET,2021-04-01,Servicios,Bogotá D.C.,Valor medio,1,2000.0,2000.0,100.0
8DETSU0QZZ,2021-03-01,Servicios,Bogotá D.C.,Valor medio-alto,17,146357.8947368421,2488084.210526316,124404.2105263158
8DETSU0QZZ,2021-04-01,Servicios,Bogotá D.C.,Valor medio-alto,5,146357.8947368421,731789.4736842106,36589.47368421053
8DETSU0QZZ,2021-05-01,Servicios,Bogotá D.C.,Valor medio-alto,16,146357.8947368421,2341726.3157894737,117086.3157894737
8E0UDI9GC2,2021-03-01,Servicios,Bogotá D.C.,Valor medio-alto,9,96333.33333333333,867000.0,43350.0
8E0UDI9GC2,2021-04-01,Servicios,Bogotá D.C.,Valor medio-alto,5,96333.33333333333,481666.6666666666,24083.333333333332
8E0UDI9GC2,2021-05-01,Servicios,Bogotá D.C.,Valor medio-alto,1,96333.33333333333,96333.33333333333,4816.666666666667
8E6JLX23GR,2021-03-01,Comercio detallista,Bogotá D.C.,Valor medio-alto,5,102350.0,511750.0,25587.5
8E6JLX23GR,2021-04-01,Comercio detallista,Bogotá D.C.,Valor medio-alto,4,102350.0,409400.0,20470.0
8E6JLX23GR,2021-05-01,Comercio detallista,Bogotá D.C.,Valor medio-alto,6,102350.0,614100.0,30705.0
8FFUJVBVE6,2021-02-01,Comercio detallista,Cali,Valor medio-alto,2,79625.0,159250.0,7962.5
8FFUJVBVE6,2021-03-01,Comercio detallista,Cali,Valor medio-alto,11,79625.0,875875.0,43793.75
8FFUJVBVE6,2021-04-01,Comercio detallista,Cali,Valor medio-alto,12,79625.0,955500.0,47775.0
8FFUJVBVE6,2021-05-01,Comercio detallista,Cali,Valor medio-alto,7,79625.0,557375.0,27868.75
8FMHQ2CD36,2021-03-01,Belleza y cuidado personal,Bogotá D.C.,Valor medio-alto,7,48900.0,342300.0,17115.0
8FMHQ2CD36,2021-04-01,Belleza y cuidado personal,Bogotá D.C.,Valor medio-alto,5,48900.0,244500.0,12225.0
8FMHQ2CD36,2021-05-01,Belleza y cuidado personal,Bogotá D.C.,Valor medio-alto,13,48900.0,635700.0,31785.0
8FOC77FPFZ,2021-03-01,Belleza y cuidado personal,Bogotá D.C.,Valor medio-alto,2,37057.857142857145,74115.71428571429,3705.7857142857147
8FOC77FPFZ,2021-04-01,Belleza y cuidado personal,Bogotá D.C.,Valor medio-alto,5,37057.857142857145,185289.28571428574,9264.464285714288
8FOC77FPFZ,2021-05-01,Belleza y cuidado personal,Bogotá D.C.,Valor medio-alto,7,37057.857142857145,259405.0,12970.25
8FU98FJIP8,2021-03-01,Servicios,Zipaquirá,Valor medio-alto,3,221857.14285714287,665571.4285714286,33278.571428571435
8FU98FJIP8,2021-04-01,Servicios,Zipaquirá,Valor medio-alto,5,221857.14285714287,1109285.7142857143,55464.28571428572
8FU98FJIP8,2021-05-01,Servicios,Zipaquirá,Valor medio-alto,6,221857.14285714287,1331142.8571428573,66557.14285714287
8G7JONHVSY,2020-12-01,Alimentos y bebidas,Bogotá D.C.,Valor medio-alto,2,31719.23076923077,63438.46153846154,3171.923076923077
8G7JONHVSY,2021-03-01,Alimentos y bebidas,Bogotá D.C.,Valor medio-alto,7,31719.23076923077,222034.61538461538,11101.73076923077
8G7JONHVSY,2021-04-01,Alimentos y bebidas,Bogotá D.C.,Valor medio-alto,3,31719.23076923077,95157.69230769231,4757.884615384616
8G7JONHVSY,2021-05-01,Alimentos y bebidas,Bogotá D.C.,Valor medio-alto,1,31719.23076923077,31719.23076923077,1585.9615384615386
8GA2TSG90J,2021-03-01,Alimentos y bebidas,Bogotá D.C.,Valor medio-alto,6,18011.428571428572,108068.57142857143,5403.4285714285725
8GA2TSG90J,2021-04-01,Alimentos y bebidas,Bogotá D.C.,Valor medio-alto,14,18011.428571428572,252160.0,12608.0
8GA2TSG90J,2021-05-01,Alimentos y bebidas,Bogotá D.C.,Valor medio-alto,15,18011.428571428572,270171.4285714286,13508.57142857143
8GGUUBA5Y8,2021-02-01,Comercio detallista,Bogotá D.C.,Valor medio-alto,3,421000.0,1263000.0,63150.0
8GGUUBA5Y8,2021-05-01,Comercio detallista,Bogotá D.C.,Valor medio-alto,1,421000.0,421000.0,21050.0
8HYJY3VNLM,2021-03-01,Comercio detallista,Bogotá D.C.,Valor medio-alto,3,387200.0,1161600.0,58080.0
8HYJY3VNLM,2021-04-01,Comercio detallista,Bogotá D.C.,Valor medio-alto,2,387200.0,774400.0,38720.0
8JAA7Q1GHP,2021-03-01,Comercio detallista,Bogotá D.C.,Valor medio-alto,1,800743.3333333334,800743.3333333334,40037.16666666667
8JAA7Q1GHP,2021-04-01,Comercio detallista,Bogotá D.C.,Valor medio-alto,2,800743.3333333334,1601486.6666666667,80074.33333333334
8JOPV1E7XZ,2021-01-01,Comercio detallista,Bogotá D.C.,Valor medio-alto,9,291750.0,2625750.0,131287.5
8JOPV1E7XZ,2021-02-01,Comercio detallista,Bogotá D.C.,Valor medio-alto,37,291750.0,10794750.0,539737.5
8JOPV1E7XZ,2021-03-01,Comercio detallista,Bogotá D.C.,Valor medio-alto,21,291750.0,6126750.0,306337.5
8JOPV1E7XZ,2021-04-01,Comercio detallista,Bogotá D.C.,Valor medio-alto,13,291750.0,3792750.0,189637.5
8JOPV1E7XZ,2021-05-01,Comercio detallista,Bogotá D.C.,Valor medio-alto,18,291750.0,5251500.0,262575.0
8KJVYTQQ7X,2021-03-01,Servicios,Bogotá D.C.,Valor alto,4,412261.36363636365,1649045.4545454546,82452.27272727274
8KJVYTQQ7X,2021-04-01,Servicios,Bogotá D.C.,Valor alto,12,412261.36363636365,4947136.363636363,247356.81818181818
8KJVYTQQ7X,2021-05-01,Servicios,Bogotá D.C.,Valor alto,6,412261.36363636365,2473568.1818181816,123678.40909090909
8KTN7DZHA3,2021-03-01,Alimentos y bebidas,Soacha,Valor medio-alto,8,39076.27272727273,312610.1818181818,15630.509090909092
8KTN7DZHA3,2021-04-01,Alimentos y bebidas,Soacha,Valor medio-alto,15,39076.27272727273,586144.0909090909,29307.204545454548
8KTN7DZHA3,2021-05-01,Alimentos y bebidas,Soacha,Valor medio-alto,32,39076.27272727273,1250440.7272727273,62522.03636363637
8KZ1L2BU2L,2021-03-01,Turismo y entretenimiento,Soacha,Valor medio-alto,4,90055.55555555556,360222.22222222225,18011.111111111113
8KZ1L2BU2L,2021-04-01,Turismo y entretenimiento,Soacha,Valor medio-alto,4,90055.55555555556,360222.22222222225,18011.111111111113
8KZ1L2BU2L,2021-05-01,Turismo y entretenimiento,Soacha,Valor medio-alto,10,90055.55555555556,900555.5555555556,45027.77777777778
8LDGJNKC3S,2021-03-01,Comercio detallista,Bogotá D.C.,Valor medio-alto,3,640937.5,1922812.5,96140.625
8LDGJNKC3S,2021-04-01,Comercio detallista,Bogotá D.C.,Valor medio-alto,6,640937.5,3845625.0,192281.25
8LDGJNKC3S,2021-05-01,Comercio detallista,Bogotá D.C.,Valor medio-alto,7,640937.5,4486562.5,224328.125
8LMRCO3PVL,2021-03-01,Belleza y cuidado personal,Bogotá D.C.,Valor medio-alto,1,51812.5,51812.5,2590.625
8LMRCO3PVL,2021-04-01,Belleza y cuidado personal,Bogotá D.C.,Valor medio-alto,3,51812.5,155437.5,7771.875
8LPNG55RS2,2021-02-01,Comercio detallista,Bogotá D.C.,Valor medio,2,1500.0,3000.0,150.0
8LR9ZU4BQC,2021-03-01,Comercio detallista,Bogotá D.C.,Valor medio-alto,1,173666.66666666666,173666.66666666666,8683.333333333334
8LR9ZU4BQC,2021-05-01,Comercio detallista,Bogotá D.C.,Valor medio-alto,2,173666.66666666666,347333.3333333333,17366.666666666668
8MAPV1K5EF,2021-02-01,Comercio detallista,Bogotá D.C.,Valor medio-alto,1,843750.0,843750.0,42187.5
8MAPV1K5EF,2021-04-01,Comercio detallista,Bogotá D.C.,Valor medio-alto,2,843750.0,1687500.0,84375.0
8MAPV1K5EF,2021-05-01,Comercio detallista,Bogotá D.C.,Valor medio-alto,1,843750.0,843750.0,42187.5
8MH7QHW19R,2021-01-01,Servicios,Bogotá D.C.,Valor medio-alto,2,553000.0,1106000.0,55300.0
8MH7QHW19R,2021-04-01,Servicios,Bogotá D.C.,Valor medio-alto,1,553000.0,553000.0,27650.0
8N7BFJI1ZN,2021-01-01,Comercio detallista,Bogotá D.C.,Valor alto,28,318440.36697247706,8916330.275229357,445816.5137614679
8N7BFJI1ZN,2021-02-01,Comercio detallista,Bogotá D.C.,Valor alto,22,318440.36697247706,7005688.073394495,350284.40366972476
8N7BFJI1ZN,2021-03-01,Comercio detallista,Bogotá D.C.,Valor alto,25,318440.36697247706,7961009.174311927,398050.45871559635
8N7BFJI1ZN,2021-04-01,Comercio detallista,Bogotá D.C.,Valor alto,12,318440.36697247706,3821284.4036697247,191064.22018348624
8N7BFJI1ZN,2021-05-01,Comercio detallista,Bogotá D.C.,Valor alto,22,318440.36697247706,7005688.073394495,350284.40366972476
8P05AR2NL0,2021-01-01,Servicios,Bogotá D.C.,Valor medio-alto,1,509937.5,509937.5,25496.875
8P05AR2NL0,2020-12-01,Servicios,Bogotá D.C.,Valor medio-alto,1,509937.5,509937.5,25496.875
8P05AR2NL0,2021-02-01,Servicios,Bogotá D.C.,Valor medio-alto,4,509937.5,2039750.0,101987.5
8P05AR2NL0,2021-03-01,Servicios,Bogotá D.C.,Valor medio-alto,8,509937.5,4079500.0,203975.0
8P05AR2NL0,2021-04-01,Servicios,Bogotá D.C.,Valor medio-alto,2,509937.5,1019875.0,50993.75
8P05AR2NL0,2021-05-01,Servicios,Bogotá D.C.,Valor medio-alto,4,509937.5,2039750.0,101987.5
8PBEF7CHWP,2021-02-01,Comercio detallista,Bogotá D.C.,Valor medio,1,2100.0,2100.0,105.0
8PC3YN99OA,2021-03-01,Reparación y limpieza,Bogotá D.C.,Valor medio-alto,4,205444.44444444444,821777.7777777778,41088.88888888889
8PC3YN99OA,2021-04-01,Reparación y limpieza,Bogotá D.C.,Valor medio-alto,3,205444.44444444444,616333.3333333333,30816.666666666664
8PC3YN99OA,2021-05-01,Reparación y limpieza,Bogotá D.C.,Valor medio-alto,2,205444.44444444444,410888.8888888889,20544.444444444445
8PXXMS3A40,2021-03-01,Comercio detallista,Bogotá D.C.,Valor medio-alto,10,103350.0,1033500.0,51675.0
8PXXMS3A40,2021-04-01,Comercio detallista,Bogotá D.C.,Valor medio-alto,2,103350.0,206700.0,10335.0
8PXXMS3A40,2021-05-01,Comercio detallista,Bogotá D.C.,Valor medio-alto,8,103350.0,826800.0,41340.0
8Q912X9NJT,2021-03-01,Comercio detallista,Madrid,Valor medio,1,10000.0,10000.0,500.0
8RO1B7G7JG,2021-03-01,Comercio detallista,Bogotá D.C.,Valor medio,1,1000.0,1000.0,50.0
8RX1H4QV3U,2021-03-01,Servicios,Bogotá D.C.,Valor medio-alto,48,252051.72413793104,12098482.75862069,604924.1379310346
8RX1H4QV3U,2021-04-01,Servicios,Bogotá D.C.,Valor medio-alto,27,252051.72413793104,6805396.551724138,340269.8275862069
8RX1H4QV3U,2021-05-01,Servicios,Bogotá D.C.,Valor medio-alto,41,252051.72413793104,10334120.689655174,516706.0344827587
8SD2RQLX10,2021-03-01,Servicios,Bogotá D.C.,Valor medio-alto,11,191982.8125,2111810.9375,105590.546875
8SD2RQLX10,2021-04-01,Servicios,Bogotá D.C.,Valor medio-alto,9,191982.8125,1727845.3125,86392.265625
8SD2RQLX10,2021-05-01,Servicios,Bogotá D.C.,Valor medio-alto,12,191982.8125,2303793.75,115189.6875
8T31P7PA3D,2021-02-01,Alimentos y bebidas,Bogotá D.C.,Valor medio-alto,16,55629.166666666664,890066.6666666666,44503.333333333336
8T31P7PA3D,2021-03-01,Alimentos y bebidas,Bogotá D.C.,Valor medio-alto,17,55629.166666666664,945695.8333333333,47284.791666666664
8T31P7PA3D,2021-04-01,Alimentos y bebidas,Bogotá D.C.,Valor medio-alto,6,55629.166666666664,333775.0,16688.75
8T31P7PA3D,2021-05-01,Alimentos y bebidas,Bogotá D.C.,Valor medio-alto,9,55629.166666666664,500662.5,25033.125
8TGBHKDJYG,2021-03-01,Comercio detallista,Bogotá D.C.,Valor medio-alto,1,234510.0,234510.0,11725.5
8TGBHKDJYG,2021-04-01,Comercio detallista,Bogotá D.C.,Valor medio-alto,1,234510.0,234510.0,11725.5
8TGBHKDJYG,2021-05-01,Comercio detallista,Bogotá D.C.,Valor medio-alto,3,234510.0,703530.0,35176.5
8UDR5E61VX,2021-02-01,Alimentos y bebidas,Bogotá D.C.,Valor medio-alto,7,67600.0,473200.0,23660.0
8UDR5E61VX,2021-03-01,Alimentos y bebidas,Bogotá D.C.,Valor medio-alto,1,67600.0,67600.0,3380.0
8UN126KHZS,2021-03-01,Comercio detallista,Bogotá D.C.,Valor medio-alto,4,184260.0,737040.0,36852.0
8UN126KHZS,2021-04-01,Comercio detallista,Bogotá D.C.,Valor medio-alto,1,184260.0,184260.0,9213.0
8V4G45420H,2021-03-01,Belleza y cuidado personal,Bogotá D.C.,Valor medio-alto,3,807470.0,2422410.0,121120.5
8V4G45420H,2021-04-01,Belleza y cuidado personal,Bogotá D.C.,Valor medio-alto,2,807470.0,1614940.0,80747.0
8VHIDNMRH4,2021-03-01,Reparación y limpieza,Bogotá D.C.,Valor medio-alto,1,46666.666666666664,46666.666666666664,2333.3333333333335
8VHIDNMRH4,2021-04-01,Reparación y limpieza,Bogotá D.C.,Valor medio-alto,1,46666.666666666664,46666.666666666664,2333.3333333333335
8VHIDNMRH4,2021-05-01,Reparación y limpieza,Bogotá D.C.,Valor medio-alto,1,46666.666666666664,46666.666666666664,2333.3333333333335
8W07D8VJNE,2021-03-01,Servicios,Bogotá D.C.,Valor medio,2,106000.0,212000.0,10600.0
8WEI5WXGP3,2021-03-01,Alimentos y bebidas,Cali,Valor medio,1,1000.0,1000.0,50.0
8WXQG63J5R,2021-03-01,Comercio detallista,Bogotá D.C.,Valor medio-alto,1,157000.0,157000.0,7850.0
8WXQG63J5R,2021-05-01,Comercio detallista,Bogotá D.C.,Valor medio-alto,1,157000.0,157000.0,7850.0
8X22RULN89,2021-03-01,Alimentos y bebidas,Girardot,Valor medio,1,14500.0,14500.0,725.0
8X22RULN89,2021-05-01,Alimentos y bebidas,Girardot,Valor medio,1,14500.0,14500.0,725.0
8XKIQPIZUU,2020-12-01,Comercio detallista,Bogotá D.C.,Valor medio,1,2000.0,2000.0,100.0
8XKM3OK87H,2021-02-01,Alimentos y bebidas,Bogotá D.C.,Valor medio-alto,2,95258.33333333333,190516.66666666666,9525.833333333334
8XKM3OK87H,2021-03-01,Alimentos y bebidas,Bogotá D.C.,Valor medio-alto,3,95258.33333333333,285775.0,14288.75
8XKM3OK87H,2021-04-01,Alimentos y bebidas,Bogotá D.C.,Valor medio-alto,5,95258.33333333333,476291.6666666666,23814.583333333332
8XKM3OK87H,2021-05-01,Alimentos y bebidas,Bogotá D.C.,Valor medio-alto,8,95258.33333333333,762066.6666666666,38103.333333333336
8XYDIBKAKC,2021-03-01,Comercio detallista,Bogotá D.C.,Valor medio-alto,1,367611.76470588235,367611.76470588235,18380.58823529412
8XYDIBKAKC,2021-04-01,Comercio detallista,Bogotá D.C.,Valor medio-alto,24,367611.76470588235,8822682.352941176,441134.1176470588
8XYDIBKAKC,2021-05-01,Comercio detallista,Bogotá D.C.,Valor medio-alto,26,367611.76470588235,9557905.88235294,477895.29411764705
8YZKC2VQED,2021-03-01,Turismo y entretenimiento,Choachí,Valor medio-alto,3,119428.57142857143,358285.7142857143,17914.285714285717
8YZKC2VQED,2021-04-01,Turismo y entretenimiento,Choachí,Valor medio-alto,1,119428.57142857143,119428.57142857143,5971.4285714285725
8YZKC2VQED,2021-05-01,Turismo y entretenimiento,Choachí,Valor medio-alto,3,119428.57142857143,358285.7142857143,17914.285714285717
8YZQXM63ED,2021-03-01,Comercio detallista,Bogotá D.C.,Valor medio-alto,6,152500.0,915000.0,45750.0
8YZQXM63ED,2021-04-01,Comercio detallista,Bogotá D.C.,Valor medio-alto,2,152500.0,305000.0,15250.0
8YZQXM63ED,2021-05-01,Comercio detallista,Bogotá D.C.,Valor medio-alto,2,152500.0,305000.0,15250.0
8ZFDGU5U6C,2021-03-01,Alimentos y bebidas,Bogotá D.C.,Valor medio-alto,24,41878.53982300885,1005084.9557522123,50254.24778761062
8ZFDGU5U6C,2021-04-01,Alimentos y bebidas,Bogotá D.C.,Valor medio-alto,38,41878.53982300885,1591384.5132743362,79569.22566371682
8ZFDGU5U6C,2021-05-01,Alimentos y bebidas,Bogotá D.C.,Valor medio-alto,51,41878.53982300885,2135805.530973451,106790.27654867257
8ZV3BWLGSZ,2021-03-01,Comercio detallista,Bogotá D.C.,Valor medio-alto,4,38214.28571428572,152857.14285714287,7642.857142857144
8ZV3BWLGSZ,2021-04-01,Comercio detallista,Bogotá D.C.,Valor medio-alto,4,38214.28571428572,152857.14285714287,7642.857142857144
8ZV3BWLGSZ,2021-05-01,Comercio detallista,Bogotá D.C.,Valor medio-alto,6,38214.28571428572,229285.71428571432,11464.285714285717
90V8JEZXLS,2021-03-01,Comercio detallista,Bogotá D.C.,Valor medio,1,666.6666666666666,666.6666666666666,33.333333333333336
90V8JEZXLS,2021-04-01,Comercio detallista,Bogotá D.C.,Valor medio,1,666.6666666666666,666.6666666666666,33.333333333333336
90V8JEZXLS,2021-05-01,Comercio detallista,Bogotá D.C.,Valor medio,1,666.6666666666666,666.6666666666666,33.333333333333336
90ZRG48U77,2021-01-01,Comercio detallista,Bogotá D.C.,Valor medio-alto,2,127925.60344827586,255851.2068965517,12792.560344827587
90ZRG48U77,2020-12-01,Comercio detallista,Bogotá D.C.,Valor medio-alto,13,127925.60344827586,1663032.844827586,83151.6422413793
90ZRG48U77,2021-02-01,Comercio detallista,Bogotá D.C.,Valor medio-alto,21,127925.60344827586,2686437.672413793,134321.88362068965
90ZRG48U77,2021-03-01,Comercio detallista,Bogotá D.C.,Valor medio-alto,38,127925.60344827586,4861172.931034482,243058.64655172412
90ZRG48U77,2021-04-01,Comercio detallista,Bogotá D.C.,Valor medio-alto,18,127925.60344827586,2302660.8620689656,115133.04310344829
90ZRG48U77,2021-05-01,Comercio detallista,Bogotá D.C.,Valor medio-alto,24,127925.60344827586,3070214.4827586208,153510.72413793104
910UH0I3LX,2021-03-01,Comercio detallista,Bogotá D.C.,Valor medio,2,365032.5,730065.0,36503.25
910ZRKK5M6,2021-03-01,Comercio detallista,Cali,Valor medio-alto,7,1230800.0,8615600.0,430780.0
910ZRKK5M6,2021-04-01,Comercio detallista,Cali,Valor medio-alto,4,1230800.0,4923200.0,246160.0
910ZRKK5M6,2021-05-01,Comercio detallista,Cali,Valor medio-alto,4,1230800.0,4923200.0,246160.0
91T0S8RI99,2021-03-01,Comercio detallista,Bogotá D.C.,Valor medio-alto,1,254325.0,254325.0,12716.25
91T0S8RI99,2021-04-01,Comercio detallista,Bogotá D.C.,Valor medio-alto,5,254325.0,1271625.0,63581.25
91T0S8RI99,2021-05-01,Comercio detallista,Bogotá D.C.,Valor medio-alto,14,254325.0,3560550.0,178027.5
92KMQ8QKJL,2021-01-01,Comercio detallista,Bogotá D.C.,Valor medio-alto,5,310284.2105263158,1551421.0526315789,77571.05263157895
92KMQ8QKJL,2021-02-01,Comercio detallista,Bogotá D.C.,Valor medio-alto,26,310284.2105263158,8067389.47368421,403369.47368421056
92KMQ8QKJL,2021-03-01,Comercio detallista,Bogotá D.C.,Valor medio-alto,25,310284.2105263158,7757105.263157895,387855.2631578948
92KMQ8QKJL,2021-04-01,Comercio detallista,Bogotá D.C.,Valor medio-alto,13,310284.2105263158,4033694.736842105,201684.73684210528
92KMQ8QKJL,2021-05-01,Comercio detallista,Bogotá D.C.,Valor medio-alto,26,310284.2105263158,8067389.47368421,403369.47368421056
92MZZIJIOH,2021-02-01,Servicios,Bogotá D.C.,Valor medio,2,2000.0,4000.0,200.0
92WV5K0KIU,2021-02-01,Servicios,Bogotá D.C.,Valor medio-alto,2,242807.6923076923,485615.3846153846,24280.769230769234
92WV5K0KIU,2021-03-01,Servicios,Bogotá D.C.,Valor medio-alto,4,242807.6923076923,971230.7692307692,48561.53846153847
92WV5K0KIU,2021-05-01,Servicios,Bogotá D.C.,Valor medio-alto,7,242807.6923076923,1699653.8461538462,84982.69230769231
9393WJ3RVM,2021-03-01,Alimentos y bebidas,Bogotá D.C.,Valor medio-alto,15,226600.0,3399000.0,169950.0
93CJOHZI3K,2021-03-01,Comercio detallista,Bogotá D.C.,Valor medio-alto,3,1129750.0,3389250.0,169462.5
93CJOHZI3K,2021-05-01,Comercio detallista,Bogotá D.C.,Valor medio-alto,1,1129750.0,1129750.0,56487.5
93MFDY0VUW,2021-01-01,Comercio detallista,Soacha,Valor medio-alto,1,864312.5,864312.5,43215.625
93MFDY0VUW,2021-02-01,Comercio detallista,Soacha,Valor medio-alto,2,864312.5,1728625.0,86431.25
93MFDY0VUW,2021-03-01,Comercio detallista,Soacha,Valor medio-alto,2,864312.5,1728625.0,86431.25
93MFDY0VUW,2021-04-01,Comercio detallista,Soacha,Valor medio-alto,8,864312.5,6914500.0,345725.0
93MFDY0VUW,2021-05-01,Comercio detallista,Soacha,Valor medio-alto,3,864312.5,2592937.5,129646.875
946L2V2VQN,2021-03-01,Comercio detallista,Bogotá D.C.,Valor medio-alto,4,371833.3333333333,1487333.3333333333,74366.66666666667
946L2V2VQN,2021-04-01,Comercio detallista,Bogotá D.C.,Valor medio-alto,1,371833.3333333333,371833.3333333333,18591.666666666668
946L2V2VQN,2021-05-01,Comercio detallista,Bogotá D.C.,Valor medio-alto,7,371833.3333333333,2602833.333333333,130141.66666666666
94XG2D83WR,2021-01-01,Belleza y cuidado personal,Bogotá D.C.,Valor medio-alto,1,49666.666666666664,49666.666666666664,2483.3333333333335
94XG2D83WR,2021-02-01,Belleza y cuidado personal,Bogotá D.C.,Valor medio-alto,1,49666.666666666664,49666.666666666664,2483.3333333333335
94XG2D83WR,2021-03-01,Belleza y cuidado personal,Bogotá D.C.,Valor medio-alto,4,49666.666666666664,198666.66666666666,9933.333333333334
94XG2D83WR,2021-04-01,Belleza y cuidado personal,Bogotá D.C.,Valor medio-alto,5,49666.666666666664,248333.3333333333,12416.666666666666
94XG2D83WR,2021-05-01,Belleza y cuidado personal,Bogotá D.C.,Valor medio-alto,4,49666.666666666664,198666.66666666666,9933.333333333334
956SVL26J9,2021-01-01,Comercio detallista,Soacha,Valor medio-alto,12,135963.3027522936,1631559.633027523,81577.98165137616
956SVL26J9,2021-02-01,Comercio detallista,Soacha,Valor medio-alto,19,135963.3027522936,2583302.7522935783,129165.13761467893
956SVL26J9,2021-03-01,Comercio detallista,Soacha,Valor medio-alto,30,135963.3027522936,4078899.0825688075,203944.95412844038
956SVL26J9,2021-04-01,Comercio detallista,Soacha,Valor medio-alto,26,135963.3027522936,3535045.8715596334,176752.29357798168
956SVL26J9,2021-05-01,Comercio detallista,Soacha,Valor medio-alto,22,135963.3027522936,2991192.660550459,149559.63302752294
95DEQJPEEY,2021-03-01,Comercio detallista,Bogotá D.C.,Valor medio-alto,3,787750.0,2363250.0,118162.5
95DEQJPEEY,2021-04-01,Comercio detallista,Bogotá D.C.,Valor medio-alto,3,787750.0,2363250.0,118162.5
95DEQJPEEY,2021-05-01,Comercio detallista,Bogotá D.C.,Valor medio-alto,2,787750.0,1575500.0,78775.0
96FVKJJ572,2021-03-01,Comercio detallista,Girardot,Valor medio-alto,3,205882.0,617646.0,30882.300000000003
96FVKJJ572,2021-04-01,Comercio detallista,Girardot,Valor medio-alto,15,205882.0,3088230.0,154411.5
96FVKJJ572,2021-05-01,Comercio detallista,Girardot,Valor medio-alto,17,205882.0,3499994.0,174999.7
96SDVQDU3Q,2021-03-01,Servicios,Bogotá D.C.,Valor medio-alto,1,308350.0,308350.0,15417.5
96SDVQDU3Q,2021-04-01,Servicios,Bogotá D.C.,Valor medio-alto,2,308350.0,616700.0,30835.0
96SDVQDU3Q,2021-05-01,Servicios,Bogotá D.C.,Valor medio-alto,1,308350.0,308350.0,15417.5
972OEJ85OJ,2021-03-01,Comercio detallista,Bogotá D.C.,Valor medio-alto,1,692390.625,692390.625,34619.53125
972OEJ85OJ,2021-04-01,Comercio detallista,Bogotá D.C.,Valor medio-alto,6,692390.625,4154343.75,207717.1875
972OEJ85OJ,2021-05-01,Comercio detallista,Bogotá D.C.,Valor medio-alto,25,692390.625,17309765.625,865488.28125
98B2HENVX4,2021-03-01,Comercio detallista,Bogotá D.C.,Valor medio-alto,6,32450.882352941175,194705.29411764705,9735.264705882353
98B2HENVX4,2021-04-01,Comercio detallista,Bogotá D.C.,Valor medio-alto,7,32450.882352941175,227156.17647058822,11357.808823529413
98B2HENVX4,2021-05-01,Comercio detallista,Bogotá D.C.,Valor medio-alto,4,32450.882352941175,129803.5294117647,6490.176470588235
98LHUYANHB,2021-03-01,Reparación y limpieza,Bogotá D.C.,Valor medio,1,2000.0,2000.0,100.0
990KZT0SWM,2021-02-01,Comercio detallista,Soacha,Valor medio-alto,7,850400.0,5952800.0,297640.0
990KZT0SWM,2021-03-01,Comercio detallista,Soacha,Valor medio-alto,5,850400.0,4252000.0,212600.0
990KZT0SWM,2021-04-01,Comercio detallista,Soacha,Valor medio-alto,3,850400.0,2551200.0,127560.0
990KZT0SWM,2021-05-01,Comercio detallista,Soacha,Valor medio-alto,10,850400.0,8504000.0,425200.0
995I2IG59Y,2021-02-01,Comercio detallista,Bogotá D.C.,Valor medio-alto,6,440588.23529411765,2643529.411764706,132176.4705882353
995I2IG59Y,2021-03-01,Comercio detallista,Bogotá D.C.,Valor medio-alto,1,440588.23529411765,440588.23529411765,22029.411764705885
995I2IG59Y,2021-05-01,Comercio detallista,Bogotá D.C.,Valor medio-alto,10,440588.23529411765,4405882.352941177,220294.11764705885
99A7SCFTSR,2021-03-01,Comercio detallista,Bogotá D.C.,Valor medio-alto,1,66500.0,66500.0,3325.0
99A7SCFTSR,2021-04-01,Comercio detallista,Bogotá D.C.,Valor medio-alto,3,66500.0,199500.0,9975.0
99DUOQD7FX,2021-01-01,Comercio detallista,Bogotá D.C.,Valor medio-alto,4,62916.666666666664,251666.66666666666,12583.333333333334
99DUOQD7FX,2021-02-01,Comercio detallista,Bogotá D.C.,Valor medio-alto,6,62916.666666666664,377500.0,18875.0
99DUOQD7FX,2021-04-01,Comercio detallista,Bogotá D.C.,Valor medio-alto,5,62916.666666666664,314583.3333333333,15729.166666666666
99DUOQD7FX,2021-05-01,Comercio detallista,Bogotá D.C.,Valor medio-alto,9,62916.666666666664,566250.0,28312.5
99Z8ISJI0L,2021-02-01,Comercio detallista,Cali,Valor medio-alto,7,228854.16666666666,1601979.1666666665,80098.95833333333
99Z8ISJI0L,2021-03-01,Comercio detallista,Cali,Valor medio-alto,8,228854.16666666666,1830833.3333333333,91541.66666666667
99Z8ISJI0L,2021-04-01,Comercio detallista,Cali,Valor medio-alto,14,228854.16666666666,3203958.333333333,160197.91666666666
99Z8ISJI0L,2021-05-01,Comercio detallista,Cali,Valor medio-alto,7,228854.16666666666,1601979.1666666665,80098.95833333333
9ADBRRTMEQ,2021-03-01,Alimentos y bebidas,Bogotá D.C.,Valor medio,2,37731.333333333336,75462.66666666667,3773.1333333333337
9ADBRRTMEQ,2021-04-01,Alimentos y bebidas,Bogotá D.C.,Valor medio,1,37731.333333333336,37731.333333333336,1886.5666666666668
9B8WDY6RJT,2021-03-01,Reparación y limpieza,Soacha,Valor medio-alto,1,70500.0,70500.0,3525.0
9B8WDY6RJT,2021-05-01,Reparación y limpieza,Soacha,Valor medio-alto,1,70500.0,70500.0,3525.0
9CGNELV4ZK,2021-02-01,Alimentos y bebidas,Bogotá D.C.,Valor medio-alto,5,43122.32142857143,215611.60714285713,10780.580357142857
9CGNELV4ZK,2021-03-01,Alimentos y bebidas,Bogotá D.C.,Valor medio-alto,23,43122.32142857143,991813.3928571428,49590.669642857145
9CGNELV4ZK,2021-04-01,Alimentos y bebidas,Bogotá D.C.,Valor medio-alto,16,43122.32142857143,689957.1428571428,34497.857142857145
9CGNELV4ZK,2021-05-01,Alimentos y bebidas,Bogotá D.C.,Valor medio-alto,12,43122.32142857143,517467.85714285716,25873.39285714286
9CVKUXBA5V,2021-03-01,Comercio detallista,Bogotá D.C.,Valor medio-alto,26,77000.0,2002000.0,100100.0
9CVKUXBA5V,2021-04-01,Comercio detallista,Bogotá D.C.,Valor medio-alto,21,77000.0,1617000.0,80850.0
9CVKUXBA5V,2021-05-01,Comercio detallista,Bogotá D.C.,Valor medio-alto,43,77000.0,3311000.0,165550.0
9DGB3NPBLJ,2021-03-01,Transporte,Bogotá D.C.,Valor medio-alto,1,296000.0,296000.0,14800.0
9DGB3NPBLJ,2021-04-01,Transporte,Bogotá D.C.,Valor medio-alto,2,296000.0,592000.0,29600.0
9DGB3NPBLJ,2021-05-01,Transporte,Bogotá D.C.,Valor medio-alto,1,296000.0,296000.0,14800.0
9DK9UKZTIJ,2021-03-01,Comercio detallista,Bogotá D.C.,Valor medio-alto,6,178163.07692307694,1068978.4615384615,53448.92307692308
9DK9UKZTIJ,2021-04-01,Comercio detallista,Bogotá D.C.,Valor medio-alto,4,178163.07692307694,712652.3076923077,35632.61538461539
9DK9UKZTIJ,2021-05-01,Comercio detallista,Bogotá D.C.,Valor medio-alto,3,178163.07692307694,534489.2307692308,26724.46153846154
9EGOYZE1DU,2021-02-01,Servicios,Bogotá D.C.,Valor medio,1,2000.0,2000.0,100.0
9EHLWVHVVG,2021-01-01,Transporte,Bogotá D.C.,Valor medio-alto,1,53153.846153846156,53153.846153846156,2657.692307692308
9EHLWVHVVG,2020-12-01,Transporte,Bogotá D.C.,Valor medio-alto,4,53153.846153846156,212615.38461538462,10630.769230769232
9EHLWVHVVG,2021-03-01,Transporte,Bogotá D.C.,Valor medio-alto,2,53153.846153846156,106307.69230769231,5315.384615384616
9EHLWVHVVG,2021-04-01,Transporte,Bogotá D.C.,Valor medio-alto,2,53153.846153846156,106307.69230769231,5315.384615384616
9EHLWVHVVG,2021-05-01,Transporte,Bogotá D.C.,Valor medio-alto,4,53153.846153846156,212615.38461538462,10630.769230769232
9EWN8QR77M,2021-03-01,Comercio detallista,Bogotá D.C.,Valor medio,1,1000.0,1000.0,50.0
9F1XY080GB,2021-02-01,Comercio detallista,Bogotá D.C.,Valor medio,1,1152000.0,1152000.0,57600.0
9G2CXE5CQL,2021-03-01,Comercio detallista,Bogotá D.C.,Valor medio,1,2000.0,2000.0,100.0
9GU2K8KIJT,2021-03-01,Comercio detallista,Bogotá D.C.,Valor medio-alto,1,37900.0,37900.0,1895.0
9GU2K8KIJT,2021-04-01,Comercio detallista,Bogotá D.C.,Valor medio-alto,2,37900.0,75800.0,3790.0
9GU2K8KIJT,2021-05-01,Comercio detallista,Bogotá D.C.,Valor medio-alto,7,37900.0,265300.0,13265.0
9H9ABU528P,2021-03-01,Turismo y entretenimiento,Soacha,Valor medio-alto,49,89309.94897959183,4376187.5,218809.375
9H9ABU528P,2021-04-01,Turismo y entretenimiento,Soacha,Valor medio-alto,152,89309.94897959183,13575112.244897958,678755.612244898
9H9ABU528P,2021-05-01,Turismo y entretenimiento,Soacha,Valor medio-alto,191,89309.94897959183,17058200.255102042,852910.0127551021
9HOYBBD5TC,2021-02-01,Comercio detallista,Bogotá D.C.,Valor medio-alto,2,201333.33333333334,402666.6666666667,20133.333333333336
9HOYBBD5TC,2021-04-01,Comercio detallista,Bogotá D.C.,Valor medio-alto,1,201333.33333333334,201333.33333333334,10066.666666666668
9HVOIH91X3,2021-02-01,Servicios,Bogotá D.C.,Valor medio-alto,1,76000.0,76000.0,3800.0
9HVOIH91X3,2021-05-01,Servicios,Bogotá D.C.,Valor medio-alto,1,76000.0,76000.0,3800.0
9JMW8C9UPH,2021-02-01,Servicios,Bogotá D.C.,Valor medio,2,2000.0,4000.0,200.0
9JV4OGS8V1,2021-02-01,Turismo y entretenimiento,Bogotá D.C.,Valor medio-alto,14,105651.0,1479114.0,73955.7
9JV4OGS8V1,2021-03-01,Turismo y entretenimiento,Bogotá D.C.,Valor medio-alto,10,105651.0,1056510.0,52825.5
9JV4OGS8V1,2021-04-01,Turismo y entretenimiento,Bogotá D.C.,Valor medio-alto,6,105651.0,633906.0,31695.300000000003
9JV4OGS8V1,2021-05-01,Turismo y entretenimiento,Bogotá D.C.,Valor medio-alto,8,105651.0,845208.0,42260.4
9JZMEI012L,2021-03-01,Comercio detallista,Bogotá D.C.,Valor medio-alto,4,95954.54545454546,383818.1818181818,19190.909090909092
9JZMEI012L,2021-04-01,Comercio detallista,Bogotá D.C.,Valor medio-alto,12,95954.54545454546,1151454.5454545454,57572.72727272727
9JZMEI012L,2021-05-01,Comercio detallista,Bogotá D.C.,Valor medio-alto,6,95954.54545454546,575727.2727272727,28786.363636363636
9KBI4HLCF2,2020-12-01,Comercio detallista,Bogotá D.C.,Valor medio,4,71750.0,287000.0,14350.0
9KG4O5OH23,2021-03-01,Alimentos y bebidas,Bogotá D.C.,Valor medio-alto,4,14233.333333333334,56933.333333333336,2846.666666666667
9KG4O5OH23,2021-04-01,Alimentos y bebidas,Bogotá D.C.,Valor medio-alto,8,14233.333333333334,113866.66666666667,5693.333333333334
9KG4O5OH23,2021-05-01,Alimentos y bebidas,Bogotá D.C.,Valor medio-alto,3,14233.333333333334,42700.0,2135.0
9L4B6D15Q6,2021-03-01,Servicios,Bogotá D.C.,Valor medio-alto,14,177354.6511627907,2482965.11627907,124148.2558139535
9L4B6D15Q6,2021-04-01,Servicios,Bogotá D.C.,Valor medio-alto,26,177354.6511627907,4611220.9302325575,230561.04651162788
9L4B6D15Q6,2021-05-01,Servicios,Bogotá D.C.,Valor medio-alto,46,177354.6511627907,8158313.953488371,407915.69767441857
9L5LAWPLAY,2021-03-01,Comercio detallista,Bogotá D.C.,Valor medio-alto,2,48875.0,97750.0,4887.5
9L5LAWPLAY,2021-04-01,Comercio detallista,Bogotá D.C.,Valor medio-alto,2,48875.0,97750.0,4887.5
9L624JVA2N,2021-03-01,Comercio detallista,Bogotá D.C.,Valor medio-alto,8,297232.17142857146,2377857.3714285716,118892.86857142858
9L624JVA2N,2021-04-01,Comercio detallista,Bogotá D.C.,Valor medio-alto,12,297232.17142857146,3566786.0571428575,178339.30285714287
9L624JVA2N,2021-05-01,Comercio detallista,Bogotá D.C.,Valor medio-alto,15,297232.17142857146,4458482.571428572,222924.1285714286
9MKSM6OUJF,2021-03-01,Belleza y cuidado personal,Bogotá D.C.,Valor medio-alto,7,116877.27272727272,818140.9090909091,40907.045454545456
9MKSM6OUJF,2021-04-01,Belleza y cuidado personal,Bogotá D.C.,Valor medio-alto,9,116877.27272727272,1051895.4545454546,52594.772727272735
9MKSM6OUJF,2021-05-01,Belleza y cuidado personal,Bogotá D.C.,Valor medio-alto,6,116877.27272727272,701263.6363636364,35063.181818181816
9MOCQ49HT3,2021-03-01,Belleza y cuidado personal,Bogotá D.C.,Valor medio-alto,14,35468.085106382976,496553.1914893617,24827.659574468085
9MOCQ49HT3,2021-04-01,Belleza y cuidado personal,Bogotá D.C.,Valor medio-alto,14,35468.085106382976,496553.1914893617,24827.659574468085
9MOCQ49HT3,2021-05-01,Belleza y cuidado personal,Bogotá D.C.,Valor medio-alto,19,35468.085106382976,673893.6170212765,33694.68085106383
9MOOEI3C2V,2021-02-01,Alimentos y bebidas,Bogotá D.C.,Valor medio-alto,45,50930.202614379086,2291859.117647059,114592.95588235295
9MOOEI3C2V,2021-03-01,Alimentos y bebidas,Bogotá D.C.,Valor medio-alto,104,50930.202614379086,5296741.071895425,264837.05359477125
9MOOEI3C2V,2021-04-01,Alimentos y bebidas,Bogotá D.C.,Valor medio-alto,4,50930.202614379086,203720.81045751635,10186.040522875817
9MU0FNNHS5,2021-03-01,Alimentos y bebidas,Bogotá D.C.,Valor medio-alto,1,290600.0,290600.0,14530.0
9MU0FNNHS5,2021-04-01,Alimentos y bebidas,Bogotá D.C.,Valor medio-alto,1,290600.0,290600.0,14530.0
9NDQHVA2KP,2020-12-01,Servicios,Bogotá D.C.,Valor medio,2,666.6666666666666,1333.3333333333333,66.66666666666667
9NDQHVA2KP,2021-04-01,Servicios,Bogotá D.C.,Valor medio,1,666.6666666666666,666.6666666666666,33.333333333333336
9NFCEI2I03,2021-03-01,Belleza y cuidado personal,Bogotá D.C.,Valor medio-alto,2,99967.74193548386,199935.48387096773,9996.774193548386
9NFCEI2I03,2021-04-01,Belleza y cuidado personal,Bogotá D.C.,Valor medio-alto,13,99967.74193548386,1299580.6451612902,64979.032258064515
9NFCEI2I03,2021-05-01,Belleza y cuidado personal,Bogotá D.C.,Valor medio-alto,16,99967.74193548386,1599483.8709677418,79974.19354838709
9NG0LSKM8G,2021-03-01,Alimentos y bebidas,Bogotá D.C.,Valor medio-alto,36,31363.75,1129095.0,56454.75
9NG0LSKM8G,2021-04-01,Alimentos y bebidas,Bogotá D.C.,Valor medio-alto,69,31363.75,2164098.75,108204.9375
9NG0LSKM8G,2021-05-01,Alimentos y bebidas,Bogotá D.C.,Valor medio-alto,95,31363.75,2979556.25,148977.8125
9NOCF49QGP,2021-02-01,Comercio detallista,Soacha,Valor medio-alto,2,220777.77777777778,441555.55555555556,22077.77777777778
9NOCF49QGP,2021-03-01,Comercio detallista,Soacha,Valor medio-alto,5,220777.77777777778,1103888.888888889,55194.44444444445
9NOCF49QGP,2021-05-01,Comercio detallista,Soacha,Valor medio-alto,2,220777.77777777778,441555.55555555556,22077.77777777778
9OIYNOKPU0,2021-02-01,Comercio detallista,Soacha,Valor medio-alto,7,284931.8181818182,1994522.7272727273,99726.13636363637
9OIYNOKPU0,2021-03-01,Comercio detallista,Soacha,Valor medio-alto,12,284931.8181818182,3419181.8181818184,170959.09090909094
9OIYNOKPU0,2021-04-01,Comercio detallista,Soacha,Valor medio-alto,8,284931.8181818182,2279454.5454545454,113972.72727272728
9OIYNOKPU0,2021-05-01,Comercio detallista,Soacha,Valor medio-alto,17,284931.8181818182,4843840.909090909,242192.04545454547
9OMRZXP97P,2021-03-01,Alimentos y bebidas,Bogotá D.C.,Valor medio,1,2000.0,2000.0,100.0
9PI87FHNCA,2020-12-01,Comercio detallista,Bogotá D.C.,Valor medio,1,2000.0,2000.0,100.0
9PJ58EVGGR,2021-03-01,Servicios,Girardot,Valor medio-alto,2,172166.66666666666,344333.3333333333,17216.666666666668
9PJ58EVGGR,2021-05-01,Servicios,Girardot,Valor medio-alto,1,172166.66666666666,172166.66666666666,8608.333333333334
9PO9V8SM6F,2021-03-01,Comercio detallista,Bogotá D.C.,Valor alto,21,118535.55555555556,2489246.666666667,124462.33333333336
9PO9V8SM6F,2021-04-01,Comercio detallista,Bogotá D.C.,Valor alto,16,118535.55555555556,1896568.888888889,94828.44444444445
9PO9V8SM6F,2021-05-01,Comercio detallista,Bogotá D.C.,Valor alto,17,118535.55555555556,2015104.4444444445,100755.22222222223
9PV4X99U29,2021-02-01,Comercio detallista,Bogotá D.C.,Valor medio-alto,6,727904.7619047619,4367428.571428571,218371.42857142855
9PV4X99U29,2021-03-01,Comercio detallista,Bogotá D.C.,Valor medio-alto,2,727904.7619047619,1455809.5238095238,72790.4761904762
9PV4X99U29,2021-04-01,Comercio detallista,Bogotá D.C.,Valor medio-alto,3,727904.7619047619,2183714.2857142854,109185.71428571428
9PV4X99U29,2021-05-01,Comercio detallista,Bogotá D.C.,Valor medio-alto,10,727904.7619047619,7279047.619047619,363952.380952381
9R1LMEHV5W,2021-01-01,Alimentos y bebidas,Bogotá D.C.,Valor medio-alto,1,14864.285714285714,14864.285714285714,743.2142857142858
9R1LMEHV5W,2021-02-01,Alimentos y bebidas,Bogotá D.C.,Valor medio-alto,2,14864.285714285714,29728.571428571428,1486.4285714285716
9R1LMEHV5W,2021-03-01,Alimentos y bebidas,Bogotá D.C.,Valor medio-alto,2,14864.285714285714,29728.571428571428,1486.4285714285716
9R1LMEHV5W,2021-04-01,Alimentos y bebidas,Bogotá D.C.,Valor medio-alto,1,14864.285714285714,14864.285714285714,743.2142857142858
9R1LMEHV5W,2021-05-01,Alimentos y bebidas,Bogotá D.C.,Valor medio-alto,1,14864.285714285714,14864.285714285714,743.2142857142858
9RE2SXGLL9,2021-02-01,Servicios,Bogotá D.C.,Valor medio-alto,9,74926.82926829268,674341.4634146341,33717.07317073171
9RE2SXGLL9,2021-03-01,Servicios,Bogotá D.C.,Valor medio-alto,29,74926.82926829268,2172878.048780488,108643.9024390244
9RE2SXGLL9,2021-04-01,Servicios,Bogotá D.C.,Valor medio-alto,22,74926.82926829268,1648390.243902439,82419.51219512196
9RE2SXGLL9,2021-05-01,Servicios,Bogotá D.C.,Valor medio-alto,22,74926.82926829268,1648390.243902439,82419.51219512196
9REC9FEUWX,2021-02-01,Servicios,Bogotá D.C.,Valor medio-alto,4,262076.92307692306,1048307.6923076923,52415.38461538462
9REC9FEUWX,2021-03-01,Servicios,Bogotá D.C.,Valor medio-alto,3,262076.92307692306,786230.7692307692,39311.53846153846
9REC9FEUWX,2021-04-01,Servicios,Bogotá D.C.,Valor medio-alto,2,262076.92307692306,524153.8461538461,26207.69230769231
9REC9FEUWX,2021-05-01,Servicios,Bogotá D.C.,Valor medio-alto,4,262076.92307692306,1048307.6923076923,52415.38461538462
9RNB4JQR7P,2021-03-01,Reparación y limpieza,Bogotá D.C.,Valor medio-alto,2,189569.23076923078,379138.46153846156,18956.923076923078
9RNB4JQR7P,2021-04-01,Reparación y limpieza,Bogotá D.C.,Valor medio-alto,5,189569.23076923078,947846.1538461539,47392.307692307695
9RNB4JQR7P,2021-05-01,Reparación y limpieza,Bogotá D.C.,Valor medio-alto,6,189569.23076923078,1137415.3846153847,56870.76923076924
9SP0EGGMJY,2021-03-01,Comercio detallista,Bogotá D.C.,Valor medio,1,2000.0,2000.0,100.0
9SPOLBCU5O,2021-03-01,Comercio detallista,Bogotá D.C.,Valor medio-alto,1,48833.333333333336,48833.333333333336,2441.666666666667
9SPOLBCU5O,2021-04-01,Comercio detallista,Bogotá D.C.,Valor medio-alto,11,48833.333333333336,537166.6666666667,26858.33333333334
9SPOLBCU5O,2021-05-01,Comercio detallista,Bogotá D.C.,Valor medio-alto,6,48833.333333333336,293000.0,14650.0
9T4BGWT2A4,2021-03-01,Comercio detallista,Bogotá D.C.,Valor medio-alto,3,130222.22222222222,390666.6666666666,19533.333333333332
9T4BGWT2A4,2021-04-01,Comercio detallista,Bogotá D.C.,Valor medio-alto,7,130222.22222222222,911555.5555555555,45577.77777777778
9T4BGWT2A4,2021-05-01,Comercio detallista,Bogotá D.C.,Valor medio-alto,8,130222.22222222222,1041777.7777777778,52088.88888888889
9UAEO3JHGW,2021-03-01,Alimentos y bebidas,Soacha,Valor medio,1,2000.0,2000.0,100.0
9UVO7T4SWE,2021-02-01,Comercio detallista,Bogotá D.C.,Valor medio-alto,1,92615.38461538461,92615.38461538461,4630.7692307692305
9UVO7T4SWE,2021-03-01,Comercio detallista,Bogotá D.C.,Valor medio-alto,9,92615.38461538461,833538.4615384615,41676.92307692308
9UVO7T4SWE,2021-04-01,Comercio detallista,Bogotá D.C.,Valor medio-alto,6,92615.38461538461,555692.3076923076,27784.615384615383
9UVO7T4SWE,2021-05-01,Comercio detallista,Bogotá D.C.,Valor medio-alto,10,92615.38461538461,926153.8461538461,46307.69230769231
9UXQGCMOPZ,2021-03-01,Comercio detallista,Bogotá D.C.,Valor medio-alto,11,282689.0909090909,3109579.9999999995,155478.99999999997
9UXQGCMOPZ,2021-04-01,Comercio detallista,Bogotá D.C.,Valor medio-alto,15,282689.0909090909,4240336.363636363,212016.81818181818
9UXQGCMOPZ,2021-05-01,Comercio detallista,Bogotá D.C.,Valor medio-alto,29,282689.0909090909,8197983.636363636,409899.1818181818
9VATW17QFG,2021-03-01,Comercio detallista,Bogotá D.C.,Valor medio-alto,6,391090.9090909091,2346545.4545454546,117327.27272727274
9VATW17QFG,2021-05-01,Comercio detallista,Bogotá D.C.,Valor medio-alto,5,391090.9090909091,1955454.5454545456,97772.7272727273
9VHH6IUMQA,2021-03-01,Alimentos y bebidas,Bogotá D.C.,Valor medio-alto,37,35630.8156424581,1318340.1787709498,65917.0089385475
9VHH6IUMQA,2021-04-01,Alimentos y bebidas,Bogotá D.C.,Valor medio-alto,48,35630.8156424581,1710279.150837989,85513.95754189946
9VHH6IUMQA,2021-05-01,Alimentos y bebidas,Bogotá D.C.,Valor medio-alto,94,35630.8156424581,3349296.670391062,167464.8335195531
9W4VLX3UDC,2021-03-01,Comercio detallista,Bogotá D.C.,Valor medio-alto,1,412080.0,412080.0,20604.0
9W4VLX3UDC,2021-04-01,Comercio detallista,Bogotá D.C.,Valor medio-alto,13,412080.0,5357040.0,267852.0
9W4VLX3UDC,2021-05-01,Comercio detallista,Bogotá D.C.,Valor medio-alto,11,412080.0,4532880.0,226644.0
9WEPENSRWI,2021-01-01,Comercio detallista,Bogotá D.C.,Valor alto,3,362967.0,1088901.0,54445.05
9WEPENSRWI,2021-03-01,Comercio detallista,Bogotá D.C.,Valor alto,14,362967.0,5081538.0,254076.90000000002
9WEPENSRWI,2021-04-01,Comercio detallista,Bogotá D.C.,Valor alto,1,362967.0,362967.0,18148.350000000002
9WEPENSRWI,2021-05-01,Comercio detallista,Bogotá D.C.,Valor alto,1,362967.0,362967.0,18148.350000000002
9WJ4X6V4VS,2021-01-01,Comercio detallista,Bogotá D.C.,Valor medio-alto,2,340173.9130434783,680347.8260869565,34017.39130434783
9WJ4X6V4VS,2021-02-01,Comercio detallista,Bogotá D.C.,Valor medio-alto,8,340173.9130434783,2721391.304347826,136069.56521739133
9WJ4X6V4VS,2021-03-01,Comercio detallista,Bogotá D.C.,Valor medio-alto,4,340173.9130434783,1360695.652173913,68034.78260869566
9WJ4X6V4VS,2021-04-01,Comercio detallista,Bogotá D.C.,Valor medio-alto,7,340173.9130434783,2381217.3913043477,119060.86956521739
9WJ4X6V4VS,2021-05-01,Comercio detallista,Bogotá D.C.,Valor medio-alto,2,340173.9130434783,680347.8260869565,34017.39130434783
9X7IADXF8C,2021-03-01,Comercio detallista,Girardot,Valor medio-alto,11,114047.61904761905,1254523.8095238097,62726.19047619049
9X7IADXF8C,2021-04-01,Comercio detallista,Girardot,Valor medio-alto,14,114047.61904761905,1596666.6666666667,79833.33333333334
9X7IADXF8C,2021-05-01,Comercio detallista,Girardot,Valor medio-alto,17,114047.61904761905,1938809.5238095238,96940.4761904762
9XJK6NLI6Z,2021-03-01,Alimentos y bebidas,Armenia,Valor medio,1,10000.0,10000.0,500.0
9XKYCGI675,2021-03-01,Servicios,Bogotá D.C.,Valor medio,2,2000.0,4000.0,200.0
9YI8JG5N03,2021-01-01,Comercio detallista,Soacha,Valor medio-alto,14,639010.1351351351,8946141.891891893,447307.0945945947
9YI8JG5N03,2020-12-01,Comercio detallista,Soacha,Valor medio-alto,2,639010.1351351351,1278020.2702702703,63901.01351351352
9YI8JG5N03,2021-02-01,Comercio detallista,Soacha,Valor medio-alto,18,639010.1351351351,11502182.432432432,575109.1216216217
9YI8JG5N03,2021-03-01,Comercio detallista,Soacha,Valor medio-alto,18,639010.1351351351,11502182.432432432,575109.1216216217
9YI8JG5N03,2021-04-01,Comercio detallista,Soacha,Valor medio-alto,9,639010.1351351351,5751091.216216216,287554.5608108108
9YI8JG5N03,2021-05-01,Comercio detallista,Soacha,Valor medio-alto,13,639010.1351351351,8307131.756756756,415356.58783783787
9YISMZ6H7I,2021-02-01,Comercio detallista,Bogotá D.C.,Valor medio-alto,6,481700.0,2890200.0,144510.0
9YISMZ6H7I,2021-03-01,Comercio detallista,Bogotá D.C.,Valor medio-alto,5,481700.0,2408500.0,120425.0
9YISMZ6H7I,2021-04-01,Comercio detallista,Bogotá D.C.,Valor medio-alto,5,481700.0,2408500.0,120425.0
9YISMZ6H7I,2021-05-01,Comercio detallista,Bogotá D.C.,Valor medio-alto,4,481700.0,1926800.0,96340.0
9YOXXJZG7F,2021-02-01,Comercio detallista,Bogotá D.C.,Valor medio-alto,1,552400.0,552400.0,27620.0
9YOXXJZG7F,2021-03-01,Comercio detallista,Bogotá D.C.,Valor medio-alto,2,552400.0,1104800.0,55240.0
9YOXXJZG7F,2021-04-01,Comercio detallista,Bogotá D.C.,Valor medio-alto,1,552400.0,552400.0,27620.0
9YOXXJZG7F,2021-05-01,Comercio detallista,Bogotá D.C.,Valor medio-alto,1,552400.0,552400.0,27620.0
9ZORQEIHNF,2021-03-01,Alimentos y bebidas,Bogotá D.C.,Valor medio-alto,1,32833.333333333336,32833.333333333336,1641.666666666667
9ZORQEIHNF,2021-05-01,Alimentos y bebidas,Bogotá D.C.,Valor medio-alto,14,32833.333333333336,459666.6666666667,22983.333333333336
9ZUT8SSPFW,2021-03-01,Transporte,Cali,Valor medio-alto,9,943774.2647058824,8493968.38235294,424698.41911764705
9ZUT8SSPFW,2021-04-01,Transporte,Cali,Valor medio-alto,13,943774.2647058824,12269065.44117647,613453.2720588235
9ZUT8SSPFW,2021-05-01,Transporte,Cali,Valor medio-alto,12,943774.2647058824,11325291.176470589,566264.5588235295
A0CKFIWFL1,2021-03-01,Comercio detallista,Bogotá D.C.,Valor medio,2,231000.0,462000.0,23100.0
A0DS1XC3AI,2021-03-01,Comercio detallista,Chía,Valor medio-alto,2,66872.72727272728,133745.45454545456,6687.272727272728
A0DS1XC3AI,2021-04-01,Comercio detallista,Chía,Valor medio-alto,3,66872.72727272728,200618.18181818182,10030.909090909092
A0DS1XC3AI,2021-05-01,Comercio detallista,Chía,Valor medio-alto,6,66872.72727272728,401236.36363636365,20061.818181818184
A0UBIZOKF5,2020-12-01,Comercio detallista,Bogotá D.C.,Valor medio-alto,1,319444.44444444444,319444.44444444444,15972.222222222223
A0UBIZOKF5,2021-02-01,Comercio detallista,Bogotá D.C.,Valor medio-alto,1,319444.44444444444,319444.44444444444,15972.222222222223
A0UBIZOKF5,2021-03-01,Comercio detallista,Bogotá D.C.,Valor medio-alto,4,319444.44444444444,1277777.7777777778,63888.88888888889
A0UBIZOKF5,2021-04-01,Comercio detallista,Bogotá D.C.,Valor medio-alto,1,319444.44444444444,319444.44444444444,15972.222222222223
A0UBIZOKF5,2021-05-01,Comercio detallista,Bogotá D.C.,Valor medio-alto,2,319444.44444444444,638888.8888888889,31944.444444444445
A1V5LV6ZAH,2021-03-01,Comercio detallista,Bogotá D.C.,Valor medio-alto,2,27250.0,54500.0,2725.0
A1V5LV6ZAH,2021-05-01,Comercio detallista,Bogotá D.C.,Valor medio-alto,2,27250.0,54500.0,2725.0
A25900YBI8,2021-03-01,Comercio detallista,Bogotá D.C.,Valor medio-alto,2,346111.1111111111,692222.2222222222,34611.11111111112
A25900YBI8,2021-04-01,Comercio detallista,Bogotá D.C.,Valor medio-alto,3,346111.1111111111,1038333.3333333334,51916.66666666667
A25900YBI8,2021-05-01,Comercio detallista,Bogotá D.C.,Valor medio-alto,4,346111.1111111111,1384444.4444444445,69222.22222222223
A2Y6OA9YJT,2021-03-01,Comercio detallista,Bogotá D.C.,Valor medio-alto,1,292333.3333333333,292333.3333333333,14616.666666666666
A2Y6OA9YJT,2021-04-01,Comercio detallista,Bogotá D.C.,Valor medio-alto,2,292333.3333333333,584666.6666666666,29233.333333333332
A3BRD8IJUT,2021-03-01,Servicios,Bogotá D.C.,Valor medio-alto,2,120666.66666666667,241333.33333333334,12066.666666666668
A3BRD8IJUT,2021-04-01,Servicios,Bogotá D.C.,Valor medio-alto,1,120666.66666666667,120666.66666666667,6033.333333333334
A3IF6VGL0B,2021-01-01,Alimentos y bebidas,Bogotá D.C.,Valor medio-alto,2,34577.77777777778,69155.55555555556,3457.7777777777783
A3IF6VGL0B,2021-02-01,Alimentos y bebidas,Bogotá D.C.,Valor medio-alto,3,34577.77777777778,103733.33333333334,5186.666666666668
A3IF6VGL0B,2021-03-01,Alimentos y bebidas,Bogotá D.C.,Valor medio-alto,5,34577.77777777778,172888.8888888889,8644.444444444445
A3IF6VGL0B,2021-04-01,Alimentos y bebidas,Bogotá D.C.,Valor medio-alto,13,34577.77777777778,449511.1111111111,22475.55555555556
A3IF6VGL0B,2021-05-01,Alimentos y bebidas,Bogotá D.C.,Valor medio-alto,4,34577.77777777778,138311.11111111112,6915.555555555557
A4K2KGSHRC,2021-02-01,Alimentos y bebidas,Bogotá D.C.,Valor medio-alto,2,46125.0,92250.0,4612.5
A4K2KGSHRC,2021-03-01,Alimentos y bebidas,Bogotá D.C.,Valor medio-alto,1,46125.0,46125.0,2306.25
A4K2KGSHRC,2021-05-01,Alimentos y bebidas,Bogotá D.C.,Valor medio-alto,1,46125.0,46125.0,2306.25
A573V27NHP,2021-03-01,Reparación y limpieza,Madrid,Valor medio-alto,7,117825.0,824775.0,41238.75
A573V27NHP,2021-04-01,Reparación y limpieza,Madrid,Valor medio-alto,1,117825.0,117825.0,5891.25
A573V27NHP,2021-05-01,Reparación y limpieza,Madrid,Valor medio-alto,4,117825.0,471300.0,23565.0
A5DAPV5MMT,2021-03-01,Servicios,Cali,Valor medio,1,1050.0,1050.0,52.5
A6YKCMK1VI,2021-03-01,Servicios,Bogotá D.C.,Valor medio-alto,1,191950.0,191950.0,9597.5
A6YKCMK1VI,2021-04-01,Servicios,Bogotá D.C.,Valor medio-alto,4,191950.0,767800.0,38390.0
A6YKCMK1VI,2021-05-01,Servicios,Bogotá D.C.,Valor medio-alto,5,191950.0,959750.0,47987.5
A7JRAASQSG,2021-01-01,Comercio detallista,Bogotá D.C.,Valor medio-alto,6,361428.5714285714,2168571.4285714286,108428.57142857143
A7JRAASQSG,2021-02-01,Comercio detallista,Bogotá D.C.,Valor medio-alto,5,361428.5714285714,1807142.857142857,90357.14285714286
A7JRAASQSG,2021-03-01,Comercio detallista,Bogotá D.C.,Valor medio-alto,1,361428.5714285714,361428.5714285714,18071.428571428572
A7JRAASQSG,2021-04-01,Comercio detallista,Bogotá D.C.,Valor medio-alto,4,361428.5714285714,1445714.2857142857,72285.71428571429
A7JRAASQSG,2021-05-01,Comercio detallista,Bogotá D.C.,Valor medio-alto,12,361428.5714285714,4337142.857142857,216857.14285714287
A7KCD1VLLQ,2021-03-01,Reparación y limpieza,Bogotá D.C.,Valor medio-alto,10,116229.88505747127,1162298.8505747127,58114.94252873564
A7KCD1VLLQ,2021-04-01,Reparación y limpieza,Bogotá D.C.,Valor medio-alto,31,116229.88505747127,3603126.4367816094,180156.32183908048
A7KCD1VLLQ,2021-05-01,Reparación y limpieza,Bogotá D.C.,Valor medio-alto,46,116229.88505747127,5346574.712643678,267328.7356321839
A7VA6XXI5U,2021-03-01,Belleza y cuidado personal,Cali,Valor medio,3,21200.0,63600.0,3180.0
A7VA6XXI5U,2021-04-01,Belleza y cuidado personal,Cali,Valor medio,2,21200.0,42400.0,2120.0
A90C1HRTKT,2021-03-01,Comercio detallista,Fusagasugá,Valor medio-alto,3,79377.6,238132.80000000002,11906.640000000001
A90C1HRTKT,2021-05-01,Comercio detallista,Fusagasugá,Valor medio-alto,2,79377.6,158755.2,7937.760000000001
ABD0HS1KK2,2021-02-01,Comercio detallista,Bogotá D.C.,Valor alto,7,156250.0,1093750.0,54687.5
ABD0HS1KK2,2021-03-01,Comercio detallista,Bogotá D.C.,Valor alto,5,156250.0,781250.0,39062.5
ABOSZB2QWO,2021-03-01,Comercio detallista,Bogotá D.C.,Valor medio-alto,12,1477600.0,17731200.0,886560.0
ABOSZB2QWO,2021-04-01,Comercio detallista,Bogotá D.C.,Valor medio-alto,2,1477600.0,2955200.0,147760.0
ABOSZB2QWO,2021-05-01,Comercio detallista,Bogotá D.C.,Valor medio-alto,1,1477600.0,1477600.0,73880.0
ABSEV8AZ16,2021-03-01,Alimentos y bebidas,Chía,Valor medio-alto,5,73391.30434782608,366956.5217391304,18347.82608695652
ABSEV8AZ16,2021-04-01,Alimentos y bebidas,Chía,Valor medio-alto,13,73391.30434782608,954086.956521739,47704.34782608695
ABSEV8AZ16,2021-05-01,Alimentos y bebidas,Chía,Valor medio-alto,5,73391.30434782608,366956.5217391304,18347.82608695652
ABWWIHR82Q,2021-03-01,Alimentos y bebidas,Bogotá D.C.,Valor medio-alto,14,33784.09090909091,472977.27272727276,23648.86363636364
ABWWIHR82Q,2021-04-01,Alimentos y bebidas,Bogotá D.C.,Valor medio-alto,17,33784.09090909091,574329.5454545455,28716.47727272728
ABWWIHR82Q,2021-05-01,Alimentos y bebidas,Bogotá D.C.,Valor medio-alto,13,33784.09090909091,439193.1818181819,21959.659090909096
ABYKWRWT6L,2021-03-01,Alimentos y bebidas,Bogotá D.C.,Valor medio,1,2000.0,2000.0,100.0
ACJP05VNZQ,2021-03-01,Servicios,Bogotá D.C.,Valor medio-alto,1,131041.11111111111,131041.11111111111,6552.055555555556
ACJP05VNZQ,2021-04-01,Servicios,Bogotá D.C.,Valor medio-alto,4,131041.11111111111,524164.44444444444,26208.222222222223
ACJP05VNZQ,2021-05-01,Servicios,Bogotá D.C.,Valor medio-alto,4,131041.11111111111,524164.44444444444,26208.222222222223
AD0ZG8RS2I,2021-03-01,Alimentos y bebidas,Bogotá D.C.,Valor medio-alto,49,126282.60273972603,6187847.534246576,309392.3767123288
AD0ZG8RS2I,2021-04-01,Alimentos y bebidas,Bogotá D.C.,Valor medio-alto,64,126282.60273972603,8082086.575342466,404104.32876712334
AD0ZG8RS2I,2021-05-01,Alimentos y bebidas,Bogotá D.C.,Valor medio-alto,179,126282.60273972603,22604585.89041096,1130229.294520548
AD9UKWME72,2021-01-01,Comercio detallista,Bogotá D.C.,Valor medio-alto,11,390300.0,4293300.0,214665.0
AD9UKWME72,2021-02-01,Comercio detallista,Bogotá D.C.,Valor medio-alto,13,390300.0,5073900.0,253695.0
AD9UKWME72,2021-03-01,Comercio detallista,Bogotá D.C.,Valor medio-alto,15,390300.0,5854500.0,292725.0
AD9UKWME72,2021-04-01,Comercio detallista,Bogotá D.C.,Valor medio-alto,7,390300.0,2732100.0,136605.0
AD9UKWME72,2021-05-01,Comercio detallista,Bogotá D.C.,Valor medio-alto,4,390300.0,1561200.0,78060.0
ADPS2H5P18,2021-02-01,Reparación y limpieza,Bogotá D.C.,Valor medio-alto,1,514714.28571428574,514714.28571428574,25735.71428571429
ADPS2H5P18,2021-03-01,Reparación y limpieza,Bogotá D.C.,Valor medio-alto,3,514714.28571428574,1544142.8571428573,77207.14285714287
ADPS2H5P18,2021-04-01,Reparación y limpieza,Bogotá D.C.,Valor medio-alto,2,514714.28571428574,1029428.5714285715,51471.42857142858
ADPS2H5P18,2021-05-01,Reparación y limpieza,Bogotá D.C.,Valor medio-alto,1,514714.28571428574,514714.28571428574,25735.71428571429
ADQWVMPM3Y,2021-02-01,Comercio detallista,Bogotá D.C.,Valor medio-alto,4,345236.1111111111,1380944.4444444445,69047.22222222223
ADQWVMPM3Y,2021-03-01,Comercio detallista,Bogotá D.C.,Valor medio-alto,13,345236.1111111111,4488069.444444445,224403.47222222225
ADQWVMPM3Y,2021-04-01,Comercio detallista,Bogotá D.C.,Valor medio-alto,7,345236.1111111111,2416652.777777778,120832.6388888889
ADQWVMPM3Y,2021-05-01,Comercio detallista,Bogotá D.C.,Valor medio-alto,12,345236.1111111111,4142833.3333333335,207141.6666666667
AE0YH34UBT,2021-03-01,Alimentos y bebidas,Soacha,Valor medio-alto,1,63425.0,63425.0,3171.25
AE0YH34UBT,2021-04-01,Alimentos y bebidas,Soacha,Valor medio-alto,2,63425.0,126850.0,6342.5
AE0YH34UBT,2021-05-01,Alimentos y bebidas,Soacha,Valor medio-alto,1,63425.0,63425.0,3171.25
AEFLJZSXEK,2021-03-01,Comercio detallista,Fusagasugá,Valor medio-alto,10,281696.9696969697,2816969.6969696973,140848.48484848486
AEFLJZSXEK,2021-04-01,Comercio detallista,Fusagasugá,Valor medio-alto,10,281696.9696969697,2816969.6969696973,140848.48484848486
AEFLJZSXEK,2021-05-01,Comercio detallista,Fusagasugá,Valor medio-alto,13,281696.9696969697,3662060.6060606064,183103.03030303033
AEI23KKMTA,2021-03-01,Comercio detallista,Bogotá D.C.,Valor medio-alto,3,215166.66666666666,645500.0,32275.0
AEI23KKMTA,2021-04-01,Comercio detallista,Bogotá D.C.,Valor medio-alto,3,215166.66666666666,645500.0,32275.0
AEI23KKMTA,2021-05-01,Comercio detallista,Bogotá D.C.,Valor medio-alto,9,215166.66666666666,1936500.0,96825.0
AFQ5DTVKJY,2021-01-01,Comercio detallista,Soacha,Valor medio-alto,4,109490.0,437960.0,21898.0
AFQ5DTVKJY,2021-02-01,Comercio detallista,Soacha,Valor medio-alto,1,109490.0,109490.0,5474.5
AFQ5DTVKJY,2021-03-01,Comercio detallista,Soacha,Valor medio-alto,2,109490.0,218980.0,10949.0
AFQ5DTVKJY,2021-04-01,Comercio detallista,Soacha,Valor medio-alto,1,109490.0,109490.0,5474.5
AFXKRB63BX,2021-02-01,Reparación y limpieza,Soacha,Valor medio-alto,1,1214250.0,1214250.0,60712.5
AFXKRB63BX,2021-03-01,Reparación y limpieza,Soacha,Valor medio-alto,2,1214250.0,2428500.0,121425.0
AFXKRB63BX,2021-04-01,Reparación y limpieza,Soacha,Valor medio-alto,1,1214250.0,1214250.0,60712.5
AFXKRB63BX,2021-05-01,Reparación y limpieza,Soacha,Valor medio-alto,2,1214250.0,2428500.0,121425.0
AGLJ7175F1,2021-03-01,Comercio detallista,Bogotá D.C.,Valor medio-alto,7,175894.73684210525,1231263.1578947369,61563.15789473685
AGLJ7175F1,2021-04-01,Comercio detallista,Bogotá D.C.,Valor medio-alto,6,175894.73684210525,1055368.4210526315,52768.42105263157
AGLJ7175F1,2021-05-01,Comercio detallista,Bogotá D.C.,Valor medio-alto,6,175894.73684210525,1055368.4210526315,52768.42105263157
AGZHL38F0K,2021-03-01,Servicios,Bogotá D.C.,Valor medio,1,2000.0,2000.0,100.0
AHRPVUB9AU,2021-03-01,Alimentos y bebidas,Bogotá D.C.,Valor medio-alto,4,85322.22222222222,341288.8888888889,17064.444444444445
AHRPVUB9AU,2021-04-01,Alimentos y bebidas,Bogotá D.C.,Valor medio-alto,9,85322.22222222222,767900.0,38395.0
AHRPVUB9AU,2021-05-01,Alimentos y bebidas,Bogotá D.C.,Valor medio-alto,5,85322.22222222222,426611.1111111111,21330.55555555556
AIPG0NZIVD,2021-02-01,Belleza y cuidado personal,Bogotá D.C.,Valor medio-alto,5,105333.33333333333,526666.6666666666,26333.333333333332
AIPG0NZIVD,2021-03-01,Belleza y cuidado personal,Bogotá D.C.,Valor medio-alto,3,105333.33333333333,316000.0,15800.0
AIPG0NZIVD,2021-04-01,Belleza y cuidado personal,Bogotá D.C.,Valor medio-alto,3,105333.33333333333,316000.0,15800.0
AIPG0NZIVD,2021-05-01,Belleza y cuidado personal,Bogotá D.C.,Valor medio-alto,4,105333.33333333333,421333.3333333333,21066.666666666668
AIYK6JGV9B,2021-03-01,Alimentos y bebidas,Bogotá D.C.,Valor medio-alto,7,27684.027777777777,193788.19444444444,9689.409722222223
AIYK6JGV9B,2021-04-01,Alimentos y bebidas,Bogotá D.C.,Valor medio-alto,120,27684.027777777777,3322083.3333333335,166104.1666666667
AIYK6JGV9B,2021-05-01,Alimentos y bebidas,Bogotá D.C.,Valor medio-alto,89,27684.027777777777,2463878.472222222,123193.92361111111
AJ6J6UT2ZC,2021-03-01,Servicios,Bogotá D.C.,Valor medio-alto,2,226720.0,453440.0,22672.0
AJ6J6UT2ZC,2021-04-01,Servicios,Bogotá D.C.,Valor medio-alto,1,226720.0,226720.0,11336.0
AJ6J6UT2ZC,2021-05-01,Servicios,Bogotá D.C.,Valor medio-alto,2,226720.0,453440.0,22672.0
AJR75N2XPN,2021-02-01,Alimentos y bebidas,Bogotá D.C.,Valor medio,1,2000.0,2000.0,100.0
AKNALYT10C,2021-01-01,Alimentos y bebidas,Bogotá D.C.,Valor medio-alto,1,18900.0,18900.0,945.0
AKNALYT10C,2021-04-01,Alimentos y bebidas,Bogotá D.C.,Valor medio-alto,1,18900.0,18900.0,945.0
AKNALYT10C,2021-05-01,Alimentos y bebidas,Bogotá D.C.,Valor medio-alto,3,18900.0,56700.0,2835.0
AKPEOP7S3T,2021-03-01,Belleza y cuidado personal,Bogotá D.C.,Valor medio-alto,6,176714.2857142857,1060285.7142857143,53014.28571428572
AKPEOP7S3T,2021-05-01,Belleza y cuidado personal,Bogotá D.C.,Valor medio-alto,1,176714.2857142857,176714.2857142857,8835.714285714286
AKQGB4XMST,2021-03-01,Comercio detallista,Bogotá D.C.,Valor medio-alto,5,127636.36363636363,638181.8181818181,31909.090909090908
AKQGB4XMST,2021-04-01,Comercio detallista,Bogotá D.C.,Valor medio-alto,2,127636.36363636363,255272.72727272726,12763.636363636364
AKQGB4XMST,2021-05-01,Comercio detallista,Bogotá D.C.,Valor medio-alto,4,127636.36363636363,510545.45454545453,25527.272727272728
ALDP0J3Q0L,2021-03-01,Reparación y limpieza,Bogotá D.C.,Valor medio-alto,3,65000.0,195000.0,9750.0
ALDP0J3Q0L,2021-04-01,Reparación y limpieza,Bogotá D.C.,Valor medio-alto,2,65000.0,130000.0,6500.0
ALDP0J3Q0L,2021-05-01,Reparación y limpieza,Bogotá D.C.,Valor medio-alto,1,65000.0,65000.0,3250.0
AM4JMYOP1X,2021-03-01,Comercio detallista,Bogotá D.C.,Valor medio-alto,1,133769.23076923078,133769.23076923078,6688.461538461539
AM4JMYOP1X,2021-04-01,Comercio detallista,Bogotá D.C.,Valor medio-alto,9,133769.23076923078,1203923.076923077,60196.15384615385
AM4JMYOP1X,2021-05-01,Comercio detallista,Bogotá D.C.,Valor medio-alto,3,133769.23076923078,401307.69230769237,20065.38461538462
AMJJ4338TZ,2021-03-01,Comercio detallista,Bogotá D.C.,Valor medio,2,23000.0,46000.0,2300.0
AMWY6ZN07A,2021-02-01,Comercio detallista,Bogotá D.C.,Valor medio-alto,3,204400.0,613200.0,30660.0
AMWY6ZN07A,2021-03-01,Comercio detallista,Bogotá D.C.,Valor medio-alto,1,204400.0,204400.0,10220.0
AMWY6ZN07A,2021-04-01,Comercio detallista,Bogotá D.C.,Valor medio-alto,2,204400.0,408800.0,20440.0
AMWY6ZN07A,2021-05-01,Comercio detallista,Bogotá D.C.,Valor medio-alto,2,204400.0,408800.0,20440.0
ANBX35WXDD,2021-01-01,Comercio detallista,Bogotá D.C.,Valor alto,10,510232.5581395349,5102325.5813953485,255116.27906976745
ANBX35WXDD,2020-12-01,Comercio detallista,Bogotá D.C.,Valor alto,9,510232.5581395349,4592093.023255814,229604.65116279072
ANBX35WXDD,2021-02-01,Comercio detallista,Bogotá D.C.,Valor alto,16,510232.5581395349,8163720.930232558,408186.04651162797
ANBX35WXDD,2021-03-01,Comercio detallista,Bogotá D.C.,Valor alto,16,510232.5581395349,8163720.930232558,408186.04651162797
ANBX35WXDD,2021-04-01,Comercio detallista,Bogotá D.C.,Valor alto,9,510232.5581395349,4592093.023255814,229604.65116279072
ANBX35WXDD,2021-05-01,Comercio detallista,Bogotá D.C.,Valor alto,26,510232.5581395349,13266046.511627907,663302.3255813954
ANI3NZVW47,2021-02-01,Comercio detallista,Bogotá D.C.,Valor medio-alto,7,57354.83870967742,401483.87096774194,20074.1935483871
ANI3NZVW47,2021-03-01,Comercio detallista,Bogotá D.C.,Valor medio-alto,23,57354.83870967742,1319161.2903225806,65958.06451612903
ANI3NZVW47,2021-04-01,Comercio detallista,Bogotá D.C.,Valor medio-alto,13,57354.83870967742,745612.9032258064,37280.645161290326
ANI3NZVW47,2021-05-01,Comercio detallista,Bogotá D.C.,Valor medio-alto,19,57354.83870967742,1089741.935483871,54487.09677419355
APYNMIFUYZ,2021-02-01,Alimentos y bebidas,Bogotá D.C.,Valor medio-alto,27,136000.52583586625,3672014.1975683887,183600.70987841944
APYNMIFUYZ,2021-03-01,Alimentos y bebidas,Bogotá D.C.,Valor medio-alto,132,136000.52583586625,17952069.410334345,897603.4705167173
APYNMIFUYZ,2021-04-01,Alimentos y bebidas,Bogotá D.C.,Valor medio-alto,17,136000.52583586625,2312008.939209726,115600.44696048631
APYNMIFUYZ,2021-05-01,Alimentos y bebidas,Bogotá D.C.,Valor medio-alto,153,136000.52583586625,20808080.452887535,1040404.0226443768
AQ0N0TDFSY,2021-03-01,Comercio detallista,Bogotá D.C.,Valor medio-alto,1,61166.666666666664,61166.666666666664,3058.3333333333335
AQ0N0TDFSY,2021-05-01,Comercio detallista,Bogotá D.C.,Valor medio-alto,5,61166.666666666664,305833.3333333333,15291.666666666666
AQRE11V2LR,2021-02-01,Servicios,Bogotá D.C.,Valor medio-alto,1,60550.0,60550.0,3027.5
AQRE11V2LR,2021-03-01,Servicios,Bogotá D.C.,Valor medio-alto,7,60550.0,423850.0,21192.5
AQRE11V2LR,2021-05-01,Servicios,Bogotá D.C.,Valor medio-alto,2,60550.0,121100.0,6055.0
AR1IYSNXG8,2021-03-01,Transporte,Bogotá D.C.,Valor medio-alto,7,45375.0,317625.0,15881.25
AR1IYSNXG8,2021-04-01,Transporte,Bogotá D.C.,Valor medio-alto,1,45375.0,45375.0,2268.75
AR4T4YTS7Z,2021-03-01,Alimentos y bebidas,Bogotá D.C.,Valor medio-alto,1,38738.46153846154,38738.46153846154,1936.9230769230771
AR4T4YTS7Z,2021-05-01,Alimentos y bebidas,Bogotá D.C.,Valor medio-alto,12,38738.46153846154,464861.5384615385,23243.076923076926
ARVT8WHHXN,2021-02-01,Comercio detallista,Bogotá D.C.,Valor medio-alto,2,348312.5,696625.0,34831.25
ARVT8WHHXN,2021-03-01,Comercio detallista,Bogotá D.C.,Valor medio-alto,9,348312.5,3134812.5,156740.625
ARVT8WHHXN,2021-05-01,Comercio detallista,Bogotá D.C.,Valor medio-alto,5,348312.5,1741562.5,87078.125
AT6PW42C0A,2021-01-01,Servicios,Bogotá D.C.,Valor medio-alto,4,67455.88235294117,269823.5294117647,13491.176470588236
AT6PW42C0A,2020-12-01,Servicios,Bogotá D.C.,Valor medio-alto,27,67455.88235294117,1821308.8235294118,91065.4411764706
AT6PW42C0A,2021-02-01,Servicios,Bogotá D.C.,Valor medio-alto,11,67455.88235294117,742014.7058823529,37100.73529411764
AT6PW42C0A,2021-03-01,Servicios,Bogotá D.C.,Valor medio-alto,6,67455.88235294117,404735.29411764705,20236.764705882353
AT6PW42C0A,2021-04-01,Servicios,Bogotá D.C.,Valor medio-alto,8,67455.88235294117,539647.0588235294,26982.352941176472
AT6PW42C0A,2021-05-01,Servicios,Bogotá D.C.,Valor medio-alto,12,67455.88235294117,809470.5882352941,40473.529411764706
ATDLYMFF14,2021-03-01,Comercio detallista,Bogotá D.C.,Valor medio-alto,5,274611.1111111111,1373055.5555555555,68652.77777777778
ATDLYMFF14,2021-04-01,Comercio detallista,Bogotá D.C.,Valor medio-alto,9,274611.1111111111,2471500.0,123575.0
ATDLYMFF14,2021-05-01,Comercio detallista,Bogotá D.C.,Valor medio-alto,22,274611.1111111111,6041444.444444445,302072.22222222225
ATHL45GVRS,2021-03-01,Comercio detallista,Bogotá D.C.,Valor medio-alto,1,220800.0,220800.0,11040.0
ATHL45GVRS,2021-05-01,Comercio detallista,Bogotá D.C.,Valor medio-alto,1,220800.0,220800.0,11040.0
ATMGVM8TRD,2021-03-01,Servicios,Bogotá D.C.,Valor medio-alto,7,228400.0,1598800.0,79940.0
ATMGVM8TRD,2021-04-01,Servicios,Bogotá D.C.,Valor medio-alto,2,228400.0,456800.0,22840.0
ATMGVM8TRD,2021-05-01,Servicios,Bogotá D.C.,Valor medio-alto,1,228400.0,228400.0,11420.0
AUCHZLW39W,2021-03-01,Comercio detallista,Bogotá D.C.,Valor medio-alto,3,101000.0,303000.0,15150.0
AUCHZLW39W,2021-04-01,Comercio detallista,Bogotá D.C.,Valor medio-alto,3,101000.0,303000.0,15150.0
AUCHZLW39W,2021-05-01,Comercio detallista,Bogotá D.C.,Valor medio-alto,1,101000.0,101000.0,5050.0
AVURWX81WV,2021-03-01,Comercio detallista,Bogotá D.C.,Valor medio-alto,1,79500.0,79500.0,3975.0
AVURWX81WV,2021-04-01,Comercio detallista,Bogotá D.C.,Valor medio-alto,1,79500.0,79500.0,3975.0
AVURWX81WV,2021-05-01,Comercio detallista,Bogotá D.C.,Valor medio-alto,2,79500.0,159000.0,7950.0
AX7JODLM2S,2021-03-01,Transporte,Cali,Valor medio,1,1000.0,1000.0,50.0
AYFNNEAF05,2021-03-01,Alimentos y bebidas,Bogotá D.C.,Valor medio-alto,9,150140.875,1351267.875,67563.39375
AYFNNEAF05,2021-04-01,Alimentos y bebidas,Bogotá D.C.,Valor medio-alto,9,150140.875,1351267.875,67563.39375
AYFNNEAF05,2021-05-01,Alimentos y bebidas,Bogotá D.C.,Valor medio-alto,22,150140.875,3303099.25,165154.96250000002
AZ36F3W5FE,2021-03-01,Alimentos y bebidas,Zipaquirá,Valor medio,1,9466.666666666666,9466.666666666666,473.3333333333333
AZ36F3W5FE,2021-05-01,Alimentos y bebidas,Zipaquirá,Valor medio,2,9466.666666666666,18933.333333333332,946.6666666666666
AZPVO74FDX,2021-03-01,Servicios,Bogotá D.C.,Valor medio-alto,1,1725000.0,1725000.0,86250.0
AZPVO74FDX,2021-05-01,Servicios,Bogotá D.C.,Valor medio-alto,1,1725000.0,1725000.0,86250.0
AZZ5HJQV71,2021-02-01,Comercio detallista,Bogotá D.C.,Valor medio-alto,2,322523.8095238095,645047.619047619,32252.380952380954
AZZ5HJQV71,2021-03-01,Comercio detallista,Bogotá D.C.,Valor medio-alto,3,322523.8095238095,967571.4285714286,48378.571428571435
AZZ5HJQV71,2021-05-01,Comercio detallista,Bogotá D.C.,Valor medio-alto,16,322523.8095238095,5160380.952380952,258019.04761904763
B02D3XWBJR,2021-03-01,Alimentos y bebidas,Bogotá D.C.,Valor medio,2,1000.0,2000.0,100.0
B0HZAK5T87,2021-03-01,Servicios,Bogotá D.C.,Valor medio-alto,5,84961.53846153847,424807.69230769237,21240.38461538462
B0HZAK5T87,2021-04-01,Servicios,Bogotá D.C.,Valor medio-alto,2,84961.53846153847,169923.07692307694,8496.153846153848
B0HZAK5T87,2021-05-01,Servicios,Bogotá D.C.,Valor medio-alto,6,84961.53846153847,509769.2307692308,25488.461538461543
B0MV3TKT7S,2021-03-01,Alimentos y bebidas,Soacha,Valor medio-alto,4,27843.076923076922,111372.30769230769,5568.615384615385
B0MV3TKT7S,2021-04-01,Alimentos y bebidas,Soacha,Valor medio-alto,4,27843.076923076922,111372.30769230769,5568.615384615385
B0MV3TKT7S,2021-05-01,Alimentos y bebidas,Soacha,Valor medio-alto,5,27843.076923076922,139215.38461538462,6960.769230769231
B0TVWPVC11,2021-03-01,Reparación y limpieza,Bogotá D.C.,Valor medio-alto,4,464413.04347826086,1857652.1739130435,92882.60869565218
B0TVWPVC11,2021-04-01,Reparación y limpieza,Bogotá D.C.,Valor medio-alto,9,464413.04347826086,4179717.3913043477,208985.8695652174
B0TVWPVC11,2021-05-01,Reparación y limpieza,Bogotá D.C.,Valor medio-alto,10,464413.04347826086,4644130.434782608,232206.52173913043
B13MSYR19B,2021-01-01,Servicios,Bogotá D.C.,Valor medio-alto,1,98142.85714285714,98142.85714285714,4907.142857142858
B13MSYR19B,2020-12-01,Servicios,Bogotá D.C.,Valor medio-alto,5,98142.85714285714,490714.28571428574,24535.71428571429
B13MSYR19B,2021-02-01,Servicios,Bogotá D.C.,Valor medio-alto,4,98142.85714285714,392571.4285714286,19628.57142857143
B13MSYR19B,2021-03-01,Servicios,Bogotá D.C.,Valor medio-alto,1,98142.85714285714,98142.85714285714,4907.142857142858
B13MSYR19B,2021-04-01,Servicios,Bogotá D.C.,Valor medio-alto,1,98142.85714285714,98142.85714285714,4907.142857142858
B13MSYR19B,2021-05-01,Servicios,Bogotá D.C.,Valor medio-alto,2,98142.85714285714,196285.7142857143,9814.285714285716
B1TQHOTJAA,2021-01-01,Servicios,Bogotá D.C.,Valor medio-alto,6,309181.8181818182,1855090.9090909092,92754.54545454547
B1TQHOTJAA,2020-12-01,Servicios,Bogotá D.C.,Valor medio-alto,3,309181.8181818182,927545.4545454546,46377.272727272735
B1TQHOTJAA,2021-02-01,Servicios,Bogotá D.C.,Valor medio-alto,3,309181.8181818182,927545.4545454546,46377.272727272735
B1TQHOTJAA,2021-03-01,Servicios,Bogotá D.C.,Valor medio-alto,3,309181.8181818182,927545.4545454546,46377.272727272735
B1TQHOTJAA,2021-04-01,Servicios,Bogotá D.C.,Valor medio-alto,4,309181.8181818182,1236727.2727272727,61836.36363636364
B1TQHOTJAA,2021-05-01,Servicios,Bogotá D.C.,Valor medio-alto,3,309181.8181818182,927545.4545454546,46377.272727272735
B2BX82T7SU,2021-03-01,Alimentos y bebidas,Bogotá D.C.,Valor medio,1,1000.0,1000.0,50.0
B2GABRK5IK,2021-02-01,Comercio detallista,Bogotá D.C.,Valor medio-alto,2,258000.0,516000.0,25800.0
B2GABRK5IK,2021-04-01,Comercio detallista,Bogotá D.C.,Valor medio-alto,1,258000.0,258000.0,12900.0
B2GABRK5IK,2021-05-01,Comercio detallista,Bogotá D.C.,Valor medio-alto,1,258000.0,258000.0,12900.0
B3199LFS8F,2021-03-01,Alimentos y bebidas,Bogotá D.C.,Valor medio,2,4333.333333333333,8666.666666666666,433.3333333333333
B3199LFS8F,2021-04-01,Alimentos y bebidas,Bogotá D.C.,Valor medio,1,4333.333333333333,4333.333333333333,216.66666666666666
B3Q79UX04I,2021-03-01,Servicios,Bogotá D.C.,Valor medio,1,2000.0,2000.0,100.0
B3UFVUYMCG,2021-03-01,Servicios,Bogotá D.C.,Valor medio-alto,4,340323.07692307694,1361292.3076923077,68064.61538461539
B3UFVUYMCG,2021-04-01,Servicios,Bogotá D.C.,Valor medio-alto,5,340323.07692307694,1701615.3846153847,85080.76923076925
B3UFVUYMCG,2021-05-01,Servicios,Bogotá D.C.,Valor medio-alto,4,340323.07692307694,1361292.3076923077,68064.61538461539
B4TG88DCMS,2021-03-01,Comercio detallista,Fusagasugá,Valor medio-alto,7,209213.33333333334,1464493.3333333335,73224.66666666667
B4TG88DCMS,2021-04-01,Comercio detallista,Fusagasugá,Valor medio-alto,1,209213.33333333334,209213.33333333334,10460.666666666668
B4TG88DCMS,2021-05-01,Comercio detallista,Fusagasugá,Valor medio-alto,7,209213.33333333334,1464493.3333333335,73224.66666666667
B78FKCW5XK,2021-03-01,Comercio detallista,Cali,Valor medio,3,27333.333333333332,82000.0,4100.0
B7GQXNRKI8,2020-12-01,Servicios,Bogotá D.C.,Valor medio,1,101000.0,101000.0,5050.0
B7GQXNRKI8,2021-03-01,Servicios,Bogotá D.C.,Valor medio,1,101000.0,101000.0,5050.0
B7XGZ2YCPG,2021-02-01,Comercio detallista,Bogotá D.C.,Valor alto,29,56932.88590604027,1651053.6912751677,82552.68456375839
B7XGZ2YCPG,2021-03-01,Comercio detallista,Bogotá D.C.,Valor alto,55,56932.88590604027,3131308.724832215,156565.43624161076
B7XGZ2YCPG,2021-04-01,Comercio detallista,Bogotá D.C.,Valor alto,16,56932.88590604027,910926.1744966443,45546.30872483222
B7XGZ2YCPG,2021-05-01,Comercio detallista,Bogotá D.C.,Valor alto,49,56932.88590604027,2789711.409395973,139485.57046979867
B8H4CO30SI,2021-01-01,Comercio detallista,Bogotá D.C.,Valor medio-alto,1,134400.0,134400.0,6720.0
B8H4CO30SI,2021-02-01,Comercio detallista,Bogotá D.C.,Valor medio-alto,2,134400.0,268800.0,13440.0
B8H4CO30SI,2021-04-01,Comercio detallista,Bogotá D.C.,Valor medio-alto,1,134400.0,134400.0,6720.0
B8H4CO30SI,2021-05-01,Comercio detallista,Bogotá D.C.,Valor medio-alto,1,134400.0,134400.0,6720.0
B94PTWXPV5,2021-01-01,Comercio detallista,Soacha,Valor medio-alto,9,214144.578313253,1927301.204819277,96365.06024096385
B94PTWXPV5,2021-02-01,Comercio detallista,Soacha,Valor medio-alto,23,214144.578313253,4925325.301204819,246266.26506024098
B94PTWXPV5,2021-03-01,Comercio detallista,Soacha,Valor medio-alto,6,214144.578313253,1284867.469879518,64243.3734939759
B94PTWXPV5,2021-04-01,Comercio detallista,Soacha,Valor medio-alto,15,214144.578313253,3212168.674698795,160608.43373493978
B94PTWXPV5,2021-05-01,Comercio detallista,Soacha,Valor medio-alto,30,214144.578313253,6424337.34939759,321216.86746987957
B9AYXD9ORU,2021-01-01,Comercio detallista,Bogotá D.C.,Valor medio-alto,6,405976.74418604653,2435860.465116279,121793.02325581397
B9AYXD9ORU,2020-12-01,Comercio detallista,Bogotá D.C.,Valor medio-alto,3,405976.74418604653,1217930.2325581396,60896.511627906984
B9AYXD9ORU,2021-02-01,Comercio detallista,Bogotá D.C.,Valor medio-alto,15,405976.74418604653,6089651.162790698,304482.5581395349
B9AYXD9ORU,2021-03-01,Comercio detallista,Bogotá D.C.,Valor medio-alto,17,405976.74418604653,6901604.651162791,345080.2325581396
B9AYXD9ORU,2021-04-01,Comercio detallista,Bogotá D.C.,Valor medio-alto,1,405976.74418604653,405976.74418604653,20298.837209302328
B9AYXD9ORU,2021-05-01,Comercio detallista,Bogotá D.C.,Valor medio-alto,1,405976.74418604653,405976.74418604653,20298.837209302328
B9ORM4QCBL,2021-03-01,Comercio detallista,Bogotá D.C.,Valor medio-alto,4,120727.27272727272,482909.0909090909,24145.454545454544
B9ORM4QCBL,2021-05-01,Comercio detallista,Bogotá D.C.,Valor medio-alto,7,120727.27272727272,845090.9090909091,42254.545454545456
B9Z0GJK6RL,2021-03-01,Comercio detallista,Bogotá D.C.,Valor medio-alto,9,252314.70588235295,2270832.3529411764,113541.61764705883
B9Z0GJK6RL,2021-04-01,Comercio detallista,Bogotá D.C.,Valor medio-alto,13,252314.70588235295,3280091.1764705884,164004.55882352943
B9Z0GJK6RL,2021-05-01,Comercio detallista,Bogotá D.C.,Valor medio-alto,12,252314.70588235295,3027776.470588235,151388.82352941178
BA8JA7NYPP,2021-03-01,Comercio detallista,Bogotá D.C.,Valor medio-alto,2,1546450.0,3092900.0,154645.0
BA8JA7NYPP,2021-04-01,Comercio detallista,Bogotá D.C.,Valor medio-alto,2,1546450.0,3092900.0,154645.0
BAHXGWOQ3B,2021-03-01,Comercio detallista,Bogotá D.C.,Valor medio-alto,9,1162908.9285714286,10466180.357142858,523309.01785714296
BAHXGWOQ3B,2021-04-01,Comercio detallista,Bogotá D.C.,Valor medio-alto,9,1162908.9285714286,10466180.357142858,523309.01785714296
BAHXGWOQ3B,2021-05-01,Comercio detallista,Bogotá D.C.,Valor medio-alto,10,1162908.9285714286,11629089.285714287,581454.4642857144
BBIJB7ISH6,2021-03-01,Comercio detallista,Bogotá D.C.,Valor medio-alto,6,1637200.3333333333,9823202.0,491160.10000000003
BBIJB7ISH6,2021-04-01,Comercio detallista,Bogotá D.C.,Valor medio-alto,6,1637200.3333333333,9823202.0,491160.10000000003
BBIJB7ISH6,2021-05-01,Comercio detallista,Bogotá D.C.,Valor medio-alto,6,1637200.3333333333,9823202.0,491160.10000000003
BBL7LBZWGG,2021-03-01,Comercio detallista,Bogotá D.C.,Valor medio-alto,7,335850.0,2350950.0,117547.5
BBL7LBZWGG,2021-04-01,Comercio detallista,Bogotá D.C.,Valor medio-alto,6,335850.0,2015100.0,100755.0
BBL7LBZWGG,2021-05-01,Comercio detallista,Bogotá D.C.,Valor medio-alto,7,335850.0,2350950.0,117547.5
BC3E6Z902F,2021-03-01,Comercio detallista,Bogotá D.C.,Valor medio-alto,1,174570.5882352941,174570.5882352941,8728.529411764704
BC3E6Z902F,2021-04-01,Comercio detallista,Bogotá D.C.,Valor medio-alto,2,174570.5882352941,349141.1764705882,17457.05882352941
BC3E6Z902F,2021-05-01,Comercio detallista,Bogotá D.C.,Valor medio-alto,2,174570.5882352941,349141.1764705882,17457.05882352941
BCGIJVNT0Z,2021-03-01,Comercio detallista,Bogotá D.C.,Valor medio-alto,9,49636.36363636364,446727.27272727276,22336.36363636364
BCGIJVNT0Z,2021-04-01,Comercio detallista,Bogotá D.C.,Valor medio-alto,3,49636.36363636364,148909.0909090909,7445.454545454546
BCGIJVNT0Z,2021-05-01,Comercio detallista,Bogotá D.C.,Valor medio-alto,10,49636.36363636364,496363.6363636364,24818.181818181823
BCN9CIBIPU,2021-03-01,Comercio detallista,Cali,Valor medio-alto,2,338400.0,676800.0,33840.0
BCN9CIBIPU,2021-04-01,Comercio detallista,Cali,Valor medio-alto,3,338400.0,1015200.0,50760.0
BCY6JWXZS8,2021-03-01,Comercio detallista,Villa de San Diego de Ubate,Valor medio-alto,3,245562.5,736687.5,36834.375
BCY6JWXZS8,2021-04-01,Comercio detallista,Villa de San Diego de Ubate,Valor medio-alto,2,245562.5,491125.0,24556.25
BCY6JWXZS8,2021-05-01,Comercio detallista,Villa de San Diego de Ubate,Valor medio-alto,11,245562.5,2701187.5,135059.375
BDI23QUKRV,2021-03-01,Belleza y cuidado personal,Sibaté,Valor medio,1,2000.0,2000.0,100.0
BE8OW3MSQB,2021-02-01,Belleza y cuidado personal,Bogotá D.C.,Valor medio-alto,5,87977.27272727272,439886.3636363636,21994.31818181818
BE8OW3MSQB,2021-03-01,Belleza y cuidado personal,Bogotá D.C.,Valor medio-alto,5,87977.27272727272,439886.3636363636,21994.31818181818
BE8OW3MSQB,2021-04-01,Belleza y cuidado personal,Bogotá D.C.,Valor medio-alto,1,87977.27272727272,87977.27272727272,4398.863636363636
BEE1ORHUAG,2021-03-01,Comercio detallista,Bogotá D.C.,Valor medio-alto,7,85058.82352941176,595411.7647058823,29770.588235294115
BEE1ORHUAG,2021-04-01,Comercio detallista,Bogotá D.C.,Valor medio-alto,6,85058.82352941176,510352.9411764706,25517.64705882353
BEE1ORHUAG,2021-05-01,Comercio detallista,Bogotá D.C.,Valor medio-alto,4,85058.82352941176,340235.29411764705,17011.764705882353
BEIFSRUXUL,2021-03-01,Comercio detallista,Bogotá D.C.,Valor medio-alto,3,37000.0,111000.0,5550.0
BEIFSRUXUL,2021-04-01,Comercio detallista,Bogotá D.C.,Valor medio-alto,2,37000.0,74000.0,3700.0
BEIFSRUXUL,2021-05-01,Comercio detallista,Bogotá D.C.,Valor medio-alto,6,37000.0,222000.0,11100.0
BESWM4HGP7,2021-03-01,Comercio detallista,Bogotá D.C.,Valor medio-alto,3,152573.5294117647,457720.5882352941,22886.029411764706
BESWM4HGP7,2021-04-01,Comercio detallista,Bogotá D.C.,Valor medio-alto,8,152573.5294117647,1220588.2352941176,61029.41176470588
BESWM4HGP7,2021-05-01,Comercio detallista,Bogotá D.C.,Valor medio-alto,23,152573.5294117647,3509191.176470588,175459.5588235294
BF0ES8VQ4O,2021-01-01,Comercio detallista,Cartagena de Indias,Valor medio-alto,10,497723.9054054054,4977239.0540540535,248861.9527027027
BF0ES8VQ4O,2021-02-01,Comercio detallista,Cartagena de Indias,Valor medio-alto,21,497723.9054054054,10452202.013513513,522610.10067567567
BF0ES8VQ4O,2021-03-01,Comercio detallista,Cartagena de Indias,Valor medio-alto,18,497723.9054054054,8959030.297297297,447951.5148648649
BF0ES8VQ4O,2021-04-01,Comercio detallista,Cartagena de Indias,Valor medio-alto,16,497723.9054054054,7963582.486486486,398179.1243243243
BF0ES8VQ4O,2021-05-01,Comercio detallista,Cartagena de Indias,Valor medio-alto,9,497723.9054054054,4479515.1486486485,223975.75743243244
BF7G18FTZL,2021-02-01,Alimentos y bebidas,Bogotá D.C.,Valor medio-alto,1,751000.0,751000.0,37550.0
BF7G18FTZL,2021-04-01,Alimentos y bebidas,Bogotá D.C.,Valor medio-alto,1,751000.0,751000.0,37550.0
BF8756YIFJ,2021-03-01,Transporte,Cali,Valor medio-alto,5,50857.142857142855,254285.71428571426,12714.285714285714
BF8756YIFJ,2021-04-01,Transporte,Cali,Valor medio-alto,1,50857.142857142855,50857.142857142855,2542.857142857143
BF8756YIFJ,2021-05-01,Transporte,Cali,Valor medio-alto,1,50857.142857142855,50857.142857142855,2542.857142857143
BFCUZJJ1OC,2021-02-01,Reparación y limpieza,Bogotá D.C.,Valor medio,2,1000.0,2000.0,100.0
BFCUZJJ1OC,2021-04-01,Reparación y limpieza,Bogotá D.C.,Valor medio,1,1000.0,1000.0,50.0
BFCUZJJ1OC,2021-05-01,Reparación y limpieza,Bogotá D.C.,Valor medio,1,1000.0,1000.0,50.0
BFKDFJQRCL,2021-02-01,Comercio detallista,Bogotá D.C.,Valor medio-alto,17,680034.8837209302,11560593.023255814,578029.6511627907
BFKDFJQRCL,2021-03-01,Comercio detallista,Bogotá D.C.,Valor medio-alto,22,680034.8837209302,14960767.441860463,748038.3720930233
BFKDFJQRCL,2021-04-01,Comercio detallista,Bogotá D.C.,Valor medio-alto,14,680034.8837209302,9520488.372093022,476024.4186046511
BFKDFJQRCL,2021-05-01,Comercio detallista,Bogotá D.C.,Valor medio-alto,33,680034.8837209302,22441151.162790697,1122057.558139535
BGB2D2WQMU,2021-03-01,Reparación y limpieza,Bogotá D.C.,Valor medio-alto,4,207764.70588235295,831058.8235294118,41552.941176470595
BGB2D2WQMU,2021-04-01,Reparación y limpieza,Bogotá D.C.,Valor medio-alto,6,207764.70588235295,1246588.2352941176,62329.41176470588
BGB2D2WQMU,2021-05-01,Reparación y limpieza,Bogotá D.C.,Valor medio-alto,7,207764.70588235295,1454352.9411764706,72717.64705882354
BGQW5GY1V0,2021-02-01,Comercio detallista,Bogotá D.C.,Valor medio,1,2000.0,2000.0,100.0
BH6OWLPR8K,2021-03-01,Comercio detallista,Bogotá D.C.,Valor medio-alto,2,78820.0,157640.0,7882.0
BH6OWLPR8K,2021-04-01,Comercio detallista,Bogotá D.C.,Valor medio-alto,6,78820.0,472920.0,23646.0
BH6OWLPR8K,2021-05-01,Comercio detallista,Bogotá D.C.,Valor medio-alto,7,78820.0,551740.0,27587.0
BHBJ09LVLE,2021-03-01,Servicios,Bogotá D.C.,Valor medio-alto,2,100833.33333333333,201666.66666666666,10083.333333333334
BHBJ09LVLE,2021-05-01,Servicios,Bogotá D.C.,Valor medio-alto,4,100833.33333333333,403333.3333333333,20166.666666666668
BHGXJE4KNM,2021-02-01,Comercio detallista,Bogotá D.C.,Valor medio-alto,1,27333.333333333332,27333.333333333332,1366.6666666666667
BHGXJE4KNM,2021-03-01,Comercio detallista,Bogotá D.C.,Valor medio-alto,2,27333.333333333332,54666.666666666664,2733.3333333333335
BHGXJE4KNM,2021-04-01,Comercio detallista,Bogotá D.C.,Valor medio-alto,2,27333.333333333332,54666.666666666664,2733.3333333333335
BHGXJE4KNM,2021-05-01,Comercio detallista,Bogotá D.C.,Valor medio-alto,1,27333.333333333332,27333.333333333332,1366.6666666666667
BHLYPQ7WNJ,2021-03-01,Servicios,Cali,Valor medio-alto,8,54850.0,438800.0,21940.0
BHLYPQ7WNJ,2021-04-01,Servicios,Cali,Valor medio-alto,7,54850.0,383950.0,19197.5
BHLYPQ7WNJ,2021-05-01,Servicios,Cali,Valor medio-alto,3,54850.0,164550.0,8227.5
BHRICJTVCQ,2021-03-01,Alimentos y bebidas,Bogotá D.C.,Valor medio,4,323250.0,1293000.0,64650.0
BIY83F15BJ,2021-03-01,Reparación y limpieza,Bogotá D.C.,Valor medio,1,2000.0,2000.0,100.0
BJOWG1DH5U,2021-02-01,Alimentos y bebidas,Armenia,Valor medio-alto,1,31000.0,31000.0,1550.0
BJOWG1DH5U,2021-03-01,Alimentos y bebidas,Armenia,Valor medio-alto,11,31000.0,341000.0,17050.0
BJOWG1DH5U,2021-04-01,Alimentos y bebidas,Armenia,Valor medio-alto,7,31000.0,217000.0,10850.0
BJOWG1DH5U,2021-05-01,Alimentos y bebidas,Armenia,Valor medio-alto,4,31000.0,124000.0,6200.0
BK81RRY4MJ,2021-03-01,Servicios,Bogotá D.C.,Valor medio-alto,4,101703.57142857143,406814.28571428574,20340.71428571429
BK81RRY4MJ,2021-04-01,Servicios,Bogotá D.C.,Valor medio-alto,7,101703.57142857143,711925.0,35596.25
BK81RRY4MJ,2021-05-01,Servicios,Bogotá D.C.,Valor medio-alto,17,101703.57142857143,1728960.7142857143,86448.03571428572
BKOFMM45DJ,2021-01-01,Comercio detallista,Bogotá D.C.,Valor medio-alto,1,189974.4,189974.4,9498.72
BKOFMM45DJ,2021-02-01,Comercio detallista,Bogotá D.C.,Valor medio-alto,4,189974.4,759897.6,37994.88
BKOFMM45DJ,2021-03-01,Comercio detallista,Bogotá D.C.,Valor medio-alto,5,189974.4,949872.0,47493.600000000006
BKOFMM45DJ,2021-04-01,Comercio detallista,Bogotá D.C.,Valor medio-alto,3,189974.4,569923.2,28496.16
BKOFMM45DJ,2021-05-01,Comercio detallista,Bogotá D.C.,Valor medio-alto,2,189974.4,379948.8,18997.44
BL63REUZHM,2020-12-01,Servicios,Cajicá,Valor medio,1,2000.0,2000.0,100.0
BL64JGZ1MZ,2021-03-01,Comercio detallista,Bogotá D.C.,Valor medio,2,2000.0,4000.0,200.0
BLKX6B0PKW,2021-03-01,Servicios,Bogotá D.C.,Valor medio-alto,3,182418.75,547256.25,27362.8125
BLKX6B0PKW,2021-04-01,Servicios,Bogotá D.C.,Valor medio-alto,2,182418.75,364837.5,18241.875
BLKX6B0PKW,2021-05-01,Servicios,Bogotá D.C.,Valor medio-alto,3,182418.75,547256.25,27362.8125
BLNLBIXL1W,2021-03-01,Comercio detallista,Bogotá D.C.,Valor medio-alto,6,83117.64705882352,498705.88235294115,24935.29411764706
BLNLBIXL1W,2021-04-01,Comercio detallista,Bogotá D.C.,Valor medio-alto,6,83117.64705882352,498705.88235294115,24935.29411764706
BLNLBIXL1W,2021-05-01,Comercio detallista,Bogotá D.C.,Valor medio-alto,5,83117.64705882352,415588.2352941176,20779.41176470588
BNVSFAV16A,2021-01-01,Comercio detallista,Bogotá D.C.,Valor medio,3,938466.6666666666,2815400.0,140770.0
BOF1DF1JM3,2021-03-01,Alimentos y bebidas,Bogotá D.C.,Valor medio-alto,1,43071.42857142857,43071.42857142857,2153.571428571429
BOF1DF1JM3,2021-04-01,Alimentos y bebidas,Bogotá D.C.,Valor medio-alto,3,43071.42857142857,129214.28571428571,6460.714285714286
BOF1DF1JM3,2021-05-01,Alimentos y bebidas,Bogotá D.C.,Valor medio-alto,3,43071.42857142857,129214.28571428571,6460.714285714286
BOH0Y09FO1,2021-03-01,Servicios,Bogotá D.C.,Valor medio,1,2000.0,2000.0,100.0
BOIR203IEU,2021-03-01,Comercio detallista,Bogotá D.C.,Valor medio-alto,4,1278235.294117647,5112941.176470588,255647.0588235294
BOIR203IEU,2021-04-01,Comercio detallista,Bogotá D.C.,Valor medio-alto,6,1278235.294117647,7669411.7647058815,383470.5882352941
BOIR203IEU,2021-05-01,Comercio detallista,Bogotá D.C.,Valor medio-alto,7,1278235.294117647,8947647.05882353,447382.3529411765
BOL0KPH7PW,2021-03-01,Comercio detallista,Bogotá D.C.,Valor alto,2,223142.85714285713,446285.71428571426,22314.285714285714
BOL0KPH7PW,2021-04-01,Comercio detallista,Bogotá D.C.,Valor alto,7,223142.85714285713,1562000.0,78100.0
BOL0KPH7PW,2021-05-01,Comercio detallista,Bogotá D.C.,Valor alto,19,223142.85714285713,4239714.285714285,211985.7142857143
BP2NFU30WN,2021-02-01,Alimentos y bebidas,Cali,Valor medio-alto,23,38201.16279069767,878626.7441860464,43931.33720930232
BP2NFU30WN,2021-03-01,Alimentos y bebidas,Cali,Valor medio-alto,30,38201.16279069767,1146034.8837209302,57301.74418604651
BP2NFU30WN,2021-04-01,Alimentos y bebidas,Cali,Valor medio-alto,19,38201.16279069767,725822.0930232558,36291.104651162794
BP2NFU30WN,2021-05-01,Alimentos y bebidas,Cali,Valor medio-alto,14,38201.16279069767,534816.2790697674,26740.813953488374
BP43P6O5XP,2021-03-01,Comercio detallista,Soacha,Valor medio-alto,2,359642.85714285716,719285.7142857143,35964.28571428572
BP43P6O5XP,2021-04-01,Comercio detallista,Soacha,Valor medio-alto,8,359642.85714285716,2877142.8571428573,143857.14285714287
BP43P6O5XP,2021-05-01,Comercio detallista,Soacha,Valor medio-alto,4,359642.85714285716,1438571.4285714286,71928.57142857143
BPNTWNO6JC,2021-01-01,Servicios,Chía,Valor medio-alto,2,313000.0,626000.0,31300.0
BPNTWNO6JC,2020-12-01,Servicios,Chía,Valor medio-alto,1,313000.0,313000.0,15650.0
BPNTWNO6JC,2021-02-01,Servicios,Chía,Valor medio-alto,1,313000.0,313000.0,15650.0
BPS3IX5CAK,2021-01-01,Comercio detallista,Bogotá D.C.,Valor medio-alto,6,422413.3333333333,2534480.0,126724.0
BPS3IX5CAK,2020-12-01,Comercio detallista,Bogotá D.C.,Valor medio-alto,1,422413.3333333333,422413.3333333333,21120.666666666668
BPS3IX5CAK,2021-02-01,Comercio detallista,Bogotá D.C.,Valor medio-alto,2,422413.3333333333,844826.6666666666,42241.333333333336
BPS3IX5CAK,2021-04-01,Comercio detallista,Bogotá D.C.,Valor medio-alto,5,422413.3333333333,2112066.6666666665,105603.33333333333
BPS3IX5CAK,2021-05-01,Comercio detallista,Bogotá D.C.,Valor medio-alto,1,422413.3333333333,422413.3333333333,21120.666666666668
BPZU9K91E3,2021-01-01,Alimentos y bebidas,Bogotá D.C.,Valor medio-alto,4,46761.53846153846,187046.15384615384,9352.307692307693
BPZU9K91E3,2020-12-01,Alimentos y bebidas,Bogotá D.C.,Valor medio-alto,5,46761.53846153846,233807.6923076923,11690.384615384617
BPZU9K91E3,2021-02-01,Alimentos y bebidas,Bogotá D.C.,Valor medio-alto,2,46761.53846153846,93523.07692307692,4676.153846153847
BPZU9K91E3,2021-03-01,Alimentos y bebidas,Bogotá D.C.,Valor medio-alto,3,46761.53846153846,140284.61538461538,7014.2307692307695
BPZU9K91E3,2021-04-01,Alimentos y bebidas,Bogotá D.C.,Valor medio-alto,4,46761.53846153846,187046.15384615384,9352.307692307693
BPZU9K91E3,2021-05-01,Alimentos y bebidas,Bogotá D.C.,Valor medio-alto,8,46761.53846153846,374092.3076923077,18704.615384615387
BQ4RWZRMJW,2021-03-01,Comercio detallista,Bogotá D.C.,Valor medio,1,2000.0,2000.0,100.0
BQ7K2TW1H7,2021-03-01,Comercio detallista,Sibaté,Valor medio-alto,2,176250.0,352500.0,17625.0
BQ7K2TW1H7,2021-04-01,Comercio detallista,Sibaté,Valor medio-alto,3,176250.0,528750.0,26437.5
BQ7K2TW1H7,2021-05-01,Comercio detallista,Sibaté,Valor medio-alto,1,176250.0,176250.0,8812.5
BR2TW7KOFR,2021-03-01,Reparación y limpieza,Bogotá D.C.,Valor medio-alto,2,250666.66666666666,501333.3333333333,25066.666666666668
BR2TW7KOFR,2021-04-01,Reparación y limpieza,Bogotá D.C.,Valor medio-alto,1,250666.66666666666,250666.66666666666,12533.333333333334
BR8CXYNNZF,2021-03-01,Transporte,Cali,Valor medio,2,5500.0,11000.0,550.0
BRDJLUHAVK,2021-03-01,Comercio detallista,Bogotá D.C.,Valor medio-alto,1,234871.42857142858,234871.42857142858,11743.57142857143
BRDJLUHAVK,2021-04-01,Comercio detallista,Bogotá D.C.,Valor medio-alto,5,234871.42857142858,1174357.142857143,58717.85714285715
BRDJLUHAVK,2021-05-01,Comercio detallista,Bogotá D.C.,Valor medio-alto,1,234871.42857142858,234871.42857142858,11743.57142857143
BRJSTQL878,2021-03-01,Comercio detallista,Bogotá D.C.,Valor medio,2,1000.0,2000.0,100.0
BRKX5IKY96,2021-01-01,Comercio detallista,Bogotá D.C.,Valor medio,3,130666.66666666667,392000.0,19600.0
BRM61JOD19,2021-03-01,Alimentos y bebidas,Bogotá D.C.,Valor medio-alto,3,33296.153846153844,99888.46153846153,4994.423076923077
BRM61JOD19,2021-04-01,Alimentos y bebidas,Bogotá D.C.,Valor medio-alto,7,33296.153846153844,233073.0769230769,11653.653846153846
BRM61JOD19,2021-05-01,Alimentos y bebidas,Bogotá D.C.,Valor medio-alto,3,33296.153846153844,99888.46153846153,4994.423076923077
BS67TNFHC1,2021-03-01,Belleza y cuidado personal,Bogotá D.C.,Valor medio,1,2000.0,2000.0,100.0
BS6JNVLDNX,2021-02-01,Educación,Bogotá D.C.,Valor medio,1,2000.0,2000.0,100.0
BSIES0W2M3,2021-03-01,Comercio detallista,Soacha,Valor medio,3,267333.3333333333,802000.0,40100.0
BSTDIQ82CR,2021-03-01,Alimentos y bebidas,Bucaramanga,Valor medio-alto,33,40622.857142857145,1340554.2857142857,67027.71428571429
BSTDIQ82CR,2021-04-01,Alimentos y bebidas,Bucaramanga,Valor medio-alto,30,40622.857142857145,1218685.7142857143,60934.28571428572
BSTDIQ82CR,2021-05-01,Alimentos y bebidas,Bucaramanga,Valor medio-alto,42,40622.857142857145,1706160.0,85308.0
BT9FC4NGKK,2021-03-01,Belleza y cuidado personal,Bogotá D.C.,Valor medio-alto,9,395170.45454545453,3556534.090909091,177826.70454545456
BT9FC4NGKK,2021-04-01,Belleza y cuidado personal,Bogotá D.C.,Valor medio-alto,3,395170.45454545453,1185511.3636363635,59275.56818181818
BT9FC4NGKK,2021-05-01,Belleza y cuidado personal,Bogotá D.C.,Valor medio-alto,10,395170.45454545453,3951704.5454545454,197585.2272727273
BTUPTDPNBO,2021-03-01,Servicios,Barranquilla,Valor medio-alto,9,87476.19047619047,787285.7142857143,39364.28571428572
BTUPTDPNBO,2021-04-01,Servicios,Barranquilla,Valor medio-alto,3,87476.19047619047,262428.5714285714,13121.428571428572
BTUPTDPNBO,2021-05-01,Servicios,Barranquilla,Valor medio-alto,9,87476.19047619047,787285.7142857143,39364.28571428572
BU3JSDVYIT,2021-01-01,Comercio detallista,Bogotá D.C.,Valor medio-alto,4,369692.3076923077,1478769.2307692308,73938.46153846155
BU3JSDVYIT,2021-02-01,Comercio detallista,Bogotá D.C.,Valor medio-alto,6,369692.3076923077,2218153.846153846,110907.69230769231
BU3JSDVYIT,2021-03-01,Comercio detallista,Bogotá D.C.,Valor medio-alto,2,369692.3076923077,739384.6153846154,36969.23076923077
BU3JSDVYIT,2021-04-01,Comercio detallista,Bogotá D.C.,Valor medio-alto,1,369692.3076923077,369692.3076923077,18484.615384615387
BUD7779RPW,2021-03-01,Comercio detallista,Bogotá D.C.,Valor medio-alto,3,433666.6666666667,1301000.0,65050.0
BUD7779RPW,2021-04-01,Comercio detallista,Bogotá D.C.,Valor medio-alto,5,433666.6666666667,2168333.3333333335,108416.66666666669
BUD7779RPW,2021-05-01,Comercio detallista,Bogotá D.C.,Valor medio-alto,19,433666.6666666667,8239666.666666667,411983.3333333334
BUOBHDFCFX,2021-03-01,Comercio detallista,Bogotá D.C.,Valor medio-alto,3,628644.4444444445,1885933.3333333335,94296.66666666669
BUOBHDFCFX,2021-04-01,Comercio detallista,Bogotá D.C.,Valor medio-alto,2,628644.4444444445,1257288.888888889,62864.44444444445
BUOBHDFCFX,2021-05-01,Comercio detallista,Bogotá D.C.,Valor medio-alto,4,628644.4444444445,2514577.777777778,125728.8888888889
BVAOE4QH1V,2021-03-01,Servicios,Bogotá D.C.,Valor medio-alto,9,666492.4074074074,5998431.666666667,299921.5833333334
BVAOE4QH1V,2021-04-01,Servicios,Bogotá D.C.,Valor medio-alto,7,666492.4074074074,4665446.851851852,233272.34259259258
BVAOE4QH1V,2021-05-01,Servicios,Bogotá D.C.,Valor medio-alto,11,666492.4074074074,7331416.481481481,366570.8240740741
BW3WV686SI,2021-03-01,Comercio detallista,Bogotá D.C.,Valor medio-alto,16,200120.6896551724,3201931.0344827585,160096.55172413794
BW3WV686SI,2021-04-01,Comercio detallista,Bogotá D.C.,Valor medio-alto,11,200120.6896551724,2201327.586206896,110066.37931034481
BW3WV686SI,2021-05-01,Comercio detallista,Bogotá D.C.,Valor medio-alto,2,200120.6896551724,400241.3793103448,20012.068965517243
BWH9FD0D5E,2021-03-01,Comercio detallista,Bogotá D.C.,Valor medio-alto,2,45400.0,90800.0,4540.0
BWH9FD0D5E,2021-04-01,Comercio detallista,Bogotá D.C.,Valor medio-alto,2,45400.0,90800.0,4540.0
BWH9FD0D5E,2021-05-01,Comercio detallista,Bogotá D.C.,Valor medio-alto,1,45400.0,45400.0,2270.0
BWI2BTUE5B,2021-01-01,Alimentos y bebidas,Bogotá D.C.,Valor medio-alto,1,43083.333333333336,43083.333333333336,2154.166666666667
BWI2BTUE5B,2021-02-01,Alimentos y bebidas,Bogotá D.C.,Valor medio-alto,3,43083.333333333336,129250.0,6462.5
BWI2BTUE5B,2021-03-01,Alimentos y bebidas,Bogotá D.C.,Valor medio-alto,6,43083.333333333336,258500.0,12925.0
BWI2BTUE5B,2021-04-01,Alimentos y bebidas,Bogotá D.C.,Valor medio-alto,6,43083.333333333336,258500.0,12925.0
BWI2BTUE5B,2021-05-01,Alimentos y bebidas,Bogotá D.C.,Valor medio-alto,2,43083.333333333336,86166.66666666667,4308.333333333334
BX7C3TGWIZ,2021-03-01,Comercio detallista,Bogotá D.C.,Valor medio-alto,11,229133.33333333334,2520466.666666667,126023.33333333336
BX7C3TGWIZ,2021-04-01,Comercio detallista,Bogotá D.C.,Valor medio-alto,12,229133.33333333334,2749600.0,137480.0
BX7C3TGWIZ,2021-05-01,Comercio detallista,Bogotá D.C.,Valor medio-alto,7,229133.33333333334,1603933.3333333335,80196.66666666669
BXSM6KZFKT,2021-01-01,Comercio detallista,Bogotá D.C.,Valor medio-alto,2,3420375.0,6840750.0,342037.5
BXSM6KZFKT,2021-03-01,Comercio detallista,Bogotá D.C.,Valor medio-alto,1,3420375.0,3420375.0,171018.75
BXSM6KZFKT,2021-05-01,Comercio detallista,Bogotá D.C.,Valor medio-alto,1,3420375.0,3420375.0,171018.75
BY2593BQNU,2021-02-01,Comercio detallista,Bogotá D.C.,Valor medio-alto,1,429650.0,429650.0,21482.5
BY2593BQNU,2021-03-01,Comercio detallista,Bogotá D.C.,Valor medio-alto,1,429650.0,429650.0,21482.5
BYBPCGRJHU,2021-03-01,Comercio detallista,Bogotá D.C.,Valor medio-alto,11,266791.6666666667,2934708.3333333335,146735.4166666667
BYBPCGRJHU,2021-04-01,Comercio detallista,Bogotá D.C.,Valor medio-alto,11,266791.6666666667,2934708.3333333335,146735.4166666667
BYBPCGRJHU,2021-05-01,Comercio detallista,Bogotá D.C.,Valor medio-alto,26,266791.6666666667,6936583.333333334,346829.16666666674
BYSTFMPIZ4,2021-03-01,Servicios,Sibaté,Valor medio,1,2000.0,2000.0,100.0
BZ0QC6H29B,2021-03-01,Comercio detallista,Bogotá D.C.,Valor medio-alto,6,263083.3333333333,1578500.0,78925.0
BZ0QC6H29B,2021-04-01,Comercio detallista,Bogotá D.C.,Valor medio-alto,5,263083.3333333333,1315416.6666666665,65770.83333333333
BZ0QC6H29B,2021-05-01,Comercio detallista,Bogotá D.C.,Valor medio-alto,1,263083.3333333333,263083.3333333333,13154.166666666666
BZK8T16B8R,2021-02-01,Alimentos y bebidas,Bogotá D.C.,Valor medio,9,21156.25,190406.25,9520.3125
BZK8T16B8R,2021-03-01,Alimentos y bebidas,Bogotá D.C.,Valor medio,7,21156.25,148093.75,7404.6875
C0KYR3HCVF,2021-03-01,Belleza y cuidado personal,Bogotá D.C.,Valor medio-alto,18,205011.76470588235,3690211.7647058824,184510.58823529413
C0KYR3HCVF,2021-04-01,Belleza y cuidado personal,Bogotá D.C.,Valor medio-alto,1,205011.76470588235,205011.76470588235,10250.588235294119
C0KYR3HCVF,2021-05-01,Belleza y cuidado personal,Bogotá D.C.,Valor medio-alto,15,205011.76470588235,3075176.470588235,153758.82352941178
C10R9W8GE3,2020-12-01,Comercio detallista,Bogotá D.C.,Valor medio,3,20741.666666666668,62225.0,3111.25
C10R9W8GE3,2021-02-01,Comercio detallista,Bogotá D.C.,Valor medio,1,20741.666666666668,20741.666666666668,1037.0833333333335
C10R9W8GE3,2021-03-01,Comercio detallista,Bogotá D.C.,Valor medio,2,20741.666666666668,41483.333333333336,2074.166666666667
C1FNFV5OY7,2021-03-01,Comercio detallista,Bogotá D.C.,Valor medio-alto,2,113223.75,226447.5,11322.375
C1FNFV5OY7,2021-04-01,Comercio detallista,Bogotá D.C.,Valor medio-alto,2,113223.75,226447.5,11322.375
C1FNFV5OY7,2021-05-01,Comercio detallista,Bogotá D.C.,Valor medio-alto,4,113223.75,452895.0,22644.75
C1W33WNTZH,2021-03-01,Belleza y cuidado personal,Bogotá D.C.,Valor medio,2,111500.0,223000.0,11150.0
C1XSBT6GFO,2021-03-01,Comercio detallista,La Calera,Valor medio-alto,1,86600.0,86600.0,4330.0
C1XSBT6GFO,2021-04-01,Comercio detallista,La Calera,Valor medio-alto,4,86600.0,346400.0,17320.0
C21FOSU0AE,2021-03-01,Comercio detallista,Bogotá D.C.,Valor medio-alto,12,164560.7142857143,1974728.5714285714,98736.42857142858
C21FOSU0AE,2021-04-01,Comercio detallista,Bogotá D.C.,Valor medio-alto,9,164560.7142857143,1481046.4285714286,74052.32142857143
C21FOSU0AE,2021-05-01,Comercio detallista,Bogotá D.C.,Valor medio-alto,7,164560.7142857143,1151925.0,57596.25
C2KY8Q8O1V,2021-03-01,Comercio detallista,Bogotá D.C.,Valor medio-alto,2,266583.3333333333,533166.6666666666,26658.333333333332
C2KY8Q8O1V,2021-04-01,Comercio detallista,Bogotá D.C.,Valor medio-alto,1,266583.3333333333,266583.3333333333,13329.166666666666
C2KY8Q8O1V,2021-05-01,Comercio detallista,Bogotá D.C.,Valor medio-alto,3,266583.3333333333,799750.0,39987.5
C2LTJZTRTQ,2020-12-01,Belleza y cuidado personal,Bogotá D.C.,Valor alto,1,34419.04761904762,34419.04761904762,1720.952380952381
C2LTJZTRTQ,2021-02-01,Belleza y cuidado personal,Bogotá D.C.,Valor alto,3,34419.04761904762,103257.14285714286,5162.857142857143
C2LTJZTRTQ,2021-03-01,Belleza y cuidado personal,Bogotá D.C.,Valor alto,17,34419.04761904762,585123.8095238095,29256.190476190473
C3P0LGGRFD,2021-02-01,Comercio detallista,Bogotá D.C.,Valor medio-alto,1,199178.57142857142,199178.57142857142,9958.928571428572
C3P0LGGRFD,2021-03-01,Comercio detallista,Bogotá D.C.,Valor medio-alto,5,199178.57142857142,995892.857142857,49794.642857142855
C3P0LGGRFD,2021-04-01,Comercio detallista,Bogotá D.C.,Valor medio-alto,4,199178.57142857142,796714.2857142857,39835.71428571429
C3P0LGGRFD,2021-05-01,Comercio detallista,Bogotá D.C.,Valor medio-alto,4,199178.57142857142,796714.2857142857,39835.71428571429
C3VIUXV7OQ,2021-03-01,Reparación y limpieza,Bogotá D.C.,Valor medio-alto,3,320600.0,961800.0,48090.0
C3VIUXV7OQ,2021-04-01,Reparación y limpieza,Bogotá D.C.,Valor medio-alto,4,320600.0,1282400.0,64120.0
C3VIUXV7OQ,2021-05-01,Reparación y limpieza,Bogotá D.C.,Valor medio-alto,3,320600.0,961800.0,48090.0
C45PZ945U4,2021-03-01,Comercio detallista,Bogotá D.C.,Valor medio,1,2000.0,2000.0,100.0
C4AA0IYYVD,2021-03-01,Servicios,Sibaté,Valor medio-alto,1,692533.3333333334,692533.3333333334,34626.66666666667
C4AA0IYYVD,2021-04-01,Servicios,Sibaté,Valor medio-alto,4,692533.3333333334,2770133.3333333335,138506.6666666667
C4AA0IYYVD,2021-05-01,Servicios,Sibaté,Valor medio-alto,4,692533.3333333334,2770133.3333333335,138506.6666666667
C4VJ4MRO0Y,2021-02-01,Comercio detallista,Bogotá D.C.,Valor medio-alto,3,368184.71910112357,1104554.1573033708,55227.707865168544
C4VJ4MRO0Y,2021-03-01,Comercio detallista,Bogotá D.C.,Valor medio-alto,50,368184.71910112357,18409235.95505618,920461.797752809
C4VJ4MRO0Y,2021-04-01,Comercio detallista,Bogotá D.C.,Valor medio-alto,13,368184.71910112357,4786401.348314607,239320.06741573033
C4VJ4MRO0Y,2021-05-01,Comercio detallista,Bogotá D.C.,Valor medio-alto,23,368184.71910112357,8468248.539325843,423412.42696629214
C5XTD3D1FP,2021-03-01,Comercio detallista,Bogotá D.C.,Valor medio-alto,4,1433500.0,5734000.0,286700.0
C6JNOZR4L9,2021-03-01,Alimentos y bebidas,Bogotá D.C.,Valor medio-alto,4,75681.81818181818,302727.2727272727,15136.363636363636
C6JNOZR4L9,2021-04-01,Alimentos y bebidas,Bogotá D.C.,Valor medio-alto,10,75681.81818181818,756818.1818181818,37840.90909090909
C6JNOZR4L9,2021-05-01,Alimentos y bebidas,Bogotá D.C.,Valor medio-alto,19,75681.81818181818,1437954.5454545454,71897.72727272728
C713I02TPO,2021-01-01,Servicios,Bogotá D.C.,Valor medio-alto,5,346318.1818181818,1731590.9090909092,86579.54545454547
C713I02TPO,2020-12-01,Servicios,Bogotá D.C.,Valor medio-alto,3,346318.1818181818,1038954.5454545454,51947.72727272727
C713I02TPO,2021-02-01,Servicios,Bogotá D.C.,Valor medio-alto,11,346318.1818181818,3809500.0,190475.0
C713I02TPO,2021-03-01,Servicios,Bogotá D.C.,Valor medio-alto,13,346318.1818181818,4502136.363636363,225106.81818181818
C713I02TPO,2021-04-01,Servicios,Bogotá D.C.,Valor medio-alto,4,346318.1818181818,1385272.7272727273,69263.63636363637
C713I02TPO,2021-05-01,Servicios,Bogotá D.C.,Valor medio-alto,8,346318.1818181818,2770545.4545454546,138527.27272727274
C724QJZEJH,2021-02-01,Transporte,Cali,Valor medio,2,4750.0,9500.0,475.0
C724QJZEJH,2021-03-01,Transporte,Cali,Valor medio,2,4750.0,9500.0,475.0
C7B534YRPI,2021-03-01,Comercio detallista,Cali,Valor medio,3,10500.0,31500.0,1575.0
C7B534YRPI,2021-05-01,Comercio detallista,Cali,Valor medio,1,10500.0,10500.0,525.0
C7LPM20B97,2021-03-01,Comercio detallista,Bogotá D.C.,Valor medio-alto,1,1113900.0,1113900.0,55695.0
C7LPM20B97,2021-04-01,Comercio detallista,Bogotá D.C.,Valor medio-alto,5,1113900.0,5569500.0,278475.0
C7LPM20B97,2021-05-01,Comercio detallista,Bogotá D.C.,Valor medio-alto,4,1113900.0,4455600.0,222780.0
CA615GK848,2021-03-01,Comercio detallista,Bogotá D.C.,Valor medio-alto,4,119571.42857142857,478285.71428571426,23914.285714285714
CA615GK848,2021-05-01,Comercio detallista,Bogotá D.C.,Valor medio-alto,3,119571.42857142857,358714.2857142857,17935.714285714286
CBUF400324,2021-03-01,Comercio detallista,Bogotá D.C.,Valor medio-alto,3,32866.666666666664,98600.0,4930.0
CBUF400324,2021-04-01,Comercio detallista,Bogotá D.C.,Valor medio-alto,5,32866.666666666664,164333.3333333333,8216.666666666666
CBUF400324,2021-05-01,Comercio detallista,Bogotá D.C.,Valor medio-alto,1,32866.666666666664,32866.666666666664,1643.3333333333333
CCRPB3PTOX,2021-03-01,Comercio detallista,Bogotá D.C.,Valor medio,2,117000.0,234000.0,11700.0
CD2BI2NXT9,2021-03-01,Belleza y cuidado personal,Bogotá D.C.,Valor medio-alto,2,279000.0,558000.0,27900.0
CD2BI2NXT9,2021-04-01,Belleza y cuidado personal,Bogotá D.C.,Valor medio-alto,1,279000.0,279000.0,13950.0
CD2BI2NXT9,2021-05-01,Belleza y cuidado personal,Bogotá D.C.,Valor medio-alto,1,279000.0,279000.0,13950.0
CD2G3B1OE9,2021-02-01,Servicios,Fusagasugá,Valor medio,2,3500.0,7000.0,350.0
CDCISZ41GT,2021-03-01,Turismo y entretenimiento,Bogotá D.C.,Valor medio,4,2000.0,8000.0,400.0
CDP96NSCMC,2021-03-01,Comercio detallista,Bogotá D.C.,Valor medio-alto,10,313304.347826087,3133043.4782608696,156652.1739130435
CDP96NSCMC,2021-04-01,Comercio detallista,Bogotá D.C.,Valor medio-alto,4,313304.347826087,1253217.391304348,62660.8695652174
CDP96NSCMC,2021-05-01,Comercio detallista,Bogotá D.C.,Valor medio-alto,9,313304.347826087,2819739.1304347827,140986.95652173914
CDU3T437MY,2021-02-01,Comercio detallista,Bogotá D.C.,Valor medio-alto,5,58678.46153846154,293392.3076923077,14669.615384615385
CDU3T437MY,2021-03-01,Comercio detallista,Bogotá D.C.,Valor medio-alto,15,58678.46153846154,880176.9230769231,44008.846153846156
CDU3T437MY,2021-04-01,Comercio detallista,Bogotá D.C.,Valor medio-alto,25,58678.46153846154,1466961.5384615385,73348.07692307692
CDU3T437MY,2021-05-01,Comercio detallista,Bogotá D.C.,Valor medio-alto,20,58678.46153846154,1173569.2307692308,58678.46153846154
CE1KRAZCP1,2021-03-01,Comercio detallista,Bogotá D.C.,Valor medio,1,302000.0,302000.0,15100.0
CE4VN8WOSU,2021-03-01,Comercio detallista,Bogotá D.C.,Valor medio-alto,2,120038.88888888889,240077.77777777778,12003.88888888889
CE4VN8WOSU,2021-04-01,Comercio detallista,Bogotá D.C.,Valor medio-alto,2,120038.88888888889,240077.77777777778,12003.88888888889
CE4VN8WOSU,2021-05-01,Comercio detallista,Bogotá D.C.,Valor medio-alto,5,120038.88888888889,600194.4444444445,30009.722222222226
CEAS180U5O,2021-03-01,Comercio detallista,Bogotá D.C.,Valor medio,1,2000.0,2000.0,100.0
CEDD4BWRAK,2021-03-01,Reparación y limpieza,Bogotá D.C.,Valor medio-alto,1,533250.0,533250.0,26662.5
CEDD4BWRAK,2021-04-01,Reparación y limpieza,Bogotá D.C.,Valor medio-alto,2,533250.0,1066500.0,53325.0
CEDD4BWRAK,2021-05-01,Reparación y limpieza,Bogotá D.C.,Valor medio-alto,1,533250.0,533250.0,26662.5
CEFZQM8Y04,2021-03-01,Servicios,Sibaté,Valor medio-alto,3,499500.0,1498500.0,74925.0
CEFZQM8Y04,2021-04-01,Servicios,Sibaté,Valor medio-alto,2,499500.0,999000.0,49950.0
CEFZQM8Y04,2021-05-01,Servicios,Sibaté,Valor medio-alto,1,499500.0,499500.0,24975.0
CETI4YTM7S,2021-03-01,Comercio detallista,Bogotá D.C.,Valor medio-alto,5,1642892.857142857,8214464.285714285,410723.2142857143
CETI4YTM7S,2021-04-01,Comercio detallista,Bogotá D.C.,Valor medio-alto,4,1642892.857142857,6571571.428571428,328578.5714285714
CETI4YTM7S,2021-05-01,Comercio detallista,Bogotá D.C.,Valor medio-alto,5,1642892.857142857,8214464.285714285,410723.2142857143
CFLQBU23ZS,2021-02-01,Comercio detallista,Bogotá D.C.,Valor medio-alto,9,278848.48484848486,2509636.3636363638,125481.81818181819
CFLQBU23ZS,2021-03-01,Comercio detallista,Bogotá D.C.,Valor medio-alto,12,278848.48484848486,3346181.8181818184,167309.09090909094
CFLQBU23ZS,2021-04-01,Comercio detallista,Bogotá D.C.,Valor medio-alto,2,278848.48484848486,557696.9696969697,27884.848484848488
CFLQBU23ZS,2021-05-01,Comercio detallista,Bogotá D.C.,Valor medio-alto,10,278848.48484848486,2788484.8484848486,139424.24242424243
CGAJHTR04Z,2021-03-01,Alimentos y bebidas,Cali,Valor medio-alto,11,22323.529411764706,245558.82352941178,12277.94117647059
CGAJHTR04Z,2021-04-01,Alimentos y bebidas,Cali,Valor medio-alto,14,22323.529411764706,312529.4117647059,15626.470588235296
CGAJHTR04Z,2021-05-01,Alimentos y bebidas,Cali,Valor medio-alto,26,22323.529411764706,580411.7647058824,29020.588235294123
CHKIW13N92,2021-03-01,Alimentos y bebidas,Bogotá D.C.,Valor medio-alto,18,21742.94871794872,391373.07692307694,19568.653846153848
CHKIW13N92,2021-04-01,Alimentos y bebidas,Bogotá D.C.,Valor medio-alto,62,21742.94871794872,1348062.8205128205,67403.14102564103
CHKIW13N92,2021-05-01,Alimentos y bebidas,Bogotá D.C.,Valor medio-alto,76,21742.94871794872,1652464.1025641025,82623.20512820513
CHTAADLAFN,2021-02-01,Comercio detallista,Bogotá D.C.,Valor medio-alto,2,1058424.4,2116848.8,105842.44
CHTAADLAFN,2021-03-01,Comercio detallista,Bogotá D.C.,Valor medio-alto,7,1058424.4,7408970.799999999,370448.54
CHTAADLAFN,2021-04-01,Comercio detallista,Bogotá D.C.,Valor medio-alto,2,1058424.4,2116848.8,105842.44
CHTAADLAFN,2021-05-01,Comercio detallista,Bogotá D.C.,Valor medio-alto,4,1058424.4,4233697.6,211684.88
CI00DJDS7L,2021-03-01,Reparación y limpieza,Bogotá D.C.,Valor medio-alto,1,81000.0,81000.0,4050.0
CI00DJDS7L,2021-04-01,Reparación y limpieza,Bogotá D.C.,Valor medio-alto,1,81000.0,81000.0,4050.0
CIPJS3DD2O,2021-03-01,Alimentos y bebidas,Bogotá D.C.,Valor medio-alto,1,64736.92307692308,64736.92307692308,3236.8461538461543
CIPJS3DD2O,2021-04-01,Alimentos y bebidas,Bogotá D.C.,Valor medio-alto,5,64736.92307692308,323684.6153846154,16184.23076923077
CIPJS3DD2O,2021-05-01,Alimentos y bebidas,Bogotá D.C.,Valor medio-alto,7,64736.92307692308,453158.46153846156,22657.923076923078
CJ54W1DINT,2021-03-01,Comercio detallista,Bogotá D.C.,Valor medio-alto,8,164100.0,1312800.0,65640.0
CJ54W1DINT,2021-04-01,Comercio detallista,Bogotá D.C.,Valor medio-alto,5,164100.0,820500.0,41025.0
CJ54W1DINT,2021-05-01,Comercio detallista,Bogotá D.C.,Valor medio-alto,7,164100.0,1148700.0,57435.0
CJKZR8CRSC,2021-03-01,Servicios,Bogotá D.C.,Valor medio-alto,2,474431.05555555556,948862.1111111111,47443.10555555556
CJKZR8CRSC,2021-04-01,Servicios,Bogotá D.C.,Valor medio-alto,8,474431.05555555556,3795448.4444444445,189772.42222222223
CJKZR8CRSC,2021-05-01,Servicios,Bogotá D.C.,Valor medio-alto,8,474431.05555555556,3795448.4444444445,189772.42222222223
CJOGYM8B3R,2021-03-01,Comercio detallista,Bogotá D.C.,Valor medio-alto,2,14750.0,29500.0,1475.0
CJOGYM8B3R,2021-05-01,Comercio detallista,Bogotá D.C.,Valor medio-alto,2,14750.0,29500.0,1475.0
CJRDUUMZCO,2021-03-01,Comercio detallista,Bogotá D.C.,Valor medio-alto,1,1024000.0,1024000.0,51200.0
CJRDUUMZCO,2021-04-01,Comercio detallista,Bogotá D.C.,Valor medio-alto,1,1024000.0,1024000.0,51200.0
CJRDUUMZCO,2021-05-01,Comercio detallista,Bogotá D.C.,Valor medio-alto,6,1024000.0,6144000.0,307200.0
CJYO8DVYXX,2021-03-01,Comercio detallista,Bogotá D.C.,Valor medio-alto,4,63500.0,254000.0,12700.0
CJYO8DVYXX,2021-04-01,Comercio detallista,Bogotá D.C.,Valor medio-alto,1,63500.0,63500.0,3175.0
CJYO8DVYXX,2021-05-01,Comercio detallista,Bogotá D.C.,Valor medio-alto,3,63500.0,190500.0,9525.0
CKVT36LPFM,2021-02-01,Alimentos y bebidas,Bogotá D.C.,Valor medio-alto,4,30408.571428571428,121634.28571428571,6081.714285714286
CKVT36LPFM,2021-03-01,Alimentos y bebidas,Bogotá D.C.,Valor medio-alto,10,30408.571428571428,304085.71428571426,15204.285714285714
CKVT36LPFM,2021-04-01,Alimentos y bebidas,Bogotá D.C.,Valor medio-alto,11,30408.571428571428,334494.2857142857,16724.714285714286
CKVT36LPFM,2021-05-01,Alimentos y bebidas,Bogotá D.C.,Valor medio-alto,10,30408.571428571428,304085.71428571426,15204.285714285714
CL8K2ZJBU2,2021-02-01,Servicios,Bogotá D.C.,Valor medio-alto,6,153466.76470588235,920800.5882352941,46040.029411764706
CL8K2ZJBU2,2021-03-01,Servicios,Bogotá D.C.,Valor medio-alto,1,153466.76470588235,153466.76470588235,7673.338235294118
CL8K2ZJBU2,2021-04-01,Servicios,Bogotá D.C.,Valor medio-alto,4,153466.76470588235,613867.0588235294,30693.352941176472
CL8K2ZJBU2,2021-05-01,Servicios,Bogotá D.C.,Valor medio-alto,6,153466.76470588235,920800.5882352941,46040.029411764706
CLMR5JF0E9,2021-03-01,Comercio detallista,Bogotá D.C.,Valor medio,2,3500.0,7000.0,350.0
CM8GAMTA8T,2021-01-01,Comercio detallista,Bogotá D.C.,Valor medio-alto,12,300170.73170731706,3602048.7804878047,180102.43902439025
CM8GAMTA8T,2020-12-01,Comercio detallista,Bogotá D.C.,Valor medio-alto,1,300170.73170731706,300170.73170731706,15008.536585365853
CM8GAMTA8T,2021-02-01,Comercio detallista,Bogotá D.C.,Valor medio-alto,21,300170.73170731706,6303585.365853658,315179.26829268294
CM8GAMTA8T,2021-03-01,Comercio detallista,Bogotá D.C.,Valor medio-alto,16,300170.73170731706,4802731.707317073,240136.58536585365
CM8GAMTA8T,2021-04-01,Comercio detallista,Bogotá D.C.,Valor medio-alto,16,300170.73170731706,4802731.707317073,240136.58536585365
CM8GAMTA8T,2021-05-01,Comercio detallista,Bogotá D.C.,Valor medio-alto,16,300170.73170731706,4802731.707317073,240136.58536585365
CMETP35AVL,2021-03-01,Comercio detallista,Cali,Valor medio-alto,3,66500.0,199500.0,9975.0
CMETP35AVL,2021-05-01,Comercio detallista,Cali,Valor medio-alto,3,66500.0,199500.0,9975.0
CMYZEEPNNO,2021-01-01,Comercio detallista,Bogotá D.C.,Valor medio-alto,3,227764.70588235295,683294.1176470588,34164.705882352944
CMYZEEPNNO,2020-12-01,Comercio detallista,Bogotá D.C.,Valor medio-alto,4,227764.70588235295,911058.8235294118,45552.941176470595
CMYZEEPNNO,2021-02-01,Comercio detallista,Bogotá D.C.,Valor medio-alto,3,227764.70588235295,683294.1176470588,34164.705882352944
CMYZEEPNNO,2021-03-01,Comercio detallista,Bogotá D.C.,Valor medio-alto,5,227764.70588235295,1138823.5294117648,56941.176470588245
CMYZEEPNNO,2021-04-01,Comercio detallista,Bogotá D.C.,Valor medio-alto,2,227764.70588235295,455529.4117647059,22776.470588235297
CNARKPKAZV,2021-03-01,Comercio detallista,Fusagasugá,Valor medio-alto,4,320885.0,1283540.0,64177.0
CNARKPKAZV,2021-04-01,Comercio detallista,Fusagasugá,Valor medio-alto,2,320885.0,641770.0,32088.5
CNARKPKAZV,2021-05-01,Comercio detallista,Fusagasugá,Valor medio-alto,4,320885.0,1283540.0,64177.0
CNDDJ6Y4E1,2021-02-01,Reparación y limpieza,Bogotá D.C.,Valor medio-alto,3,2063252.5,6189757.5,309487.875
CNDDJ6Y4E1,2021-04-01,Reparación y limpieza,Bogotá D.C.,Valor medio-alto,1,2063252.5,2063252.5,103162.625
COI0EC7N9J,2021-02-01,Comercio detallista,Bogotá D.C.,Valor medio,1,2000.0,2000.0,100.0
CPCB3T0OCN,2021-03-01,Comercio detallista,Bogotá D.C.,Valor medio-alto,22,301950.0,6642900.0,332145.0
CPCB3T0OCN,2021-04-01,Comercio detallista,Bogotá D.C.,Valor medio-alto,8,301950.0,2415600.0,120780.0
CPCB3T0OCN,2021-05-01,Comercio detallista,Bogotá D.C.,Valor medio-alto,14,301950.0,4227300.0,211365.0
CPST7T76BE,2021-02-01,Alimentos y bebidas,Soacha,Valor medio-alto,14,43551.84684684685,609725.8558558559,30486.292792792796
CPST7T76BE,2021-03-01,Alimentos y bebidas,Soacha,Valor medio-alto,11,43551.84684684685,479070.3153153153,23953.51576576577
CPST7T76BE,2021-04-01,Alimentos y bebidas,Soacha,Valor medio-alto,31,43551.84684684685,1350107.2522522523,67505.36261261262
CPST7T76BE,2021-05-01,Alimentos y bebidas,Soacha,Valor medio-alto,55,43551.84684684685,2395351.5765765766,119767.57882882883
CPV0I966UV,2020-12-01,Comercio detallista,Bogotá D.C.,Valor medio-alto,2,301140.0,602280.0,30114.0
CPV0I966UV,2021-02-01,Comercio detallista,Bogotá D.C.,Valor medio-alto,1,301140.0,301140.0,15057.0
CPV0I966UV,2021-03-01,Comercio detallista,Bogotá D.C.,Valor medio-alto,1,301140.0,301140.0,15057.0
CPV0I966UV,2021-05-01,Comercio detallista,Bogotá D.C.,Valor medio-alto,1,301140.0,301140.0,15057.0
CQK9GJ41NL,2021-03-01,Comercio detallista,Bogotá D.C.,Valor medio-alto,5,240670.0,1203350.0,60167.5
CQK9GJ41NL,2021-04-01,Comercio detallista,Bogotá D.C.,Valor medio-alto,3,240670.0,722010.0,36100.5
CQK9GJ41NL,2021-05-01,Comercio detallista,Bogotá D.C.,Valor medio-alto,2,240670.0,481340.0,24067.0
CR80R3DC84,2021-03-01,Comercio detallista,Bogotá D.C.,Valor medio-alto,2,186250.0,372500.0,18625.0
CR80R3DC84,2021-04-01,Comercio detallista,Bogotá D.C.,Valor medio-alto,1,186250.0,186250.0,9312.5
CR80R3DC84,2021-05-01,Comercio detallista,Bogotá D.C.,Valor medio-alto,3,186250.0,558750.0,27937.5
CRANYOMDR8,2021-03-01,Belleza y cuidado personal,Bogotá D.C.,Valor medio-alto,2,73666.66666666667,147333.33333333334,7366.666666666668
CRANYOMDR8,2021-04-01,Belleza y cuidado personal,Bogotá D.C.,Valor medio-alto,1,73666.66666666667,73666.66666666667,3683.333333333334
CRB9TWJURR,2021-02-01,Comercio detallista,Bogotá D.C.,Valor medio-alto,8,370756.75675675675,2966054.054054054,148302.7027027027
CRB9TWJURR,2021-03-01,Comercio detallista,Bogotá D.C.,Valor medio-alto,17,370756.75675675675,6302864.864864864,315143.24324324325
CRB9TWJURR,2021-04-01,Comercio detallista,Bogotá D.C.,Valor medio-alto,1,370756.75675675675,370756.75675675675,18537.837837837837
CRB9TWJURR,2021-05-01,Comercio detallista,Bogotá D.C.,Valor medio-alto,11,370756.75675675675,4078324.3243243243,203916.2162162162
CRJBL97HCP,2021-03-01,Transporte,Cali,Valor medio,1,1000.0,1000.0,50.0
CSGAEQUZO7,2021-03-01,Servicios,Bogotá D.C.,Valor medio-alto,2,2668718.1666666665,5337436.333333333,266871.81666666665
CSGAEQUZO7,2021-04-01,Servicios,Bogotá D.C.,Valor medio-alto,1,2668718.1666666665,2668718.1666666665,133435.90833333333
CSGAEQUZO7,2021-05-01,Servicios,Bogotá D.C.,Valor medio-alto,3,2668718.1666666665,8006154.5,400307.72500000003
CSLLV7YNRH,2021-02-01,Transporte,Cali,Valor medio-alto,4,19500.0,78000.0,3900.0
CSLLV7YNRH,2021-03-01,Transporte,Cali,Valor medio-alto,1,19500.0,19500.0,975.0
CSLLV7YNRH,2021-04-01,Transporte,Cali,Valor medio-alto,1,19500.0,19500.0,975.0
CT1Z4K5VBL,2021-02-01,Comercio detallista,Soacha,Valor medio-alto,1,877879.3478260869,877879.3478260869,43893.96739130435
CT1Z4K5VBL,2021-03-01,Comercio detallista,Soacha,Valor medio-alto,11,877879.3478260869,9656672.826086957,482833.6413043479
CT1Z4K5VBL,2021-04-01,Comercio detallista,Soacha,Valor medio-alto,10,877879.3478260869,8778793.47826087,438939.67391304346
CT1Z4K5VBL,2021-05-01,Comercio detallista,Soacha,Valor medio-alto,1,877879.3478260869,877879.3478260869,43893.96739130435
CTEACWPAO5,2021-01-01,Comercio detallista,Soacha,Valor medio-alto,7,911092.8636363636,6377650.045454546,318882.5022727273
CTEACWPAO5,2021-02-01,Comercio detallista,Soacha,Valor medio-alto,3,911092.8636363636,2733278.590909091,136663.92954545454
CTEACWPAO5,2021-03-01,Comercio detallista,Soacha,Valor medio-alto,7,911092.8636363636,6377650.045454546,318882.5022727273
CTEACWPAO5,2021-04-01,Comercio detallista,Soacha,Valor medio-alto,1,911092.8636363636,911092.8636363636,45554.64318181819
CTEACWPAO5,2021-05-01,Comercio detallista,Soacha,Valor medio-alto,4,911092.8636363636,3644371.4545454546,182218.57272727275
CTUXS2CSI4,2021-01-01,Comercio detallista,Soacha,Valor medio-alto,2,465250.0,930500.0,46525.0
CTUXS2CSI4,2021-03-01,Comercio detallista,Soacha,Valor medio-alto,2,465250.0,930500.0,46525.0
CTUXS2CSI4,2021-04-01,Comercio detallista,Soacha,Valor medio-alto,3,465250.0,1395750.0,69787.5
CTUXS2CSI4,2021-05-01,Comercio detallista,Soacha,Valor medio-alto,1,465250.0,465250.0,23262.5
CU23FU1MNP,2021-03-01,Comercio detallista,Bogotá D.C.,Valor medio-alto,1,77764.28571428571,77764.28571428571,3888.214285714286
CU23FU1MNP,2021-04-01,Comercio detallista,Bogotá D.C.,Valor medio-alto,6,77764.28571428571,466585.71428571426,23329.285714285714
CUIXMNX1BX,2021-01-01,Comercio detallista,Bogotá D.C.,Valor medio-alto,1,496625.0,496625.0,24831.25
CUIXMNX1BX,2021-02-01,Comercio detallista,Bogotá D.C.,Valor medio-alto,1,496625.0,496625.0,24831.25
CUIXMNX1BX,2021-03-01,Comercio detallista,Bogotá D.C.,Valor medio-alto,2,496625.0,993250.0,49662.5
CUIXMNX1BX,2021-04-01,Comercio detallista,Bogotá D.C.,Valor medio-alto,6,496625.0,2979750.0,148987.5
CUIXMNX1BX,2021-05-01,Comercio detallista,Bogotá D.C.,Valor medio-alto,14,496625.0,6952750.0,347637.5
CUPC73R55L,2020-12-01,Transporte,Bogotá D.C.,Valor medio,1,2000.0,2000.0,100.0
CV0FB2EZHN,2021-03-01,Comercio detallista,Bogotá D.C.,Valor medio-alto,1,78850.0,78850.0,3942.5
CV0FB2EZHN,2021-04-01,Comercio detallista,Bogotá D.C.,Valor medio-alto,8,78850.0,630800.0,31540.0
CV0FB2EZHN,2021-05-01,Comercio detallista,Bogotá D.C.,Valor medio-alto,19,78850.0,1498150.0,74907.5
CV1HOCI571,2021-03-01,Servicios,Bogotá D.C.,Valor medio-alto,2,963500.0,1927000.0,96350.0
CV1HOCI571,2021-04-01,Servicios,Bogotá D.C.,Valor medio-alto,4,963500.0,3854000.0,192700.0
CV34C7QEP0,2021-03-01,Comercio detallista,Bogotá D.C.,Valor medio-alto,15,75476.74418604652,1132151.1627906978,56607.55813953489
CV34C7QEP0,2021-04-01,Comercio detallista,Bogotá D.C.,Valor medio-alto,10,75476.74418604652,754767.4418604652,37738.37209302326
CV34C7QEP0,2021-05-01,Comercio detallista,Bogotá D.C.,Valor medio-alto,18,75476.74418604652,1358581.3953488374,67929.06976744188
CV7S3NS6WP,2021-03-01,Belleza y cuidado personal,Bogotá D.C.,Valor medio-alto,2,120333.33333333333,240666.66666666666,12033.333333333334
CV7S3NS6WP,2021-05-01,Belleza y cuidado personal,Bogotá D.C.,Valor medio-alto,1,120333.33333333333,120333.33333333333,6016.666666666667
CV9XONX3U3,2021-03-01,Comercio detallista,Bogotá D.C.,Valor medio-alto,5,777307.6923076923,3886538.461538461,194326.92307692306
CV9XONX3U3,2021-04-01,Comercio detallista,Bogotá D.C.,Valor medio-alto,2,777307.6923076923,1554615.3846153845,77730.76923076923
CV9XONX3U3,2021-05-01,Comercio detallista,Bogotá D.C.,Valor medio-alto,6,777307.6923076923,4663846.153846154,233192.30769230772
CVTJ65F2EZ,2021-03-01,Belleza y cuidado personal,Bogotá D.C.,Valor medio-alto,2,237272.91666666666,474545.8333333333,23727.291666666668
CVTJ65F2EZ,2021-04-01,Belleza y cuidado personal,Bogotá D.C.,Valor medio-alto,4,237272.91666666666,949091.6666666666,47454.583333333336
CVTJ65F2EZ,2021-05-01,Belleza y cuidado personal,Bogotá D.C.,Valor medio-alto,6,237272.91666666666,1423637.5,71181.875
CW28UZ940F,2021-03-01,Alimentos y bebidas,Bogotá D.C.,Valor medio-alto,3,58435.71428571428,175307.14285714284,8765.357142857143
CW28UZ940F,2021-04-01,Alimentos y bebidas,Bogotá D.C.,Valor medio-alto,6,58435.71428571428,350614.2857142857,17530.714285714286
CW28UZ940F,2021-05-01,Alimentos y bebidas,Bogotá D.C.,Valor medio-alto,5,58435.71428571428,292178.5714285714,14608.928571428572
CWM0GGQ66A,2021-03-01,Comercio detallista,Bogotá D.C.,Valor medio-alto,1,174500.0,174500.0,8725.0
CWM0GGQ66A,2021-05-01,Comercio detallista,Bogotá D.C.,Valor medio-alto,1,174500.0,174500.0,8725.0
CWR16N3W8S,2021-03-01,Alimentos y bebidas,Bogotá D.C.,Valor medio-alto,7,33140.425531914894,231982.97872340426,11599.148936170213
CWR16N3W8S,2021-04-01,Alimentos y bebidas,Bogotá D.C.,Valor medio-alto,22,33140.425531914894,729089.3617021276,36454.46808510638
CWR16N3W8S,2021-05-01,Alimentos y bebidas,Bogotá D.C.,Valor medio-alto,18,33140.425531914894,596527.6595744682,29826.38297872341
CX0MGFIXCR,2021-01-01,Comercio detallista,Bogotá D.C.,Valor medio-alto,9,446296.2962962963,4016666.6666666665,200833.33333333334
CX0MGFIXCR,2021-02-01,Comercio detallista,Bogotá D.C.,Valor medio-alto,14,446296.2962962963,6248148.148148148,312407.4074074074
CX0MGFIXCR,2021-03-01,Comercio detallista,Bogotá D.C.,Valor medio-alto,19,446296.2962962963,8479629.629629629,423981.48148148146
CX0MGFIXCR,2021-04-01,Comercio detallista,Bogotá D.C.,Valor medio-alto,2,446296.2962962963,892592.5925925926,44629.629629629635
CX0MGFIXCR,2021-05-01,Comercio detallista,Bogotá D.C.,Valor medio-alto,10,446296.2962962963,4462962.962962963,223148.14814814815
CX26HD1MJY,2021-03-01,Comercio detallista,Choachí,Valor medio-alto,9,94796.0,853164.0,42658.200000000004
CX26HD1MJY,2021-04-01,Comercio detallista,Choachí,Valor medio-alto,9,94796.0,853164.0,42658.200000000004
CX26HD1MJY,2021-05-01,Comercio detallista,Choachí,Valor medio-alto,7,94796.0,663572.0,33178.6
CXCC3Y5VUV,2021-02-01,Comercio detallista,Bogotá D.C.,Valor medio-alto,6,898681.8181818182,5392090.909090909,269604.54545454547
CXCC3Y5VUV,2021-03-01,Comercio detallista,Bogotá D.C.,Valor medio-alto,1,898681.8181818182,898681.8181818182,44934.09090909091
CXCC3Y5VUV,2021-04-01,Comercio detallista,Bogotá D.C.,Valor medio-alto,2,898681.8181818182,1797363.6363636365,89868.18181818182
CXCC3Y5VUV,2021-05-01,Comercio detallista,Bogotá D.C.,Valor medio-alto,2,898681.8181818182,1797363.6363636365,89868.18181818182
CXP83392NI,2021-03-01,Belleza y cuidado personal,Bogotá D.C.,Valor medio-alto,5,117642.85714285714,588214.2857142857,29410.714285714286
CXP83392NI,2021-04-01,Belleza y cuidado personal,Bogotá D.C.,Valor medio-alto,6,117642.85714285714,705857.1428571428,35292.857142857145
CXP83392NI,2021-05-01,Belleza y cuidado personal,Bogotá D.C.,Valor medio-alto,3,117642.85714285714,352928.5714285714,17646.428571428572
CXRRYFCD1V,2021-03-01,Comercio detallista,Bogotá D.C.,Valor medio-alto,21,342887.0967741936,7200629.032258065,360031.45161290327
CXRRYFCD1V,2021-04-01,Comercio detallista,Bogotá D.C.,Valor medio-alto,21,342887.0967741936,7200629.032258065,360031.45161290327
CXRRYFCD1V,2021-05-01,Comercio detallista,Bogotá D.C.,Valor medio-alto,20,342887.0967741936,6857741.935483871,342887.0967741936
CY4151640U,2021-03-01,Comercio detallista,Bogotá D.C.,Valor medio-alto,2,133537.5,267075.0,13353.75
CY4151640U,2021-04-01,Comercio detallista,Bogotá D.C.,Valor medio-alto,1,133537.5,133537.5,6676.875
CY4151640U,2021-05-01,Comercio detallista,Bogotá D.C.,Valor medio-alto,1,133537.5,133537.5,6676.875
CY4H32UADM,2021-02-01,Comercio detallista,Bogotá D.C.,Valor medio-alto,8,234682.92682926828,1877463.4146341463,93873.17073170732
CY4H32UADM,2021-03-01,Comercio detallista,Bogotá D.C.,Valor medio-alto,13,234682.92682926828,3050878.048780488,152543.9024390244
CY4H32UADM,2021-04-01,Comercio detallista,Bogotá D.C.,Valor medio-alto,7,234682.92682926828,1642780.487804878,82139.02439024391
CY4H32UADM,2021-05-01,Comercio detallista,Bogotá D.C.,Valor medio-alto,13,234682.92682926828,3050878.048780488,152543.9024390244
CZBCA7OKOK,2021-03-01,Comercio detallista,Bogotá D.C.,Valor medio-alto,3,328857.14285714284,986571.4285714285,49328.57142857143
CZBCA7OKOK,2021-04-01,Comercio detallista,Bogotá D.C.,Valor medio-alto,2,328857.14285714284,657714.2857142857,32885.71428571428
CZBCA7OKOK,2021-05-01,Comercio detallista,Bogotá D.C.,Valor medio-alto,2,328857.14285714284,657714.2857142857,32885.71428571428
CZEMGUXM95,2021-03-01,Comercio detallista,Bogotá D.C.,Valor medio-alto,6,112043.47826086957,672260.8695652174,33613.04347826087
CZEMGUXM95,2021-04-01,Comercio detallista,Bogotá D.C.,Valor medio-alto,4,112043.47826086957,448173.9130434783,22408.695652173916
CZEMGUXM95,2021-05-01,Comercio detallista,Bogotá D.C.,Valor medio-alto,13,112043.47826086957,1456565.2173913044,72828.26086956523
CZP9DBOAE2,2021-03-01,Comercio detallista,Bogotá D.C.,Valor medio-alto,5,1358080.0,6790400.0,339520.0
CZP9DBOAE2,2021-04-01,Comercio detallista,Bogotá D.C.,Valor medio-alto,4,1358080.0,5432320.0,271616.0
CZP9DBOAE2,2021-05-01,Comercio detallista,Bogotá D.C.,Valor medio-alto,6,1358080.0,8148480.0,407424.0
D071NQF0XK,2021-03-01,Comercio detallista,Bogotá D.C.,Valor medio-alto,3,3229166.3333333335,9687499.0,484374.95
D0IXC2V9W6,2021-02-01,Comercio detallista,Bogotá D.C.,Valor medio,1,2000.0,2000.0,100.0
D0QD6TVA6B,2021-02-01,Comercio detallista,Bogotá D.C.,Valor medio-alto,1,237428.57142857142,237428.57142857142,11871.428571428572
D0QD6TVA6B,2021-03-01,Comercio detallista,Bogotá D.C.,Valor medio-alto,4,237428.57142857142,949714.2857142857,47485.71428571429
D0QD6TVA6B,2021-04-01,Comercio detallista,Bogotá D.C.,Valor medio-alto,1,237428.57142857142,237428.57142857142,11871.428571428572
D0QD6TVA6B,2021-05-01,Comercio detallista,Bogotá D.C.,Valor medio-alto,1,237428.57142857142,237428.57142857142,11871.428571428572
D1BTL1JSWO,2021-03-01,Comercio detallista,Bogotá D.C.,Valor medio-alto,6,1700409.0909090908,10202454.545454545,510122.7272727273
D1BTL1JSWO,2021-04-01,Comercio detallista,Bogotá D.C.,Valor medio-alto,4,1700409.0909090908,6801636.363636363,340081.8181818182
D1BTL1JSWO,2021-05-01,Comercio detallista,Bogotá D.C.,Valor medio-alto,12,1700409.0909090908,20404909.09090909,1020245.4545454546
D2I0ULKET8,2021-03-01,Transporte,Bogotá D.C.,Valor medio-alto,8,268678.4375,2149427.5,107471.375
D2I0ULKET8,2021-04-01,Transporte,Bogotá D.C.,Valor medio-alto,15,268678.4375,4030176.5625,201508.828125
D2I0ULKET8,2021-05-01,Transporte,Bogotá D.C.,Valor medio-alto,25,268678.4375,6716960.9375,335848.046875
D2Z3BPLFBT,2021-03-01,Reparación y limpieza,Bogotá D.C.,Valor medio-alto,4,399850.0,1599400.0,79970.0
D2Z3BPLFBT,2021-04-01,Reparación y limpieza,Bogotá D.C.,Valor medio-alto,1,399850.0,399850.0,19992.5
D2Z3BPLFBT,2021-05-01,Reparación y limpieza,Bogotá D.C.,Valor medio-alto,5,399850.0,1999250.0,99962.5
D31I3B9S1C,2021-03-01,Comercio detallista,Bogotá D.C.,Valor medio-alto,3,488000.0,1464000.0,73200.0
D31I3B9S1C,2021-05-01,Comercio detallista,Bogotá D.C.,Valor medio-alto,1,488000.0,488000.0,24400.0
D44V5GZ0U1,2021-03-01,Educación,Bogotá D.C.,Valor medio-alto,1,460800.0,460800.0,23040.0
D44V5GZ0U1,2021-04-01,Educación,Bogotá D.C.,Valor medio-alto,1,460800.0,460800.0,23040.0
D44V5GZ0U1,2021-05-01,Educación,Bogotá D.C.,Valor medio-alto,3,460800.0,1382400.0,69120.0
D477ZA15QR,2021-02-01,Comercio detallista,Villavicencio,Valor medio,1,2000.0,2000.0,100.0
D4N338MMQ1,2021-03-01,Servicios,Bogotá D.C.,Valor medio,1,1000.0,1000.0,50.0
D4WRAG5DD8,2021-03-01,Comercio detallista,Bogotá D.C.,Valor medio-alto,11,93672.13114754099,1030393.4426229509,51519.67213114755
D4WRAG5DD8,2021-04-01,Comercio detallista,Bogotá D.C.,Valor medio-alto,14,93672.13114754099,1311409.8360655739,65570.4918032787
D4WRAG5DD8,2021-05-01,Comercio detallista,Bogotá D.C.,Valor medio-alto,36,93672.13114754099,3372196.7213114756,168609.8360655738
D5JGBK4UEE,2021-03-01,Transporte,Bogotá D.C.,Valor medio-alto,2,45480.0,90960.0,4548.0
D5JGBK4UEE,2021-04-01,Transporte,Bogotá D.C.,Valor medio-alto,3,45480.0,136440.0,6822.0
D5Y5VQHFFV,2021-03-01,Comercio detallista,Bogotá D.C.,Valor medio,1,2000.0,2000.0,100.0
D6H62EHONV,2021-03-01,Comercio detallista,Bogotá D.C.,Valor medio-alto,2,204450.0,408900.0,20445.0
D6H62EHONV,2021-04-01,Comercio detallista,Bogotá D.C.,Valor medio-alto,1,204450.0,204450.0,10222.5
D6H62EHONV,2021-05-01,Comercio detallista,Bogotá D.C.,Valor medio-alto,3,204450.0,613350.0,30667.5
D6PJJ3Q32W,2021-01-01,Turismo y entretenimiento,Bogotá D.C.,Valor medio,1,500.0,500.0,25.0
D6PJJ3Q32W,2021-02-01,Turismo y entretenimiento,Bogotá D.C.,Valor medio,2,500.0,1000.0,50.0
D6PJJ3Q32W,2021-04-01,Turismo y entretenimiento,Bogotá D.C.,Valor medio,2,500.0,1000.0,50.0
D6PJJ3Q32W,2021-05-01,Turismo y entretenimiento,Bogotá D.C.,Valor medio,3,500.0,1500.0,75.0
D6XAXDS21H,2021-02-01,Servicios,Fusagasugá,Valor medio,1,1000.0,1000.0,50.0
D6XAXDS21H,2021-04-01,Servicios,Fusagasugá,Valor medio,1,1000.0,1000.0,50.0
D7JR9KZSWH,2020-12-01,Belleza y cuidado personal,Bogotá D.C.,Valor medio-alto,1,78444.44444444444,78444.44444444444,3922.222222222222
D7JR9KZSWH,2021-02-01,Belleza y cuidado personal,Bogotá D.C.,Valor medio-alto,2,78444.44444444444,156888.88888888888,7844.444444444444
D7JR9KZSWH,2021-03-01,Belleza y cuidado personal,Bogotá D.C.,Valor medio-alto,2,78444.44444444444,156888.88888888888,7844.444444444444
D7JR9KZSWH,2021-04-01,Belleza y cuidado personal,Bogotá D.C.,Valor medio-alto,2,78444.44444444444,156888.88888888888,7844.444444444444
D7JR9KZSWH,2021-05-01,Belleza y cuidado personal,Bogotá D.C.,Valor medio-alto,2,78444.44444444444,156888.88888888888,7844.444444444444
D83Q0ANCQT,2021-03-01,Comercio detallista,Bogotá D.C.,Valor medio-alto,5,165454.54545454544,827272.7272727272,41363.63636363636
D83Q0ANCQT,2021-04-01,Comercio detallista,Bogotá D.C.,Valor medio-alto,4,165454.54545454544,661818.1818181818,33090.90909090909
D83Q0ANCQT,2021-05-01,Comercio detallista,Bogotá D.C.,Valor medio-alto,2,165454.54545454544,330909.0909090909,16545.454545454544
D887T108PX,2021-02-01,Comercio detallista,Cali,Valor medio-alto,3,1250142.857142857,3750428.571428571,187521.42857142855
D887T108PX,2021-04-01,Comercio detallista,Cali,Valor medio-alto,2,1250142.857142857,2500285.714285714,125014.28571428571
D887T108PX,2021-05-01,Comercio detallista,Cali,Valor medio-alto,2,1250142.857142857,2500285.714285714,125014.28571428571
D8S0XI8TXJ,2021-03-01,Servicios,Bogotá D.C.,Valor medio-alto,3,252400.0,757200.0,37860.0
D8S0XI8TXJ,2021-05-01,Servicios,Bogotá D.C.,Valor medio-alto,2,252400.0,504800.0,25240.0
D8Y1H69O57,2021-02-01,Comercio detallista,Bogotá D.C.,Valor medio-alto,7,348266.652173913,2437866.565217391,121893.32826086956
D8Y1H69O57,2021-03-01,Comercio detallista,Bogotá D.C.,Valor medio-alto,7,348266.652173913,2437866.565217391,121893.32826086956
D8Y1H69O57,2021-04-01,Comercio detallista,Bogotá D.C.,Valor medio-alto,6,348266.652173913,2089599.913043478,104479.99565217391
D8Y1H69O57,2021-05-01,Comercio detallista,Bogotá D.C.,Valor medio-alto,3,348266.652173913,1044799.956521739,52239.997826086954
D9B0MFYV37,2021-03-01,Comercio detallista,Bogotá D.C.,Valor medio-alto,1,450666.6666666667,450666.6666666667,22533.333333333336
D9B0MFYV37,2021-05-01,Comercio detallista,Bogotá D.C.,Valor medio-alto,2,450666.6666666667,901333.3333333334,45066.66666666667
D9CP15FM3V,2021-03-01,Comercio detallista,Bogotá D.C.,Valor medio,3,18500.0,55500.0,2775.0
D9CP15FM3V,2021-04-01,Comercio detallista,Bogotá D.C.,Valor medio,1,18500.0,18500.0,925.0
DA3XLA9K9R,2021-01-01,Alimentos y bebidas,Bogotá D.C.,Valor medio-alto,4,36180.645161290326,144722.5806451613,7236.129032258065
DA3XLA9K9R,2020-12-01,Alimentos y bebidas,Bogotá D.C.,Valor medio-alto,3,36180.645161290326,108541.93548387097,5427.096774193549
DA3XLA9K9R,2021-02-01,Alimentos y bebidas,Bogotá D.C.,Valor medio-alto,6,36180.645161290326,217083.87096774194,10854.193548387098
DA3XLA9K9R,2021-03-01,Alimentos y bebidas,Bogotá D.C.,Valor medio-alto,2,36180.645161290326,72361.29032258065,3618.0645161290327
DA3XLA9K9R,2021-04-01,Alimentos y bebidas,Bogotá D.C.,Valor medio-alto,1,36180.645161290326,36180.645161290326,1809.0322580645163
DA3XLA9K9R,2021-05-01,Alimentos y bebidas,Bogotá D.C.,Valor medio-alto,15,36180.645161290326,542709.6774193549,27135.483870967746
DAGQFHSGM1,2021-03-01,Comercio detallista,Bogotá D.C.,Valor medio-alto,2,45727.27272727273,91454.54545454546,4572.727272727273
DAGQFHSGM1,2021-04-01,Comercio detallista,Bogotá D.C.,Valor medio-alto,9,45727.27272727273,411545.45454545453,20577.272727272728
DAM4SNP03E,2021-03-01,Alimentos y bebidas,Bogotá D.C.,Valor medio-alto,40,18598.61111111111,743944.4444444444,37197.22222222222
DAM4SNP03E,2021-04-01,Alimentos y bebidas,Bogotá D.C.,Valor medio-alto,21,18598.61111111111,390570.8333333333,19528.541666666668
DAM4SNP03E,2021-05-01,Alimentos y bebidas,Bogotá D.C.,Valor medio-alto,11,18598.61111111111,204584.7222222222,10229.23611111111
DAS6I1JCIY,2021-03-01,Comercio detallista,Choachí,Valor medio-alto,1,189091.25,189091.25,9454.5625
DAS6I1JCIY,2021-04-01,Comercio detallista,Choachí,Valor medio-alto,15,189091.25,2836368.75,141818.4375
DAS6I1JCIY,2021-05-01,Comercio detallista,Choachí,Valor medio-alto,8,189091.25,1512730.0,75636.5
DASY7ESJD4,2021-03-01,Comercio detallista,Bogotá D.C.,Valor medio,2,1500.0,3000.0,150.0
DAWKBX49TF,2021-03-01,Servicios,Caldas,Valor medio-alto,16,131135.59322033898,2098169.4915254237,104908.4745762712
DAWKBX49TF,2021-04-01,Servicios,Caldas,Valor medio-alto,15,131135.59322033898,1967033.8983050848,98351.69491525425
DAWKBX49TF,2021-05-01,Servicios,Caldas,Valor medio-alto,28,131135.59322033898,3671796.6101694917,183589.8305084746
DCFFYF70LY,2021-03-01,Comercio detallista,Bogotá D.C.,Valor medio-alto,19,65292.13483146067,1240550.5617977527,62027.52808988764
DCFFYF70LY,2021-04-01,Comercio detallista,Bogotá D.C.,Valor medio-alto,31,65292.13483146067,2024056.1797752809,101202.80898876405
DCFFYF70LY,2021-05-01,Comercio detallista,Bogotá D.C.,Valor medio-alto,39,65292.13483146067,2546393.258426966,127319.66292134831
DCIIS321YM,2021-02-01,Servicios,Bogotá D.C.,Valor medio-alto,2,2625333.3333333335,5250666.666666667,262533.3333333334
DCIIS321YM,2021-03-01,Servicios,Bogotá D.C.,Valor medio-alto,4,2625333.3333333335,10501333.333333334,525066.6666666667
DCQ4R7ADXS,2021-01-01,Servicios,Bogotá D.C.,Valor alto,11,418078.5,4598863.5,229943.17500000002
DCQ4R7ADXS,2020-12-01,Servicios,Bogotá D.C.,Valor alto,2,418078.5,836157.0,41807.850000000006
DCQ4R7ADXS,2021-02-01,Servicios,Bogotá D.C.,Valor alto,7,418078.5,2926549.5,146327.475
DCQ4R7ADXS,2021-03-01,Servicios,Bogotá D.C.,Valor alto,10,418078.5,4180785.0,209039.25
DCQ4R7ADXS,2021-04-01,Servicios,Bogotá D.C.,Valor alto,6,418078.5,2508471.0,125423.55
DCQ4R7ADXS,2021-05-01,Servicios,Bogotá D.C.,Valor alto,6,418078.5,2508471.0,125423.55
DCXKRBPUGU,2021-03-01,Belleza y cuidado personal,Cali,Valor medio-alto,2,819750.0,1639500.0,81975.0
DCXKRBPUGU,2021-04-01,Belleza y cuidado personal,Cali,Valor medio-alto,2,819750.0,1639500.0,81975.0
DCXKRBPUGU,2021-05-01,Belleza y cuidado personal,Cali,Valor medio-alto,1,819750.0,819750.0,40987.5
DDQ69M9TCI,2021-02-01,Alimentos y bebidas,Bogotá D.C.,Valor medio-alto,14,27631.3115942029,386838.3623188406,19341.91811594203
DDQ69M9TCI,2021-03-01,Alimentos y bebidas,Bogotá D.C.,Valor medio-alto,31,27631.3115942029,856570.6594202899,42828.5329710145
DDQ69M9TCI,2021-04-01,Alimentos y bebidas,Bogotá D.C.,Valor medio-alto,52,27631.3115942029,1436828.2028985508,71841.41014492755
DDQ69M9TCI,2021-05-01,Alimentos y bebidas,Bogotá D.C.,Valor medio-alto,41,27631.3115942029,1132883.7753623188,56644.18876811594
DE2EWB8CRD,2020-12-01,Comercio detallista,Bogotá D.C.,Valor medio,1,2000.0,2000.0,100.0
DE8IYWQ2VR,2021-03-01,Alimentos y bebidas,Soacha,Valor medio-alto,55,37739.85901639344,2075692.2459016393,103784.61229508197
DE8IYWQ2VR,2021-04-01,Alimentos y bebidas,Soacha,Valor medio-alto,118,37739.85901639344,4453303.363934427,222665.16819672135
DE8IYWQ2VR,2021-05-01,Alimentos y bebidas,Soacha,Valor medio-alto,132,37739.85901639344,4981661.390163935,249083.06950819676
DE9FKRR439,2021-03-01,Comercio detallista,Cota,Valor medio-alto,1,79000.0,79000.0,3950.0
DE9FKRR439,2021-04-01,Comercio detallista,Cota,Valor medio-alto,1,79000.0,79000.0,3950.0
DE9FKRR439,2021-05-01,Comercio detallista,Cota,Valor medio-alto,1,79000.0,79000.0,3950.0
DER801WL2V,2021-02-01,Comercio detallista,Bogotá D.C.,Valor medio-alto,6,863857.1428571428,5183142.857142857,259157.14285714287
DER801WL2V,2021-03-01,Comercio detallista,Bogotá D.C.,Valor medio-alto,1,863857.1428571428,863857.1428571428,43192.857142857145
DER801WL2V,2021-05-01,Comercio detallista,Bogotá D.C.,Valor medio-alto,7,863857.1428571428,6047000.0,302350.0
DF4V54WGGI,2021-03-01,Belleza y cuidado personal,Bogotá D.C.,Valor medio-alto,1,824825.0,824825.0,41241.25
DF4V54WGGI,2021-04-01,Belleza y cuidado personal,Bogotá D.C.,Valor medio-alto,2,824825.0,1649650.0,82482.5
DF4V54WGGI,2021-05-01,Belleza y cuidado personal,Bogotá D.C.,Valor medio-alto,1,824825.0,824825.0,41241.25
DFBSIO3GI2,2021-02-01,Servicios,Bogotá D.C.,Valor medio-alto,2,67333.33333333333,134666.66666666666,6733.333333333333
DFBSIO3GI2,2021-04-01,Servicios,Bogotá D.C.,Valor medio-alto,1,67333.33333333333,67333.33333333333,3366.6666666666665
DG81FP3P1V,2021-03-01,Alimentos y bebidas,Bogotá D.C.,Valor medio,1,2000.0,2000.0,100.0
DGNKZKDLFH,2021-03-01,Alimentos y bebidas,Bogotá D.C.,Valor medio-alto,8,26234.146341463416,209873.17073170733,10493.658536585368
DGNKZKDLFH,2021-04-01,Alimentos y bebidas,Bogotá D.C.,Valor medio-alto,39,26234.146341463416,1023131.7073170732,51156.585365853665
DGNKZKDLFH,2021-05-01,Alimentos y bebidas,Bogotá D.C.,Valor medio-alto,35,26234.146341463416,918195.1219512196,45909.75609756098
DGSLXYAZNX,2021-03-01,Comercio detallista,Bogotá D.C.,Valor medio-alto,6,91000.0,546000.0,27300.0
DGSLXYAZNX,2021-04-01,Comercio detallista,Bogotá D.C.,Valor medio-alto,1,91000.0,91000.0,4550.0
DGSLXYAZNX,2021-05-01,Comercio detallista,Bogotá D.C.,Valor medio-alto,9,91000.0,819000.0,40950.0
DHI7USM5AB,2021-03-01,Comercio detallista,Bogotá D.C.,Valor medio-alto,4,26750.0,107000.0,5350.0
DHI7USM5AB,2021-04-01,Comercio detallista,Bogotá D.C.,Valor medio-alto,1,26750.0,26750.0,1337.5
DHI7USM5AB,2021-05-01,Comercio detallista,Bogotá D.C.,Valor medio-alto,3,26750.0,80250.0,4012.5
DHKST1O5E0,2021-03-01,Alimentos y bebidas,Bogotá D.C.,Valor medio,6,78083.33333333333,468500.0,23425.0
DI41473SQA,2021-03-01,Transporte,Bogotá D.C.,Valor medio,2,22000.0,44000.0,2200.0
DI41473SQA,2021-04-01,Transporte,Bogotá D.C.,Valor medio,1,22000.0,22000.0,1100.0
DI7S77HE83,2021-03-01,Comercio detallista,Bogotá D.C.,Valor medio,1,174570.5882352941,174570.5882352941,8728.529411764704
DID8B9PGI4,2021-03-01,Alimentos y bebidas,Chía,Valor medio,4,78825.0,315300.0,15765.0
DIL5KF9A1V,2021-03-01,Servicios,Bogotá D.C.,Valor medio-alto,1,373000.0,373000.0,18650.0
DIL5KF9A1V,2021-04-01,Servicios,Bogotá D.C.,Valor medio-alto,1,373000.0,373000.0,18650.0
DIXIEP4GWY,2021-02-01,Comercio detallista,Bogotá D.C.,Valor medio-alto,22,383269.23076923075,8431923.076923076,421596.1538461538
DIXIEP4GWY,2021-03-01,Comercio detallista,Bogotá D.C.,Valor medio-alto,4,383269.23076923075,1533076.923076923,76653.84615384616
DIZTPHCW02,2021-03-01,Comercio detallista,Bogotá D.C.,Valor medio-alto,24,335576.1538461539,8053827.692307693,402691.3846153847
DIZTPHCW02,2021-04-01,Comercio detallista,Bogotá D.C.,Valor medio-alto,21,335576.1538461539,7047099.230769231,352354.96153846156
DIZTPHCW02,2021-05-01,Comercio detallista,Bogotá D.C.,Valor medio-alto,20,335576.1538461539,6711523.076923078,335576.15384615393
DJ0NINIUE0,2021-03-01,Comercio detallista,Soacha,Valor medio-alto,5,431769.23076923075,2158846.153846154,107942.3076923077
DJ0NINIUE0,2021-04-01,Comercio detallista,Soacha,Valor medio-alto,4,431769.23076923075,1727076.923076923,86353.84615384616
DJ0NINIUE0,2021-05-01,Comercio detallista,Soacha,Valor medio-alto,4,431769.23076923075,1727076.923076923,86353.84615384616
DKTAXGMF59,2021-03-01,Comercio detallista,Bogotá D.C.,Valor medio-alto,12,376865.3846153846,4522384.615384616,226119.2307692308
DKTAXGMF59,2021-04-01,Comercio detallista,Bogotá D.C.,Valor medio-alto,19,376865.3846153846,7160442.307692308,358022.11538461543
DKTAXGMF59,2021-05-01,Comercio detallista,Bogotá D.C.,Valor medio-alto,21,376865.3846153846,7914173.076923077,395708.6538461539
DL8CEBVJEA,2021-03-01,Belleza y cuidado personal,Bogotá D.C.,Valor medio-alto,2,251333.33333333334,502666.6666666667,25133.333333333336
DL8CEBVJEA,2021-05-01,Belleza y cuidado personal,Bogotá D.C.,Valor medio-alto,1,251333.33333333334,251333.33333333334,12566.666666666668
DL9T4K3VTS,2021-03-01,Servicios,Bogotá D.C.,Valor medio,1,2000.0,2000.0,100.0
DLGHWMI3QS,2021-03-01,Alimentos y bebidas,Choachí,Valor medio-alto,1,111727.58620689655,111727.58620689655,5586.379310344828
DLGHWMI3QS,2021-04-01,Alimentos y bebidas,Choachí,Valor medio-alto,20,111727.58620689655,2234551.724137931,111727.58620689657
DLGHWMI3QS,2021-05-01,Alimentos y bebidas,Choachí,Valor medio-alto,37,111727.58620689655,4133920.689655172,206696.0344827586
DMAR5RV4XP,2021-02-01,Comercio detallista,Soacha,Valor medio-alto,4,167268.3486238532,669073.3944954128,33453.66972477064
DMAR5RV4XP,2021-03-01,Comercio detallista,Soacha,Valor medio-alto,18,167268.3486238532,3010830.2752293576,150541.51376146788
DMAR5RV4XP,2021-04-01,Comercio detallista,Soacha,Valor medio-alto,42,167268.3486238532,7025270.642201834,351263.53211009176
DMAR5RV4XP,2021-05-01,Comercio detallista,Soacha,Valor medio-alto,45,167268.3486238532,7527075.688073394,376353.7844036697
DMBSQJ3C2L,2021-03-01,Comercio detallista,Madrid,Valor medio-alto,2,110666.66666666667,221333.33333333334,11066.666666666668
DMBSQJ3C2L,2021-04-01,Comercio detallista,Madrid,Valor medio-alto,1,110666.66666666667,110666.66666666667,5533.333333333334
DMBSQJ3C2L,2021-05-01,Comercio detallista,Madrid,Valor medio-alto,3,110666.66666666667,332000.0,16600.0
DMD9DTY508,2021-01-01,Comercio detallista,Soacha,Valor medio-alto,12,267042.2916666667,3204507.5,160225.375
DMD9DTY508,2021-02-01,Comercio detallista,Soacha,Valor medio-alto,14,267042.2916666667,3738592.0833333335,186929.6041666667
DMD9DTY508,2021-03-01,Comercio detallista,Soacha,Valor medio-alto,11,267042.2916666667,2937465.2083333335,146873.2604166667
DMD9DTY508,2021-04-01,Comercio detallista,Soacha,Valor medio-alto,3,267042.2916666667,801126.875,40056.34375
DMD9DTY508,2021-05-01,Comercio detallista,Soacha,Valor medio-alto,8,267042.2916666667,2136338.3333333335,106816.91666666669
DNGA6YPHAZ,2021-03-01,Servicios,Bogotá D.C.,Valor medio-alto,2,356800.0,713600.0,35680.0
DNGA6YPHAZ,2021-04-01,Servicios,Bogotá D.C.,Valor medio-alto,3,356800.0,1070400.0,53520.0
DNU6XXQF12,2021-03-01,Belleza y cuidado personal,Tuluá,Valor medio-alto,2,73855.55555555556,147711.11111111112,7385.555555555557
DNU6XXQF12,2021-04-01,Belleza y cuidado personal,Tuluá,Valor medio-alto,2,73855.55555555556,147711.11111111112,7385.555555555557
DNU6XXQF12,2021-05-01,Belleza y cuidado personal,Tuluá,Valor medio-alto,5,73855.55555555556,369277.7777777778,18463.88888888889
DNXOZCY5KK,2021-03-01,Comercio detallista,Bogotá D.C.,Valor medio-alto,1,441863.63636363635,441863.63636363635,22093.18181818182
DNXOZCY5KK,2021-04-01,Comercio detallista,Bogotá D.C.,Valor medio-alto,1,441863.63636363635,441863.63636363635,22093.18181818182
DNXOZCY5KK,2021-05-01,Comercio detallista,Bogotá D.C.,Valor medio-alto,42,441863.63636363635,18558272.727272727,927913.6363636364
DOFYZR3W4S,2021-02-01,Turismo y entretenimiento,Juan de Acosta,Valor medio-alto,9,1145074.0740740742,10305666.666666668,515283.33333333343
DOFYZR3W4S,2021-03-01,Turismo y entretenimiento,Juan de Acosta,Valor medio-alto,10,1145074.0740740742,11450740.740740743,572537.0370370372
DOFYZR3W4S,2021-04-01,Turismo y entretenimiento,Juan de Acosta,Valor medio-alto,6,1145074.0740740742,6870444.444444445,343522.22222222225
DOFYZR3W4S,2021-05-01,Turismo y entretenimiento,Juan de Acosta,Valor medio-alto,2,1145074.0740740742,2290148.1481481483,114507.40740740742
DOPST1A2HM,2021-03-01,Comercio detallista,Bogotá D.C.,Valor medio,2,3500.0,7000.0,350.0
DP4JGMNDXF,2020-12-01,Alimentos y bebidas,Soacha,Valor medio,1,2000.0,2000.0,100.0
DP4R8SQTDE,2021-03-01,Servicios,Bogotá D.C.,Valor medio-alto,3,38613.88888888889,115841.66666666667,5792.083333333334
DP4R8SQTDE,2021-04-01,Servicios,Bogotá D.C.,Valor medio-alto,4,38613.88888888889,154455.55555555556,7722.777777777778
DP4R8SQTDE,2021-05-01,Servicios,Bogotá D.C.,Valor medio-alto,2,38613.88888888889,77227.77777777778,3861.388888888889
DPIGE8FYAV,2021-03-01,Servicios,Bogotá D.C.,Valor medio-alto,3,235285.7142857143,705857.1428571428,35292.857142857145
DPIGE8FYAV,2021-04-01,Servicios,Bogotá D.C.,Valor medio-alto,3,235285.7142857143,705857.1428571428,35292.857142857145
DPIGE8FYAV,2021-05-01,Servicios,Bogotá D.C.,Valor medio-alto,1,235285.7142857143,235285.7142857143,11764.285714285716
DPUYQL4XYS,2021-03-01,Alimentos y bebidas,Bogotá D.C.,Valor medio-alto,10,19015.384615384617,190153.84615384619,9507.69230769231
DPUYQL4XYS,2021-04-01,Alimentos y bebidas,Bogotá D.C.,Valor medio-alto,8,19015.384615384617,152123.07692307694,7606.153846153848
DPUYQL4XYS,2021-05-01,Alimentos y bebidas,Bogotá D.C.,Valor medio-alto,21,19015.384615384617,399323.07692307694,19966.153846153848
DQ73Q204YW,2021-03-01,Comercio detallista,Bogotá D.C.,Valor medio-alto,1,384688.0,384688.0,19234.4
DQ73Q204YW,2021-04-01,Comercio detallista,Bogotá D.C.,Valor medio-alto,13,384688.0,5000944.0,250047.2
DQ73Q204YW,2021-05-01,Comercio detallista,Bogotá D.C.,Valor medio-alto,11,384688.0,4231568.0,211578.40000000002
DQEUPQDC6N,2021-01-01,Servicios,Bogotá D.C.,Valor medio-alto,13,664106.5217391305,8633384.782608697,431669.2391304349
DQEUPQDC6N,2021-02-01,Servicios,Bogotá D.C.,Valor medio-alto,6,664106.5217391305,3984639.130434783,199231.95652173916
DQEUPQDC6N,2021-03-01,Servicios,Bogotá D.C.,Valor medio-alto,3,664106.5217391305,1992319.5652173916,99615.97826086958
DQEUPQDC6N,2021-04-01,Servicios,Bogotá D.C.,Valor medio-alto,1,664106.5217391305,664106.5217391305,33205.32608695653
DQV14A2B9W,2021-02-01,Alimentos y bebidas,Bogotá D.C.,Valor medio-alto,22,35636.17021276596,783995.7446808511,39199.78723404256
DQV14A2B9W,2021-03-01,Alimentos y bebidas,Bogotá D.C.,Valor medio-alto,10,35636.17021276596,356361.7021276596,17818.08510638298
DQV14A2B9W,2021-04-01,Alimentos y bebidas,Bogotá D.C.,Valor medio-alto,9,35636.17021276596,320725.53191489365,16036.276595744683
DQV14A2B9W,2021-05-01,Alimentos y bebidas,Bogotá D.C.,Valor medio-alto,6,35636.17021276596,213817.02127659577,10690.851063829788
DR5QEPX4ND,2021-03-01,Belleza y cuidado personal,Bogotá D.C.,Valor medio-alto,7,81250.0,568750.0,28437.5
DR5QEPX4ND,2021-04-01,Belleza y cuidado personal,Bogotá D.C.,Valor medio-alto,7,81250.0,568750.0,28437.5
DR5QEPX4ND,2021-05-01,Belleza y cuidado personal,Bogotá D.C.,Valor medio-alto,2,81250.0,162500.0,8125.0
DR6CLKKR5B,2021-03-01,Comercio detallista,Bogotá D.C.,Valor medio-alto,12,196343.47826086957,2356121.7391304346,117806.08695652173
DR6CLKKR5B,2021-04-01,Comercio detallista,Bogotá D.C.,Valor medio-alto,9,196343.47826086957,1767091.3043478262,88354.56521739131
DR6CLKKR5B,2021-05-01,Comercio detallista,Bogotá D.C.,Valor medio-alto,2,196343.47826086957,392686.95652173914,19634.347826086956
DR8LRTCSQ4,2021-03-01,Reparación y limpieza,Funza,Valor medio,1,2000.0,2000.0,100.0
DSLBAOL71U,2021-03-01,Comercio detallista,Bogotá D.C.,Valor medio-alto,13,269546.6,3504105.8,175205.29
DSLBAOL71U,2021-04-01,Comercio detallista,Bogotá D.C.,Valor medio-alto,4,269546.6,1078186.4,53909.32
DSLBAOL71U,2021-05-01,Comercio detallista,Bogotá D.C.,Valor medio-alto,3,269546.6,808639.7999999999,40431.99
DSSFDVSK6V,2021-03-01,Servicios,Bogotá D.C.,Valor medio,1,2000.0,2000.0,100.0
DSSFDVSK6V,2021-04-01,Servicios,Bogotá D.C.,Valor medio,1,2000.0,2000.0,100.0
DSZPZRXP47,2021-03-01,Alimentos y bebidas,Funza,Valor medio-alto,14,27633.333333333332,386866.6666666666,19343.333333333332
DSZPZRXP47,2021-04-01,Alimentos y bebidas,Funza,Valor medio-alto,10,27633.333333333332,276333.3333333333,13816.666666666666
DSZPZRXP47,2021-05-01,Alimentos y bebidas,Funza,Valor medio-alto,3,27633.333333333332,82900.0,4145.0
DT83QD0OET,2021-03-01,Servicios,Bogotá D.C.,Valor medio-alto,2,57833.333333333336,115666.66666666667,5783.333333333334
DT83QD0OET,2021-05-01,Servicios,Bogotá D.C.,Valor medio-alto,1,57833.333333333336,57833.333333333336,2891.666666666667
DTIAERYDU8,2021-01-01,Comercio detallista,Bogotá D.C.,Valor medio-alto,3,507750.0,1523250.0,76162.5
DTIAERYDU8,2021-02-01,Comercio detallista,Bogotá D.C.,Valor medio-alto,2,507750.0,1015500.0,50775.0
DTIAERYDU8,2021-03-01,Comercio detallista,Bogotá D.C.,Valor medio-alto,2,507750.0,1015500.0,50775.0
DTIAERYDU8,2021-04-01,Comercio detallista,Bogotá D.C.,Valor medio-alto,1,507750.0,507750.0,25387.5
DTIYG8FA2N,2021-01-01,Comercio detallista,Bogotá D.C.,Valor medio-alto,1,686508.8,686508.8,34325.44
DTIYG8FA2N,2020-12-01,Comercio detallista,Bogotá D.C.,Valor medio-alto,3,686508.8,2059526.4000000001,102976.32
DTIYG8FA2N,2021-02-01,Comercio detallista,Bogotá D.C.,Valor medio-alto,1,686508.8,686508.8,34325.44
DTIYG8FA2N,2021-03-01,Comercio detallista,Bogotá D.C.,Valor medio-alto,4,686508.8,2746035.2,137301.76
DTIYG8FA2N,2021-04-01,Comercio detallista,Bogotá D.C.,Valor medio-alto,1,686508.8,686508.8,34325.44
DU4CG6E0KK,2021-02-01,Servicios,Bogotá D.C.,Valor medio-alto,1,410285.71428571426,410285.71428571426,20514.285714285714
DU4CG6E0KK,2021-04-01,Servicios,Bogotá D.C.,Valor medio-alto,5,410285.71428571426,2051428.5714285714,102571.42857142858
DU4CG6E0KK,2021-05-01,Servicios,Bogotá D.C.,Valor medio-alto,1,410285.71428571426,410285.71428571426,20514.285714285714
DU51U5LUMT,2021-03-01,Comercio detallista,Bogotá D.C.,Valor medio-alto,15,328192.3076923077,4922884.615384615,246144.23076923075
DU51U5LUMT,2021-04-01,Comercio detallista,Bogotá D.C.,Valor medio-alto,5,328192.3076923077,1640961.5384615385,82048.07692307694
DU51U5LUMT,2021-05-01,Comercio detallista,Bogotá D.C.,Valor medio-alto,6,328192.3076923077,1969153.846153846,98457.69230769231
DUIEG72RWU,2021-03-01,Comercio detallista,Villa de San Diego de Ubate,Valor medio-alto,2,605500.0,1211000.0,60550.0
DUIEG72RWU,2021-04-01,Comercio detallista,Villa de San Diego de Ubate,Valor medio-alto,2,605500.0,1211000.0,60550.0
DUIEG72RWU,2021-05-01,Comercio detallista,Villa de San Diego de Ubate,Valor medio-alto,1,605500.0,605500.0,30275.0
DV921XEE8T,2021-03-01,Comercio detallista,Choachí,Valor medio-alto,3,602416.6666666666,1807250.0,90362.5
DV921XEE8T,2021-04-01,Comercio detallista,Choachí,Valor medio-alto,3,602416.6666666666,1807250.0,90362.5
DVF7H6NTSV,2021-03-01,Comercio detallista,Bogotá D.C.,Valor medio-alto,15,63716.21621621621,955743.2432432432,47787.16216216216
DVF7H6NTSV,2021-04-01,Comercio detallista,Bogotá D.C.,Valor medio-alto,12,63716.21621621621,764594.5945945946,38229.72972972973
DVF7H6NTSV,2021-05-01,Comercio detallista,Bogotá D.C.,Valor medio-alto,10,63716.21621621621,637162.1621621621,31858.108108108107
DXMWUHW48Y,2021-02-01,Comercio detallista,Bogotá D.C.,Valor medio-alto,9,105710.0,951390.0,47569.5
DXMWUHW48Y,2021-03-01,Comercio detallista,Bogotá D.C.,Valor medio-alto,4,105710.0,422840.0,21142.0
DXMWUHW48Y,2021-04-01,Comercio detallista,Bogotá D.C.,Valor medio-alto,3,105710.0,317130.0,15856.5
DXMWUHW48Y,2021-05-01,Comercio detallista,Bogotá D.C.,Valor medio-alto,4,105710.0,422840.0,21142.0
DY2E6DT3ZP,2021-03-01,Turismo y entretenimiento,Bogotá D.C.,Valor medio,1,2000.0,2000.0,100.0
DYWTJM0WEO,2021-03-01,Comercio detallista,Bogotá D.C.,Valor medio-alto,6,133000.0,798000.0,39900.0
DYWTJM0WEO,2021-04-01,Comercio detallista,Bogotá D.C.,Valor medio-alto,4,133000.0,532000.0,26600.0
DYWTJM0WEO,2021-05-01,Comercio detallista,Bogotá D.C.,Valor medio-alto,19,133000.0,2527000.0,126350.0
DZ4TAPD7L1,2021-03-01,Reparación y limpieza,Bogotá D.C.,Valor medio-alto,9,80161.29032258065,721451.6129032258,36072.580645161295
DZ4TAPD7L1,2021-04-01,Reparación y limpieza,Bogotá D.C.,Valor medio-alto,6,80161.29032258065,480967.7419354839,24048.387096774197
DZ4TAPD7L1,2021-05-01,Reparación y limpieza,Bogotá D.C.,Valor medio-alto,16,80161.29032258065,1282580.6451612904,64129.03225806452
E0GD14FIB4,2021-03-01,Comercio detallista,Bogotá D.C.,Valor medio-alto,8,103642.85714285714,829142.8571428572,41457.14285714286
E0GD14FIB4,2021-04-01,Comercio detallista,Bogotá D.C.,Valor medio-alto,7,103642.85714285714,725500.0,36275.0
E0GD14FIB4,2021-05-01,Comercio detallista,Bogotá D.C.,Valor medio-alto,13,103642.85714285714,1347357.142857143,67367.85714285714
E0HB3Q6T0H,2021-03-01,Alimentos y bebidas,Bogotá D.C.,Valor medio-alto,10,22015.909090909092,220159.0909090909,11007.954545454546
E0HB3Q6T0H,2021-04-01,Alimentos y bebidas,Bogotá D.C.,Valor medio-alto,10,22015.909090909092,220159.0909090909,11007.954545454546
E0HB3Q6T0H,2021-05-01,Alimentos y bebidas,Bogotá D.C.,Valor medio-alto,2,22015.909090909092,44031.818181818184,2201.5909090909095
E15YOUIETT,2021-03-01,Servicios,Madrid,Valor medio-alto,2,1020666.6666666666,2041333.3333333333,102066.66666666667
E15YOUIETT,2021-04-01,Servicios,Madrid,Valor medio-alto,2,1020666.6666666666,2041333.3333333333,102066.66666666667
E15YOUIETT,2021-05-01,Servicios,Madrid,Valor medio-alto,2,1020666.6666666666,2041333.3333333333,102066.66666666667
E1HIB4LZPX,2021-02-01,Reparación y limpieza,Bogotá D.C.,Valor medio,1,17333.333333333332,17333.333333333332,866.6666666666666
E1HIB4LZPX,2021-03-01,Reparación y limpieza,Bogotá D.C.,Valor medio,2,17333.333333333332,34666.666666666664,1733.3333333333333
E2NQWEPT01,2021-01-01,Comercio detallista,Bogotá D.C.,Valor medio-alto,4,320781.8181818182,1283127.2727272727,64156.36363636364
E2NQWEPT01,2021-02-01,Comercio detallista,Bogotá D.C.,Valor medio-alto,7,320781.8181818182,2245472.727272727,112273.63636363635
E2NQWEPT01,2021-03-01,Comercio detallista,Bogotá D.C.,Valor medio-alto,21,320781.8181818182,6736418.181818182,336820.9090909091
E2NQWEPT01,2021-04-01,Comercio detallista,Bogotá D.C.,Valor medio-alto,15,320781.8181818182,4811727.2727272725,240586.36363636365
E2NQWEPT01,2021-05-01,Comercio detallista,Bogotá D.C.,Valor medio-alto,8,320781.8181818182,2566254.5454545454,128312.72727272728
E3AHZU5GGE,2021-03-01,Reparación y limpieza,Bogotá D.C.,Valor medio,1,2000.0,2000.0,100.0
E3NB1UNLOU,2021-02-01,Servicios,Bogotá D.C.,Valor medio-alto,6,212035.7142857143,1272214.2857142857,63610.71428571429
E3NB1UNLOU,2021-04-01,Servicios,Bogotá D.C.,Valor medio-alto,6,212035.7142857143,1272214.2857142857,63610.71428571429
E3NB1UNLOU,2021-05-01,Servicios,Bogotá D.C.,Valor medio-alto,2,212035.7142857143,424071.4285714286,21203.57142857143
E3TRE9DAJA,2021-02-01,Belleza y cuidado personal,Bogotá D.C.,Valor medio-alto,24,253484.84848484848,6083636.363636363,304181.8181818182
E3TRE9DAJA,2021-03-01,Belleza y cuidado personal,Bogotá D.C.,Valor medio-alto,14,253484.84848484848,3548787.878787879,177439.39393939395
E3TRE9DAJA,2021-04-01,Belleza y cuidado personal,Bogotá D.C.,Valor medio-alto,6,253484.84848484848,1520909.0909090908,76045.45454545454
E3TRE9DAJA,2021-05-01,Belleza y cuidado personal,Bogotá D.C.,Valor medio-alto,22,253484.84848484848,5576666.666666667,278833.3333333334
E3Y5JNPXCH,2021-03-01,Servicios,Bogotá D.C.,Valor medio-alto,20,97857.14285714286,1957142.857142857,97857.14285714286
E3Y5JNPXCH,2021-04-01,Servicios,Bogotá D.C.,Valor medio-alto,7,97857.14285714286,685000.0,34250.0
E3Y5JNPXCH,2021-05-01,Servicios,Bogotá D.C.,Valor medio-alto,8,97857.14285714286,782857.1428571428,39142.857142857145
E4XG72YSS5,2021-03-01,Belleza y cuidado personal,Bogotá D.C.,Valor medio-alto,3,44852.94117647059,134558.82352941175,6727.941176470587
E4XG72YSS5,2021-04-01,Belleza y cuidado personal,Bogotá D.C.,Valor medio-alto,3,44852.94117647059,134558.82352941175,6727.941176470587
E4XG72YSS5,2021-05-01,Belleza y cuidado personal,Bogotá D.C.,Valor medio-alto,11,44852.94117647059,493382.35294117645,24669.117647058825
E52AP4FTD8,2021-02-01,Comercio detallista,Bogotá D.C.,Valor medio-alto,7,250356.64335664336,1752496.5034965035,87624.82517482518
E52AP4FTD8,2021-03-01,Comercio detallista,Bogotá D.C.,Valor medio-alto,63,250356.64335664336,15772468.531468531,788623.4265734266
E52AP4FTD8,2021-04-01,Comercio detallista,Bogotá D.C.,Valor medio-alto,33,250356.64335664336,8261769.230769231,413088.46153846156
E52AP4FTD8,2021-05-01,Comercio detallista,Bogotá D.C.,Valor medio-alto,40,250356.64335664336,10014265.734265734,500713.2867132867
E6A71HUKMB,2021-03-01,Reparación y limpieza,Bogotá D.C.,Valor medio-alto,11,222289.47368421053,2445184.210526316,122259.2105263158
E6A71HUKMB,2021-04-01,Reparación y limpieza,Bogotá D.C.,Valor medio-alto,11,222289.47368421053,2445184.210526316,122259.2105263158
E6A71HUKMB,2021-05-01,Reparación y limpieza,Bogotá D.C.,Valor medio-alto,16,222289.47368421053,3556631.5789473685,177831.57894736843
E6D0E1VLZF,2021-02-01,Alimentos y bebidas,Bogotá D.C.,Valor alto,13,35206.818181818184,457688.6363636364,22884.431818181823
E6D0E1VLZF,2021-03-01,Alimentos y bebidas,Bogotá D.C.,Valor alto,25,35206.818181818184,880170.4545454546,44008.522727272735
E6D0E1VLZF,2021-04-01,Alimentos y bebidas,Bogotá D.C.,Valor alto,27,35206.818181818184,950584.0909090909,47529.20454545455
E6D0E1VLZF,2021-05-01,Alimentos y bebidas,Bogotá D.C.,Valor alto,1,35206.818181818184,35206.818181818184,1760.3409090909092
E6VX2JWGQW,2021-03-01,Comercio detallista,Bogotá D.C.,Valor medio-alto,1,334000.0,334000.0,16700.0
E6VX2JWGQW,2021-04-01,Comercio detallista,Bogotá D.C.,Valor medio-alto,2,334000.0,668000.0,33400.0
E6WMPDA5BH,2021-03-01,Alimentos y bebidas,Bogotá D.C.,Valor medio-alto,5,27307.69230769231,136538.46153846153,6826.923076923077
E6WMPDA5BH,2021-05-01,Alimentos y bebidas,Bogotá D.C.,Valor medio-alto,8,27307.69230769231,218461.53846153847,10923.076923076924
E73K1PXPMQ,2021-01-01,Servicios,Bogotá D.C.,Valor medio-alto,1,2591296.7741935486,2591296.7741935486,129564.83870967744
E73K1PXPMQ,2020-12-01,Servicios,Bogotá D.C.,Valor medio-alto,4,2591296.7741935486,10365187.096774194,518259.35483870975
E73K1PXPMQ,2021-02-01,Servicios,Bogotá D.C.,Valor medio-alto,4,2591296.7741935486,10365187.096774194,518259.35483870975
E73K1PXPMQ,2021-03-01,Servicios,Bogotá D.C.,Valor medio-alto,10,2591296.7741935486,25912967.741935484,1295648.3870967743
E73K1PXPMQ,2021-04-01,Servicios,Bogotá D.C.,Valor medio-alto,6,2591296.7741935486,15547780.645161292,777389.0322580646
E73K1PXPMQ,2021-05-01,Servicios,Bogotá D.C.,Valor medio-alto,6,2591296.7741935486,15547780.645161292,777389.0322580646
E7K105W1UN,2021-03-01,Alimentos y bebidas,Bogotá D.C.,Valor medio-alto,20,59093.82716049383,1181876.5432098766,59093.827160493835
E7K105W1UN,2021-04-01,Alimentos y bebidas,Bogotá D.C.,Valor medio-alto,51,59093.82716049383,3013785.185185185,150689.25925925927
E7K105W1UN,2021-05-01,Alimentos y bebidas,Bogotá D.C.,Valor medio-alto,91,59093.82716049383,5377538.271604938,268876.9135802469
E9NWEHGSD8,2021-03-01,Servicios,Madrid,Valor medio,1,1000.0,1000.0,50.0
EA41W7MR0G,2021-03-01,Alimentos y bebidas,Soacha,Valor medio-alto,2,31675.0,63350.0,3167.5
EA41W7MR0G,2021-04-01,Alimentos y bebidas,Soacha,Valor medio-alto,4,31675.0,126700.0,6335.0
EA41W7MR0G,2021-05-01,Alimentos y bebidas,Soacha,Valor medio-alto,12,31675.0,380100.0,19005.0
EAG2VA3X5E,2021-03-01,Reparación y limpieza,Jamundí,Valor medio,1,159915.4135338346,159915.4135338346,7995.77067669173
EAPN6NMSLO,2021-02-01,Comercio detallista,Fusagasugá,Valor medio,1,2000.0,2000.0,100.0
EB9TZS03QA,2021-02-01,Comercio detallista,Tocancipá,Valor medio-alto,18,164025.97402597402,2952467.5324675324,147623.37662337662
EB9TZS03QA,2021-03-01,Comercio detallista,Tocancipá,Valor medio-alto,11,164025.97402597402,1804285.7142857143,90214.28571428572
EB9TZS03QA,2021-04-01,Comercio detallista,Tocancipá,Valor medio-alto,20,164025.97402597402,3280519.4805194805,164025.97402597405
EB9TZS03QA,2021-05-01,Comercio detallista,Tocancipá,Valor medio-alto,28,164025.97402597402,4592727.2727272725,229636.36363636365
ECFA94KW43,2021-03-01,Comercio detallista,Bogotá D.C.,Valor medio,7,140857.14285714287,986000.0000000001,49300.00000000001
ECGTFEGY7G,2021-02-01,Comercio detallista,Cali,Valor medio-alto,2,237571.42857142858,475142.85714285716,23757.14285714286
ECGTFEGY7G,2021-03-01,Comercio detallista,Cali,Valor medio-alto,3,237571.42857142858,712714.2857142857,35635.71428571428
ECGTFEGY7G,2021-04-01,Comercio detallista,Cali,Valor medio-alto,2,237571.42857142858,475142.85714285716,23757.14285714286
ED0TWWY6V6,2021-02-01,Comercio detallista,Bogotá D.C.,Valor medio-alto,6,263415.1515151515,1580490.909090909,79024.54545454546
ED0TWWY6V6,2021-03-01,Comercio detallista,Bogotá D.C.,Valor medio-alto,13,263415.1515151515,3424396.9696969693,171219.84848484848
ED0TWWY6V6,2021-04-01,Comercio detallista,Bogotá D.C.,Valor medio-alto,6,263415.1515151515,1580490.909090909,79024.54545454546
ED0TWWY6V6,2021-05-01,Comercio detallista,Bogotá D.C.,Valor medio-alto,8,263415.1515151515,2107321.212121212,105366.06060606061
EF457MTZTJ,2021-02-01,Comercio detallista,Soacha,Valor medio,1,20666.666666666668,20666.666666666668,1033.3333333333335
EF457MTZTJ,2021-04-01,Comercio detallista,Soacha,Valor medio,2,20666.666666666668,41333.333333333336,2066.666666666667
EFTCJZFTKJ,2021-02-01,Reparación y limpieza,Soacha,Valor medio-alto,1,941750.0,941750.0,47087.5
EFTCJZFTKJ,2021-03-01,Reparación y limpieza,Soacha,Valor medio-alto,1,941750.0,941750.0,47087.5
EFTCJZFTKJ,2021-04-01,Reparación y limpieza,Soacha,Valor medio-alto,2,941750.0,1883500.0,94175.0
EG7BDL6U5H,2021-03-01,Belleza y cuidado personal,Bogotá D.C.,Valor medio-alto,2,101800.0,203600.0,10180.0
EG7BDL6U5H,2021-04-01,Belleza y cuidado personal,Bogotá D.C.,Valor medio-alto,1,101800.0,101800.0,5090.0
EG7BDL6U5H,2021-05-01,Belleza y cuidado personal,Bogotá D.C.,Valor medio-alto,2,101800.0,203600.0,10180.0
EGCQF4DWV7,2021-03-01,Servicios,Bogotá D.C.,Valor medio,4,14250.0,57000.0,2850.0
EGR67KAGR4,2021-03-01,Comercio detallista,Sibaté,Valor medio-alto,4,36363.142857142855,145452.57142857142,7272.628571428571
EGR67KAGR4,2021-04-01,Comercio detallista,Sibaté,Valor medio-alto,1,36363.142857142855,36363.142857142855,1818.1571428571428
EGR67KAGR4,2021-05-01,Comercio detallista,Sibaté,Valor medio-alto,2,36363.142857142855,72726.28571428571,3636.3142857142857
EGTKQZUJLE,2021-03-01,Servicios,Bogotá D.C.,Valor medio-alto,2,167333.33333333334,334666.6666666667,16733.333333333336
EGTKQZUJLE,2021-04-01,Servicios,Bogotá D.C.,Valor medio-alto,1,167333.33333333334,167333.33333333334,8366.666666666668
EH2RRAQK8I,2021-03-01,Alimentos y bebidas,Cali,Valor medio-alto,5,115555.0,577775.0,28888.75
EH2RRAQK8I,2021-04-01,Alimentos y bebidas,Cali,Valor medio-alto,3,115555.0,346665.0,17333.25
EH2RRAQK8I,2021-05-01,Alimentos y bebidas,Cali,Valor medio-alto,12,115555.0,1386660.0,69333.0
EH48A3P812,2021-03-01,Transporte,Cali,Valor medio,1,1000.0,1000.0,50.0
EHO8ORC6V9,2021-01-01,Reparación y limpieza,Soacha,Valor medio-alto,1,782750.0,782750.0,39137.5
EHO8ORC6V9,2021-02-01,Reparación y limpieza,Soacha,Valor medio-alto,4,782750.0,3131000.0,156550.0
EHO8ORC6V9,2021-05-01,Reparación y limpieza,Soacha,Valor medio-alto,1,782750.0,782750.0,39137.5
EIMRQ8EZ86,2021-03-01,Alimentos y bebidas,Tenjo,Valor medio,1,1100.0,1100.0,55.0
EIPQ6LIED5,2021-03-01,Comercio detallista,Bogotá D.C.,Valor medio-alto,1,142500.0,142500.0,7125.0
EIPQ6LIED5,2021-05-01,Comercio detallista,Bogotá D.C.,Valor medio-alto,5,142500.0,712500.0,35625.0
EIVQHII7JA,2021-03-01,Belleza y cuidado personal,Bogotá D.C.,Valor medio-alto,3,69555.55555555556,208666.6666666667,10433.333333333336
EIVQHII7JA,2021-04-01,Belleza y cuidado personal,Bogotá D.C.,Valor medio-alto,3,69555.55555555556,208666.6666666667,10433.333333333336
EIVQHII7JA,2021-05-01,Belleza y cuidado personal,Bogotá D.C.,Valor medio-alto,3,69555.55555555556,208666.6666666667,10433.333333333336
EJ0R5MCDI8,2021-03-01,Comercio detallista,Bogotá D.C.,Valor medio-alto,2,65170.0,130340.0,6517.0
EJ0R5MCDI8,2021-04-01,Comercio detallista,Bogotá D.C.,Valor medio-alto,1,65170.0,65170.0,3258.5
EJ0R5MCDI8,2021-05-01,Comercio detallista,Bogotá D.C.,Valor medio-alto,2,65170.0,130340.0,6517.0
EJC0246CXZ,2021-03-01,Comercio detallista,Bogotá D.C.,Valor medio-alto,5,100777.77777777778,503888.8888888889,25194.444444444445
EJC0246CXZ,2021-04-01,Comercio detallista,Bogotá D.C.,Valor medio-alto,1,100777.77777777778,100777.77777777778,5038.88888888889
EJC0246CXZ,2021-05-01,Comercio detallista,Bogotá D.C.,Valor medio-alto,3,100777.77777777778,302333.3333333334,15116.66666666667
EJN3R7Z87Q,2021-03-01,Comercio detallista,Bogotá D.C.,Valor medio-alto,12,362881.3559322034,4354576.271186441,217728.81355932206
EJN3R7Z87Q,2021-04-01,Comercio detallista,Bogotá D.C.,Valor medio-alto,23,362881.3559322034,8346271.186440678,417313.55932203395
EJN3R7Z87Q,2021-05-01,Comercio detallista,Bogotá D.C.,Valor medio-alto,24,362881.3559322034,8709152.542372882,435457.62711864413
EJRFMFCI3Z,2021-03-01,Servicios,Medellín,Valor medio-alto,39,93886.36363636363,3661568.1818181816,183078.4090909091
EJRFMFCI3Z,2021-04-01,Servicios,Medellín,Valor medio-alto,37,93886.36363636363,3473795.4545454546,173689.77272727274
EJRFMFCI3Z,2021-05-01,Servicios,Medellín,Valor medio-alto,56,93886.36363636363,5257636.363636363,262881.8181818182
EK29CKNPSC,2021-03-01,Belleza y cuidado personal,Bogotá D.C.,Valor medio-alto,4,42866.666666666664,171466.66666666666,8573.333333333334
EK29CKNPSC,2021-04-01,Belleza y cuidado personal,Bogotá D.C.,Valor medio-alto,5,42866.666666666664,214333.3333333333,10716.666666666666
EK70J8MYI6,2021-03-01,Servicios,Bogotá D.C.,Valor medio,1,2000.0,2000.0,100.0
EKPA345T2O,2021-02-01,Servicios,Bogotá D.C.,Valor medio,3,3000.0,9000.0,450.0
ENH7YT22OF,2021-02-01,Alimentos y bebidas,Cali,Valor medio,4,42750.0,171000.0,8550.0
ENIURKO2SF,2021-03-01,Comercio detallista,Bogotá D.C.,Valor medio-alto,6,279013.3333333333,1674080.0,83704.0
ENIURKO2SF,2021-04-01,Comercio detallista,Bogotá D.C.,Valor medio-alto,5,279013.3333333333,1395066.6666666665,69753.33333333333
ENIURKO2SF,2021-05-01,Comercio detallista,Bogotá D.C.,Valor medio-alto,4,279013.3333333333,1116053.3333333333,55802.666666666664
EO61OWL74Y,2021-02-01,Servicios,Bogotá D.C.,Valor medio,1,2000.0,2000.0,100.0
EO8WKWCXBQ,2021-03-01,Turismo y entretenimiento,Bogotá D.C.,Valor medio-alto,4,426850.0,1707400.0,85370.0
EO8WKWCXBQ,2021-04-01,Turismo y entretenimiento,Bogotá D.C.,Valor medio-alto,4,426850.0,1707400.0,85370.0
EO8WKWCXBQ,2021-05-01,Turismo y entretenimiento,Bogotá D.C.,Valor medio-alto,1,426850.0,426850.0,21342.5
EOIX8EJFSG,2021-03-01,Servicios,Chía,Valor medio,1,2000.0,2000.0,100.0
EOLG59EU54,2021-03-01,Servicios,Bogotá D.C.,Valor medio-alto,2,174583.33333333334,349166.6666666667,17458.333333333336
EOLG59EU54,2021-05-01,Servicios,Bogotá D.C.,Valor medio-alto,4,174583.33333333334,698333.3333333334,34916.66666666667
EPKT0SKAJV,2021-03-01,Comercio detallista,Funza,Valor medio,1,37666.666666666664,37666.666666666664,1883.3333333333333
EPKT0SKAJV,2021-04-01,Comercio detallista,Funza,Valor medio,2,37666.666666666664,75333.33333333333,3766.6666666666665
EQ7XBC6430,2021-03-01,Transporte,Bogotá D.C.,Valor medio-alto,1,501000.0,501000.0,25050.0
EQ7XBC6430,2021-04-01,Transporte,Bogotá D.C.,Valor medio-alto,1,501000.0,501000.0,25050.0
EQAI0ZGKGY,2021-01-01,Comercio detallista,Bogotá D.C.,Valor medio,1,2000.0,2000.0,100.0
EQT0X28MYE,2021-01-01,Comercio detallista,Bogotá D.C.,Valor medio-alto,4,213545.45454545456,854181.8181818182,42709.09090909091
EQT0X28MYE,2021-02-01,Comercio detallista,Bogotá D.C.,Valor medio-alto,4,213545.45454545456,854181.8181818182,42709.09090909091
EQT0X28MYE,2021-03-01,Comercio detallista,Bogotá D.C.,Valor medio-alto,1,213545.45454545456,213545.45454545456,10677.272727272728
EQT0X28MYE,2021-04-01,Comercio detallista,Bogotá D.C.,Valor medio-alto,2,213545.45454545456,427090.9090909091,21354.545454545456
EQZL0GKY30,2021-03-01,Servicios,Medellín,Valor medio-alto,13,138500.0,1800500.0,90025.0
EQZL0GKY30,2021-04-01,Servicios,Medellín,Valor medio-alto,11,138500.0,1523500.0,76175.0
EQZL0GKY30,2021-05-01,Servicios,Medellín,Valor medio-alto,16,138500.0,2216000.0,110800.0
ERC5OB3SM1,2021-03-01,Comercio detallista,Barranquilla,Valor medio-alto,9,328638.1818181818,2957743.6363636362,147887.18181818182
ERC5OB3SM1,2021-04-01,Comercio detallista,Barranquilla,Valor medio-alto,5,328638.1818181818,1643190.9090909092,82159.54545454547
ERC5OB3SM1,2021-05-01,Comercio detallista,Barranquilla,Valor medio-alto,8,328638.1818181818,2629105.4545454546,131455.27272727274
ERLETO5YXC,2021-03-01,Servicios,Bogotá D.C.,Valor medio-alto,8,329405.8823529412,2635247.0588235296,131762.35294117648
ERLETO5YXC,2021-04-01,Servicios,Bogotá D.C.,Valor medio-alto,5,329405.8823529412,1647029.411764706,82351.4705882353
ERLETO5YXC,2021-05-01,Servicios,Bogotá D.C.,Valor medio-alto,4,329405.8823529412,1317623.5294117648,65881.17647058824
ERVFJIP9LE,2021-03-01,Comercio detallista,Bogotá D.C.,Valor medio-alto,10,63904.76190476191,639047.619047619,31952.380952380954
ERVFJIP9LE,2021-04-01,Comercio detallista,Bogotá D.C.,Valor medio-alto,5,63904.76190476191,319523.8095238095,15976.190476190477
ERVFJIP9LE,2021-05-01,Comercio detallista,Bogotá D.C.,Valor medio-alto,6,63904.76190476191,383428.5714285715,19171.428571428576
ES9PBAUMP6,2021-02-01,Servicios,Bogotá D.C.,Valor medio-alto,5,706928.5714285715,3534642.8571428573,176732.14285714287
ES9PBAUMP6,2021-03-01,Servicios,Bogotá D.C.,Valor medio-alto,3,706928.5714285715,2120785.7142857146,106039.28571428574
ES9PBAUMP6,2021-04-01,Servicios,Bogotá D.C.,Valor medio-alto,5,706928.5714285715,3534642.8571428573,176732.14285714287
ES9PBAUMP6,2021-05-01,Servicios,Bogotá D.C.,Valor medio-alto,1,706928.5714285715,706928.5714285715,35346.42857142857
ESMO710S4U,2021-02-01,Turismo y entretenimiento,Bogotá D.C.,Valor medio-alto,7,133898.3193277311,937288.2352941176,46864.41176470588
ESMO710S4U,2021-03-01,Turismo y entretenimiento,Bogotá D.C.,Valor medio-alto,19,133898.3193277311,2544068.067226891,127203.40336134455
ESMO710S4U,2021-04-01,Turismo y entretenimiento,Bogotá D.C.,Valor medio-alto,15,133898.3193277311,2008474.7899159663,100423.73949579832
ESMO710S4U,2021-05-01,Turismo y entretenimiento,Bogotá D.C.,Valor medio-alto,78,133898.3193277311,10444068.907563025,522203.44537815126
ET84Z5TAEC,2021-03-01,Comercio detallista,Bogotá D.C.,Valor medio-alto,14,244572.67857142858,3424017.5,171200.875
ET84Z5TAEC,2021-04-01,Comercio detallista,Bogotá D.C.,Valor medio-alto,6,244572.67857142858,1467436.0714285714,73371.80357142857
ET84Z5TAEC,2021-05-01,Comercio detallista,Bogotá D.C.,Valor medio-alto,8,244572.67857142858,1956581.4285714286,97829.07142857143
ETUR5HE65M,2021-01-01,Comercio detallista,Bogotá D.C.,Valor medio-alto,6,123097.56097560975,738585.3658536585,36929.26829268293
ETUR5HE65M,2020-12-01,Comercio detallista,Bogotá D.C.,Valor medio-alto,8,123097.56097560975,984780.487804878,49239.0243902439
ETUR5HE65M,2021-02-01,Comercio detallista,Bogotá D.C.,Valor medio-alto,7,123097.56097560975,861682.9268292682,43084.14634146341
ETUR5HE65M,2021-03-01,Comercio detallista,Bogotá D.C.,Valor medio-alto,8,123097.56097560975,984780.487804878,49239.0243902439
ETUR5HE65M,2021-04-01,Comercio detallista,Bogotá D.C.,Valor medio-alto,3,123097.56097560975,369292.68292682926,18464.634146341465
ETUR5HE65M,2021-05-01,Comercio detallista,Bogotá D.C.,Valor medio-alto,9,123097.56097560975,1107878.0487804879,55393.902439024394
EUT5E1OHLO,2021-01-01,Comercio detallista,Bogotá D.C.,Valor medio-alto,10,486627.9069767442,4866279.069767442,243313.9534883721
EUT5E1OHLO,2021-02-01,Comercio detallista,Bogotá D.C.,Valor medio-alto,11,486627.9069767442,5352906.976744186,267645.34883720934
EUT5E1OHLO,2021-03-01,Comercio detallista,Bogotá D.C.,Valor medio-alto,7,486627.9069767442,3406395.3488372094,170319.7674418605
EUT5E1OHLO,2021-04-01,Comercio detallista,Bogotá D.C.,Valor medio-alto,1,486627.9069767442,486627.9069767442,24331.39534883721
EUT5E1OHLO,2021-05-01,Comercio detallista,Bogotá D.C.,Valor medio-alto,14,486627.9069767442,6812790.697674419,340639.534883721
EUY3ZY9SDD,2021-03-01,Servicios,Bogotá D.C.,Valor medio-alto,10,229625.0,2296250.0,114812.5
EUY3ZY9SDD,2021-04-01,Servicios,Bogotá D.C.,Valor medio-alto,3,229625.0,688875.0,34443.75
EUY3ZY9SDD,2021-05-01,Servicios,Bogotá D.C.,Valor medio-alto,3,229625.0,688875.0,34443.75
EUZBP66XOY,2021-03-01,Alimentos y bebidas,Bogotá D.C.,Valor medio-alto,1,202306.4516129032,202306.4516129032,10115.322580645161
EUZBP66XOY,2021-04-01,Alimentos y bebidas,Bogotá D.C.,Valor medio-alto,10,202306.4516129032,2023064.5161290322,101153.22580645162
EUZBP66XOY,2021-05-01,Alimentos y bebidas,Bogotá D.C.,Valor medio-alto,51,202306.4516129032,10317629.032258064,515881.4516129032
EV8BCDZ4XB,2021-03-01,Comercio detallista,Bogotá D.C.,Valor medio-alto,16,53048.75,848780.0,42439.0
EV8BCDZ4XB,2021-04-01,Comercio detallista,Bogotá D.C.,Valor medio-alto,9,53048.75,477438.75,23871.9375
EV8BCDZ4XB,2021-05-01,Comercio detallista,Bogotá D.C.,Valor medio-alto,15,53048.75,795731.25,39786.5625
EV9MPTZRZP,2021-03-01,Comercio detallista,Bogotá D.C.,Valor medio-alto,7,811300.0,5679100.0,283955.0
EV9MPTZRZP,2021-04-01,Comercio detallista,Bogotá D.C.,Valor medio-alto,6,811300.0,4867800.0,243390.0
EV9MPTZRZP,2021-05-01,Comercio detallista,Bogotá D.C.,Valor medio-alto,11,811300.0,8924300.0,446215.0
EVL22AHEJ8,2021-03-01,Comercio detallista,Bogotá D.C.,Valor medio-alto,1,538412.0,538412.0,26920.600000000002
EVL22AHEJ8,2021-04-01,Comercio detallista,Bogotá D.C.,Valor medio-alto,1,538412.0,538412.0,26920.600000000002
EVL22AHEJ8,2021-05-01,Comercio detallista,Bogotá D.C.,Valor medio-alto,3,538412.0,1615236.0,80761.8
EVPEO560JW,2021-03-01,Comercio detallista,Bogotá D.C.,Valor medio-alto,6,38362.5,230175.0,11508.75
EVPEO560JW,2021-04-01,Comercio detallista,Bogotá D.C.,Valor medio-alto,4,38362.5,153450.0,7672.5
EVPEO560JW,2021-05-01,Comercio detallista,Bogotá D.C.,Valor medio-alto,6,38362.5,230175.0,11508.75
EWI9LRZOJ7,2021-03-01,Servicios,Bogotá D.C.,Valor medio-alto,10,37857.40625,378574.0625,18928.703125
EWI9LRZOJ7,2021-04-01,Servicios,Bogotá D.C.,Valor medio-alto,8,37857.40625,302859.25,15142.962500000001
EWI9LRZOJ7,2021-05-01,Servicios,Bogotá D.C.,Valor medio-alto,14,37857.40625,530003.6875,26500.184375
EXI9MPB2AO,2021-03-01,Alimentos y bebidas,Bogotá D.C.,Valor medio-alto,24,65935.89743589744,1582461.5384615385,79123.07692307694
EXI9MPB2AO,2021-04-01,Alimentos y bebidas,Bogotá D.C.,Valor medio-alto,24,65935.89743589744,1582461.5384615385,79123.07692307694
EXI9MPB2AO,2021-05-01,Alimentos y bebidas,Bogotá D.C.,Valor medio-alto,30,65935.89743589744,1978076.923076923,98903.84615384616
EXKC1F2FDP,2021-01-01,Servicios,Bogotá D.C.,Valor medio-alto,6,453863.8095238095,2723182.8571428573,136159.14285714287
EXKC1F2FDP,2021-02-01,Servicios,Bogotá D.C.,Valor medio-alto,3,453863.8095238095,1361591.4285714286,68079.57142857143
EXKC1F2FDP,2021-03-01,Servicios,Bogotá D.C.,Valor medio-alto,6,453863.8095238095,2723182.8571428573,136159.14285714287
EXKC1F2FDP,2021-04-01,Servicios,Bogotá D.C.,Valor medio-alto,4,453863.8095238095,1815455.238095238,90772.76190476191
EXKC1F2FDP,2021-05-01,Servicios,Bogotá D.C.,Valor medio-alto,2,453863.8095238095,907727.619047619,45386.380952380954
EYLFJ1A5MU,2021-03-01,Servicios,Bogotá D.C.,Valor medio-alto,1,1170153.8461538462,1170153.8461538462,58507.69230769231
EYLFJ1A5MU,2021-04-01,Servicios,Bogotá D.C.,Valor medio-alto,7,1170153.8461538462,8191076.923076924,409553.84615384624
EYLFJ1A5MU,2021-05-01,Servicios,Bogotá D.C.,Valor medio-alto,5,1170153.8461538462,5850769.230769231,292538.46153846156
EZ3QMU7DP6,2021-03-01,Servicios,Bogotá D.C.,Valor medio-alto,1,78250.0,78250.0,3912.5
EZ3QMU7DP6,2021-04-01,Servicios,Bogotá D.C.,Valor medio-alto,1,78250.0,78250.0,3912.5
F06G2GFZ41,2021-03-01,Comercio detallista,Sibaté,Valor medio-alto,2,379250.0,758500.0,37925.0
F06G2GFZ41,2021-05-01,Comercio detallista,Sibaté,Valor medio-alto,2,379250.0,758500.0,37925.0
F0NI65Y4E9,2021-03-01,Belleza y cuidado personal,Bogotá D.C.,Valor medio-alto,4,30972.727272727272,123890.90909090909,6194.545454545455
F0NI65Y4E9,2021-04-01,Belleza y cuidado personal,Bogotá D.C.,Valor medio-alto,1,30972.727272727272,30972.727272727272,1548.6363636363637
F0NI65Y4E9,2021-05-01,Belleza y cuidado personal,Bogotá D.C.,Valor medio-alto,6,30972.727272727272,185836.36363636365,9291.818181818182
F180MWIBAX,2021-02-01,Transporte,Bogotá D.C.,Valor medio-alto,4,268181.8181818182,1072727.2727272727,53636.36363636364
F180MWIBAX,2021-03-01,Transporte,Bogotá D.C.,Valor medio-alto,7,268181.8181818182,1877272.7272727273,93863.63636363637
F180MWIBAX,2021-04-01,Transporte,Bogotá D.C.,Valor medio-alto,5,268181.8181818182,1340909.0909090908,67045.45454545454
F180MWIBAX,2021-05-01,Transporte,Bogotá D.C.,Valor medio-alto,6,268181.8181818182,1609090.9090909092,80454.54545454547
F1NDS5PTTS,2021-03-01,Comercio detallista,Bogotá D.C.,Valor medio-alto,6,231360.0,1388160.0,69408.0
F1NDS5PTTS,2021-04-01,Comercio detallista,Bogotá D.C.,Valor medio-alto,1,231360.0,231360.0,11568.0
F1NDS5PTTS,2021-05-01,Comercio detallista,Bogotá D.C.,Valor medio-alto,3,231360.0,694080.0,34704.0
F1OG1SHNHN,2021-01-01,Alimentos y bebidas,Bogotá D.C.,Valor medio-alto,8,29221.153846153848,233769.23076923078,11688.461538461539
F1OG1SHNHN,2021-02-01,Alimentos y bebidas,Bogotá D.C.,Valor medio-alto,9,29221.153846153848,262990.3846153846,13149.519230769232
F1OG1SHNHN,2021-03-01,Alimentos y bebidas,Bogotá D.C.,Valor medio-alto,8,29221.153846153848,233769.23076923078,11688.461538461539
F1OG1SHNHN,2021-04-01,Alimentos y bebidas,Bogotá D.C.,Valor medio-alto,13,29221.153846153848,379875.0,18993.75
F1OG1SHNHN,2021-05-01,Alimentos y bebidas,Bogotá D.C.,Valor medio-alto,14,29221.153846153848,409096.1538461539,20454.807692307695
F2O1Q31H5P,2021-03-01,Comercio detallista,Bogotá D.C.,Valor medio-alto,4,887120.0,3548480.0,177424.0
F2O1Q31H5P,2021-04-01,Comercio detallista,Bogotá D.C.,Valor medio-alto,8,887120.0,7096960.0,354848.0
F2O1Q31H5P,2021-05-01,Comercio detallista,Bogotá D.C.,Valor medio-alto,3,887120.0,2661360.0,133068.0
F37NI04ZVB,2021-03-01,Comercio detallista,La Calera,Valor medio-alto,2,78220.83333333333,156441.66666666666,7822.083333333333
F37NI04ZVB,2021-04-01,Comercio detallista,La Calera,Valor medio-alto,8,78220.83333333333,625766.6666666666,31288.333333333332
F37NI04ZVB,2021-05-01,Comercio detallista,La Calera,Valor medio-alto,14,78220.83333333333,1095091.6666666665,54754.58333333333
F385BS9ICW,2021-03-01,Educación,Bogotá D.C.,Valor medio,3,58333.333333333336,175000.0,8750.0
F3QOWHOWZV,2021-02-01,Alimentos y bebidas,Bogotá D.C.,Valor medio-alto,1,190500.0,190500.0,9525.0
F3QOWHOWZV,2021-05-01,Alimentos y bebidas,Bogotá D.C.,Valor medio-alto,1,190500.0,190500.0,9525.0
F4FXYY12LX,2021-03-01,Comercio detallista,Bogotá D.C.,Valor medio-alto,2,59307.692307692305,118615.38461538461,5930.7692307692305
F4FXYY12LX,2021-04-01,Comercio detallista,Bogotá D.C.,Valor medio-alto,3,59307.692307692305,177923.0769230769,8896.153846153846
F4FXYY12LX,2021-05-01,Comercio detallista,Bogotá D.C.,Valor medio-alto,8,59307.692307692305,474461.53846153844,23723.076923076922
F4LYF5IL1W,2021-03-01,Belleza y cuidado personal,Bogotá D.C.,Valor medio-alto,1,41950.0,41950.0,2097.5
F4LYF5IL1W,2021-05-01,Belleza y cuidado personal,Bogotá D.C.,Valor medio-alto,1,41950.0,41950.0,2097.5
F4PXTZW2UP,2021-02-01,Servicios,Bogotá D.C.,Valor medio-alto,5,114741.30434782608,573706.5217391304,28685.32608695652
F4PXTZW2UP,2021-03-01,Servicios,Bogotá D.C.,Valor medio-alto,13,114741.30434782608,1491636.956521739,74581.84782608696
F4PXTZW2UP,2021-04-01,Servicios,Bogotá D.C.,Valor medio-alto,1,114741.30434782608,114741.30434782608,5737.065217391304
F4PXTZW2UP,2021-05-01,Servicios,Bogotá D.C.,Valor medio-alto,4,114741.30434782608,458965.2173913043,22948.260869565216
F4T1KKA9XN,2021-03-01,Belleza y cuidado personal,Bogotá D.C.,Valor medio-alto,2,95250.0,190500.0,9525.0
F4T1KKA9XN,2021-04-01,Belleza y cuidado personal,Bogotá D.C.,Valor medio-alto,2,95250.0,190500.0,9525.0
F4U4CRZ2O8,2021-03-01,Servicios,Bogotá D.C.,Valor medio,1,2000.0,2000.0,100.0
F4YEAH3Z7Y,2021-03-01,Servicios,Bogotá D.C.,Valor medio-alto,1,1445200.0,1445200.0,72260.0
F4YEAH3Z7Y,2021-04-01,Servicios,Bogotá D.C.,Valor medio-alto,2,1445200.0,2890400.0,144520.0
F4YEAH3Z7Y,2021-05-01,Servicios,Bogotá D.C.,Valor medio-alto,2,1445200.0,2890400.0,144520.0
F4ZA8KP7VM,2021-03-01,Comercio detallista,Bogotá D.C.,Valor medio,1,1000.0,1000.0,50.0
F5T78LFMR3,2021-03-01,Alimentos y bebidas,Cali,Valor medio,1,37300.0,37300.0,1865.0
F6D1ZICKH9,2021-03-01,Servicios,Soacha,Valor medio-alto,2,334333.3333333333,668666.6666666666,33433.333333333336
F6D1ZICKH9,2021-04-01,Servicios,Soacha,Valor medio-alto,4,334333.3333333333,1337333.3333333333,66866.66666666667
F6ZTP77AIZ,2021-02-01,Comercio detallista,Bogotá D.C.,Valor medio-alto,5,422234.693877551,2111173.469387755,105558.67346938775
F6ZTP77AIZ,2021-03-01,Comercio detallista,Bogotá D.C.,Valor medio-alto,14,422234.693877551,5911285.714285715,295564.28571428574
F6ZTP77AIZ,2021-04-01,Comercio detallista,Bogotá D.C.,Valor medio-alto,17,422234.693877551,7177989.795918367,358899.48979591834
F6ZTP77AIZ,2021-05-01,Comercio detallista,Bogotá D.C.,Valor medio-alto,13,422234.693877551,5489051.020408163,274452.55102040817
F722D6SR21,2021-03-01,Alimentos y bebidas,Bogotá D.C.,Valor medio-alto,12,72790.47619047618,873485.7142857142,43674.28571428571
F722D6SR21,2021-04-01,Alimentos y bebidas,Bogotá D.C.,Valor medio-alto,23,72790.47619047618,1674180.9523809522,83709.04761904762
F722D6SR21,2021-05-01,Alimentos y bebidas,Bogotá D.C.,Valor medio-alto,28,72790.47619047618,2038133.333333333,101906.66666666666
F73JX9NLVE,2021-03-01,Comercio detallista,Bogotá D.C.,Valor medio-alto,3,66412.26666666666,199236.8,9961.84
F73JX9NLVE,2021-04-01,Comercio detallista,Bogotá D.C.,Valor medio-alto,6,66412.26666666666,398473.6,19923.68
F73JX9NLVE,2021-05-01,Comercio detallista,Bogotá D.C.,Valor medio-alto,6,66412.26666666666,398473.6,19923.68
F75XA7QS7Q,2021-03-01,Comercio detallista,Bogotá D.C.,Valor medio-alto,2,285611.8,571223.6,28561.18
F75XA7QS7Q,2021-05-01,Comercio detallista,Bogotá D.C.,Valor medio-alto,3,285611.8,856835.3999999999,42841.77
F7BQUP7JPW,2021-03-01,Comercio detallista,Jamundí,Valor medio,1,1000.0,1000.0,50.0
F8AXC45AAH,2021-03-01,Comercio detallista,Bogotá D.C.,Valor medio-alto,4,914000.0,3656000.0,182800.0
F8AXC45AAH,2021-05-01,Comercio detallista,Bogotá D.C.,Valor medio-alto,3,914000.0,2742000.0,137100.0
F8HAGY1M3T,2021-03-01,Transporte,Bogotá D.C.,Valor medio,1,1000.0,1000.0,50.0
F8NJCIP7PF,2021-03-01,Belleza y cuidado personal,Bogotá D.C.,Valor medio,1,2000.0,2000.0,100.0
F9HY0SMQ0I,2021-03-01,Comercio detallista,Bogotá D.C.,Valor medio-alto,4,627000.0,2508000.0,125400.0
F9HY0SMQ0I,2021-05-01,Comercio detallista,Bogotá D.C.,Valor medio-alto,1,627000.0,627000.0,31350.0
F9XGNG0V1A,2021-03-01,Alimentos y bebidas,Bogotá D.C.,Valor medio-alto,12,25820.2,309842.4,15492.120000000003
F9XGNG0V1A,2021-04-01,Alimentos y bebidas,Bogotá D.C.,Valor medio-alto,1,25820.2,25820.2,1291.0100000000002
F9XGNG0V1A,2021-05-01,Alimentos y bebidas,Bogotá D.C.,Valor medio-alto,2,25820.2,51640.4,2582.0200000000004
FANU36406L,2021-03-01,Belleza y cuidado personal,Cali,Valor medio,1,1000.0,1000.0,50.0
FB52A0ZCDK,2021-03-01,Comercio detallista,Bogotá D.C.,Valor medio-alto,1,101000.0,101000.0,5050.0
FB52A0ZCDK,2021-04-01,Comercio detallista,Bogotá D.C.,Valor medio-alto,1,101000.0,101000.0,5050.0
FBJ6IVKWXR,2021-02-01,Belleza y cuidado personal,Bogotá D.C.,Valor medio-alto,2,321400.0,642800.0,32140.0
FBJ6IVKWXR,2021-03-01,Belleza y cuidado personal,Bogotá D.C.,Valor medio-alto,3,321400.0,964200.0,48210.0
FBJ6IVKWXR,2021-04-01,Belleza y cuidado personal,Bogotá D.C.,Valor medio-alto,2,321400.0,642800.0,32140.0
FBJ6IVKWXR,2021-05-01,Belleza y cuidado personal,Bogotá D.C.,Valor medio-alto,3,321400.0,964200.0,48210.0
FBKB69PPPG,2021-03-01,Comercio detallista,Bogotá D.C.,Valor medio-alto,11,222545.45454545456,2448000.0,122400.0
FC0LHN3IWG,2021-03-01,Comercio detallista,Bogotá D.C.,Valor medio-alto,1,388500.0,388500.0,19425.0
FC0LHN3IWG,2021-05-01,Comercio detallista,Bogotá D.C.,Valor medio-alto,3,388500.0,1165500.0,58275.0
FCEG0KL3DY,2021-03-01,Comercio detallista,Bogotá D.C.,Valor medio-alto,2,80520.0,161040.0,8052.0
FCEG0KL3DY,2021-05-01,Comercio detallista,Bogotá D.C.,Valor medio-alto,3,80520.0,241560.0,12078.0
FCQBDFURMJ,2021-01-01,Reparación y limpieza,Bogotá D.C.,Valor medio,1,2000.0,2000.0,100.0
FCWYQHO7S6,2021-03-01,Comercio detallista,Bogotá D.C.,Valor medio-alto,2,59200.0,118400.0,5920.0
FCWYQHO7S6,2021-05-01,Comercio detallista,Bogotá D.C.,Valor medio-alto,3,59200.0,177600.0,8880.0
FD3GGEYJCJ,2021-03-01,Servicios,Bogotá D.C.,Valor medio,2,331550.0,663100.0,33155.0
FEDDGXVFDK,2021-03-01,Reparación y limpieza,Bogotá D.C.,Valor medio,1,2000.0,2000.0,100.0
FEQXJUHW78,2021-03-01,Servicios,Bogotá D.C.,Valor medio-alto,3,736280.0,2208840.0,110442.0
FEQXJUHW78,2021-04-01,Servicios,Bogotá D.C.,Valor medio-alto,2,736280.0,1472560.0,73628.0
FFC1YIU3VQ,2021-03-01,Alimentos y bebidas,Cartagena de Indias,Valor medio-alto,6,30421.428571428572,182528.57142857142,9126.42857142857
FFC1YIU3VQ,2021-04-01,Alimentos y bebidas,Cartagena de Indias,Valor medio-alto,7,30421.428571428572,212950.0,10647.5
FFC1YIU3VQ,2021-05-01,Alimentos y bebidas,Cartagena de Indias,Valor medio-alto,1,30421.428571428572,30421.428571428572,1521.0714285714287
FFKNO8PZK2,2021-03-01,Servicios,Bogotá D.C.,Valor medio-alto,2,187250.0,374500.0,18725.0
FFKNO8PZK2,2021-05-01,Servicios,Bogotá D.C.,Valor medio-alto,2,187250.0,374500.0,18725.0
FFMOTDNZHP,2021-03-01,Comercio detallista,Bogotá D.C.,Valor medio-alto,4,210675.0,842700.0,42135.0
FFMOTDNZHP,2021-05-01,Comercio detallista,Bogotá D.C.,Valor medio-alto,2,210675.0,421350.0,21067.5
FFQAVJJGFD,2021-02-01,Comercio detallista,Bogotá D.C.,Valor medio-alto,10,142894.73684210525,1428947.3684210526,71447.36842105263
FFQAVJJGFD,2021-03-01,Comercio detallista,Bogotá D.C.,Valor medio-alto,5,142894.73684210525,714473.6842105263,35723.68421052631
FFQAVJJGFD,2021-04-01,Comercio detallista,Bogotá D.C.,Valor medio-alto,2,142894.73684210525,285789.4736842105,14289.473684210527
FFQAVJJGFD,2021-05-01,Comercio detallista,Bogotá D.C.,Valor medio-alto,2,142894.73684210525,285789.4736842105,14289.473684210527
FG57OU2ZPC,2021-03-01,Comercio detallista,Bogotá D.C.,Valor medio-alto,6,389076.92307692306,2334461.5384615385,116723.07692307694
FG57OU2ZPC,2021-04-01,Comercio detallista,Bogotá D.C.,Valor medio-alto,5,389076.92307692306,1945384.6153846153,97269.23076923077
FG57OU2ZPC,2021-05-01,Comercio detallista,Bogotá D.C.,Valor medio-alto,2,389076.92307692306,778153.8461538461,38907.692307692305
FGO2HO4L13,2021-03-01,Comercio detallista,Mosquera,Valor medio-alto,2,46701.92307692308,93403.84615384616,4670.192307692308
FGO2HO4L13,2021-04-01,Comercio detallista,Mosquera,Valor medio-alto,21,46701.92307692308,980740.3846153846,49037.019230769234
FGO2HO4L13,2021-05-01,Comercio detallista,Mosquera,Valor medio-alto,29,46701.92307692308,1354355.7692307692,67717.78846153847
FGYA4UDUIC,2021-02-01,Comercio detallista,Bogotá D.C.,Valor medio-alto,2,831800.0,1663600.0,83180.0
FGYA4UDUIC,2021-03-01,Comercio detallista,Bogotá D.C.,Valor medio-alto,3,831800.0,2495400.0,124770.0
FGYA4UDUIC,2021-04-01,Comercio detallista,Bogotá D.C.,Valor medio-alto,5,831800.0,4159000.0,207950.0
FGYA4UDUIC,2021-05-01,Comercio detallista,Bogotá D.C.,Valor medio-alto,3,831800.0,2495400.0,124770.0
FH6RBOL8YH,2021-03-01,Comercio detallista,Bogotá D.C.,Valor medio-alto,5,192714.2857142857,963571.4285714285,48178.57142857143
FH6RBOL8YH,2021-05-01,Comercio detallista,Bogotá D.C.,Valor medio-alto,2,192714.2857142857,385428.5714285714,19271.428571428572
FI60BTVXQO,2021-03-01,Comercio detallista,Bogotá D.C.,Valor medio-alto,8,28400.0,227200.0,11360.0
FI60BTVXQO,2021-04-01,Comercio detallista,Bogotá D.C.,Valor medio-alto,2,28400.0,56800.0,2840.0
FI60BTVXQO,2021-05-01,Comercio detallista,Bogotá D.C.,Valor medio-alto,6,28400.0,170400.0,8520.0
FIFPQ97TZF,2021-03-01,Servicios,Bogotá D.C.,Valor medio-alto,1,72050.0,72050.0,3602.5
FIFPQ97TZF,2021-05-01,Servicios,Bogotá D.C.,Valor medio-alto,1,72050.0,72050.0,3602.5
FIOD75I5A0,2021-02-01,Servicios,Bogotá D.C.,Valor medio-alto,2,253200.0,506400.0,25320.0
FIOD75I5A0,2021-03-01,Servicios,Bogotá D.C.,Valor medio-alto,5,253200.0,1266000.0,63300.0
FIOD75I5A0,2021-04-01,Servicios,Bogotá D.C.,Valor medio-alto,2,253200.0,506400.0,25320.0
FIOD75I5A0,2021-05-01,Servicios,Bogotá D.C.,Valor medio-alto,1,253200.0,253200.0,12660.0
FJC23764Z5,2021-03-01,Alimentos y bebidas,Mosquera,Valor medio-alto,15,39760.550458715596,596408.2568807339,29820.412844036695
FJC23764Z5,2021-04-01,Alimentos y bebidas,Mosquera,Valor medio-alto,76,39760.550458715596,3021801.8348623854,151090.09174311926
FJC23764Z5,2021-05-01,Alimentos y bebidas,Mosquera,Valor medio-alto,127,39760.550458715596,5049589.908256881,252479.49541284406
FJHXXQGBT8,2021-03-01,Comercio detallista,Bogotá D.C.,Valor medio-alto,9,278153.8461538461,2503384.615384615,125169.23076923075
FJHXXQGBT8,2021-04-01,Comercio detallista,Bogotá D.C.,Valor medio-alto,6,278153.8461538461,1668923.0769230768,83446.15384615384
FJHXXQGBT8,2021-05-01,Comercio detallista,Bogotá D.C.,Valor medio-alto,11,278153.8461538461,3059692.3076923075,152984.61538461538
FJJ4XSRBMN,2021-03-01,Comercio detallista,Bogotá D.C.,Valor medio-alto,16,80735.55555555556,1291768.888888889,64588.44444444445
FJJ4XSRBMN,2021-04-01,Comercio detallista,Bogotá D.C.,Valor medio-alto,10,80735.55555555556,807355.5555555556,40367.77777777778
FJJ4XSRBMN,2021-05-01,Comercio detallista,Bogotá D.C.,Valor medio-alto,19,80735.55555555556,1533975.5555555557,76698.7777777778
FJTLHFGLYG,2021-02-01,Servicios,Bogotá D.C.,Valor medio,4,141331.25,565325.0,28266.25
FJUSIAAVPV,2021-03-01,Belleza y cuidado personal,Chía,Valor medio-alto,5,129363.63636363637,646818.1818181819,32340.909090909096
FJUSIAAVPV,2021-04-01,Belleza y cuidado personal,Chía,Valor medio-alto,2,129363.63636363637,258727.27272727274,12936.363636363638
FJUSIAAVPV,2021-05-01,Belleza y cuidado personal,Chía,Valor medio-alto,4,129363.63636363637,517454.54545454547,25872.727272727276
FJVYT26EK5,2021-02-01,Servicios,Bogotá D.C.,Valor medio-alto,2,322750.0,645500.0,32275.0
FJVYT26EK5,2021-03-01,Servicios,Bogotá D.C.,Valor medio-alto,3,322750.0,968250.0,48412.5
FJVYT26EK5,2021-04-01,Servicios,Bogotá D.C.,Valor medio-alto,1,322750.0,322750.0,16137.5
FJVYT26EK5,2021-05-01,Servicios,Bogotá D.C.,Valor medio-alto,2,322750.0,645500.0,32275.0
FK3706XIAS,2021-03-01,Alimentos y bebidas,Bogotá D.C.,Valor medio-alto,6,22071.02564102564,132426.15384615384,6621.307692307692
FK3706XIAS,2021-04-01,Alimentos y bebidas,Bogotá D.C.,Valor medio-alto,28,22071.02564102564,617988.717948718,30899.435897435902
FK3706XIAS,2021-05-01,Alimentos y bebidas,Bogotá D.C.,Valor medio-alto,5,22071.02564102564,110355.1282051282,5517.75641025641
FK8ABUXXDQ,2021-02-01,Servicios,Bogotá D.C.,Valor medio-alto,2,189250.0,378500.0,18925.0
FK8ABUXXDQ,2021-03-01,Servicios,Bogotá D.C.,Valor medio-alto,3,189250.0,567750.0,28387.5
FK8ABUXXDQ,2021-04-01,Servicios,Bogotá D.C.,Valor medio-alto,1,189250.0,189250.0,9462.5
FK8ABUXXDQ,2021-05-01,Servicios,Bogotá D.C.,Valor medio-alto,2,189250.0,378500.0,18925.0
FKFNRB72EI,2021-03-01,Comercio detallista,Bogotá D.C.,Valor medio-alto,5,102335.29411764706,511676.4705882353,25583.823529411766
FKFNRB72EI,2021-04-01,Comercio detallista,Bogotá D.C.,Valor medio-alto,17,102335.29411764706,1739700.0,86985.0
FKFNRB72EI,2021-05-01,Comercio detallista,Bogotá D.C.,Valor medio-alto,29,102335.29411764706,2967723.529411765,148386.17647058825
FKQE85D0I7,2021-01-01,Servicios,Bogotá D.C.,Valor medio,1,2333.3333333333335,2333.3333333333335,116.66666666666669
FKQE85D0I7,2021-04-01,Servicios,Bogotá D.C.,Valor medio,1,2333.3333333333335,2333.3333333333335,116.66666666666669
FKQE85D0I7,2021-05-01,Servicios,Bogotá D.C.,Valor medio,1,2333.3333333333335,2333.3333333333335,116.66666666666669
FM2SKSM5B7,2021-03-01,Comercio detallista,Bogotá D.C.,Valor medio-alto,4,628500.0,2514000.0,125700.0
FNFUGKFNEQ,2021-03-01,Servicios,Bogotá D.C.,Valor medio,2,178500.0,357000.0,17850.0
FO5T3MO1UN,2021-03-01,Comercio detallista,Bogotá D.C.,Valor medio-alto,5,102028.57142857143,510142.85714285716,25507.14285714286
FO5T3MO1UN,2021-04-01,Comercio detallista,Bogotá D.C.,Valor medio-alto,15,102028.57142857143,1530428.5714285716,76521.42857142858
FO5T3MO1UN,2021-05-01,Comercio detallista,Bogotá D.C.,Valor medio-alto,15,102028.57142857143,1530428.5714285716,76521.42857142858
FO8QNFT2YH,2021-03-01,Comercio detallista,Cali,Valor medio-alto,8,126066.66666666667,1008533.3333333334,50426.66666666667
FO8QNFT2YH,2021-04-01,Comercio detallista,Cali,Valor medio-alto,4,126066.66666666667,504266.6666666667,25213.333333333336
FO8QNFT2YH,2021-05-01,Comercio detallista,Cali,Valor medio-alto,3,126066.66666666667,378200.0,18910.0
FOVRMI1PHP,2021-02-01,Comercio detallista,Bogotá D.C.,Valor medio-alto,2,214000.0,428000.0,21400.0
FOVRMI1PHP,2021-03-01,Comercio detallista,Bogotá D.C.,Valor medio-alto,1,214000.0,214000.0,10700.0
FPXQWSMGNE,2021-03-01,Transporte,Cali,Valor medio-alto,5,92444.44444444444,462222.2222222222,23111.11111111111
FPXQWSMGNE,2021-04-01,Transporte,Cali,Valor medio-alto,4,92444.44444444444,369777.77777777775,18488.888888888887
FQBF8ZOQU2,2021-02-01,Comercio detallista,Cali,Valor medio,2,394275.0,788550.0,39427.5
FQIS424CAX,2021-03-01,Comercio detallista,Melgar,Valor medio-alto,1,97250.0,97250.0,4862.5
FQIS424CAX,2021-04-01,Comercio detallista,Melgar,Valor medio-alto,1,97250.0,97250.0,4862.5
FR7CKPN2AY,2021-03-01,Comercio detallista,Madrid,Valor medio-alto,3,120263.15789473684,360789.4736842105,18039.473684210527
FR7CKPN2AY,2021-04-01,Comercio detallista,Madrid,Valor medio-alto,4,120263.15789473684,481052.63157894736,24052.63157894737
FR7CKPN2AY,2021-05-01,Comercio detallista,Madrid,Valor medio-alto,12,120263.15789473684,1443157.894736842,72157.8947368421
FRY1NREVPW,2021-02-01,Comercio detallista,Bogotá D.C.,Valor medio-alto,24,117571.42857142857,2821714.2857142854,141085.7142857143
FRY1NREVPW,2021-03-01,Comercio detallista,Bogotá D.C.,Valor medio-alto,18,117571.42857142857,2116285.714285714,105814.28571428571
FRY1NREVPW,2021-04-01,Comercio detallista,Bogotá D.C.,Valor medio-alto,14,117571.42857142857,1646000.0,82300.0
FRY1NREVPW,2021-05-01,Comercio detallista,Bogotá D.C.,Valor medio-alto,14,117571.42857142857,1646000.0,82300.0
FS4EQWAPYF,2021-02-01,Comercio detallista,Bogotá D.C.,Valor medio-alto,2,329200.0,658400.0,32920.0
FS4EQWAPYF,2021-03-01,Comercio detallista,Bogotá D.C.,Valor medio-alto,4,329200.0,1316800.0,65840.0
FS4EQWAPYF,2021-04-01,Comercio detallista,Bogotá D.C.,Valor medio-alto,2,329200.0,658400.0,32920.0
FS4EQWAPYF,2021-05-01,Comercio detallista,Bogotá D.C.,Valor medio-alto,2,329200.0,658400.0,32920.0
FSMQVQ959E,2021-02-01,Comercio detallista,Bogotá D.C.,Valor medio-alto,14,539479.7101449275,7552715.942028984,377635.7971014492
FSMQVQ959E,2021-03-01,Comercio detallista,Bogotá D.C.,Valor medio-alto,27,539479.7101449275,14565952.173913043,728297.6086956522
FSMQVQ959E,2021-04-01,Comercio detallista,Bogotá D.C.,Valor medio-alto,8,539479.7101449275,4315837.68115942,215791.884057971
FSMQVQ959E,2021-05-01,Comercio detallista,Bogotá D.C.,Valor medio-alto,20,539479.7101449275,10789594.20289855,539479.7101449276
FSYC81RODK,2021-03-01,Comercio detallista,Bogotá D.C.,Valor medio-alto,5,340750.0,1703750.0,85187.5
FSYC81RODK,2021-04-01,Comercio detallista,Bogotá D.C.,Valor medio-alto,3,340750.0,1022250.0,51112.5
FSYC81RODK,2021-05-01,Comercio detallista,Bogotá D.C.,Valor medio-alto,8,340750.0,2726000.0,136300.0
FTEV7CNGZH,2021-03-01,Transporte,Cali,Valor medio,1,1000.0,1000.0,50.0
FTLLTXDSFC,2021-03-01,Comercio detallista,Bogotá D.C.,Valor medio-alto,2,224625.0,449250.0,22462.5
FTLLTXDSFC,2021-04-01,Comercio detallista,Bogotá D.C.,Valor medio-alto,5,224625.0,1123125.0,56156.25
FTLLTXDSFC,2021-05-01,Comercio detallista,Bogotá D.C.,Valor medio-alto,1,224625.0,224625.0,11231.25
FTSS1Y19KR,2021-03-01,Comercio detallista,Bogotá D.C.,Valor medio,1,174570.5882352941,174570.5882352941,8728.529411764704
FU0HX0T0MM,2021-02-01,Comercio detallista,Bogotá D.C.,Valor medio-alto,4,316529.4117647059,1266117.6470588236,63305.88235294118
FU0HX0T0MM,2021-03-01,Comercio detallista,Bogotá D.C.,Valor medio-alto,5,316529.4117647059,1582647.0588235296,79132.35294117649
FU0HX0T0MM,2021-04-01,Comercio detallista,Bogotá D.C.,Valor medio-alto,3,316529.4117647059,949588.2352941177,47479.41176470589
FU0HX0T0MM,2021-05-01,Comercio detallista,Bogotá D.C.,Valor medio-alto,5,316529.4117647059,1582647.0588235296,79132.35294117649
FUSFJMY7YR,2021-02-01,Comercio detallista,Bogotá D.C.,Valor medio-alto,11,283515.625,3118671.875,155933.59375
FUSFJMY7YR,2021-03-01,Comercio detallista,Bogotá D.C.,Valor medio-alto,27,283515.625,7654921.875,382746.09375
FUSFJMY7YR,2021-04-01,Comercio detallista,Bogotá D.C.,Valor medio-alto,15,283515.625,4252734.375,212636.71875
FUSFJMY7YR,2021-05-01,Comercio detallista,Bogotá D.C.,Valor medio-alto,11,283515.625,3118671.875,155933.59375
FV8PDZRSV3,2021-03-01,Comercio detallista,Bogotá D.C.,Valor medio-alto,6,302075.0,1812450.0,90622.5
FV8PDZRSV3,2021-04-01,Comercio detallista,Bogotá D.C.,Valor medio-alto,14,302075.0,4229050.0,211452.5
FV8PDZRSV3,2021-05-01,Comercio detallista,Bogotá D.C.,Valor medio-alto,20,302075.0,6041500.0,302075.0
FVBSSWB1AX,2021-03-01,Transporte,Bogotá D.C.,Valor medio-alto,1,191166.66666666666,191166.66666666666,9558.333333333334
FVBSSWB1AX,2021-04-01,Transporte,Bogotá D.C.,Valor medio-alto,3,191166.66666666666,573500.0,28675.0
FVBSSWB1AX,2021-05-01,Transporte,Bogotá D.C.,Valor medio-alto,2,191166.66666666666,382333.3333333333,19116.666666666668
FVRXQ5DQFF,2021-03-01,Servicios,Bogotá D.C.,Valor medio,2,6000.0,12000.0,600.0
FVUFF7KV8L,2021-02-01,Comercio detallista,Bogotá D.C.,Valor medio-alto,2,190666.66666666666,381333.3333333333,19066.666666666668
FVUFF7KV8L,2021-03-01,Comercio detallista,Bogotá D.C.,Valor medio-alto,1,190666.66666666666,190666.66666666666,9533.333333333334
FVXU7DOAQK,2021-02-01,Comercio detallista,Soacha,Valor medio-alto,3,328400.0,985200.0,49260.0
FVXU7DOAQK,2021-04-01,Comercio detallista,Soacha,Valor medio-alto,2,328400.0,656800.0,32840.0
FW7T3M427D,2021-03-01,Comercio detallista,Girardot,Valor medio-alto,4,122508.33333333333,490033.3333333333,24501.666666666668
FW7T3M427D,2021-04-01,Comercio detallista,Girardot,Valor medio-alto,7,122508.33333333333,857558.3333333333,42877.916666666664
FW7T3M427D,2021-05-01,Comercio detallista,Girardot,Valor medio-alto,1,122508.33333333333,122508.33333333333,6125.416666666667
FWPF0OA196,2021-02-01,Comercio detallista,Soacha,Valor medio-alto,5,251606.76470588235,1258033.8235294118,62901.691176470595
FWPF0OA196,2021-03-01,Comercio detallista,Soacha,Valor medio-alto,5,251606.76470588235,1258033.8235294118,62901.691176470595
FWPF0OA196,2021-04-01,Comercio detallista,Soacha,Valor medio-alto,9,251606.76470588235,2264460.882352941,113223.04411764706
FWPF0OA196,2021-05-01,Comercio detallista,Soacha,Valor medio-alto,15,251606.76470588235,3774101.470588235,188705.07352941178
FWYXQ49Q0N,2021-02-01,Servicios,Bogotá D.C.,Valor medio-alto,3,80946.42857142857,242839.28571428568,12141.964285714284
FWYXQ49Q0N,2021-03-01,Servicios,Bogotá D.C.,Valor medio-alto,3,80946.42857142857,242839.28571428568,12141.964285714284
FWYXQ49Q0N,2021-04-01,Servicios,Bogotá D.C.,Valor medio-alto,1,80946.42857142857,80946.42857142857,4047.3214285714284
FWYXQ49Q0N,2021-05-01,Servicios,Bogotá D.C.,Valor medio-alto,7,80946.42857142857,566625.0,28331.25
FXT7JE9DU9,2021-01-01,Comercio detallista,Bogotá D.C.,Valor medio,2,26000.0,52000.0,2600.0
FYE81CLSA9,2021-03-01,Comercio detallista,Bogotá D.C.,Valor medio,4,251500.0,1006000.0,50300.0
FYZFSM7VXF,2021-03-01,Servicios,Bogotá D.C.,Valor medio-alto,1,330583.3333333333,330583.3333333333,16529.166666666668
FYZFSM7VXF,2021-04-01,Servicios,Bogotá D.C.,Valor medio-alto,1,330583.3333333333,330583.3333333333,16529.166666666668
FYZFSM7VXF,2021-05-01,Servicios,Bogotá D.C.,Valor medio-alto,1,330583.3333333333,330583.3333333333,16529.166666666668
G08VZHDYJE,2021-03-01,Comercio detallista,Bogotá D.C.,Valor medio-alto,7,321500.0,2250500.0,112525.0
G08VZHDYJE,2021-04-01,Comercio detallista,Bogotá D.C.,Valor medio-alto,2,321500.0,643000.0,32150.0
G08VZHDYJE,2021-05-01,Comercio detallista,Bogotá D.C.,Valor medio-alto,7,321500.0,2250500.0,112525.0
G0A5P3W7EJ,2021-03-01,Servicios,Bogotá D.C.,Valor medio-alto,14,293990.32258064515,4115864.5161290322,205793.22580645164
G0A5P3W7EJ,2021-04-01,Servicios,Bogotá D.C.,Valor medio-alto,10,293990.32258064515,2939903.2258064514,146995.16129032258
G0A5P3W7EJ,2021-05-01,Servicios,Bogotá D.C.,Valor medio-alto,7,293990.32258064515,2057932.2580645161,102896.61290322582
G0NZ7AKQWZ,2021-03-01,Belleza y cuidado personal,Bogotá D.C.,Valor medio,1,41000.0,41000.0,2050.0
G0NZ7AKQWZ,2021-04-01,Belleza y cuidado personal,Bogotá D.C.,Valor medio,1,41000.0,41000.0,2050.0
G18K4S9AE6,2021-03-01,Alimentos y bebidas,Villa de San Diego de Ubate,Valor medio-alto,15,50222.985074626864,753344.776119403,37667.23880597015
G18K4S9AE6,2021-04-01,Alimentos y bebidas,Villa de San Diego de Ubate,Valor medio-alto,22,50222.985074626864,1104905.671641791,55245.283582089556
G18K4S9AE6,2021-05-01,Alimentos y bebidas,Villa de San Diego de Ubate,Valor medio-alto,30,50222.985074626864,1506689.552238806,75334.4776119403
G1AHQ45OSZ,2021-03-01,Comercio detallista,Funza,Valor medio-alto,4,53403.846153846156,213615.38461538462,10680.769230769232
G1AHQ45OSZ,2021-05-01,Comercio detallista,Funza,Valor medio-alto,9,53403.846153846156,480634.6153846154,24031.73076923077
G28MIX9ZQR,2021-03-01,Servicios,Bogotá D.C.,Valor medio,2,2000.0,4000.0,200.0
G301LS4PKP,2021-03-01,Comercio detallista,Bogotá D.C.,Valor medio-alto,1,23500.0,23500.0,1175.0
G301LS4PKP,2021-05-01,Comercio detallista,Bogotá D.C.,Valor medio-alto,3,23500.0,70500.0,3525.0
G3FILP74GH,2021-02-01,Comercio detallista,Bogotá D.C.,Valor medio-alto,2,54153.846153846156,108307.69230769231,5415.384615384616
G3FILP74GH,2021-03-01,Comercio detallista,Bogotá D.C.,Valor medio-alto,10,54153.846153846156,541538.4615384615,27076.923076923078
G3FILP74GH,2021-04-01,Comercio detallista,Bogotá D.C.,Valor medio-alto,1,54153.846153846156,54153.846153846156,2707.692307692308
G4OZ617G9J,2021-03-01,Comercio detallista,Bogotá D.C.,Valor medio-alto,1,108600.0,108600.0,5430.0
G4OZ617G9J,2021-04-01,Comercio detallista,Bogotá D.C.,Valor medio-alto,2,108600.0,217200.0,10860.0
G4OZ617G9J,2021-05-01,Comercio detallista,Bogotá D.C.,Valor medio-alto,2,108600.0,217200.0,10860.0
G5IEN4ASKV,2021-02-01,Comercio detallista,Bogotá D.C.,Valor medio-alto,2,974222.2222222222,1948444.4444444445,97422.22222222223
G5IEN4ASKV,2021-03-01,Comercio detallista,Bogotá D.C.,Valor medio-alto,5,974222.2222222222,4871111.111111111,243555.55555555556
G5IEN4ASKV,2021-05-01,Comercio detallista,Bogotá D.C.,Valor medio-alto,2,974222.2222222222,1948444.4444444445,97422.22222222223
G5VCV8AR5V,2021-03-01,Comercio detallista,Bogotá D.C.,Valor medio-alto,4,109200.0,436800.0,21840.0
G5VCV8AR5V,2021-04-01,Comercio detallista,Bogotá D.C.,Valor medio-alto,3,109200.0,327600.0,16380.0
G5VCV8AR5V,2021-05-01,Comercio detallista,Bogotá D.C.,Valor medio-alto,3,109200.0,327600.0,16380.0
G6R4ND7X8B,2021-03-01,Servicios,Bogotá D.C.,Valor medio,3,2333.3333333333335,7000.0,350.0
G737J22K0J,2021-03-01,Belleza y cuidado personal,Chía,Valor medio,1,24250.0,24250.0,1212.5
G737J22K0J,2021-04-01,Belleza y cuidado personal,Chía,Valor medio,1,24250.0,24250.0,1212.5
G7BOB7ZEHG,2021-02-01,Alimentos y bebidas,Cúcuta,Valor medio-alto,2,145372.5,290745.0,14537.25
G7BOB7ZEHG,2021-03-01,Alimentos y bebidas,Cúcuta,Valor medio-alto,4,145372.5,581490.0,29074.5
G7BOB7ZEHG,2021-04-01,Alimentos y bebidas,Cúcuta,Valor medio-alto,6,145372.5,872235.0,43611.75
G7BOB7ZEHG,2021-05-01,Alimentos y bebidas,Cúcuta,Valor medio-alto,4,145372.5,581490.0,29074.5
G7LQ8S77WE,2021-03-01,Belleza y cuidado personal,Bogotá D.C.,Valor medio-alto,3,97380.0,292140.0,14607.0
G7LQ8S77WE,2021-05-01,Belleza y cuidado personal,Bogotá D.C.,Valor medio-alto,2,97380.0,194760.0,9738.0
G822CJSJZX,2021-03-01,Comercio detallista,Villa de San Diego de Ubate,Valor medio-alto,5,196521.05263157896,982605.2631578948,49130.26315789475
G822CJSJZX,2021-04-01,Comercio detallista,Villa de San Diego de Ubate,Valor medio-alto,4,196521.05263157896,786084.2105263158,39304.210526315794
G822CJSJZX,2021-05-01,Comercio detallista,Villa de San Diego de Ubate,Valor medio-alto,10,196521.05263157896,1965210.5263157897,98260.5263157895
G858XO8SKC,2021-02-01,Alimentos y bebidas,Zipaquirá,Valor medio-alto,11,33121.476510067114,364336.2416107383,18216.812080536914
G858XO8SKC,2021-03-01,Alimentos y bebidas,Zipaquirá,Valor medio-alto,41,33121.476510067114,1357980.5369127516,67899.02684563758
G858XO8SKC,2021-04-01,Alimentos y bebidas,Zipaquirá,Valor medio-alto,35,33121.476510067114,1159251.677852349,57962.58389261745
G858XO8SKC,2021-05-01,Alimentos y bebidas,Zipaquirá,Valor medio-alto,62,33121.476510067114,2053531.543624161,102676.57718120806
G8EQL5ZPM6,2021-03-01,Servicios,Bogotá D.C.,Valor medio-alto,6,30285.714285714286,181714.2857142857,9085.714285714286
G8EQL5ZPM6,2021-05-01,Servicios,Bogotá D.C.,Valor medio-alto,1,30285.714285714286,30285.714285714286,1514.2857142857144
G8EY07DH65,2021-03-01,Comercio detallista,Soacha,Valor medio-alto,2,728571.4285714285,1457142.857142857,72857.14285714286
G8EY07DH65,2021-04-01,Comercio detallista,Soacha,Valor medio-alto,3,728571.4285714285,2185714.2857142854,109285.71428571428
G8EY07DH65,2021-05-01,Comercio detallista,Soacha,Valor medio-alto,2,728571.4285714285,1457142.857142857,72857.14285714286
G8TB2Q7W39,2021-03-01,Alimentos y bebidas,Bogotá D.C.,Valor medio-alto,6,112662.64705882352,675975.8823529412,33798.79411764706
G8TB2Q7W39,2021-04-01,Alimentos y bebidas,Bogotá D.C.,Valor medio-alto,2,112662.64705882352,225325.29411764705,11266.264705882353
G8TB2Q7W39,2021-05-01,Alimentos y bebidas,Bogotá D.C.,Valor medio-alto,9,112662.64705882352,1013963.8235294117,50698.19117647059
G8X8OEU1T6,2021-03-01,Alimentos y bebidas,Bogotá D.C.,Valor medio-alto,5,114236.84210526316,571184.2105263158,28559.210526315794
G8X8OEU1T6,2021-04-01,Alimentos y bebidas,Bogotá D.C.,Valor medio-alto,5,114236.84210526316,571184.2105263158,28559.210526315794
G8X8OEU1T6,2021-05-01,Alimentos y bebidas,Bogotá D.C.,Valor medio-alto,28,114236.84210526316,3198631.5789473685,159931.57894736843
G9ICNAON6S,2021-03-01,Comercio detallista,Bogotá D.C.,Valor medio-alto,2,139000.0,278000.0,13900.0
G9ICNAON6S,2021-05-01,Comercio detallista,Bogotá D.C.,Valor medio-alto,3,139000.0,417000.0,20850.0
GBKJRFA9GA,2021-01-01,Servicios,Bogotá D.C.,Valor medio-alto,3,1046600.0,3139800.0,156990.0
GBKJRFA9GA,2021-02-01,Servicios,Bogotá D.C.,Valor medio-alto,1,1046600.0,1046600.0,52330.0
GBKJRFA9GA,2021-05-01,Servicios,Bogotá D.C.,Valor medio-alto,1,1046600.0,1046600.0,52330.0
GC69XS8G7O,2021-03-01,Alimentos y bebidas,Cajicá,Valor medio-alto,2,38852.94117647059,77705.88235294117,3885.294117647059
GC69XS8G7O,2021-04-01,Alimentos y bebidas,Cajicá,Valor medio-alto,19,38852.94117647059,738205.8823529412,36910.29411764706
GC69XS8G7O,2021-05-01,Alimentos y bebidas,Cajicá,Valor medio-alto,13,38852.94117647059,505088.23529411765,25254.411764705885
GCJ0YNEHWC,2021-01-01,Comercio detallista,Bogotá D.C.,Valor medio-alto,3,325200.0,975600.0,48780.0
GCJ0YNEHWC,2021-02-01,Comercio detallista,Bogotá D.C.,Valor medio-alto,3,325200.0,975600.0,48780.0
GCJ0YNEHWC,2021-03-01,Comercio detallista,Bogotá D.C.,Valor medio-alto,5,325200.0,1626000.0,81300.0
GCJ0YNEHWC,2021-04-01,Comercio detallista,Bogotá D.C.,Valor medio-alto,4,325200.0,1300800.0,65040.0
GCJ0YNEHWC,2021-05-01,Comercio detallista,Bogotá D.C.,Valor medio-alto,5,325200.0,1626000.0,81300.0
GD041IMJPO,2021-01-01,Belleza y cuidado personal,Pereira,Valor medio-alto,6,41214.28571428572,247285.71428571432,12364.285714285717
GD041IMJPO,2020-12-01,Belleza y cuidado personal,Pereira,Valor medio-alto,1,41214.28571428572,41214.28571428572,2060.714285714286
GD041IMJPO,2021-02-01,Belleza y cuidado personal,Pereira,Valor medio-alto,9,41214.28571428572,370928.5714285715,18546.428571428576
GD041IMJPO,2021-03-01,Belleza y cuidado personal,Pereira,Valor medio-alto,14,41214.28571428572,577000.0,28850.0
GD041IMJPO,2021-04-01,Belleza y cuidado personal,Pereira,Valor medio-alto,9,41214.28571428572,370928.5714285715,18546.428571428576
GD041IMJPO,2021-05-01,Belleza y cuidado personal,Pereira,Valor medio-alto,3,41214.28571428572,123642.85714285716,6182.142857142859
GDIXTK157P,2021-03-01,Alimentos y bebidas,Sibaté,Valor medio-alto,5,57450.0,287250.0,14362.5
GDIXTK157P,2021-04-01,Alimentos y bebidas,Sibaté,Valor medio-alto,6,57450.0,344700.0,17235.0
GDIXTK157P,2021-05-01,Alimentos y bebidas,Sibaté,Valor medio-alto,6,57450.0,344700.0,17235.0
GEP4V08P37,2021-03-01,Comercio detallista,Bogotá D.C.,Valor medio-alto,18,275116.0714285714,4952089.285714285,247604.4642857143
GEP4V08P37,2021-04-01,Comercio detallista,Bogotá D.C.,Valor medio-alto,10,275116.0714285714,2751160.714285714,137558.0357142857
GEP4V08P37,2021-05-01,Comercio detallista,Bogotá D.C.,Valor medio-alto,28,275116.0714285714,7703250.0,385162.5
GF1NR1ZF4E,2021-03-01,Comercio detallista,Bogotá D.C.,Valor medio-alto,4,525428.5714285715,2101714.285714286,105085.7142857143
GF1NR1ZF4E,2021-04-01,Comercio detallista,Bogotá D.C.,Valor medio-alto,12,525428.5714285715,6305142.857142858,315257.14285714296
GF1NR1ZF4E,2021-05-01,Comercio detallista,Bogotá D.C.,Valor medio-alto,5,525428.5714285715,2627142.8571428573,131357.14285714287
GHD37A8CA2,2021-03-01,Alimentos y bebidas,Soacha,Valor medio-alto,4,43470.58823529412,173882.35294117648,8694.117647058823
GHD37A8CA2,2021-04-01,Alimentos y bebidas,Soacha,Valor medio-alto,13,43470.58823529412,565117.6470588235,28255.882352941175
GHD37A8CA2,2021-05-01,Alimentos y bebidas,Soacha,Valor medio-alto,17,43470.58823529412,739000.0,36950.0
GHG4VUOWS6,2021-01-01,Comercio detallista,Medellín,Valor medio-alto,3,131363.63636363635,394090.90909090906,19704.545454545456
GHG4VUOWS6,2021-02-01,Comercio detallista,Medellín,Valor medio-alto,2,131363.63636363635,262727.2727272727,13136.363636363636
GHG4VUOWS6,2021-04-01,Comercio detallista,Medellín,Valor medio-alto,1,131363.63636363635,131363.63636363635,6568.181818181818
GHG4VUOWS6,2021-05-01,Comercio detallista,Medellín,Valor medio-alto,5,131363.63636363635,656818.1818181818,32840.90909090909
GHG6FIM7TX,2021-03-01,Transporte,Cali,Valor medio-alto,1,2620200.0,2620200.0,131010.0
GHG6FIM7TX,2021-05-01,Transporte,Cali,Valor medio-alto,4,2620200.0,10480800.0,524040.0
GHQ1IFZGA7,2021-02-01,Servicios,Bogotá D.C.,Valor medio-alto,2,96652.17391304347,193304.34782608695,9665.217391304348
GHQ1IFZGA7,2021-03-01,Servicios,Bogotá D.C.,Valor medio-alto,8,96652.17391304347,773217.3913043478,38660.86956521739
GHQ1IFZGA7,2021-04-01,Servicios,Bogotá D.C.,Valor medio-alto,6,96652.17391304347,579913.0434782609,28995.652173913044
GHQ1IFZGA7,2021-05-01,Servicios,Bogotá D.C.,Valor medio-alto,7,96652.17391304347,676565.2173913043,33828.260869565216
GILZD9EJ9U,2021-03-01,Servicios,Bogotá D.C.,Valor medio-alto,1,272000.0,272000.0,13600.0
GILZD9EJ9U,2021-04-01,Servicios,Bogotá D.C.,Valor medio-alto,1,272000.0,272000.0,13600.0
GILZD9EJ9U,2021-05-01,Servicios,Bogotá D.C.,Valor medio-alto,5,272000.0,1360000.0,68000.0
GIOKELHOIV,2021-02-01,Comercio detallista,Soacha,Valor medio-alto,1,146100.0,146100.0,7305.0
GIOKELHOIV,2021-04-01,Comercio detallista,Soacha,Valor medio-alto,3,146100.0,438300.0,21915.0
GIOKELHOIV,2021-05-01,Comercio detallista,Soacha,Valor medio-alto,6,146100.0,876600.0,43830.0
GIWJ54GLB1,2021-03-01,Comercio detallista,Bogotá D.C.,Valor medio-alto,4,103533.0,414132.0,20706.600000000002
GIWJ54GLB1,2021-04-01,Comercio detallista,Bogotá D.C.,Valor medio-alto,5,103533.0,517665.0,25883.25
GIWJ54GLB1,2021-05-01,Comercio detallista,Bogotá D.C.,Valor medio-alto,1,103533.0,103533.0,5176.650000000001
GJFWM7F9UW,2021-03-01,Comercio detallista,Bogotá D.C.,Valor medio-alto,4,121080.0,484320.0,24216.0
GJFWM7F9UW,2021-04-01,Comercio detallista,Bogotá D.C.,Valor medio-alto,1,121080.0,121080.0,6054.0
GJRT4ZDJ5I,2021-02-01,Reparación y limpieza,Soacha,Valor medio-alto,3,638744.1176470588,1916232.3529411764,95811.61764705883
GJRT4ZDJ5I,2021-03-01,Reparación y limpieza,Soacha,Valor medio-alto,1,638744.1176470588,638744.1176470588,31937.20588235294
GJRT4ZDJ5I,2021-04-01,Reparación y limpieza,Soacha,Valor medio-alto,7,638744.1176470588,4471208.823529411,223560.44117647057
GJRT4ZDJ5I,2021-05-01,Reparación y limpieza,Soacha,Valor medio-alto,6,638744.1176470588,3832464.705882353,191623.23529411765
GJUJ26ZW5G,2021-03-01,Comercio detallista,Bogotá D.C.,Valor medio-alto,7,606715.9090909091,4247011.363636363,212350.56818181818
GJUJ26ZW5G,2021-04-01,Comercio detallista,Bogotá D.C.,Valor medio-alto,9,606715.9090909091,5460443.181818182,273022.1590909091
GJUJ26ZW5G,2021-05-01,Comercio detallista,Bogotá D.C.,Valor medio-alto,6,606715.9090909091,3640295.454545454,182014.7727272727
GK22F2OZ9Y,2021-03-01,Comercio detallista,Bogotá D.C.,Valor medio-alto,2,75714.28571428571,151428.57142857142,7571.428571428572
GK22F2OZ9Y,2021-04-01,Comercio detallista,Bogotá D.C.,Valor medio-alto,2,75714.28571428571,151428.57142857142,7571.428571428572
GK22F2OZ9Y,2021-05-01,Comercio detallista,Bogotá D.C.,Valor medio-alto,3,75714.28571428571,227142.85714285713,11357.142857142857
GKPM4WP9DX,2021-03-01,Comercio detallista,Bogotá D.C.,Valor medio-alto,1,65666.66666666667,65666.66666666667,3283.333333333334
GKPM4WP9DX,2021-04-01,Comercio detallista,Bogotá D.C.,Valor medio-alto,1,65666.66666666667,65666.66666666667,3283.333333333334
GKPM4WP9DX,2021-05-01,Comercio detallista,Bogotá D.C.,Valor medio-alto,1,65666.66666666667,65666.66666666667,3283.333333333334
GKQM97E129,2021-03-01,Comercio detallista,Girardot,Valor medio-alto,7,384195.1219512195,2689365.8536585364,134468.29268292684
GKQM97E129,2021-04-01,Comercio detallista,Girardot,Valor medio-alto,12,384195.1219512195,4610341.463414634,230517.0731707317
GKQM97E129,2021-05-01,Comercio detallista,Girardot,Valor medio-alto,22,384195.1219512195,8452292.68292683,422614.63414634153
GKSDQHFHD7,2021-02-01,Comercio detallista,Bogotá D.C.,Valor medio-alto,1,353554.0983606557,353554.0983606557,17677.704918032785
GKSDQHFHD7,2021-03-01,Comercio detallista,Bogotá D.C.,Valor medio-alto,23,353554.0983606557,8131744.262295081,406587.21311475406
GKSDQHFHD7,2021-04-01,Comercio detallista,Bogotá D.C.,Valor medio-alto,22,353554.0983606557,7778190.163934425,388909.5081967213
GKSDQHFHD7,2021-05-01,Comercio detallista,Bogotá D.C.,Valor medio-alto,15,353554.0983606557,5303311.475409836,265165.5737704918
GKSL1LJPVC,2021-03-01,Belleza y cuidado personal,Girardot,Valor medio-alto,3,30214.285714285714,90642.85714285714,4532.142857142858
GKSL1LJPVC,2021-04-01,Belleza y cuidado personal,Girardot,Valor medio-alto,6,30214.285714285714,181285.7142857143,9064.285714285716
GKSL1LJPVC,2021-05-01,Belleza y cuidado personal,Girardot,Valor medio-alto,5,30214.285714285714,151071.42857142858,7553.571428571429
GLD6GVKG5Q,2021-03-01,Servicios,Bogotá D.C.,Valor medio-alto,1,359000.0,359000.0,17950.0
GLD6GVKG5Q,2021-05-01,Servicios,Bogotá D.C.,Valor medio-alto,2,359000.0,718000.0,35900.0
GM6QVXS6IA,2021-02-01,Comercio detallista,Bogotá D.C.,Valor medio-alto,5,93000.0,465000.0,23250.0
GM6QVXS6IA,2021-03-01,Comercio detallista,Bogotá D.C.,Valor medio-alto,1,93000.0,93000.0,4650.0
GMFCJGOQ5P,2021-03-01,Comercio detallista,Soacha,Valor medio-alto,3,273444.44444444444,820333.3333333333,41016.666666666664
GMFCJGOQ5P,2021-04-01,Comercio detallista,Soacha,Valor medio-alto,9,273444.44444444444,2461000.0,123050.0
GMFCJGOQ5P,2021-05-01,Comercio detallista,Soacha,Valor medio-alto,15,273444.44444444444,4101666.6666666665,205083.33333333334
GMG6I43FFD,2021-03-01,Alimentos y bebidas,Bogotá D.C.,Valor medio-alto,22,49141.484375,1081112.65625,54055.6328125
GMG6I43FFD,2021-04-01,Alimentos y bebidas,Bogotá D.C.,Valor medio-alto,51,49141.484375,2506215.703125,125310.78515625
GMG6I43FFD,2021-05-01,Alimentos y bebidas,Bogotá D.C.,Valor medio-alto,119,49141.484375,5847836.640625,292391.83203125
GMM7NAAMA4,2021-03-01,Comercio detallista,Bogotá D.C.,Valor medio-alto,2,190832.125,381664.25,19083.2125
GMM7NAAMA4,2021-04-01,Comercio detallista,Bogotá D.C.,Valor medio-alto,1,190832.125,190832.125,9541.60625
GMM7NAAMA4,2021-05-01,Comercio detallista,Bogotá D.C.,Valor medio-alto,5,190832.125,954160.625,47708.03125
GMSTODDB9K,2021-02-01,Servicios,Soacha,Valor medio-alto,5,169000.0,845000.0,42250.0
GMSTODDB9K,2021-03-01,Servicios,Soacha,Valor medio-alto,2,169000.0,338000.0,16900.0
GMSTODDB9K,2021-04-01,Servicios,Soacha,Valor medio-alto,6,169000.0,1014000.0,50700.0
GMSTODDB9K,2021-05-01,Servicios,Soacha,Valor medio-alto,3,169000.0,507000.0,25350.0
GMUDSOM20R,2021-03-01,Alimentos y bebidas,Bogotá D.C.,Valor medio,1,2000.0,2000.0,100.0
GMZSGY47A5,2021-03-01,Comercio detallista,Bogotá D.C.,Valor medio,2,51000.0,102000.0,5100.0
GOQF6P1RZ8,2021-02-01,Alimentos y bebidas,Bogotá D.C.,Valor medio-alto,6,27321.428571428572,163928.57142857142,8196.42857142857
GOQF6P1RZ8,2021-03-01,Alimentos y bebidas,Bogotá D.C.,Valor medio-alto,8,27321.428571428572,218571.42857142858,10928.57142857143
GOQF6P1RZ8,2021-04-01,Alimentos y bebidas,Bogotá D.C.,Valor medio-alto,11,27321.428571428572,300535.7142857143,15026.785714285717
GOQF6P1RZ8,2021-05-01,Alimentos y bebidas,Bogotá D.C.,Valor medio-alto,3,27321.428571428572,81964.28571428571,4098.214285714285
GP4H4QAIAF,2021-03-01,Belleza y cuidado personal,Cajicá,Valor medio-alto,4,46463.15789473684,185852.63157894736,9292.631578947368
GP4H4QAIAF,2021-04-01,Belleza y cuidado personal,Cajicá,Valor medio-alto,6,46463.15789473684,278778.947368421,13938.947368421052
GP4H4QAIAF,2021-05-01,Belleza y cuidado personal,Cajicá,Valor medio-alto,9,46463.15789473684,418168.4210526316,20908.42105263158
GPEGEY7BX3,2021-03-01,Alimentos y bebidas,Bogotá D.C.,Valor medio,1,37300.0,37300.0,1865.0
GQ9MRX3QVD,2021-03-01,Comercio detallista,Bogotá D.C.,Valor medio-alto,3,22857.14285714286,68571.42857142858,3428.5714285714294
GQ9MRX3QVD,2021-04-01,Comercio detallista,Bogotá D.C.,Valor medio-alto,1,22857.14285714286,22857.14285714286,1142.857142857143
GQ9MRX3QVD,2021-05-01,Comercio detallista,Bogotá D.C.,Valor medio-alto,3,22857.14285714286,68571.42857142858,3428.5714285714294
GQJRURRJ2Q,2021-03-01,Alimentos y bebidas,Bogotá D.C.,Valor medio-alto,6,47871.794871794875,287230.76923076925,14361.538461538463
GQJRURRJ2Q,2021-04-01,Alimentos y bebidas,Bogotá D.C.,Valor medio-alto,15,47871.794871794875,718076.9230769231,35903.846153846156
GQJRURRJ2Q,2021-05-01,Alimentos y bebidas,Bogotá D.C.,Valor medio-alto,18,47871.794871794875,861692.3076923077,43084.61538461539
GQM6OJTQRL,2021-03-01,Comercio detallista,Cota,Valor medio,3,66500.0,199500.0,9975.0
GR1K4689L0,2021-03-01,Reparación y limpieza,Bogotá D.C.,Valor medio,1,1602060.0,1602060.0,80103.0
GRV74YVKRG,2021-03-01,Comercio detallista,Bogotá D.C.,Valor medio-alto,4,109951.85185185185,439807.4074074074,21990.370370370372
GRV74YVKRG,2021-04-01,Comercio detallista,Bogotá D.C.,Valor medio-alto,6,109951.85185185185,659711.1111111111,32985.555555555555
GRV74YVKRG,2021-05-01,Comercio detallista,Bogotá D.C.,Valor medio-alto,17,109951.85185185185,1869181.4814814816,93459.07407407409
GT1UG6IZ89,2021-03-01,Transporte,Cali,Valor medio-alto,13,168675.67567567568,2192783.7837837837,109639.18918918919
GT1UG6IZ89,2021-04-01,Transporte,Cali,Valor medio-alto,15,168675.67567567568,2530135.135135135,126506.75675675676
GT1UG6IZ89,2021-05-01,Transporte,Cali,Valor medio-alto,9,168675.67567567568,1518081.0810810812,75904.05405405407
GTFOQEI03L,2021-02-01,Alimentos y bebidas,Medellín,Valor medio,6,679166.6666666666,4075000.0,203750.0
GU41PFEEJT,2021-02-01,Comercio detallista,Bogotá D.C.,Valor medio-alto,2,404666.6666666667,809333.3333333334,40466.66666666667
GU41PFEEJT,2021-05-01,Comercio detallista,Bogotá D.C.,Valor medio-alto,1,404666.6666666667,404666.6666666667,20233.333333333336
GUBR3VGWT7,2021-02-01,Comercio detallista,Bogotá D.C.,Valor medio-alto,1,464705.8823529412,464705.8823529412,23235.294117647063
GUBR3VGWT7,2021-03-01,Comercio detallista,Bogotá D.C.,Valor medio-alto,6,464705.8823529412,2788235.294117647,139411.76470588238
GUBR3VGWT7,2021-04-01,Comercio detallista,Bogotá D.C.,Valor medio-alto,2,464705.8823529412,929411.7647058824,46470.588235294126
GUBR3VGWT7,2021-05-01,Comercio detallista,Bogotá D.C.,Valor medio-alto,8,464705.8823529412,3717647.0588235296,185882.3529411765
GUENFC64SG,2021-03-01,Comercio detallista,Bogotá D.C.,Valor medio-alto,2,128547.5,257095.0,12854.75
GUENFC64SG,2021-04-01,Comercio detallista,Bogotá D.C.,Valor medio-alto,5,128547.5,642737.5,32136.875
GUENFC64SG,2021-05-01,Comercio detallista,Bogotá D.C.,Valor medio-alto,13,128547.5,1671117.5,83555.875
GUU22FSGZV,2021-02-01,Comercio detallista,Bogotá D.C.,Valor alto,6,296235.29411764705,1777411.7647058824,88870.58823529413
GUU22FSGZV,2021-03-01,Comercio detallista,Bogotá D.C.,Valor alto,5,296235.29411764705,1481176.4705882352,74058.82352941176
GUU22FSGZV,2021-04-01,Comercio detallista,Bogotá D.C.,Valor alto,3,296235.29411764705,888705.8823529412,44435.29411764706
GUU22FSGZV,2021-05-01,Comercio detallista,Bogotá D.C.,Valor alto,3,296235.29411764705,888705.8823529412,44435.29411764706
GV4SZK04GY,2021-02-01,Alimentos y bebidas,Bogotá D.C.,Valor medio-alto,11,20224.603174603173,222470.6349206349,11123.531746031746
GV4SZK04GY,2021-03-01,Alimentos y bebidas,Bogotá D.C.,Valor medio-alto,32,20224.603174603173,647187.3015873015,32359.365079365078
GV4SZK04GY,2021-04-01,Alimentos y bebidas,Bogotá D.C.,Valor medio-alto,39,20224.603174603173,788759.5238095238,39437.97619047619
GV4SZK04GY,2021-05-01,Alimentos y bebidas,Bogotá D.C.,Valor medio-alto,44,20224.603174603173,889882.5396825396,44494.12698412698
GVI5P3YHQN,2021-03-01,Reparación y limpieza,Bogotá D.C.,Valor medio,2,2000.0,4000.0,200.0
GWFOVAH5BW,2021-03-01,Comercio detallista,Bogotá D.C.,Valor medio-alto,2,150333.33333333334,300666.6666666667,15033.333333333336
GWFOVAH5BW,2021-04-01,Comercio detallista,Bogotá D.C.,Valor medio-alto,1,150333.33333333334,150333.33333333334,7516.666666666668
GWGMVNOIZ8,2021-02-01,Comercio detallista,Bogotá D.C.,Valor medio,1,2000.0,2000.0,100.0
GWKC1583G2,2021-03-01,Belleza y cuidado personal,Bogotá D.C.,Valor medio-alto,1,128500.0,128500.0,6425.0
GWKC1583G2,2021-04-01,Belleza y cuidado personal,Bogotá D.C.,Valor medio-alto,1,128500.0,128500.0,6425.0
GXBX52P8M5,2021-03-01,Comercio detallista,Bogotá D.C.,Valor medio-alto,2,265521.76470588235,531043.5294117647,26552.176470588238
GXBX52P8M5,2021-04-01,Comercio detallista,Bogotá D.C.,Valor medio-alto,9,265521.76470588235,2389695.882352941,119484.79411764706
GXBX52P8M5,2021-05-01,Comercio detallista,Bogotá D.C.,Valor medio-alto,6,265521.76470588235,1593130.588235294,79656.5294117647
GY22CAR5ZU,2021-03-01,Comercio detallista,Bogotá D.C.,Valor medio-alto,12,230285.7142857143,2763428.5714285714,138171.42857142858
GY22CAR5ZU,2021-04-01,Comercio detallista,Bogotá D.C.,Valor medio-alto,10,230285.7142857143,2302857.1428571427,115142.85714285714
GY22CAR5ZU,2021-05-01,Comercio detallista,Bogotá D.C.,Valor medio-alto,13,230285.7142857143,2993714.285714286,149685.7142857143
GYA3N8LHZH,2021-02-01,Servicios,Bogotá D.C.,Valor medio-alto,1,375400.0,375400.0,18770.0
GYA3N8LHZH,2021-04-01,Servicios,Bogotá D.C.,Valor medio-alto,1,375400.0,375400.0,18770.0
GYA3N8LHZH,2021-05-01,Servicios,Bogotá D.C.,Valor medio-alto,3,375400.0,1126200.0,56310.0
GZHIG48X2X,2021-02-01,Belleza y cuidado personal,Soacha,Valor medio-alto,8,62650.0,501200.0,25060.0
GZHIG48X2X,2021-03-01,Belleza y cuidado personal,Soacha,Valor medio-alto,11,62650.0,689150.0,34457.5
GZHIG48X2X,2021-04-01,Belleza y cuidado personal,Soacha,Valor medio-alto,16,62650.0,1002400.0,50120.0
GZHIG48X2X,2021-05-01,Belleza y cuidado personal,Soacha,Valor medio-alto,11,62650.0,689150.0,34457.5
GZOJ20HLAC,2021-03-01,Servicios,Bogotá D.C.,Valor medio-alto,6,258250.0,1549500.0,77475.0
GZOJ20HLAC,2021-04-01,Servicios,Bogotá D.C.,Valor medio-alto,7,258250.0,1807750.0,90387.5
GZOJ20HLAC,2021-05-01,Servicios,Bogotá D.C.,Valor medio-alto,1,258250.0,258250.0,12912.5
H0WD2LRW9T,2021-02-01,Comercio detallista,Bogotá D.C.,Valor medio-alto,5,379027.36842105264,1895136.8421052631,94756.84210526316
H0WD2LRW9T,2021-03-01,Comercio detallista,Bogotá D.C.,Valor medio-alto,5,379027.36842105264,1895136.8421052631,94756.84210526316
H0WD2LRW9T,2021-04-01,Comercio detallista,Bogotá D.C.,Valor medio-alto,2,379027.36842105264,758054.7368421053,37902.73684210527
H0WD2LRW9T,2021-05-01,Comercio detallista,Bogotá D.C.,Valor medio-alto,7,379027.36842105264,2653191.5789473685,132659.57894736843
H1DACLN48E,2021-01-01,Servicios,Bogotá D.C.,Valor medio-alto,15,172744.15,2591162.25,129558.1125
H1DACLN48E,2020-12-01,Servicios,Bogotá D.C.,Valor medio-alto,15,172744.15,2591162.25,129558.1125
H1DACLN48E,2021-02-01,Servicios,Bogotá D.C.,Valor medio-alto,18,172744.15,3109394.6999999997,155469.735
H1DACLN48E,2021-03-01,Servicios,Bogotá D.C.,Valor medio-alto,24,172744.15,4145859.5999999996,207292.97999999998
H1DACLN48E,2021-04-01,Servicios,Bogotá D.C.,Valor medio-alto,20,172744.15,3454883.0,172744.15000000002
H1DACLN48E,2021-05-01,Servicios,Bogotá D.C.,Valor medio-alto,8,172744.15,1381953.2,69097.66
H1LGHS0CWN,2021-03-01,Servicios,Bogotá D.C.,Valor medio,1,7000.0,7000.0,350.0
H1LGHS0CWN,2021-04-01,Servicios,Bogotá D.C.,Valor medio,1,7000.0,7000.0,350.0
H1LPY12BJR,2021-03-01,Servicios,Bogotá D.C.,Valor medio-alto,3,78500.0,235500.0,11775.0
H1LPY12BJR,2021-04-01,Servicios,Bogotá D.C.,Valor medio-alto,14,78500.0,1099000.0,54950.0
H1LPY12BJR,2021-05-01,Servicios,Bogotá D.C.,Valor medio-alto,7,78500.0,549500.0,27475.0
H1QHUT37HH,2021-03-01,Comercio detallista,Bogotá D.C.,Valor medio,1,1000.0,1000.0,50.0
H2566LYR3K,2021-01-01,Comercio detallista,Bogotá D.C.,Valor medio-alto,4,128789.6551724138,515158.6206896552,25757.93103448276
H2566LYR3K,2020-12-01,Comercio detallista,Bogotá D.C.,Valor medio-alto,14,128789.6551724138,1803055.1724137932,90152.75862068967
H2566LYR3K,2021-02-01,Comercio detallista,Bogotá D.C.,Valor medio-alto,6,128789.6551724138,772737.9310344828,38636.89655172414
H2566LYR3K,2021-03-01,Comercio detallista,Bogotá D.C.,Valor medio-alto,2,128789.6551724138,257579.3103448276,12878.96551724138
H2566LYR3K,2021-04-01,Comercio detallista,Bogotá D.C.,Valor medio-alto,3,128789.6551724138,386368.9655172414,19318.44827586207
H2FLQ2PVRM,2021-02-01,Comercio detallista,Bogotá D.C.,Valor medio,1,666.6666666666666,666.6666666666666,33.333333333333336
H2FLQ2PVRM,2021-03-01,Comercio detallista,Bogotá D.C.,Valor medio,2,666.6666666666666,1333.3333333333333,66.66666666666667
H31AYY9IIV,2021-03-01,Reparación y limpieza,Cali,Valor medio-alto,7,266176.4705882353,1863235.2941176472,93161.76470588236
H31AYY9IIV,2021-04-01,Reparación y limpieza,Cali,Valor medio-alto,3,266176.4705882353,798529.4117647059,39926.4705882353
H31AYY9IIV,2021-05-01,Reparación y limpieza,Cali,Valor medio-alto,7,266176.4705882353,1863235.2941176472,93161.76470588236
H479Q8KS25,2021-03-01,Turismo y entretenimiento,Cajicá,Valor medio-alto,1,14280.0,14280.0,714.0
H479Q8KS25,2021-04-01,Turismo y entretenimiento,Cajicá,Valor medio-alto,3,14280.0,42840.0,2142.0
H479Q8KS25,2021-05-01,Turismo y entretenimiento,Cajicá,Valor medio-alto,1,14280.0,14280.0,714.0
H48W2VWKQD,2021-03-01,Servicios,Bogotá D.C.,Valor medio-alto,8,133566.66666666666,1068533.3333333333,53426.666666666664
H48W2VWKQD,2021-04-01,Servicios,Bogotá D.C.,Valor medio-alto,13,133566.66666666666,1736366.6666666665,86818.33333333333
H48W2VWKQD,2021-05-01,Servicios,Bogotá D.C.,Valor medio-alto,9,133566.66666666666,1202100.0,60105.0
H4Q7FPNBNY,2021-02-01,Alimentos y bebidas,Bogotá D.C.,Valor medio-alto,4,403456.41025641025,1613825.641025641,80691.28205128206
H4Q7FPNBNY,2021-04-01,Alimentos y bebidas,Bogotá D.C.,Valor medio-alto,16,403456.41025641025,6455302.564102564,322765.12820512825
H4Q7FPNBNY,2021-05-01,Alimentos y bebidas,Bogotá D.C.,Valor medio-alto,19,403456.41025641025,7665671.794871795,383283.58974358975
H5W393LR81,2021-02-01,Transporte,Cali,Valor medio,1,1000.0,1000.0,50.0
H6INB91Y0C,2021-02-01,Comercio detallista,Bogotá D.C.,Valor medio-alto,3,567295.6666666666,1701887.0,85094.35
H6INB91Y0C,2021-03-01,Comercio detallista,Bogotá D.C.,Valor medio-alto,7,567295.6666666666,3971069.6666666665,198553.48333333334
H6INB91Y0C,2021-04-01,Comercio detallista,Bogotá D.C.,Valor medio-alto,1,567295.6666666666,567295.6666666666,28364.783333333333
H6INB91Y0C,2021-05-01,Comercio detallista,Bogotá D.C.,Valor medio-alto,4,567295.6666666666,2269182.6666666665,113459.13333333333
H7RX6QQX50,2021-03-01,Comercio detallista,Fusagasugá,Valor medio-alto,2,85666.66666666667,171333.33333333334,8566.666666666668
H7RX6QQX50,2021-04-01,Comercio detallista,Fusagasugá,Valor medio-alto,1,85666.66666666667,85666.66666666667,4283.333333333334
H7WJQ6P8NP,2021-03-01,Comercio detallista,Bogotá D.C.,Valor medio-alto,2,22250.0,44500.0,2225.0
H7WJQ6P8NP,2021-04-01,Comercio detallista,Bogotá D.C.,Valor medio-alto,1,22250.0,22250.0,1112.5
H7WJQ6P8NP,2021-05-01,Comercio detallista,Bogotá D.C.,Valor medio-alto,1,22250.0,22250.0,1112.5
H82UVARGMB,2021-03-01,Alimentos y bebidas,Bogotá D.C.,Valor medio,1,1000.0,1000.0,50.0
H8C6CF4PWB,2021-02-01,Comercio detallista,Soacha,Valor medio-alto,10,86273.786407767,862737.8640776699,43136.8932038835
H8C6CF4PWB,2021-03-01,Comercio detallista,Soacha,Valor medio-alto,23,86273.786407767,1984297.087378641,99214.85436893205
H8C6CF4PWB,2021-04-01,Comercio detallista,Soacha,Valor medio-alto,23,86273.786407767,1984297.087378641,99214.85436893205
H8C6CF4PWB,2021-05-01,Comercio detallista,Soacha,Valor medio-alto,47,86273.786407767,4054867.9611650486,202743.39805825244
H8KHKYKBF2,2021-03-01,Comercio detallista,Bogotá D.C.,Valor medio-alto,7,55615.78947368421,389310.5263157895,19465.526315789477
H8KHKYKBF2,2021-04-01,Comercio detallista,Bogotá D.C.,Valor medio-alto,3,55615.78947368421,166847.36842105264,8342.368421052632
H8KHKYKBF2,2021-05-01,Comercio detallista,Bogotá D.C.,Valor medio-alto,9,55615.78947368421,500542.1052631579,25027.105263157897
H8MCDS6T0A,2021-03-01,Comercio detallista,Bogotá D.C.,Valor medio-alto,5,244714.2857142857,1223571.4285714286,61178.571428571435
H8MCDS6T0A,2021-04-01,Comercio detallista,Bogotá D.C.,Valor medio-alto,1,244714.2857142857,244714.2857142857,12235.714285714286
H8MCDS6T0A,2021-05-01,Comercio detallista,Bogotá D.C.,Valor medio-alto,1,244714.2857142857,244714.2857142857,12235.714285714286
H8MMIR0P9N,2021-03-01,Comercio detallista,Bogotá D.C.,Valor medio,2,44000.0,88000.0,4400.0
H94V7PP1W2,2021-03-01,Comercio detallista,Bogotá D.C.,Valor medio-alto,5,63275.0,316375.0,15818.75
H94V7PP1W2,2021-05-01,Comercio detallista,Bogotá D.C.,Valor medio-alto,3,63275.0,189825.0,9491.25
H9C68PLPLU,2021-02-01,Comercio detallista,Bogotá D.C.,Valor medio-alto,8,80962.96296296296,647703.7037037037,32385.185185185186
H9C68PLPLU,2021-03-01,Comercio detallista,Bogotá D.C.,Valor medio-alto,5,80962.96296296296,404814.81481481483,20240.740740740745
H9C68PLPLU,2021-04-01,Comercio detallista,Bogotá D.C.,Valor medio-alto,6,80962.96296296296,485777.77777777775,24288.88888888889
H9C68PLPLU,2021-05-01,Comercio detallista,Bogotá D.C.,Valor medio-alto,8,80962.96296296296,647703.7037037037,32385.185185185186
H9WCAB13MI,2021-02-01,Servicios,Bogotá D.C.,Valor medio-alto,2,1076288.888888889,2152577.777777778,107628.8888888889
H9WCAB13MI,2021-03-01,Servicios,Bogotá D.C.,Valor medio-alto,5,1076288.888888889,5381444.444444445,269072.22222222225
H9WCAB13MI,2021-04-01,Servicios,Bogotá D.C.,Valor medio-alto,2,1076288.888888889,2152577.777777778,107628.8888888889
HA63CG2U5G,2021-03-01,Comercio detallista,Bogotá D.C.,Valor medio-alto,9,126208.33333333333,1135875.0,56793.75
HA63CG2U5G,2021-04-01,Comercio detallista,Bogotá D.C.,Valor medio-alto,1,126208.33333333333,126208.33333333333,6310.416666666667
HA63CG2U5G,2021-05-01,Comercio detallista,Bogotá D.C.,Valor medio-alto,2,126208.33333333333,252416.66666666666,12620.833333333334
HAKPE76DEQ,2021-03-01,Comercio detallista,Bogotá D.C.,Valor medio-alto,2,115437.5,230875.0,11543.75
HAKPE76DEQ,2021-04-01,Comercio detallista,Bogotá D.C.,Valor medio-alto,1,115437.5,115437.5,5771.875
HAKPE76DEQ,2021-05-01,Comercio detallista,Bogotá D.C.,Valor medio-alto,1,115437.5,115437.5,5771.875
HAMCKB196C,2021-03-01,Comercio detallista,Bogotá D.C.,Valor medio-alto,7,100481.48148148147,703370.3703703703,35168.51851851852
HAMCKB196C,2021-04-01,Comercio detallista,Bogotá D.C.,Valor medio-alto,11,100481.48148148147,1105296.2962962962,55264.81481481481
HAMCKB196C,2021-05-01,Comercio detallista,Bogotá D.C.,Valor medio-alto,9,100481.48148148147,904333.3333333333,45216.666666666664
HAQAPS8CAZ,2021-03-01,Comercio detallista,Bogotá D.C.,Valor medio-alto,4,427900.0,1711600.0,85580.0
HAQAPS8CAZ,2021-05-01,Comercio detallista,Bogotá D.C.,Valor medio-alto,1,427900.0,427900.0,21395.0
HAS890D6AF,2021-03-01,Comercio detallista,Bogotá D.C.,Valor medio-alto,1,326730.0,326730.0,16336.5
HAS890D6AF,2021-04-01,Comercio detallista,Bogotá D.C.,Valor medio-alto,5,326730.0,1633650.0,81682.5
HAS890D6AF,2021-05-01,Comercio detallista,Bogotá D.C.,Valor medio-alto,4,326730.0,1306920.0,65346.0
HBB87EEZ6I,2021-03-01,Transporte,Bogotá D.C.,Valor medio,1,13500.0,13500.0,675.0
HBB87EEZ6I,2021-04-01,Transporte,Bogotá D.C.,Valor medio,1,13500.0,13500.0,675.0
HBM6EWDP4O,2021-03-01,Belleza y cuidado personal,Fusagasugá,Valor medio,2,181750.0,363500.0,18175.0
HBWSDZ2Q2J,2021-03-01,Alimentos y bebidas,Fusagasugá,Valor medio,1,2000.0,2000.0,100.0
HBYR7OAAYP,2021-03-01,Comercio detallista,Bogotá D.C.,Valor medio-alto,4,686037.0370370371,2744148.1481481483,137207.40740740742
HBYR7OAAYP,2021-04-01,Comercio detallista,Bogotá D.C.,Valor medio-alto,9,686037.0370370371,6174333.333333334,308716.6666666667
HBYR7OAAYP,2021-05-01,Comercio detallista,Bogotá D.C.,Valor medio-alto,14,686037.0370370371,9604518.518518519,480225.92592592596
HBZBV98N6H,2021-03-01,Comercio detallista,Bogotá D.C.,Valor medio-alto,5,173520.6896551724,867603.448275862,43380.1724137931
HBZBV98N6H,2021-04-01,Comercio detallista,Bogotá D.C.,Valor medio-alto,18,173520.6896551724,3123372.4137931033,156168.62068965516
HBZBV98N6H,2021-05-01,Comercio detallista,Bogotá D.C.,Valor medio-alto,6,173520.6896551724,1041124.1379310344,52056.206896551725
HCIZJKZZKQ,2021-03-01,Servicios,Bogotá D.C.,Valor medio-alto,1,242500.0,242500.0,12125.0
HCIZJKZZKQ,2021-04-01,Servicios,Bogotá D.C.,Valor medio-alto,1,242500.0,242500.0,12125.0
HCOJD776WE,2021-03-01,Alimentos y bebidas,Bogotá D.C.,Valor medio-alto,2,49982.35294117647,99964.70588235294,4998.235294117647
HCOJD776WE,2021-04-01,Alimentos y bebidas,Bogotá D.C.,Valor medio-alto,11,49982.35294117647,549805.8823529412,27490.294117647063
HCOJD776WE,2021-05-01,Alimentos y bebidas,Bogotá D.C.,Valor medio-alto,21,49982.35294117647,1049629.4117647058,52481.470588235294
HDLZQGFJJ8,2020-12-01,Servicios,Bogotá D.C.,Valor medio-alto,1,66000.0,66000.0,3300.0
HDLZQGFJJ8,2021-05-01,Servicios,Bogotá D.C.,Valor medio-alto,1,66000.0,66000.0,3300.0
HDNH4B5RZC,2021-03-01,Comercio detallista,Bogotá D.C.,Valor medio-alto,5,105057.14285714286,525285.7142857143,26264.285714285717
HDNH4B5RZC,2021-04-01,Comercio detallista,Bogotá D.C.,Valor medio-alto,8,105057.14285714286,840457.1428571428,42022.857142857145
HDNH4B5RZC,2021-05-01,Comercio detallista,Bogotá D.C.,Valor medio-alto,22,105057.14285714286,2311257.1428571427,115562.85714285714
HDXABWIGWD,2021-03-01,Comercio detallista,Bogotá D.C.,Valor medio-alto,6,332750.0,1996500.0,99825.0
HDXABWIGWD,2021-05-01,Comercio detallista,Bogotá D.C.,Valor medio-alto,2,332750.0,665500.0,33275.0
HECJU9XL88,2021-01-01,Comercio detallista,Bogotá D.C.,Valor medio-alto,5,126615.38461538461,633076.923076923,31653.846153846152
HECJU9XL88,2020-12-01,Comercio detallista,Bogotá D.C.,Valor medio-alto,10,126615.38461538461,1266153.846153846,63307.692307692305
HECJU9XL88,2021-02-01,Comercio detallista,Bogotá D.C.,Valor medio-alto,5,126615.38461538461,633076.923076923,31653.846153846152
HECJU9XL88,2021-03-01,Comercio detallista,Bogotá D.C.,Valor medio-alto,4,126615.38461538461,506461.53846153844,25323.076923076922
HECJU9XL88,2021-04-01,Comercio detallista,Bogotá D.C.,Valor medio-alto,6,126615.38461538461,759692.3076923076,37984.61538461538
HECJU9XL88,2021-05-01,Comercio detallista,Bogotá D.C.,Valor medio-alto,9,126615.38461538461,1139538.4615384615,56976.92307692308
HFY280198B,2021-03-01,Belleza y cuidado personal,Bogotá D.C.,Valor medio-alto,1,122628.57142857143,122628.57142857143,6131.4285714285725
HFY280198B,2021-04-01,Belleza y cuidado personal,Bogotá D.C.,Valor medio-alto,1,122628.57142857143,122628.57142857143,6131.4285714285725
HFY280198B,2021-05-01,Belleza y cuidado personal,Bogotá D.C.,Valor medio-alto,5,122628.57142857143,613142.8571428572,30657.14285714286
HGE1ZF5CAU,2021-03-01,Comercio detallista,Bogotá D.C.,Valor medio,3,2000.0,6000.0,300.0
HGOQTSZ383,2021-03-01,Transporte,Bogotá D.C.,Valor medio-alto,1,146071.42857142858,146071.42857142858,7303.571428571429
HGOQTSZ383,2021-04-01,Transporte,Bogotá D.C.,Valor medio-alto,6,146071.42857142858,876428.5714285715,43821.42857142858
HHIJHP4451,2021-02-01,Comercio detallista,Bucaramanga,Valor medio,1,1425000.0,1425000.0,71250.0
HIHHVO2N0F,2021-02-01,Comercio detallista,Bogotá D.C.,Valor medio,2,2000.0,4000.0,200.0
HIJMYXF6QM,2021-02-01,Alimentos y bebidas,Bogotá D.C.,Valor medio-alto,2,46616.666666666664,93233.33333333333,4661.666666666667
HIJMYXF6QM,2021-03-01,Alimentos y bebidas,Bogotá D.C.,Valor medio-alto,9,46616.666666666664,419550.0,20977.5
HIJMYXF6QM,2021-05-01,Alimentos y bebidas,Bogotá D.C.,Valor medio-alto,1,46616.666666666664,46616.666666666664,2330.8333333333335
HIKGX7DMSO,2021-01-01,Comercio detallista,Bogotá D.C.,Valor medio-alto,4,35758.82352941176,143035.29411764705,7151.764705882353
HIKGX7DMSO,2021-02-01,Comercio detallista,Bogotá D.C.,Valor medio-alto,7,35758.82352941176,250311.76470588235,12515.588235294119
HIKGX7DMSO,2021-03-01,Comercio detallista,Bogotá D.C.,Valor medio-alto,3,35758.82352941176,107276.47058823529,5363.823529411765
HIKGX7DMSO,2021-04-01,Comercio detallista,Bogotá D.C.,Valor medio-alto,3,35758.82352941176,107276.47058823529,5363.823529411765
HJCH4PGO3G,2021-03-01,Comercio detallista,Bogotá D.C.,Valor medio-alto,8,370444.44444444444,2963555.5555555555,148177.77777777778
HJCH4PGO3G,2021-04-01,Comercio detallista,Bogotá D.C.,Valor medio-alto,1,370444.44444444444,370444.44444444444,18522.222222222223
HJNHZQ1015,2021-02-01,Comercio detallista,Bogotá D.C.,Valor medio-alto,4,252940.74074074073,1011762.9629629629,50588.148148148146
HJNHZQ1015,2021-03-01,Comercio detallista,Bogotá D.C.,Valor medio-alto,23,252940.74074074073,5817637.037037036,290881.85185185185
HJNHZQ1015,2021-04-01,Comercio detallista,Bogotá D.C.,Valor medio-alto,13,252940.74074074073,3288229.6296296297,164411.4814814815
HJNHZQ1015,2021-05-01,Comercio detallista,Bogotá D.C.,Valor medio-alto,14,252940.74074074073,3541170.3703703703,177058.51851851854
HJSKT043XM,2021-02-01,Comercio detallista,Bogotá D.C.,Valor medio-alto,3,234000.0,702000.0,35100.0
HJSKT043XM,2021-03-01,Comercio detallista,Bogotá D.C.,Valor medio-alto,1,234000.0,234000.0,11700.0
HJSKT043XM,2021-05-01,Comercio detallista,Bogotá D.C.,Valor medio-alto,2,234000.0,468000.0,23400.0
HLLHE9J7GX,2021-01-01,Comercio detallista,Bogotá D.C.,Valor medio,2,71333.33333333333,142666.66666666666,7133.333333333333
HLLHE9J7GX,2021-02-01,Comercio detallista,Bogotá D.C.,Valor medio,1,71333.33333333333,71333.33333333333,3566.6666666666665
HLQXUYLL2W,2021-03-01,Comercio detallista,Villapinzón,Valor medio-alto,3,123500.0,370500.0,18525.0
HLQXUYLL2W,2021-04-01,Comercio detallista,Villapinzón,Valor medio-alto,1,123500.0,123500.0,6175.0
HMKCWB5RAB,2021-02-01,Comercio detallista,Cali,Valor medio-alto,10,258087.6923076923,2580876.923076923,129043.84615384616
HMKCWB5RAB,2021-03-01,Comercio detallista,Cali,Valor medio-alto,18,258087.6923076923,4645578.461538462,232278.92307692312
HMKCWB5RAB,2021-04-01,Comercio detallista,Cali,Valor medio-alto,18,258087.6923076923,4645578.461538462,232278.92307692312
HMKCWB5RAB,2021-05-01,Comercio detallista,Cali,Valor medio-alto,19,258087.6923076923,4903666.153846154,245183.30769230772
HMO95G712J,2021-03-01,Comercio detallista,Bogotá D.C.,Valor medio,1,2000.0,2000.0,100.0
HOBYR23RY1,2021-03-01,Alimentos y bebidas,Nemocón,Valor medio-alto,24,125436.7816091954,3010482.7586206896,150524.1379310345
HOBYR23RY1,2021-04-01,Alimentos y bebidas,Nemocón,Valor medio-alto,34,125436.7816091954,4264850.574712643,213242.5287356322
HOBYR23RY1,2021-05-01,Alimentos y bebidas,Nemocón,Valor medio-alto,29,125436.7816091954,3637666.6666666665,181883.33333333334
HOLTC0A1DF,2021-03-01,Servicios,Bogotá D.C.,Valor medio,1,2000.0,2000.0,100.0
HOYFGHMBCO,2021-03-01,Comercio detallista,Bogotá D.C.,Valor medio-alto,4,229300.0,917200.0,45860.0
HOYFGHMBCO,2021-04-01,Comercio detallista,Bogotá D.C.,Valor medio-alto,3,229300.0,687900.0,34395.0
HOYFGHMBCO,2021-05-01,Comercio detallista,Bogotá D.C.,Valor medio-alto,3,229300.0,687900.0,34395.0
HP35FNIOZD,2021-03-01,Comercio detallista,Cali,Valor medio-alto,6,51532.78571428572,309196.7142857143,15459.835714285717
HP35FNIOZD,2021-04-01,Comercio detallista,Cali,Valor medio-alto,8,51532.78571428572,412262.28571428574,20613.114285714288
HPDGBUZVPQ,2021-03-01,Comercio detallista,Bogotá D.C.,Valor medio-alto,1,869000.0,869000.0,43450.0
HPDGBUZVPQ,2021-05-01,Comercio detallista,Bogotá D.C.,Valor medio-alto,3,869000.0,2607000.0,130350.0
HQ4K6MYSNL,2020-12-01,Comercio detallista,Nuquí,Valor medio,1,2000.0,2000.0,100.0
HQWXQE3WZ4,2021-03-01,Comercio detallista,Bogotá D.C.,Valor medio,1,53530.0,53530.0,2676.5
HQWXQE3WZ4,2021-04-01,Comercio detallista,Bogotá D.C.,Valor medio,1,53530.0,53530.0,2676.5
HRNWSEBPDB,2021-01-01,Comercio detallista,Bogotá D.C.,Valor medio-alto,3,338000.0,1014000.0,50700.0
HRNWSEBPDB,2021-02-01,Comercio detallista,Bogotá D.C.,Valor medio-alto,1,338000.0,338000.0,16900.0
HRNWSEBPDB,2021-03-01,Comercio detallista,Bogotá D.C.,Valor medio-alto,6,338000.0,2028000.0,101400.0
HRNWSEBPDB,2021-05-01,Comercio detallista,Bogotá D.C.,Valor medio-alto,4,338000.0,1352000.0,67600.0
HRW0HSBGZL,2021-03-01,Comercio detallista,Bogotá D.C.,Valor medio,2,31000.0,62000.0,3100.0
HRW0HSBGZL,2021-04-01,Comercio detallista,Bogotá D.C.,Valor medio,1,31000.0,31000.0,1550.0
HSBGLHAGH5,2021-03-01,Educación,Bogotá D.C.,Valor medio-alto,2,145182.5,290365.0,14518.25
HSBGLHAGH5,2021-04-01,Educación,Bogotá D.C.,Valor medio-alto,2,145182.5,290365.0,14518.25
HSBGLHAGH5,2021-05-01,Educación,Bogotá D.C.,Valor medio-alto,6,145182.5,871095.0,43554.75
HSCA5ZMD0S,2021-03-01,Servicios,Cartagena de Indias,Valor medio-alto,3,325500.0,976500.0,48825.0
HSCA5ZMD0S,2021-04-01,Servicios,Cartagena de Indias,Valor medio-alto,1,325500.0,325500.0,16275.0
HSGWJ6JWHQ,2021-03-01,Turismo y entretenimiento,Bogotá D.C.,Valor medio-alto,8,181882.35294117648,1455058.8235294118,72752.94117647059
HSGWJ6JWHQ,2021-04-01,Turismo y entretenimiento,Bogotá D.C.,Valor medio-alto,5,181882.35294117648,909411.7647058824,45470.588235294126
HSGWJ6JWHQ,2021-05-01,Turismo y entretenimiento,Bogotá D.C.,Valor medio-alto,4,181882.35294117648,727529.4117647059,36376.470588235294
HSQK3AGU81,2021-03-01,Belleza y cuidado personal,Bogotá D.C.,Valor medio,1,2000.0,2000.0,100.0
HSYYBFZ0MS,2021-03-01,Comercio detallista,Bogotá D.C.,Valor medio-alto,6,305309.7,1831858.2000000002,91592.91000000002
HSYYBFZ0MS,2021-04-01,Comercio detallista,Bogotá D.C.,Valor medio-alto,9,305309.7,2747787.3000000003,137389.36500000002
HSYYBFZ0MS,2021-05-01,Comercio detallista,Bogotá D.C.,Valor medio-alto,5,305309.7,1526548.5,76327.425
HT814H4MP5,2021-03-01,Servicios,Bogotá D.C.,Valor medio-alto,1,161172.22222222222,161172.22222222222,8058.611111111111
HT814H4MP5,2021-04-01,Servicios,Bogotá D.C.,Valor medio-alto,7,161172.22222222222,1128205.5555555555,56410.27777777778
HT814H4MP5,2021-05-01,Servicios,Bogotá D.C.,Valor medio-alto,10,161172.22222222222,1611722.2222222222,80586.11111111112
HTCQJJWYDW,2021-01-01,Comercio detallista,Bogotá D.C.,Valor medio-alto,2,89519.35483870968,179038.70967741936,8951.935483870968
HTCQJJWYDW,2020-12-01,Comercio detallista,Bogotá D.C.,Valor medio-alto,46,89519.35483870968,4117890.3225806453,205894.51612903227
HTCQJJWYDW,2021-02-01,Comercio detallista,Bogotá D.C.,Valor medio-alto,5,89519.35483870968,447596.7741935484,22379.838709677424
HTCQJJWYDW,2021-03-01,Comercio detallista,Bogotá D.C.,Valor medio-alto,6,89519.35483870968,537116.1290322581,26855.806451612905
HTCQJJWYDW,2021-05-01,Comercio detallista,Bogotá D.C.,Valor medio-alto,3,89519.35483870968,268558.06451612903,13427.903225806453
HTF8SN9O7L,2021-03-01,Reparación y limpieza,Bogotá D.C.,Valor medio,2,126000.0,252000.0,12600.0
HU0UBZP618,2021-02-01,Comercio detallista,Bogotá D.C.,Valor medio-alto,4,413392.85714285716,1653571.4285714286,82678.57142857143
HU0UBZP618,2021-03-01,Comercio detallista,Bogotá D.C.,Valor medio-alto,1,413392.85714285716,413392.85714285716,20669.64285714286
HU0UBZP618,2021-05-01,Comercio detallista,Bogotá D.C.,Valor medio-alto,9,413392.85714285716,3720535.7142857146,186026.78571428574
HU1ILS4JRE,2021-01-01,Servicios,Bogotá D.C.,Valor medio-alto,43,87369.67391304347,3756895.978260869,187844.79891304346
HU1ILS4JRE,2020-12-01,Servicios,Bogotá D.C.,Valor medio-alto,14,87369.67391304347,1223175.4347826086,61158.77173913043
HU1ILS4JRE,2021-02-01,Servicios,Bogotá D.C.,Valor medio-alto,25,87369.67391304347,2184241.847826087,109212.09239130435
HU1ILS4JRE,2021-03-01,Servicios,Bogotá D.C.,Valor medio-alto,42,87369.67391304347,3669526.3043478257,183476.3152173913
HU1ILS4JRE,2021-04-01,Servicios,Bogotá D.C.,Valor medio-alto,33,87369.67391304347,2883199.2391304346,144159.96195652173
HU1ILS4JRE,2021-05-01,Servicios,Bogotá D.C.,Valor medio-alto,27,87369.67391304347,2358981.195652174,117949.0597826087
HV5AQ6MPPI,2021-03-01,Servicios,Bogotá D.C.,Valor medio-alto,2,254200.0,508400.0,25420.0
HV5AQ6MPPI,2021-04-01,Servicios,Bogotá D.C.,Valor medio-alto,1,254200.0,254200.0,12710.0
HVITWVW9WR,2021-03-01,Comercio detallista,Bogotá D.C.,Valor medio-alto,1,215500.0,215500.0,10775.0
HVITWVW9WR,2021-05-01,Comercio detallista,Bogotá D.C.,Valor medio-alto,1,215500.0,215500.0,10775.0
HVJUSRVV0L,2021-02-01,Comercio detallista,Bogotá D.C.,Valor medio-alto,1,149916.66666666666,149916.66666666666,7495.833333333333
HVJUSRVV0L,2021-03-01,Comercio detallista,Bogotá D.C.,Valor medio-alto,7,149916.66666666666,1049416.6666666665,52470.83333333333
HVJUSRVV0L,2021-04-01,Comercio detallista,Bogotá D.C.,Valor medio-alto,1,149916.66666666666,149916.66666666666,7495.833333333333
HVJUSRVV0L,2021-05-01,Comercio detallista,Bogotá D.C.,Valor medio-alto,3,149916.66666666666,449750.0,22487.5
HVOSDSXBSF,2021-02-01,Alimentos y bebidas,Bogotá D.C.,Valor alto,16,14335.714285714286,229371.42857142858,11468.57142857143
HVOSDSXBSF,2021-03-01,Alimentos y bebidas,Bogotá D.C.,Valor alto,5,14335.714285714286,71678.57142857143,3583.928571428572
HVWU0XSHUW,2021-03-01,Comercio detallista,Bogotá D.C.,Valor medio-alto,9,152357.14285714287,1371214.285714286,68560.7142857143
HVWU0XSHUW,2021-05-01,Comercio detallista,Bogotá D.C.,Valor medio-alto,5,152357.14285714287,761785.7142857143,38089.28571428572
HW22Q1UK3K,2021-03-01,Comercio detallista,Bogotá D.C.,Valor medio-alto,9,683333.3333333334,6150000.0,307500.0
HW22Q1UK3K,2021-04-01,Comercio detallista,Bogotá D.C.,Valor medio-alto,4,683333.3333333334,2733333.3333333335,136666.6666666667
HW22Q1UK3K,2021-05-01,Comercio detallista,Bogotá D.C.,Valor medio-alto,2,683333.3333333334,1366666.6666666667,68333.33333333334
HWF1ASSNE8,2021-01-01,Comercio detallista,Bogotá D.C.,Valor medio-alto,2,106116.66666666667,212233.33333333334,10611.666666666668
HWF1ASSNE8,2021-02-01,Comercio detallista,Bogotá D.C.,Valor medio-alto,2,106116.66666666667,212233.33333333334,10611.666666666668
HWF1ASSNE8,2021-03-01,Comercio detallista,Bogotá D.C.,Valor medio-alto,2,106116.66666666667,212233.33333333334,10611.666666666668
HWHW7PRC54,2021-01-01,Servicios,Bogotá D.C.,Valor medio,1,491000.0,491000.0,24550.0
HWHW7PRC54,2021-02-01,Servicios,Bogotá D.C.,Valor medio,1,491000.0,491000.0,24550.0
HXH54F6U4I,2021-03-01,Comercio detallista,Bogotá D.C.,Valor medio-alto,10,271083.3333333333,2710833.333333333,135541.66666666666
HXH54F6U4I,2021-05-01,Comercio detallista,Bogotá D.C.,Valor medio-alto,2,271083.3333333333,542166.6666666666,27108.333333333332
HXI0IIR4FH,2021-03-01,Servicios,Bogotá D.C.,Valor medio-alto,7,74014.63414634146,518102.4390243902,25905.12195121951
HXI0IIR4FH,2021-04-01,Servicios,Bogotá D.C.,Valor medio-alto,22,74014.63414634146,1628321.9512195121,81416.09756097561
HXI0IIR4FH,2021-05-01,Servicios,Bogotá D.C.,Valor medio-alto,12,74014.63414634146,888175.6097560974,44408.78048780488
HY5CY95C58,2021-02-01,Belleza y cuidado personal,Bogotá D.C.,Valor medio-alto,1,31500.0,31500.0,1575.0
HY5CY95C58,2021-03-01,Belleza y cuidado personal,Bogotá D.C.,Valor medio-alto,3,31500.0,94500.0,4725.0
HY5CY95C58,2021-04-01,Belleza y cuidado personal,Bogotá D.C.,Valor medio-alto,1,31500.0,31500.0,1575.0
HY5CY95C58,2021-05-01,Belleza y cuidado personal,Bogotá D.C.,Valor medio-alto,3,31500.0,94500.0,4725.0
HYE8AWJPKY,2021-03-01,Alimentos y bebidas,Bogotá D.C.,Valor medio-alto,25,31081.28491620112,777032.1229050279,38851.6061452514
HYE8AWJPKY,2021-04-01,Alimentos y bebidas,Bogotá D.C.,Valor medio-alto,148,31081.28491620112,4600030.167597766,230001.5083798883
HYE8AWJPKY,2021-05-01,Alimentos y bebidas,Bogotá D.C.,Valor medio-alto,185,31081.28491620112,5750037.709497207,287501.8854748604
HYI51UM0Q0,2021-03-01,Alimentos y bebidas,Bogotá D.C.,Valor medio-alto,1,23356.44171779141,23356.44171779141,1167.8220858895706
HYI51UM0Q0,2021-04-01,Alimentos y bebidas,Bogotá D.C.,Valor medio-alto,63,23356.44171779141,1471455.828220859,73572.79141104296
HYI51UM0Q0,2021-05-01,Alimentos y bebidas,Bogotá D.C.,Valor medio-alto,99,23356.44171779141,2312287.73006135,115614.38650306751
HYVYRLM6N2,2021-01-01,Reparación y limpieza,Bogotá D.C.,Valor medio-alto,10,160833.7857142857,1608337.857142857,80416.89285714286
HYVYRLM6N2,2021-02-01,Reparación y limpieza,Bogotá D.C.,Valor medio-alto,27,160833.7857142857,4342512.214285715,217125.61071428575
HYVYRLM6N2,2021-03-01,Reparación y limpieza,Bogotá D.C.,Valor medio-alto,22,160833.7857142857,3538343.2857142854,176917.16428571427
HYVYRLM6N2,2021-04-01,Reparación y limpieza,Bogotá D.C.,Valor medio-alto,8,160833.7857142857,1286670.2857142857,64333.514285714286
HYVYRLM6N2,2021-05-01,Reparación y limpieza,Bogotá D.C.,Valor medio-alto,3,160833.7857142857,482501.35714285716,24125.067857142858
HYXD3E3XZA,2021-02-01,Comercio detallista,Bogotá D.C.,Valor medio-alto,6,680035.7142857143,4080214.285714286,204010.71428571432
HYXD3E3XZA,2021-04-01,Comercio detallista,Bogotá D.C.,Valor medio-alto,6,680035.7142857143,4080214.285714286,204010.71428571432
HYXD3E3XZA,2021-05-01,Comercio detallista,Bogotá D.C.,Valor medio-alto,2,680035.7142857143,1360071.4285714286,68003.57142857143
HYYNP4V5BN,2021-03-01,Servicios,Bogotá D.C.,Valor medio-alto,1,613800.0,613800.0,30690.0
HYYNP4V5BN,2021-05-01,Servicios,Bogotá D.C.,Valor medio-alto,1,613800.0,613800.0,30690.0
HZ8NEPAK16,2021-03-01,Comercio detallista,Fusagasugá,Valor medio-alto,17,116044.44444444444,1972755.5555555555,98637.77777777778
HZ8NEPAK16,2021-04-01,Comercio detallista,Fusagasugá,Valor medio-alto,60,116044.44444444444,6962666.666666666,348133.3333333333
HZ8NEPAK16,2021-05-01,Comercio detallista,Fusagasugá,Valor medio-alto,58,116044.44444444444,6730577.777777777,336528.8888888889
I029NL3QMH,2021-02-01,Comercio detallista,Bogotá D.C.,Valor medio-alto,1,146337.93103448275,146337.93103448275,7316.896551724138
I029NL3QMH,2021-03-01,Comercio detallista,Bogotá D.C.,Valor medio-alto,30,146337.93103448275,4390137.931034483,219506.89655172417
I029NL3QMH,2021-04-01,Comercio detallista,Bogotá D.C.,Valor medio-alto,45,146337.93103448275,6585206.896551724,329260.3448275862
I029NL3QMH,2021-05-01,Comercio detallista,Bogotá D.C.,Valor medio-alto,69,146337.93103448275,10097317.24137931,504865.8620689655
I06KMDOQ4V,2021-03-01,Comercio detallista,Bogotá D.C.,Valor medio-alto,12,287929.5918367347,3455155.102040816,172757.75510204083
I06KMDOQ4V,2021-04-01,Comercio detallista,Bogotá D.C.,Valor medio-alto,13,287929.5918367347,3743084.693877551,187154.23469387754
I06KMDOQ4V,2021-05-01,Comercio detallista,Bogotá D.C.,Valor medio-alto,24,287929.5918367347,6910310.204081632,345515.51020408166
I06YDZ157S,2021-03-01,Comercio detallista,El Rosal,Valor medio-alto,2,118487.5,236975.0,11848.75
I06YDZ157S,2021-04-01,Comercio detallista,El Rosal,Valor medio-alto,5,118487.5,592437.5,29621.875
I06YDZ157S,2021-05-01,Comercio detallista,El Rosal,Valor medio-alto,1,118487.5,118487.5,5924.375
I0BKZZ2TZ0,2021-03-01,Belleza y cuidado personal,Bogotá D.C.,Valor medio-alto,5,48812.5,244062.5,12203.125
I0BKZZ2TZ0,2021-04-01,Belleza y cuidado personal,Bogotá D.C.,Valor medio-alto,3,48812.5,146437.5,7321.875
I0BKZZ2TZ0,2021-05-01,Belleza y cuidado personal,Bogotá D.C.,Valor medio-alto,8,48812.5,390500.0,19525.0
I0LHWE3MX1,2021-02-01,Comercio detallista,Bogotá D.C.,Valor medio,2,1500.0,3000.0,150.0
I0U7Q5C8FH,2021-02-01,Comercio detallista,Bogotá D.C.,Valor medio-alto,2,322450.0,644900.0,32245.0
I0U7Q5C8FH,2021-03-01,Comercio detallista,Bogotá D.C.,Valor medio-alto,8,322450.0,2579600.0,128980.0
I0U7Q5C8FH,2021-04-01,Comercio detallista,Bogotá D.C.,Valor medio-alto,6,322450.0,1934700.0,96735.0
I0U7Q5C8FH,2021-05-01,Comercio detallista,Bogotá D.C.,Valor medio-alto,4,322450.0,1289800.0,64490.0
I13A7CA5S8,2021-03-01,Alimentos y bebidas,Fomeque,Valor medio,1,1500.0,1500.0,75.0
I13A7CA5S8,2021-05-01,Alimentos y bebidas,Fomeque,Valor medio,1,1500.0,1500.0,75.0
I1AEF37MBJ,2021-02-01,Comercio detallista,Bogotá D.C.,Valor medio-alto,1,222000.0,222000.0,11100.0
I1AEF37MBJ,2021-03-01,Comercio detallista,Bogotá D.C.,Valor medio-alto,3,222000.0,666000.0,33300.0
I1AEF37MBJ,2021-04-01,Comercio detallista,Bogotá D.C.,Valor medio-alto,2,222000.0,444000.0,22200.0
I1AEF37MBJ,2021-05-01,Comercio detallista,Bogotá D.C.,Valor medio-alto,1,222000.0,222000.0,11100.0
I1FR85H2MO,2021-01-01,Comercio detallista,Bogotá D.C.,Valor medio-alto,6,47154.37777777778,282926.26666666666,14146.313333333334
I1FR85H2MO,2021-02-01,Comercio detallista,Bogotá D.C.,Valor medio-alto,12,47154.37777777778,565852.5333333333,28292.626666666667
I1FR85H2MO,2021-03-01,Comercio detallista,Bogotá D.C.,Valor medio-alto,5,47154.37777777778,235771.8888888889,11788.594444444447
I1FR85H2MO,2021-04-01,Comercio detallista,Bogotá D.C.,Valor medio-alto,11,47154.37777777778,518698.1555555556,25934.907777777782
I1FR85H2MO,2021-05-01,Comercio detallista,Bogotá D.C.,Valor medio-alto,11,47154.37777777778,518698.1555555556,25934.907777777782
I1HE0BCXFO,2021-03-01,Comercio detallista,Bogotá D.C.,Valor medio,2,123000.0,246000.0,12300.0
I21QIL3WZV,2021-03-01,Comercio detallista,Bogotá D.C.,Valor medio-alto,1,132600.0,132600.0,6630.0
I21QIL3WZV,2021-04-01,Comercio detallista,Bogotá D.C.,Valor medio-alto,4,132600.0,530400.0,26520.0
I2TRHKQDXO,2021-03-01,Comercio detallista,Ibagué,Valor medio-alto,4,92400.0,369600.0,18480.0
I2TRHKQDXO,2021-05-01,Comercio detallista,Ibagué,Valor medio-alto,1,92400.0,92400.0,4620.0
I2WP56YMFF,2021-03-01,Comercio detallista,Cajicá,Valor medio-alto,7,350176.4705882353,2451235.294117647,122561.76470588236
I2WP56YMFF,2021-04-01,Comercio detallista,Cajicá,Valor medio-alto,22,350176.4705882353,7703882.352941177,385194.11764705885
I2WP56YMFF,2021-05-01,Comercio detallista,Cajicá,Valor medio-alto,22,350176.4705882353,7703882.352941177,385194.11764705885
I41OBTJM9Z,2021-02-01,Comercio detallista,Bogotá D.C.,Valor medio,1,2000.0,2000.0,100.0
I47ZLYL99H,2021-02-01,Alimentos y bebidas,Bogotá D.C.,Valor medio,1,2000.0,2000.0,100.0
I4FYQ8ORW4,2021-03-01,Comercio detallista,Bogotá D.C.,Valor medio,2,2000.0,4000.0,200.0
I4MAQ7P6ZP,2021-03-01,Servicios,Bogotá D.C.,Valor medio-alto,8,150944.44444444444,1207555.5555555555,60377.77777777778
I4MAQ7P6ZP,2021-04-01,Servicios,Bogotá D.C.,Valor medio-alto,8,150944.44444444444,1207555.5555555555,60377.77777777778
I4MAQ7P6ZP,2021-05-01,Servicios,Bogotá D.C.,Valor medio-alto,2,150944.44444444444,301888.8888888889,15094.444444444445
I4MKPP8LRB,2021-02-01,Servicios,Bogotá D.C.,Valor medio-alto,2,216285.7142857143,432571.4285714286,21628.57142857143
I4MKPP8LRB,2021-03-01,Servicios,Bogotá D.C.,Valor medio-alto,2,216285.7142857143,432571.4285714286,21628.57142857143
I4MKPP8LRB,2021-04-01,Servicios,Bogotá D.C.,Valor medio-alto,1,216285.7142857143,216285.7142857143,10814.285714285716
I4MKPP8LRB,2021-05-01,Servicios,Bogotá D.C.,Valor medio-alto,2,216285.7142857143,432571.4285714286,21628.57142857143
I51UATSL7J,2021-02-01,Reparación y limpieza,Soacha,Valor medio-alto,1,1570000.0,1570000.0,78500.0
I51UATSL7J,2021-03-01,Reparación y limpieza,Soacha,Valor medio-alto,1,1570000.0,1570000.0,78500.0
I5JDQ4XNKZ,2021-03-01,Comercio detallista,Bogotá D.C.,Valor medio-alto,7,717752.6315789474,5024268.421052632,251213.4210526316
I5JDQ4XNKZ,2021-04-01,Comercio detallista,Bogotá D.C.,Valor medio-alto,6,717752.6315789474,4306515.7894736845,215325.78947368424
I5JDQ4XNKZ,2021-05-01,Comercio detallista,Bogotá D.C.,Valor medio-alto,6,717752.6315789474,4306515.7894736845,215325.78947368424
I5JQY4NUEC,2021-03-01,Servicios,Soacha,Valor medio,1,396590.0,396590.0,19829.5
I5QJP7UJIQ,2021-01-01,Comercio detallista,Bogotá D.C.,Valor medio-alto,5,219038.46153846153,1095192.3076923077,54759.61538461539
I5QJP7UJIQ,2021-02-01,Comercio detallista,Bogotá D.C.,Valor medio-alto,7,219038.46153846153,1533269.2307692308,76663.46153846155
I5QJP7UJIQ,2021-03-01,Comercio detallista,Bogotá D.C.,Valor medio-alto,7,219038.46153846153,1533269.2307692308,76663.46153846155
I5QJP7UJIQ,2021-04-01,Comercio detallista,Bogotá D.C.,Valor medio-alto,4,219038.46153846153,876153.8461538461,43807.69230769231
I5QJP7UJIQ,2021-05-01,Comercio detallista,Bogotá D.C.,Valor medio-alto,3,219038.46153846153,657115.3846153846,32855.769230769234
I5XKWE6C8M,2021-03-01,Comercio detallista,Bogotá D.C.,Valor medio,2,20900.0,41800.0,2090.0
I5XVOZFE0R,2021-02-01,Alimentos y bebidas,Soacha,Valor medio-alto,11,76149.7435897436,837647.1794871795,41882.35897435898
I5XVOZFE0R,2021-03-01,Alimentos y bebidas,Soacha,Valor medio-alto,14,76149.7435897436,1066096.4102564103,53304.820512820515
I5XVOZFE0R,2021-04-01,Alimentos y bebidas,Soacha,Valor medio-alto,4,76149.7435897436,304598.9743589744,15229.948717948719
I5XVOZFE0R,2021-05-01,Alimentos y bebidas,Soacha,Valor medio-alto,10,76149.7435897436,761497.435897436,38074.871794871804
I60XH1KL18,2021-03-01,Comercio detallista,Bogotá D.C.,Valor medio-alto,12,105030.30303030302,1260363.6363636362,63018.181818181816
I60XH1KL18,2021-04-01,Comercio detallista,Bogotá D.C.,Valor medio-alto,8,105030.30303030302,840242.4242424242,42012.121212121216
I60XH1KL18,2021-05-01,Comercio detallista,Bogotá D.C.,Valor medio-alto,13,105030.30303030302,1365393.9393939392,68269.69696969696
I6UNFTD52G,2021-03-01,Comercio detallista,Bogotá D.C.,Valor medio-alto,3,791454.5454545454,2374363.6363636362,118718.18181818182
I6UNFTD52G,2021-04-01,Comercio detallista,Bogotá D.C.,Valor medio-alto,2,791454.5454545454,1582909.0909090908,79145.45454545454
I6UNFTD52G,2021-05-01,Comercio detallista,Bogotá D.C.,Valor medio-alto,6,791454.5454545454,4748727.2727272725,237436.36363636365
I8NP9MIYTI,2021-03-01,Comercio detallista,Bogotá D.C.,Valor medio-alto,12,86246.66666666667,1034960.0,51748.0
I8NP9MIYTI,2021-04-01,Comercio detallista,Bogotá D.C.,Valor medio-alto,20,86246.66666666667,1724933.3333333335,86246.66666666669
I8NP9MIYTI,2021-05-01,Comercio detallista,Bogotá D.C.,Valor medio-alto,28,86246.66666666667,2414906.666666667,120745.33333333336
I8YJAXIQFN,2021-03-01,Belleza y cuidado personal,Bogotá D.C.,Valor medio-alto,9,160205.55555555556,1441850.0,72092.5
I8YJAXIQFN,2021-04-01,Belleza y cuidado personal,Bogotá D.C.,Valor medio-alto,2,160205.55555555556,320411.1111111111,16020.555555555557
I8YJAXIQFN,2021-05-01,Belleza y cuidado personal,Bogotá D.C.,Valor medio-alto,7,160205.55555555556,1121438.888888889,56071.94444444445
I94DS4S439,2021-03-01,Comercio detallista,Bogotá D.C.,Valor medio-alto,1,152937.5,152937.5,7646.875
I94DS4S439,2021-04-01,Comercio detallista,Bogotá D.C.,Valor medio-alto,3,152937.5,458812.5,22940.625
I94DS4S439,2021-05-01,Comercio detallista,Bogotá D.C.,Valor medio-alto,12,152937.5,1835250.0,91762.5
I9W2UUZQQ3,2021-03-01,Belleza y cuidado personal,Bogotá D.C.,Valor medio,2,2000.0,4000.0,200.0
I9WDEDO31P,2021-03-01,Comercio detallista,Madrid,Valor medio-alto,16,99862.5,1597800.0,79890.0
I9WDEDO31P,2021-04-01,Comercio detallista,Madrid,Valor medio-alto,26,99862.5,2596425.0,129821.25
I9WDEDO31P,2021-05-01,Comercio detallista,Madrid,Valor medio-alto,38,99862.5,3794775.0,189738.75
IA03B7X1W7,2021-01-01,Comercio detallista,Bogotá D.C.,Valor medio,2,79333.33333333333,158666.66666666666,7933.333333333333
IA03B7X1W7,2020-12-01,Comercio detallista,Bogotá D.C.,Valor medio,1,79333.33333333333,79333.33333333333,3966.6666666666665
IA8Y2Z4Q3O,2021-02-01,Servicios,Bogotá D.C.,Valor medio,1,2000.0,2000.0,100.0
IALSUP65Y6,2021-02-01,Comercio detallista,Soacha,Valor medio-alto,6,393068.3076923077,2358409.846153846,117920.4923076923
IALSUP65Y6,2021-04-01,Comercio detallista,Soacha,Valor medio-alto,1,393068.3076923077,393068.3076923077,19653.415384615386
IALSUP65Y6,2021-05-01,Comercio detallista,Soacha,Valor medio-alto,6,393068.3076923077,2358409.846153846,117920.4923076923
ICEZJ3GYVE,2021-03-01,Servicios,Bogotá D.C.,Valor medio-alto,14,206622.96875,2892721.5625,144636.078125
ICEZJ3GYVE,2021-04-01,Servicios,Bogotá D.C.,Valor medio-alto,17,206622.96875,3512590.46875,175629.5234375
ICEZJ3GYVE,2021-05-01,Servicios,Bogotá D.C.,Valor medio-alto,33,206622.96875,6818557.96875,340927.8984375
ICHCT1VH7E,2021-03-01,Comercio detallista,Bogotá D.C.,Valor medio-alto,2,1872500.0,3745000.0,187250.0
ICHCT1VH7E,2021-04-01,Comercio detallista,Bogotá D.C.,Valor medio-alto,1,1872500.0,1872500.0,93625.0
ICHCT1VH7E,2021-05-01,Comercio detallista,Bogotá D.C.,Valor medio-alto,1,1872500.0,1872500.0,93625.0
ICMPLJLYQ0,2021-01-01,Comercio detallista,Bogotá D.C.,Valor medio-alto,1,929546.4285714285,929546.4285714285,46477.32142857143
ICMPLJLYQ0,2021-02-01,Comercio detallista,Bogotá D.C.,Valor medio-alto,3,929546.4285714285,2788639.2857142854,139431.9642857143
ICMPLJLYQ0,2021-03-01,Comercio detallista,Bogotá D.C.,Valor medio-alto,4,929546.4285714285,3718185.714285714,185909.2857142857
ICMPLJLYQ0,2021-04-01,Comercio detallista,Bogotá D.C.,Valor medio-alto,3,929546.4285714285,2788639.2857142854,139431.9642857143
ICMPLJLYQ0,2021-05-01,Comercio detallista,Bogotá D.C.,Valor medio-alto,3,929546.4285714285,2788639.2857142854,139431.9642857143
ICTII577VU,2021-03-01,Comercio detallista,Bogotá D.C.,Valor medio-alto,2,378100.0,756200.0,37810.0
ICTII577VU,2021-05-01,Comercio detallista,Bogotá D.C.,Valor medio-alto,1,378100.0,378100.0,18905.0
IEP6EX5JFT,2021-03-01,Comercio detallista,Bogotá D.C.,Valor medio,2,6400.0,12800.0,640.0
IES1LWJZXM,2021-03-01,Servicios,Bogotá D.C.,Valor medio-alto,1,15357.142857142857,15357.142857142857,767.8571428571429
IES1LWJZXM,2021-05-01,Servicios,Bogotá D.C.,Valor medio-alto,6,15357.142857142857,92142.85714285714,4607.142857142858
IFEW2GTT4I,2021-03-01,Servicios,Cali,Valor medio,1,1000.0,1000.0,50.0
IFFBVASF3T,2021-02-01,Comercio detallista,Facatativá,Valor medio-alto,1,149992.5,149992.5,7499.625
IFFBVASF3T,2021-03-01,Comercio detallista,Facatativá,Valor medio-alto,3,149992.5,449977.5,22498.875
IFFBVASF3T,2021-04-01,Comercio detallista,Facatativá,Valor medio-alto,1,149992.5,149992.5,7499.625
IFFBVASF3T,2021-05-01,Comercio detallista,Facatativá,Valor medio-alto,1,149992.5,149992.5,7499.625
IFRHH1XUVJ,2021-03-01,Comercio detallista,Bogotá D.C.,Valor medio-alto,2,626400.0,1252800.0,62640.0
IFRHH1XUVJ,2021-04-01,Comercio detallista,Bogotá D.C.,Valor medio-alto,2,626400.0,1252800.0,62640.0
IFRHH1XUVJ,2021-05-01,Comercio detallista,Bogotá D.C.,Valor medio-alto,1,626400.0,626400.0,31320.0
IFVH0BOIOA,2021-03-01,Alimentos y bebidas,Bogotá D.C.,Valor medio,1,2000.0,2000.0,100.0
IFVH0BOIOA,2021-05-01,Alimentos y bebidas,Bogotá D.C.,Valor medio,1,2000.0,2000.0,100.0
IH26IQEVMA,2021-01-01,Alimentos y bebidas,Bogotá D.C.,Valor medio,2,6000.0,12000.0,600.0
IH3RPDB0DZ,2021-03-01,Belleza y cuidado personal,Bogotá D.C.,Valor medio,1,2000.0,2000.0,100.0
IHKVRAAXCM,2021-03-01,Comercio detallista,Bogotá D.C.,Valor medio-alto,5,158357.14285714287,791785.7142857143,39589.28571428572
IHKVRAAXCM,2021-04-01,Comercio detallista,Bogotá D.C.,Valor medio-alto,2,158357.14285714287,316714.28571428574,15835.714285714288
IHMO9VY1LA,2021-03-01,Turismo y entretenimiento,Bogotá D.C.,Valor medio-alto,11,1055391.3043478262,11609304.347826088,580465.2173913044
IHMO9VY1LA,2021-04-01,Turismo y entretenimiento,Bogotá D.C.,Valor medio-alto,12,1055391.3043478262,12664695.652173914,633234.7826086958
IJJ03BYINX,2021-03-01,Comercio detallista,Bogotá D.C.,Valor medio-alto,9,318641.8461538461,2867776.615384615,143388.83076923076
IJJ03BYINX,2021-04-01,Comercio detallista,Bogotá D.C.,Valor medio-alto,4,318641.8461538461,1274567.3846153845,63728.369230769225
IJJ03BYINX,2021-05-01,Comercio detallista,Bogotá D.C.,Valor medio-alto,13,318641.8461538461,4142343.9999999995,207117.19999999998
IKG7J3UC26,2021-03-01,Comercio detallista,Bogotá D.C.,Valor medio-alto,2,260857.14285714287,521714.28571428574,26085.71428571429
IKG7J3UC26,2021-04-01,Comercio detallista,Bogotá D.C.,Valor medio-alto,4,260857.14285714287,1043428.5714285715,52171.42857142858
IKG7J3UC26,2021-05-01,Comercio detallista,Bogotá D.C.,Valor medio-alto,8,260857.14285714287,2086857.142857143,104342.85714285716
IKP51W5G7O,2021-03-01,Servicios,Bogotá D.C.,Valor medio-alto,3,269314.6666666667,807944.0,40397.200000000004
IKP51W5G7O,2021-04-01,Servicios,Bogotá D.C.,Valor medio-alto,3,269314.6666666667,807944.0,40397.200000000004
IL1YC2YEAA,2021-02-01,Comercio detallista,Bogotá D.C.,Valor medio-alto,13,187066.66666666666,2431866.6666666665,121593.33333333333
IL1YC2YEAA,2021-03-01,Comercio detallista,Bogotá D.C.,Valor medio-alto,8,187066.66666666666,1496533.3333333333,74826.66666666667
IL1YC2YEAA,2021-04-01,Comercio detallista,Bogotá D.C.,Valor medio-alto,3,187066.66666666666,561200.0,28060.0
IL1YC2YEAA,2021-05-01,Comercio detallista,Bogotá D.C.,Valor medio-alto,6,187066.66666666666,1122400.0,56120.0
IL2H1OMJF3,2021-03-01,Comercio detallista,Jamundí,Valor medio-alto,9,102073.17073170732,918658.5365853659,45932.9268292683
IL2H1OMJF3,2021-04-01,Comercio detallista,Jamundí,Valor medio-alto,8,102073.17073170732,816585.3658536585,40829.26829268293
IL2H1OMJF3,2021-05-01,Comercio detallista,Jamundí,Valor medio-alto,24,102073.17073170732,2449756.0975609757,122487.80487804879
ILDKP48TO3,2021-03-01,Alimentos y bebidas,Bogotá D.C.,Valor medio,1,570700.0,570700.0,28535.0
IM4OJENR20,2021-01-01,Belleza y cuidado personal,Bogotá D.C.,Valor medio-alto,16,59541.17647058824,952658.8235294118,47632.941176470595
IM4OJENR20,2021-02-01,Belleza y cuidado personal,Bogotá D.C.,Valor medio-alto,39,59541.17647058824,2322105.882352941,116105.29411764706
IM4OJENR20,2021-03-01,Belleza y cuidado personal,Bogotá D.C.,Valor medio-alto,53,59541.17647058824,3155682.3529411764,157784.11764705883
IM4OJENR20,2021-04-01,Belleza y cuidado personal,Bogotá D.C.,Valor medio-alto,33,59541.17647058824,1964858.8235294118,98242.9411764706
IM4OJENR20,2021-05-01,Belleza y cuidado personal,Bogotá D.C.,Valor medio-alto,29,59541.17647058824,1726694.1176470588,86334.70588235295
IN2EQLOW1U,2021-03-01,Comercio detallista,El Rosal,Valor medio-alto,7,51272.72727272727,358909.0909090909,17945.454545454544
IN2EQLOW1U,2021-04-01,Comercio detallista,El Rosal,Valor medio-alto,4,51272.72727272727,205090.9090909091,10254.545454545456
IN82SWD0FF,2021-03-01,Alimentos y bebidas,Sibaté,Valor medio-alto,8,17336.842105263157,138694.73684210525,6934.736842105263
IN82SWD0FF,2021-04-01,Alimentos y bebidas,Sibaté,Valor medio-alto,8,17336.842105263157,138694.73684210525,6934.736842105263
IN82SWD0FF,2021-05-01,Alimentos y bebidas,Sibaté,Valor medio-alto,3,17336.842105263157,52010.526315789466,2600.5263157894733
IOV1OT47SX,2021-03-01,Comercio detallista,Bogotá D.C.,Valor medio-alto,15,101878.0487804878,1528170.731707317,76408.53658536586
IOV1OT47SX,2021-04-01,Comercio detallista,Bogotá D.C.,Valor medio-alto,10,101878.0487804878,1018780.487804878,50939.0243902439
IOV1OT47SX,2021-05-01,Comercio detallista,Bogotá D.C.,Valor medio-alto,16,101878.0487804878,1630048.780487805,81502.43902439025
IPMDI2JW1W,2021-02-01,Comercio detallista,Bogotá D.C.,Valor medio,1,2000.0,2000.0,100.0
IPRZKJWTUT,2021-03-01,Servicios,Bogotá D.C.,Valor medio-alto,8,116011.36363636363,928090.9090909091,46404.545454545456
IPRZKJWTUT,2021-04-01,Servicios,Bogotá D.C.,Valor medio-alto,9,116011.36363636363,1044102.2727272727,52205.11363636364
IPRZKJWTUT,2021-05-01,Servicios,Bogotá D.C.,Valor medio-alto,5,116011.36363636363,580056.8181818181,29002.840909090908
IQTQDOO9SW,2021-01-01,Alimentos y bebidas,Bogotá D.C.,Valor medio-alto,9,30581.25,275231.25,13761.5625
IQTQDOO9SW,2020-12-01,Alimentos y bebidas,Bogotá D.C.,Valor medio-alto,18,30581.25,550462.5,27523.125
IQTQDOO9SW,2021-02-01,Alimentos y bebidas,Bogotá D.C.,Valor medio-alto,6,30581.25,183487.5,9174.375
IQTQDOO9SW,2021-03-01,Alimentos y bebidas,Bogotá D.C.,Valor medio-alto,19,30581.25,581043.75,29052.1875
IQTQDOO9SW,2021-04-01,Alimentos y bebidas,Bogotá D.C.,Valor medio-alto,34,30581.25,1039762.5,51988.125
IQTQDOO9SW,2021-05-01,Alimentos y bebidas,Bogotá D.C.,Valor medio-alto,34,30581.25,1039762.5,51988.125
IREWY2G7KT,2021-03-01,Belleza y cuidado personal,Cajicá,Valor medio-alto,2,227000.0,454000.0,22700.0
IREWY2G7KT,2021-05-01,Belleza y cuidado personal,Cajicá,Valor medio-alto,1,227000.0,227000.0,11350.0
IRFXVG3YU8,2021-03-01,Transporte,Bogotá D.C.,Valor medio-alto,2,45400.0,90800.0,4540.0
IRFXVG3YU8,2021-04-01,Transporte,Bogotá D.C.,Valor medio-alto,2,45400.0,90800.0,4540.0
IRFXVG3YU8,2021-05-01,Transporte,Bogotá D.C.,Valor medio-alto,1,45400.0,45400.0,2270.0
IRJDTF9GYC,2021-03-01,Comercio detallista,Bogotá D.C.,Valor medio-alto,10,72491.52542372882,724915.2542372881,36245.76271186441
IRJDTF9GYC,2021-04-01,Comercio detallista,Bogotá D.C.,Valor medio-alto,19,72491.52542372882,1377338.9830508474,68866.94915254238
IRJDTF9GYC,2021-05-01,Comercio detallista,Bogotá D.C.,Valor medio-alto,30,72491.52542372882,2174745.7627118644,108737.28813559323
IRML226ZRA,2021-03-01,Comercio detallista,Bogotá D.C.,Valor medio,1,2000.0,2000.0,100.0
IS2YIVAKIK,2021-01-01,Servicios,Bogotá D.C.,Valor medio-alto,4,429076.1904761905,1716304.761904762,85815.2380952381
IS2YIVAKIK,2021-03-01,Servicios,Bogotá D.C.,Valor medio-alto,8,429076.1904761905,3432609.523809524,171630.4761904762
IS2YIVAKIK,2021-04-01,Servicios,Bogotá D.C.,Valor medio-alto,3,429076.1904761905,1287228.5714285714,64361.42857142857
IS2YIVAKIK,2021-05-01,Servicios,Bogotá D.C.,Valor medio-alto,6,429076.1904761905,2574457.1428571427,128722.85714285714
IS8XFIGWY2,2021-03-01,Comercio detallista,Bogotá D.C.,Valor medio,1,2000.0,2000.0,100.0
ISWAIP1G2P,2021-03-01,Comercio detallista,Bogotá D.C.,Valor medio-alto,3,53538.46153846154,160615.38461538462,8030.769230769231
ISWAIP1G2P,2021-04-01,Comercio detallista,Bogotá D.C.,Valor medio-alto,5,53538.46153846154,267692.3076923077,13384.615384615385
ISWAIP1G2P,2021-05-01,Comercio detallista,Bogotá D.C.,Valor medio-alto,18,53538.46153846154,963692.3076923077,48184.61538461539
ITW2E08JLP,2021-03-01,Comercio detallista,Bogotá D.C.,Valor medio-alto,5,99544.64285714286,497723.21428571426,24886.160714285714
ITW2E08JLP,2021-04-01,Comercio detallista,Bogotá D.C.,Valor medio-alto,9,99544.64285714286,895901.7857142857,44795.08928571429
ITW2E08JLP,2021-05-01,Comercio detallista,Bogotá D.C.,Valor medio-alto,14,99544.64285714286,1393625.0,69681.25
IU5A1UXSTF,2021-02-01,Comercio detallista,Bogotá D.C.,Valor medio-alto,7,302294.1176470588,2116058.8235294116,105802.94117647059
IU5A1UXSTF,2021-03-01,Comercio detallista,Bogotá D.C.,Valor medio-alto,7,302294.1176470588,2116058.8235294116,105802.94117647059
IU5A1UXSTF,2021-04-01,Comercio detallista,Bogotá D.C.,Valor medio-alto,3,302294.1176470588,906882.3529411764,45344.117647058825
IU8JTQOKMP,2021-01-01,Reparación y limpieza,Bogotá D.C.,Valor medio,1,110000.0,110000.0,5500.0
IU8JTQOKMP,2020-12-01,Reparación y limpieza,Bogotá D.C.,Valor medio,1,110000.0,110000.0,5500.0
IUVXU3N85E,2021-01-01,Comercio detallista,Bogotá D.C.,Valor medio-alto,5,205548.14814814815,1027740.7407407407,51387.03703703704
IUVXU3N85E,2021-02-01,Comercio detallista,Bogotá D.C.,Valor medio-alto,13,205548.14814814815,2672125.925925926,133606.2962962963
IUVXU3N85E,2021-03-01,Comercio detallista,Bogotá D.C.,Valor medio-alto,11,205548.14814814815,2261029.6296296297,113051.48148148149
IUVXU3N85E,2021-04-01,Comercio detallista,Bogotá D.C.,Valor medio-alto,11,205548.14814814815,2261029.6296296297,113051.48148148149
IUVXU3N85E,2021-05-01,Comercio detallista,Bogotá D.C.,Valor medio-alto,14,205548.14814814815,2877674.074074074,143883.7037037037
IV356BCBI6,2021-03-01,Transporte,Cali,Valor medio,2,22250.0,44500.0,2225.0
IV356BCBI6,2021-04-01,Transporte,Cali,Valor medio,2,22250.0,44500.0,2225.0
IV8X553BBW,2021-02-01,Comercio detallista,Soacha,Valor medio-alto,4,582000.0,2328000.0,116400.0
IV8X553BBW,2021-03-01,Comercio detallista,Soacha,Valor medio-alto,4,582000.0,2328000.0,116400.0
IV8X553BBW,2021-04-01,Comercio detallista,Soacha,Valor medio-alto,3,582000.0,1746000.0,87300.0
IV8X553BBW,2021-05-01,Comercio detallista,Soacha,Valor medio-alto,5,582000.0,2910000.0,145500.0
IVE861CDNZ,2021-01-01,Comercio detallista,Bogotá D.C.,Valor medio-alto,2,363466.6666666667,726933.3333333334,36346.66666666667
IVE861CDNZ,2021-02-01,Comercio detallista,Bogotá D.C.,Valor medio-alto,3,363466.6666666667,1090400.0,54520.0
IVE861CDNZ,2021-03-01,Comercio detallista,Bogotá D.C.,Valor medio-alto,6,363466.6666666667,2180800.0,109040.0
IVE861CDNZ,2021-04-01,Comercio detallista,Bogotá D.C.,Valor medio-alto,1,363466.6666666667,363466.6666666667,18173.333333333336
IVE861CDNZ,2021-05-01,Comercio detallista,Bogotá D.C.,Valor medio-alto,3,363466.6666666667,1090400.0,54520.0
IVR9LQXVYT,2021-02-01,Comercio detallista,Bogotá D.C.,Valor medio-alto,8,394695.652173913,3157565.217391304,157878.26086956522
IVR9LQXVYT,2021-03-01,Comercio detallista,Bogotá D.C.,Valor medio-alto,15,394695.652173913,5920434.782608695,296021.73913043475
IVSDHVV8NK,2021-02-01,Comercio detallista,Bogotá D.C.,Valor medio-alto,2,286166.6666666667,572333.3333333334,28616.66666666667
IVSDHVV8NK,2021-03-01,Comercio detallista,Bogotá D.C.,Valor medio-alto,3,286166.6666666667,858500.0,42925.0
IVSDHVV8NK,2021-04-01,Comercio detallista,Bogotá D.C.,Valor medio-alto,1,286166.6666666667,286166.6666666667,14308.333333333336
IVVNAU5FIK,2021-02-01,Transporte,Fusagasugá,Valor medio,2,95400.0,190800.0,9540.0
IVVNAU5FIK,2021-03-01,Transporte,Fusagasugá,Valor medio,1,95400.0,95400.0,4770.0
IXO6CSTOU4,2021-03-01,Comercio detallista,Bogotá D.C.,Valor medio-alto,3,129000.0,387000.0,19350.0
IXO6CSTOU4,2021-05-01,Comercio detallista,Bogotá D.C.,Valor medio-alto,2,129000.0,258000.0,12900.0
IYA63KKHB5,2021-01-01,Comercio detallista,Bogotá D.C.,Valor medio-alto,12,356022.22222222225,4272266.666666667,213613.33333333337
IYA63KKHB5,2021-02-01,Comercio detallista,Bogotá D.C.,Valor medio-alto,14,356022.22222222225,4984311.111111112,249215.55555555562
IYA63KKHB5,2021-03-01,Comercio detallista,Bogotá D.C.,Valor medio-alto,10,356022.22222222225,3560222.2222222225,178011.11111111112
IYA63KKHB5,2021-04-01,Comercio detallista,Bogotá D.C.,Valor medio-alto,4,356022.22222222225,1424088.888888889,71204.44444444445
IYA63KKHB5,2021-05-01,Comercio detallista,Bogotá D.C.,Valor medio-alto,5,356022.22222222225,1780111.1111111112,89005.55555555556
IYFQQP5R8Z,2021-03-01,Comercio detallista,Bogotá D.C.,Valor medio-alto,3,651714.2857142857,1955142.857142857,97757.14285714286
IYFQQP5R8Z,2021-04-01,Comercio detallista,Bogotá D.C.,Valor medio-alto,3,651714.2857142857,1955142.857142857,97757.14285714286
IYFQQP5R8Z,2021-05-01,Comercio detallista,Bogotá D.C.,Valor medio-alto,1,651714.2857142857,651714.2857142857,32585.714285714286
IYI5OS7BXH,2021-03-01,Comercio detallista,Bogotá D.C.,Valor medio-alto,3,350315.7894736842,1050947.3684210526,52547.36842105263
IYI5OS7BXH,2021-04-01,Comercio detallista,Bogotá D.C.,Valor medio-alto,2,350315.7894736842,700631.5789473684,35031.57894736842
IYI5OS7BXH,2021-05-01,Comercio detallista,Bogotá D.C.,Valor medio-alto,14,350315.7894736842,4904421.052631579,245221.052631579
IYNRK5E59K,2021-01-01,Belleza y cuidado personal,Bogotá D.C.,Valor medio-alto,4,437500.0,1750000.0,87500.0
IYNRK5E59K,2021-02-01,Belleza y cuidado personal,Bogotá D.C.,Valor medio-alto,5,437500.0,2187500.0,109375.0
IYNRK5E59K,2021-03-01,Belleza y cuidado personal,Bogotá D.C.,Valor medio-alto,7,437500.0,3062500.0,153125.0
IYNRK5E59K,2021-04-01,Belleza y cuidado personal,Bogotá D.C.,Valor medio-alto,1,437500.0,437500.0,21875.0
IYNRK5E59K,2021-05-01,Belleza y cuidado personal,Bogotá D.C.,Valor medio-alto,7,437500.0,3062500.0,153125.0
IYW3KM2DAT,2021-03-01,Comercio detallista,Bogotá D.C.,Valor medio-alto,13,122958.33333333333,1598458.3333333333,79922.91666666667
IYW3KM2DAT,2021-04-01,Comercio detallista,Bogotá D.C.,Valor medio-alto,6,122958.33333333333,737750.0,36887.5
IYW3KM2DAT,2021-05-01,Comercio detallista,Bogotá D.C.,Valor medio-alto,5,122958.33333333333,614791.6666666666,30739.583333333332
IZ1KMQTGJ0,2021-03-01,Comercio detallista,Bogotá D.C.,Valor medio-alto,7,2652823.529411765,18569764.705882356,928488.2352941178
IZ1KMQTGJ0,2021-05-01,Comercio detallista,Bogotá D.C.,Valor medio-alto,10,2652823.529411765,26528235.29411765,1326411.7647058824
IZ4JUOD7LL,2021-03-01,Comercio detallista,Bogotá D.C.,Valor medio-alto,7,597511.6279069767,4182581.395348837,209129.06976744186
IZ4JUOD7LL,2021-04-01,Comercio detallista,Bogotá D.C.,Valor medio-alto,20,597511.6279069767,11950232.558139535,597511.6279069767
IZ4JUOD7LL,2021-05-01,Comercio detallista,Bogotá D.C.,Valor medio-alto,16,597511.6279069767,9560186.046511628,478009.30232558143
IZIEU1HATI,2021-03-01,Comercio detallista,Zipaquirá,Valor medio-alto,1,189000.0,189000.0,9450.0
IZIEU1HATI,2021-04-01,Comercio detallista,Zipaquirá,Valor medio-alto,1,189000.0,189000.0,9450.0
IZIEU1HATI,2021-05-01,Comercio detallista,Zipaquirá,Valor medio-alto,1,189000.0,189000.0,9450.0
J1MCLCTW2W,2021-03-01,Comercio detallista,Bogotá D.C.,Valor medio-alto,20,180151.49253731343,3603029.8507462684,180151.49253731343
J1MCLCTW2W,2021-04-01,Comercio detallista,Bogotá D.C.,Valor medio-alto,22,180151.49253731343,3963332.8358208956,198166.6417910448
J1MCLCTW2W,2021-05-01,Comercio detallista,Bogotá D.C.,Valor medio-alto,25,180151.49253731343,4503787.313432836,225189.3656716418
J2JLNECYEC,2021-03-01,Comercio detallista,Bogotá D.C.,Valor medio-alto,2,588509.0909090909,1177018.1818181819,58850.909090909096
J2JLNECYEC,2021-04-01,Comercio detallista,Bogotá D.C.,Valor medio-alto,6,588509.0909090909,3531054.545454546,176552.7272727273
J2JLNECYEC,2021-05-01,Comercio detallista,Bogotá D.C.,Valor medio-alto,3,588509.0909090909,1765527.272727273,88276.36363636365
J2P49649RA,2021-03-01,Comercio detallista,Bogotá D.C.,Valor medio-alto,4,1265428.5714285714,5061714.285714285,253085.7142857143
J2P49649RA,2021-05-01,Comercio detallista,Bogotá D.C.,Valor medio-alto,3,1265428.5714285714,3796285.714285714,189814.2857142857
J2VXVHQGSS,2021-03-01,Turismo y entretenimiento,Bogotá D.C.,Valor medio-alto,8,197888.88888888888,1583111.111111111,79155.55555555556
J2VXVHQGSS,2021-04-01,Turismo y entretenimiento,Bogotá D.C.,Valor medio-alto,3,197888.88888888888,593666.6666666666,29683.333333333332
J2VXVHQGSS,2021-05-01,Turismo y entretenimiento,Bogotá D.C.,Valor medio-alto,7,197888.88888888888,1385222.222222222,69261.11111111111
J2ZOT956YF,2021-03-01,Comercio detallista,Bogotá D.C.,Valor medio,1,1000.0,1000.0,50.0
J36KQMI071,2021-02-01,Comercio detallista,Bogotá D.C.,Valor medio-alto,1,922142.8571428572,922142.8571428572,46107.14285714286
J36KQMI071,2021-03-01,Comercio detallista,Bogotá D.C.,Valor medio-alto,3,922142.8571428572,2766428.5714285714,138321.42857142858
J36KQMI071,2021-04-01,Comercio detallista,Bogotá D.C.,Valor medio-alto,1,922142.8571428572,922142.8571428572,46107.14285714286
J36KQMI071,2021-05-01,Comercio detallista,Bogotá D.C.,Valor medio-alto,2,922142.8571428572,1844285.7142857143,92214.28571428572
J38BAS24TT,2021-03-01,Alimentos y bebidas,Bogotá D.C.,Valor medio-alto,8,51234.375,409875.0,20493.75
J38BAS24TT,2021-04-01,Alimentos y bebidas,Bogotá D.C.,Valor medio-alto,20,51234.375,1024687.5,51234.375
J38BAS24TT,2021-05-01,Alimentos y bebidas,Bogotá D.C.,Valor medio-alto,20,51234.375,1024687.5,51234.375
J3H2JWM9JQ,2021-01-01,Comercio detallista,Bogotá D.C.,Valor medio-alto,10,303754.54545454547,3037545.4545454546,151877.27272727274
J3H2JWM9JQ,2021-02-01,Comercio detallista,Bogotá D.C.,Valor medio-alto,40,303754.54545454547,12150181.818181818,607509.0909090909
J3H2JWM9JQ,2021-03-01,Comercio detallista,Bogotá D.C.,Valor medio-alto,29,303754.54545454547,8808881.818181818,440444.09090909094
J3H2JWM9JQ,2021-04-01,Comercio detallista,Bogotá D.C.,Valor medio-alto,13,303754.54545454547,3948809.0909090913,197440.4545454546
J3H2JWM9JQ,2021-05-01,Comercio detallista,Bogotá D.C.,Valor medio-alto,18,303754.54545454547,5467581.818181818,273379.09090909094
J3I2LWGGNO,2021-03-01,Comercio detallista,Bogotá D.C.,Valor medio-alto,1,90625.0,90625.0,4531.25
J3I2LWGGNO,2021-04-01,Comercio detallista,Bogotá D.C.,Valor medio-alto,4,90625.0,362500.0,18125.0
J3I2LWGGNO,2021-05-01,Comercio detallista,Bogotá D.C.,Valor medio-alto,3,90625.0,271875.0,13593.75
J42P0WW7B6,2021-03-01,Comercio detallista,Bogotá D.C.,Valor medio-alto,10,433250.0,4332500.0,216625.0
J42P0WW7B6,2021-04-01,Comercio detallista,Bogotá D.C.,Valor medio-alto,4,433250.0,1733000.0,86650.0
J42P0WW7B6,2021-05-01,Comercio detallista,Bogotá D.C.,Valor medio-alto,6,433250.0,2599500.0,129975.0
J4XTO62PZ9,2021-03-01,Comercio detallista,Bogotá D.C.,Valor medio-alto,1,150585.7142857143,150585.7142857143,7529.285714285715
J4XTO62PZ9,2021-05-01,Comercio detallista,Bogotá D.C.,Valor medio-alto,6,150585.7142857143,903514.2857142857,45175.71428571429
J5DMNH5HWZ,2021-03-01,Alimentos y bebidas,Bogotá D.C.,Valor medio-alto,2,19507.85714285714,39015.71428571428,1950.7857142857142
J5DMNH5HWZ,2021-04-01,Alimentos y bebidas,Bogotá D.C.,Valor medio-alto,4,19507.85714285714,78031.42857142857,3901.5714285714284
J5DMNH5HWZ,2021-05-01,Alimentos y bebidas,Bogotá D.C.,Valor medio-alto,1,19507.85714285714,19507.85714285714,975.3928571428571
J5PGZONYEL,2021-03-01,Comercio detallista,Soacha,Valor medio-alto,4,284486.36363636365,1137945.4545454546,56897.272727272735
J5PGZONYEL,2021-04-01,Comercio detallista,Soacha,Valor medio-alto,4,284486.36363636365,1137945.4545454546,56897.272727272735
J5PGZONYEL,2021-05-01,Comercio detallista,Soacha,Valor medio-alto,3,284486.36363636365,853459.0909090909,42672.95454545455
J5SEA4P4VF,2021-03-01,Comercio detallista,Bogotá D.C.,Valor medio-alto,1,86360.0,86360.0,4318.0
J5SEA4P4VF,2021-04-01,Comercio detallista,Bogotá D.C.,Valor medio-alto,2,86360.0,172720.0,8636.0
J5SEA4P4VF,2021-05-01,Comercio detallista,Bogotá D.C.,Valor medio-alto,2,86360.0,172720.0,8636.0
J5UDDQ6SYG,2021-02-01,Comercio detallista,Bogotá D.C.,Valor medio-alto,2,49691.153846153844,99382.30769230769,4969.115384615385
J5UDDQ6SYG,2021-03-01,Comercio detallista,Bogotá D.C.,Valor medio-alto,9,49691.153846153844,447220.3846153846,22361.019230769234
J5UDDQ6SYG,2021-05-01,Comercio detallista,Bogotá D.C.,Valor medio-alto,15,49691.153846153844,745367.3076923076,37268.36538461538
J5WXNCVHUY,2021-01-01,Servicios,Bogotá D.C.,Valor medio-alto,20,47805.434782608696,956108.695652174,47805.4347826087
J5WXNCVHUY,2020-12-01,Servicios,Bogotá D.C.,Valor medio-alto,7,47805.434782608696,334638.04347826086,16731.902173913044
J5WXNCVHUY,2021-02-01,Servicios,Bogotá D.C.,Valor medio-alto,14,47805.434782608696,669276.0869565217,33463.80434782609
J5WXNCVHUY,2021-03-01,Servicios,Bogotá D.C.,Valor medio-alto,23,47805.434782608696,1099525.0,54976.25
J5WXNCVHUY,2021-04-01,Servicios,Bogotá D.C.,Valor medio-alto,34,47805.434782608696,1625384.7826086956,81269.23913043478
J5WXNCVHUY,2021-05-01,Servicios,Bogotá D.C.,Valor medio-alto,40,47805.434782608696,1912217.391304348,95610.8695652174
J6BDSPHM6E,2021-03-01,Comercio detallista,Chía,Valor medio-alto,2,71375.0,142750.0,7137.5
J6BDSPHM6E,2021-04-01,Comercio detallista,Chía,Valor medio-alto,3,71375.0,214125.0,10706.25
J6BDSPHM6E,2021-05-01,Comercio detallista,Chía,Valor medio-alto,3,71375.0,214125.0,10706.25
J6GREB8FEJ,2021-03-01,Servicios,Cali,Valor medio-alto,3,93714.28571428571,281142.85714285716,14057.142857142859
J6GREB8FEJ,2021-05-01,Servicios,Cali,Valor medio-alto,4,93714.28571428571,374857.14285714284,18742.85714285714
J6HDLZZEJL,2020-12-01,Servicios,Bogotá D.C.,Valor medio,1,2000.0,2000.0,100.0
J73CG80B3Q,2021-03-01,Comercio detallista,Bogotá D.C.,Valor medio-alto,2,102656.25,205312.5,10265.625
J73CG80B3Q,2021-04-01,Comercio detallista,Bogotá D.C.,Valor medio-alto,14,102656.25,1437187.5,71859.375
J73CG80B3Q,2021-05-01,Comercio detallista,Bogotá D.C.,Valor medio-alto,16,102656.25,1642500.0,82125.0
J73OSQBU8H,2021-03-01,Servicios,Bogotá D.C.,Valor medio,4,4000.0,16000.0,800.0
J73OSQBU8H,2021-04-01,Servicios,Bogotá D.C.,Valor medio,1,4000.0,4000.0,200.0
J7FBVIK2M5,2021-03-01,Servicios,Bogotá D.C.,Valor medio-alto,1,100863.63636363637,100863.63636363637,5043.181818181819
J7FBVIK2M5,2021-05-01,Servicios,Bogotá D.C.,Valor medio-alto,21,100863.63636363637,2118136.3636363638,105906.81818181819
J7K0P5S76A,2021-01-01,Alimentos y bebidas,Acacías,Valor medio,1,4500.0,4500.0,225.0
J83Z8VO8GH,2021-03-01,Comercio detallista,Soacha,Valor medio,1,2000.0,2000.0,100.0
J8DEC04OIX,2021-03-01,Comercio detallista,Bogotá D.C.,Valor medio-alto,7,302708.3333333333,2118958.333333333,105947.91666666666
J8DEC04OIX,2021-04-01,Comercio detallista,Bogotá D.C.,Valor medio-alto,5,302708.3333333333,1513541.6666666665,75677.08333333333
J8DEC04OIX,2021-05-01,Comercio detallista,Bogotá D.C.,Valor medio-alto,12,302708.3333333333,3632500.0,181625.0
J8NOYHN588,2021-03-01,Comercio detallista,Bogotá D.C.,Valor medio,1,1000.0,1000.0,50.0
J8P0A950PG,2021-03-01,Reparación y limpieza,Bogotá D.C.,Valor medio,1,2000.0,2000.0,100.0
J90BJQA2JH,2021-03-01,Comercio detallista,Bogotá D.C.,Valor medio-alto,3,284700.0,854100.0,42705.0
J90BJQA2JH,2021-04-01,Comercio detallista,Bogotá D.C.,Valor medio-alto,9,284700.0,2562300.0,128115.0
J90BJQA2JH,2021-05-01,Comercio detallista,Bogotá D.C.,Valor medio-alto,22,284700.0,6263400.0,313170.0
J91X1FYO7G,2021-03-01,Alimentos y bebidas,Bogotá D.C.,Valor medio-alto,4,37300.0,149200.0,7460.0
J91X1FYO7G,2021-04-01,Alimentos y bebidas,Bogotá D.C.,Valor medio-alto,1,37300.0,37300.0,1865.0
J91X1FYO7G,2021-05-01,Alimentos y bebidas,Bogotá D.C.,Valor medio-alto,3,37300.0,111900.0,5595.0
JA9O1RAKRZ,2021-02-01,Reparación y limpieza,Bogotá D.C.,Valor medio-alto,1,348625.0,348625.0,17431.25
JA9O1RAKRZ,2021-03-01,Reparación y limpieza,Bogotá D.C.,Valor medio-alto,2,348625.0,697250.0,34862.5
JA9O1RAKRZ,2021-04-01,Reparación y limpieza,Bogotá D.C.,Valor medio-alto,2,348625.0,697250.0,34862.5
JA9O1RAKRZ,2021-05-01,Reparación y limpieza,Bogotá D.C.,Valor medio-alto,3,348625.0,1045875.0,52293.75
JB0H16P7WL,2021-03-01,Comercio detallista,Bogotá D.C.,Valor medio-alto,8,505073.3333333333,4040586.6666666665,202029.33333333334
JB0H16P7WL,2021-04-01,Comercio detallista,Bogotá D.C.,Valor medio-alto,3,505073.3333333333,1515220.0,75761.0
JB0H16P7WL,2021-05-01,Comercio detallista,Bogotá D.C.,Valor medio-alto,4,505073.3333333333,2020293.3333333333,101014.66666666667
JB7QWVVIB9,2021-03-01,Comercio detallista,Madrid,Valor medio-alto,1,839250.0,839250.0,41962.5
JB7QWVVIB9,2021-04-01,Comercio detallista,Madrid,Valor medio-alto,3,839250.0,2517750.0,125887.5
JB81ZDAMYT,2021-02-01,Reparación y limpieza,Bogotá D.C.,Valor medio-alto,11,105233.33333333333,1157566.6666666665,57878.33333333333
JB81ZDAMYT,2021-03-01,Reparación y limpieza,Bogotá D.C.,Valor medio-alto,8,105233.33333333333,841866.6666666666,42093.333333333336
JB81ZDAMYT,2021-04-01,Reparación y limpieza,Bogotá D.C.,Valor medio-alto,4,105233.33333333333,420933.3333333333,21046.666666666668
JB81ZDAMYT,2021-05-01,Reparación y limpieza,Bogotá D.C.,Valor medio-alto,7,105233.33333333333,736633.3333333333,36831.666666666664
JBBR2FXANF,2021-02-01,Comercio detallista,Bogotá D.C.,Valor medio-alto,1,87315.0,87315.0,4365.75
JBBR2FXANF,2021-03-01,Comercio detallista,Bogotá D.C.,Valor medio-alto,2,87315.0,174630.0,8731.5
JBBR2FXANF,2021-04-01,Comercio detallista,Bogotá D.C.,Valor medio-alto,3,87315.0,261945.0,13097.25
JBBR2FXANF,2021-05-01,Comercio detallista,Bogotá D.C.,Valor medio-alto,4,87315.0,349260.0,17463.0
JBIQYRJEK8,2021-02-01,Reparación y limpieza,Soacha,Valor medio-alto,4,134369.07894736843,537476.3157894737,26873.815789473687
JBIQYRJEK8,2021-03-01,Reparación y limpieza,Soacha,Valor medio-alto,8,134369.07894736843,1074952.6315789474,53747.631578947374
JBIQYRJEK8,2021-04-01,Reparación y limpieza,Soacha,Valor medio-alto,13,134369.07894736843,1746798.0263157897,87339.9013157895
JBIQYRJEK8,2021-05-01,Reparación y limpieza,Soacha,Valor medio-alto,13,134369.07894736843,1746798.0263157897,87339.9013157895
JBO5C1S9MK,2021-01-01,Belleza y cuidado personal,Barranquilla,Valor medio-alto,4,227166.66666666666,908666.6666666666,45433.333333333336
JBO5C1S9MK,2021-03-01,Belleza y cuidado personal,Barranquilla,Valor medio-alto,2,227166.66666666666,454333.3333333333,22716.666666666668
JCPT06XW01,2021-02-01,Servicios,Bogotá D.C.,Valor medio-alto,2,70925.0,141850.0,7092.5
JCPT06XW01,2021-03-01,Servicios,Bogotá D.C.,Valor medio-alto,3,70925.0,212775.0,10638.75
JCPT06XW01,2021-04-01,Servicios,Bogotá D.C.,Valor medio-alto,3,70925.0,212775.0,10638.75
JDMBXPTU2D,2021-03-01,Servicios,Bogotá D.C.,Valor medio-alto,3,146205.0,438615.0,21930.75
JDMBXPTU2D,2021-04-01,Servicios,Bogotá D.C.,Valor medio-alto,1,146205.0,146205.0,7310.25
JDMBXPTU2D,2021-05-01,Servicios,Bogotá D.C.,Valor medio-alto,6,146205.0,877230.0,43861.5
JDNEZB0EBX,2021-03-01,Alimentos y bebidas,Bogotá D.C.,Valor medio-alto,4,60442.857142857145,241771.42857142858,12088.57142857143
JDNEZB0EBX,2021-04-01,Alimentos y bebidas,Bogotá D.C.,Valor medio-alto,1,60442.857142857145,60442.857142857145,3022.1428571428573
JDNEZB0EBX,2021-05-01,Alimentos y bebidas,Bogotá D.C.,Valor medio-alto,2,60442.857142857145,120885.71428571429,6044.285714285715
JE2DLX5YSD,2021-02-01,Comercio detallista,Bogotá D.C.,Valor medio,3,391000.0,1173000.0,58650.0
JE8HN1B6LD,2020-12-01,Alimentos y bebidas,Bogotá D.C.,Valor medio,5,37000.0,185000.0,9250.0
JFGTSL4OB0,2021-03-01,Belleza y cuidado personal,Bogotá D.C.,Valor medio-alto,1,64000.0,64000.0,3200.0
JFGTSL4OB0,2021-05-01,Belleza y cuidado personal,Bogotá D.C.,Valor medio-alto,1,64000.0,64000.0,3200.0
JFKIAXVDPX,2021-02-01,Comercio detallista,Bogotá D.C.,Valor medio-alto,3,897640.0,2692920.0,134646.0
JFKIAXVDPX,2021-04-01,Comercio detallista,Bogotá D.C.,Valor medio-alto,2,897640.0,1795280.0,89764.0
JG9JC23CCK,2021-02-01,Comercio detallista,Bogotá D.C.,Valor medio-alto,2,264028.5714285714,528057.1428571428,26402.857142857145
JG9JC23CCK,2021-03-01,Comercio detallista,Bogotá D.C.,Valor medio-alto,3,264028.5714285714,792085.7142857143,39604.28571428572
JG9JC23CCK,2021-04-01,Comercio detallista,Bogotá D.C.,Valor medio-alto,1,264028.5714285714,264028.5714285714,13201.428571428572
JG9JC23CCK,2021-05-01,Comercio detallista,Bogotá D.C.,Valor medio-alto,1,264028.5714285714,264028.5714285714,13201.428571428572
JHHS1OH6HJ,2021-03-01,Comercio detallista,Bogotá D.C.,Valor medio-alto,1,80775.65217391304,80775.65217391304,4038.782608695652
JHHS1OH6HJ,2021-04-01,Comercio detallista,Bogotá D.C.,Valor medio-alto,6,80775.65217391304,484653.9130434783,24232.695652173916
JHHS1OH6HJ,2021-05-01,Comercio detallista,Bogotá D.C.,Valor medio-alto,16,80775.65217391304,1292410.4347826086,64620.52173913043
JI0NZQAWK8,2021-03-01,Servicios,Soacha,Valor medio-alto,2,205816.66666666666,411633.3333333333,20581.666666666668
JI0NZQAWK8,2021-04-01,Servicios,Soacha,Valor medio-alto,6,205816.66666666666,1234900.0,61745.0
JI0NZQAWK8,2021-05-01,Servicios,Soacha,Valor medio-alto,4,205816.66666666666,823266.6666666666,41163.333333333336
JIEJ5WGDTI,2021-01-01,Alimentos y bebidas,Bogotá D.C.,Valor medio-alto,101,47286.38559322034,4775924.944915254,238796.2472457627
JIEJ5WGDTI,2020-12-01,Alimentos y bebidas,Bogotá D.C.,Valor medio-alto,33,47286.38559322034,1560450.7245762711,78022.53622881357
JIEJ5WGDTI,2021-02-01,Alimentos y bebidas,Bogotá D.C.,Valor medio-alto,85,47286.38559322034,4019342.775423729,200967.13877118647
JIEJ5WGDTI,2021-03-01,Alimentos y bebidas,Bogotá D.C.,Valor medio-alto,65,47286.38559322034,3073615.0635593217,153680.75317796608
JIEJ5WGDTI,2021-04-01,Alimentos y bebidas,Bogotá D.C.,Valor medio-alto,95,47286.38559322034,4492206.631355932,224610.33156779662
JIEJ5WGDTI,2021-05-01,Alimentos y bebidas,Bogotá D.C.,Valor medio-alto,93,47286.38559322034,4397633.860169492,219881.6930084746
JILWUNOO9H,2021-03-01,Servicios,El Rosal,Valor medio-alto,4,133750.0,535000.0,26750.0
JILWUNOO9H,2021-04-01,Servicios,El Rosal,Valor medio-alto,4,133750.0,535000.0,26750.0
JILWUNOO9H,2021-05-01,Servicios,El Rosal,Valor medio-alto,4,133750.0,535000.0,26750.0
JJ0QV7N1C8,2021-03-01,Servicios,Bogotá D.C.,Valor medio,1,2000.0,2000.0,100.0
JJK8JB1XYR,2021-03-01,Comercio detallista,Bogotá D.C.,Valor medio-alto,3,109647.05882352941,328941.17647058825,16447.058823529413
JJK8JB1XYR,2021-04-01,Comercio detallista,Bogotá D.C.,Valor medio-alto,2,109647.05882352941,219294.11764705883,10964.705882352942
JJK8JB1XYR,2021-05-01,Comercio detallista,Bogotá D.C.,Valor medio-alto,12,109647.05882352941,1315764.705882353,65788.23529411765
JJYHJEZ1BF,2021-01-01,Comercio detallista,Bogotá D.C.,Valor medio-alto,4,304307.6923076923,1217230.7692307692,60861.53846153847
JJYHJEZ1BF,2021-02-01,Comercio detallista,Bogotá D.C.,Valor medio-alto,5,304307.6923076923,1521538.4615384615,76076.92307692308
JJYHJEZ1BF,2021-03-01,Comercio detallista,Bogotá D.C.,Valor medio-alto,4,304307.6923076923,1217230.7692307692,60861.53846153847
JKJRQ4OOKT,2021-02-01,Comercio detallista,Bogotá D.C.,Valor medio,2,2000.0,4000.0,200.0
JKOEP711X2,2021-03-01,Alimentos y bebidas,Bogotá D.C.,Valor medio,1,2000.0,2000.0,100.0
JKOEP711X2,2021-04-01,Alimentos y bebidas,Bogotá D.C.,Valor medio,1,2000.0,2000.0,100.0
JN5H8FYLTC,2021-03-01,Comercio detallista,Bogotá D.C.,Valor medio-alto,1,78000.0,78000.0,3900.0
JN5H8FYLTC,2021-05-01,Comercio detallista,Bogotá D.C.,Valor medio-alto,3,78000.0,234000.0,11700.0
JN7DVCIIYU,2021-02-01,Comercio detallista,Soacha,Valor medio-alto,11,46675.0,513425.0,25671.25
JN7DVCIIYU,2021-03-01,Comercio detallista,Soacha,Valor medio-alto,13,46675.0,606775.0,30338.75
JN7DVCIIYU,2021-04-01,Comercio detallista,Soacha,Valor medio-alto,11,46675.0,513425.0,25671.25
JN7DVCIIYU,2021-05-01,Comercio detallista,Soacha,Valor medio-alto,13,46675.0,606775.0,30338.75
JNJ3568J0K,2021-03-01,Comercio detallista,Bogotá D.C.,Valor medio,2,1000.0,2000.0,100.0
JNR6SGGBMN,2021-01-01,Servicios,Bogotá D.C.,Valor medio-alto,5,92616.66666666667,463083.3333333334,23154.16666666667
JNR6SGGBMN,2021-03-01,Servicios,Bogotá D.C.,Valor medio-alto,1,92616.66666666667,92616.66666666667,4630.833333333334
JNUFSNFLK9,2021-01-01,Comercio detallista,Bogotá D.C.,Valor medio-alto,4,20083.333333333332,80333.33333333333,4016.6666666666665
JNUFSNFLK9,2020-12-01,Comercio detallista,Bogotá D.C.,Valor medio-alto,4,20083.333333333332,80333.33333333333,4016.6666666666665
JNUFSNFLK9,2021-03-01,Comercio detallista,Bogotá D.C.,Valor medio-alto,1,20083.333333333332,20083.333333333332,1004.1666666666666
JO3X2Y1PAK,2021-03-01,Servicios,Bogotá D.C.,Valor medio-alto,2,166258.33333333334,332516.6666666667,16625.833333333336
JO3X2Y1PAK,2021-04-01,Servicios,Bogotá D.C.,Valor medio-alto,3,166258.33333333334,498775.0,24938.75
JO3X2Y1PAK,2021-05-01,Servicios,Bogotá D.C.,Valor medio-alto,1,166258.33333333334,166258.33333333334,8312.916666666668
JO6MGINDMG,2021-02-01,Comercio detallista,Bogotá D.C.,Valor medio-alto,6,255857.14285714287,1535142.8571428573,76757.14285714287
JO6MGINDMG,2021-03-01,Comercio detallista,Bogotá D.C.,Valor medio-alto,2,255857.14285714287,511714.28571428574,25585.71428571429
JO6MGINDMG,2021-04-01,Comercio detallista,Bogotá D.C.,Valor medio-alto,6,255857.14285714287,1535142.8571428573,76757.14285714287
JP2PV42JCT,2021-01-01,Servicios,Bogotá D.C.,Valor medio-alto,2,706750.0,1413500.0,70675.0
JP2PV42JCT,2020-12-01,Servicios,Bogotá D.C.,Valor medio-alto,1,706750.0,706750.0,35337.5
JP2PV42JCT,2021-02-01,Servicios,Bogotá D.C.,Valor medio-alto,1,706750.0,706750.0,35337.5
JPMBYKFZ7A,2021-03-01,Servicios,Soacha,Valor medio,2,2000.0,4000.0,200.0
JPXRIID53M,2021-03-01,Comercio detallista,Bogotá D.C.,Valor medio-alto,2,789875.0,1579750.0,78987.5
JPXRIID53M,2021-04-01,Comercio detallista,Bogotá D.C.,Valor medio-alto,4,789875.0,3159500.0,157975.0
JPXRIID53M,2021-05-01,Comercio detallista,Bogotá D.C.,Valor medio-alto,2,789875.0,1579750.0,78987.5
JQ8V0FF4GD,2021-01-01,Belleza y cuidado personal,Bogotá D.C.,Valor medio-alto,6,132770.96774193548,796625.8064516129,39831.290322580644
JQ8V0FF4GD,2021-02-01,Belleza y cuidado personal,Bogotá D.C.,Valor medio-alto,9,132770.96774193548,1194938.7096774194,59746.93548387097
JQ8V0FF4GD,2021-03-01,Belleza y cuidado personal,Bogotá D.C.,Valor medio-alto,3,132770.96774193548,398312.9032258064,19915.645161290322
JQ8V0FF4GD,2021-04-01,Belleza y cuidado personal,Bogotá D.C.,Valor medio-alto,11,132770.96774193548,1460480.6451612904,73024.03225806453
JQ8V0FF4GD,2021-05-01,Belleza y cuidado personal,Bogotá D.C.,Valor medio-alto,2,132770.96774193548,265541.93548387097,13277.09677419355
JR5JM35QPP,2021-03-01,Reparación y limpieza,Bogotá D.C.,Valor medio-alto,6,492000.0,2952000.0,147600.0
JR5JM35QPP,2021-04-01,Reparación y limpieza,Bogotá D.C.,Valor medio-alto,3,492000.0,1476000.0,73800.0
JR5JM35QPP,2021-05-01,Reparación y limpieza,Bogotá D.C.,Valor medio-alto,8,492000.0,3936000.0,196800.0
JR7DNNZ0D0,2021-03-01,Comercio detallista,Bogotá D.C.,Valor medio,3,107666.66666666667,323000.0,16150.0
JREV4I4WDN,2021-03-01,Alimentos y bebidas,Bogotá D.C.,Valor alto,3,17744.88,53234.64,2661.732
JREV4I4WDN,2021-04-01,Alimentos y bebidas,Bogotá D.C.,Valor alto,13,17744.88,230683.44,11534.172
JREV4I4WDN,2021-05-01,Alimentos y bebidas,Bogotá D.C.,Valor alto,9,17744.88,159703.92,7985.196000000001
JREVA8ZGTS,2021-03-01,Comercio detallista,Bogotá D.C.,Valor medio-alto,1,297400.0,297400.0,14870.0
JREVA8ZGTS,2021-04-01,Comercio detallista,Bogotá D.C.,Valor medio-alto,2,297400.0,594800.0,29740.0
JREVA8ZGTS,2021-05-01,Comercio detallista,Bogotá D.C.,Valor medio-alto,2,297400.0,594800.0,29740.0
JRUW2LWBOE,2021-03-01,Alimentos y bebidas,Villa de San Diego de Ubate,Valor medio-alto,4,49309.73684210526,197238.94736842104,9861.947368421053
JRUW2LWBOE,2021-04-01,Alimentos y bebidas,Villa de San Diego de Ubate,Valor medio-alto,5,49309.73684210526,246548.6842105263,12327.434210526315
JRUW2LWBOE,2021-05-01,Alimentos y bebidas,Villa de San Diego de Ubate,Valor medio-alto,10,49309.73684210526,493097.3684210526,24654.86842105263
JSFB113FFJ,2021-03-01,Comercio detallista,Bogotá D.C.,Valor medio-alto,1,133214.2857142857,133214.2857142857,6660.714285714286
JSFB113FFJ,2021-04-01,Comercio detallista,Bogotá D.C.,Valor medio-alto,3,133214.2857142857,399642.85714285716,19982.14285714286
JSFB113FFJ,2021-05-01,Comercio detallista,Bogotá D.C.,Valor medio-alto,10,133214.2857142857,1332142.857142857,66607.14285714286
JSOJS8M9B7,2021-03-01,Comercio detallista,Bogotá D.C.,Valor medio-alto,17,486529.4117647059,8271000.0,413550.0
JSOJS8M9B7,2021-04-01,Comercio detallista,Bogotá D.C.,Valor medio-alto,4,486529.4117647059,1946117.6470588236,97305.88235294119
JSOJS8M9B7,2021-05-01,Comercio detallista,Bogotá D.C.,Valor medio-alto,13,486529.4117647059,6324882.352941177,316244.11764705885
JTUON762YO,2021-03-01,Comercio detallista,Zipaquirá,Valor medio-alto,1,255666.66666666666,255666.66666666666,12783.333333333334
JTUON762YO,2021-04-01,Comercio detallista,Zipaquirá,Valor medio-alto,2,255666.66666666666,511333.3333333333,25566.666666666668
JTUON762YO,2021-05-01,Comercio detallista,Zipaquirá,Valor medio-alto,3,255666.66666666666,767000.0,38350.0
JTVC64DMGC,2021-03-01,Comercio detallista,Bogotá D.C.,Valor medio-alto,2,178500.0,357000.0,17850.0
JTVC64DMGC,2021-04-01,Comercio detallista,Bogotá D.C.,Valor medio-alto,2,178500.0,357000.0,17850.0
JTZEEZD7V3,2021-01-01,Comercio detallista,Bogotá D.C.,Valor medio-alto,1,122373.34513274336,122373.34513274336,6118.667256637168
JTZEEZD7V3,2020-12-01,Comercio detallista,Bogotá D.C.,Valor medio-alto,67,122373.34513274336,8199014.123893805,409950.70619469025
JTZEEZD7V3,2021-02-01,Comercio detallista,Bogotá D.C.,Valor medio-alto,12,122373.34513274336,1468480.1415929203,73424.00707964602
JTZEEZD7V3,2021-03-01,Comercio detallista,Bogotá D.C.,Valor medio-alto,1,122373.34513274336,122373.34513274336,6118.667256637168
JTZEEZD7V3,2021-04-01,Comercio detallista,Bogotá D.C.,Valor medio-alto,14,122373.34513274336,1713226.831858407,85661.34159292036
JTZEEZD7V3,2021-05-01,Comercio detallista,Bogotá D.C.,Valor medio-alto,18,122373.34513274336,2202720.2123893807,110136.01061946905
JUFXTGYWHN,2021-01-01,Comercio detallista,Bogotá D.C.,Valor medio-alto,5,257975.60975609755,1289878.0487804879,64493.902439024394
JUFXTGYWHN,2021-02-01,Comercio detallista,Bogotá D.C.,Valor medio-alto,12,257975.60975609755,3095707.3170731706,154785.36585365853
JUFXTGYWHN,2021-03-01,Comercio detallista,Bogotá D.C.,Valor medio-alto,13,257975.60975609755,3353682.926829268,167684.14634146343
JUFXTGYWHN,2021-04-01,Comercio detallista,Bogotá D.C.,Valor medio-alto,1,257975.60975609755,257975.60975609755,12898.780487804877
JUFXTGYWHN,2021-05-01,Comercio detallista,Bogotá D.C.,Valor medio-alto,10,257975.60975609755,2579756.0975609757,128987.80487804879
JUVP8XU35H,2021-01-01,Comercio detallista,Bogotá D.C.,Valor medio-alto,2,642153.8461538461,1284307.6923076923,64215.38461538462
JUVP8XU35H,2020-12-01,Comercio detallista,Bogotá D.C.,Valor medio-alto,1,642153.8461538461,642153.8461538461,32107.69230769231
JUVP8XU35H,2021-02-01,Comercio detallista,Bogotá D.C.,Valor medio-alto,1,642153.8461538461,642153.8461538461,32107.69230769231
JUVP8XU35H,2021-03-01,Comercio detallista,Bogotá D.C.,Valor medio-alto,4,642153.8461538461,2568615.3846153845,128430.76923076923
JUVP8XU35H,2021-04-01,Comercio detallista,Bogotá D.C.,Valor medio-alto,3,642153.8461538461,1926461.5384615385,96323.07692307694
JUVP8XU35H,2021-05-01,Comercio detallista,Bogotá D.C.,Valor medio-alto,2,642153.8461538461,1284307.6923076923,64215.38461538462
JV65KEB33U,2021-01-01,Alimentos y bebidas,Melgar,Valor medio,3,12883.333333333334,38650.0,1932.5
JV65KEB33U,2020-12-01,Alimentos y bebidas,Melgar,Valor medio,3,12883.333333333334,38650.0,1932.5
JVJGU8HWVQ,2021-03-01,Transporte,Bogotá D.C.,Valor medio-alto,2,334333.3333333333,668666.6666666666,33433.333333333336
JVJGU8HWVQ,2021-04-01,Transporte,Bogotá D.C.,Valor medio-alto,1,334333.3333333333,334333.3333333333,16716.666666666668
JVVADSOGKI,2021-03-01,Comercio detallista,Bogotá D.C.,Valor medio-alto,4,63750.0,255000.0,12750.0
JVVADSOGKI,2021-04-01,Comercio detallista,Bogotá D.C.,Valor medio-alto,1,63750.0,63750.0,3187.5
JVVADSOGKI,2021-05-01,Comercio detallista,Bogotá D.C.,Valor medio-alto,3,63750.0,191250.0,9562.5
JVWOITVTQU,2021-03-01,Reparación y limpieza,Bogotá D.C.,Valor medio-alto,2,95411.76470588235,190823.5294117647,9541.176470588236
JVWOITVTQU,2021-04-01,Reparación y limpieza,Bogotá D.C.,Valor medio-alto,8,95411.76470588235,763294.1176470588,38164.705882352944
JVWOITVTQU,2021-05-01,Reparación y limpieza,Bogotá D.C.,Valor medio-alto,24,95411.76470588235,2289882.3529411764,114494.11764705883
JW36XTRH10,2020-12-01,Comercio detallista,Bogotá D.C.,Valor medio,1,2000.0,2000.0,100.0
JWED5KFL9K,2021-03-01,Transporte,Cali,Valor medio-alto,1,70355.71428571429,70355.71428571429,3517.7857142857147
JWED5KFL9K,2021-05-01,Transporte,Cali,Valor medio-alto,6,70355.71428571429,422134.28571428574,21106.71428571429
JXGU7PA2JI,2020-12-01,Servicios,Bogotá D.C.,Valor medio-alto,1,1049000.0,1049000.0,52450.0
JXGU7PA2JI,2021-03-01,Servicios,Bogotá D.C.,Valor medio-alto,1,1049000.0,1049000.0,52450.0
JXGU7PA2JI,2021-04-01,Servicios,Bogotá D.C.,Valor medio-alto,1,1049000.0,1049000.0,52450.0
JXGU7PA2JI,2021-05-01,Servicios,Bogotá D.C.,Valor medio-alto,1,1049000.0,1049000.0,52450.0
JZAE7DYURO,2021-03-01,Belleza y cuidado personal,Bogotá D.C.,Valor medio-alto,7,92187.5,645312.5,32265.625
JZAE7DYURO,2021-04-01,Belleza y cuidado personal,Bogotá D.C.,Valor medio-alto,3,92187.5,276562.5,13828.125
JZAE7DYURO,2021-05-01,Belleza y cuidado personal,Bogotá D.C.,Valor medio-alto,6,92187.5,553125.0,27656.25
K01AUPOLSL,2021-03-01,Comercio detallista,Bogotá D.C.,Valor medio-alto,1,115400.0,115400.0,5770.0
K01AUPOLSL,2021-05-01,Comercio detallista,Bogotá D.C.,Valor medio-alto,1,115400.0,115400.0,5770.0
K02U83G0PV,2021-03-01,Reparación y limpieza,Sibaté,Valor medio-alto,3,259300.0,777900.0,38895.0
K02U83G0PV,2021-04-01,Reparación y limpieza,Sibaté,Valor medio-alto,1,259300.0,259300.0,12965.0
K03KFQ8YZZ,2021-03-01,Alimentos y bebidas,Soacha,Valor medio-alto,20,74158.3850931677,1483167.701863354,74158.3850931677
K03KFQ8YZZ,2021-04-01,Alimentos y bebidas,Soacha,Valor medio-alto,43,74158.3850931677,3188810.5590062113,159440.52795031058
K03KFQ8YZZ,2021-05-01,Alimentos y bebidas,Soacha,Valor medio-alto,98,74158.3850931677,7267521.739130435,363376.0869565217
K07ZL39HMO,2021-03-01,Comercio detallista,Bogotá D.C.,Valor medio-alto,4,247000.0,988000.0,49400.0
K07ZL39HMO,2021-04-01,Comercio detallista,Bogotá D.C.,Valor medio-alto,3,247000.0,741000.0,37050.0
K07ZL39HMO,2021-05-01,Comercio detallista,Bogotá D.C.,Valor medio-alto,4,247000.0,988000.0,49400.0
K0DL3RQGVW,2021-03-01,Comercio detallista,Bogotá D.C.,Valor medio-alto,3,600818.1818181818,1802454.5454545454,90122.72727272728
K0DL3RQGVW,2021-04-01,Comercio detallista,Bogotá D.C.,Valor medio-alto,6,600818.1818181818,3604909.090909091,180245.45454545456
K0DL3RQGVW,2021-05-01,Comercio detallista,Bogotá D.C.,Valor medio-alto,13,600818.1818181818,7810636.363636363,390531.8181818182
K0E1360J3O,2021-02-01,Belleza y cuidado personal,Cali,Valor medio-alto,1,233666.66666666666,233666.66666666666,11683.333333333334
K0E1360J3O,2021-03-01,Belleza y cuidado personal,Cali,Valor medio-alto,1,233666.66666666666,233666.66666666666,11683.333333333334
K0E1360J3O,2021-04-01,Belleza y cuidado personal,Cali,Valor medio-alto,1,233666.66666666666,233666.66666666666,11683.333333333334
K0PVYGVVRX,2021-01-01,Alimentos y bebidas,Bogotá D.C.,Valor medio-alto,5,23555.172413793105,117775.86206896552,5888.793103448276
K0PVYGVVRX,2020-12-01,Alimentos y bebidas,Bogotá D.C.,Valor medio-alto,1,23555.172413793105,23555.172413793105,1177.7586206896553
K0PVYGVVRX,2021-02-01,Alimentos y bebidas,Bogotá D.C.,Valor medio-alto,11,23555.172413793105,259106.89655172414,12955.344827586208
K0PVYGVVRX,2021-03-01,Alimentos y bebidas,Bogotá D.C.,Valor medio-alto,4,23555.172413793105,94220.68965517242,4711.034482758621
K0PVYGVVRX,2021-04-01,Alimentos y bebidas,Bogotá D.C.,Valor medio-alto,1,23555.172413793105,23555.172413793105,1177.7586206896553
K0PVYGVVRX,2021-05-01,Alimentos y bebidas,Bogotá D.C.,Valor medio-alto,7,23555.172413793105,164886.20689655174,8244.310344827587
K111Z5G1A0,2021-02-01,Alimentos y bebidas,Bogotá D.C.,Valor medio-alto,3,14808.333333333334,44425.0,2221.25
K111Z5G1A0,2021-03-01,Alimentos y bebidas,Bogotá D.C.,Valor medio-alto,7,14808.333333333334,103658.33333333334,5182.916666666668
K111Z5G1A0,2021-04-01,Alimentos y bebidas,Bogotá D.C.,Valor medio-alto,7,14808.333333333334,103658.33333333334,5182.916666666668
K111Z5G1A0,2021-05-01,Alimentos y bebidas,Bogotá D.C.,Valor medio-alto,7,14808.333333333334,103658.33333333334,5182.916666666668
K1YLKV4YZV,2021-03-01,Servicios,Bogotá D.C.,Valor medio-alto,2,96545.45454545454,193090.9090909091,9654.545454545454
K1YLKV4YZV,2021-05-01,Servicios,Bogotá D.C.,Valor medio-alto,9,96545.45454545454,868909.0909090909,43445.45454545455
K2KIJZ1O5G,2021-03-01,Servicios,Bogotá D.C.,Valor medio-alto,3,545416.6666666666,1636250.0,81812.5
K2KIJZ1O5G,2021-04-01,Servicios,Bogotá D.C.,Valor medio-alto,4,545416.6666666666,2181666.6666666665,109083.33333333333
K2KIJZ1O5G,2021-05-01,Servicios,Bogotá D.C.,Valor medio-alto,2,545416.6666666666,1090833.3333333333,54541.666666666664
K2Y0OCD131,2021-03-01,Reparación y limpieza,Bogotá D.C.,Valor medio-alto,1,213083.33333333334,213083.33333333334,10654.166666666668
K2Y0OCD131,2021-04-01,Reparación y limpieza,Bogotá D.C.,Valor medio-alto,4,213083.33333333334,852333.3333333334,42616.66666666667
K2Y0OCD131,2021-05-01,Reparación y limpieza,Bogotá D.C.,Valor medio-alto,1,213083.33333333334,213083.33333333334,10654.166666666668
K30D6L3CFD,2021-03-01,Comercio detallista,Bogotá D.C.,Valor medio-alto,9,347139.5348837209,3124255.813953488,156212.7906976744
K30D6L3CFD,2021-04-01,Comercio detallista,Bogotá D.C.,Valor medio-alto,13,347139.5348837209,4512813.953488372,225640.69767441862
K30D6L3CFD,2021-05-01,Comercio detallista,Bogotá D.C.,Valor medio-alto,21,347139.5348837209,7289930.23255814,364496.511627907
K30V4PZSID,2021-03-01,Alimentos y bebidas,Soacha,Valor medio-alto,8,34019.444444444445,272155.55555555556,13607.77777777778
K30V4PZSID,2021-04-01,Alimentos y bebidas,Soacha,Valor medio-alto,12,34019.444444444445,408233.3333333334,20411.66666666667
K30V4PZSID,2021-05-01,Alimentos y bebidas,Soacha,Valor medio-alto,16,34019.444444444445,544311.1111111111,27215.55555555556
K4NYP4BMQN,2021-03-01,Comercio detallista,Bogotá D.C.,Valor medio-alto,5,95393.10344827586,476965.51724137925,23848.275862068964
K4NYP4BMQN,2021-04-01,Comercio detallista,Bogotá D.C.,Valor medio-alto,12,95393.10344827586,1144717.2413793104,57235.86206896552
K4NYP4BMQN,2021-05-01,Comercio detallista,Bogotá D.C.,Valor medio-alto,12,95393.10344827586,1144717.2413793104,57235.86206896552
K52M1IH48X,2021-03-01,Comercio detallista,Bogotá D.C.,Valor medio-alto,3,135000.0,405000.0,20250.0
K52M1IH48X,2021-05-01,Comercio detallista,Bogotá D.C.,Valor medio-alto,1,135000.0,135000.0,6750.0
K55Z57TXEK,2021-03-01,Reparación y limpieza,Bogotá D.C.,Valor medio,1,2000.0,2000.0,100.0
K56KWRHJRH,2021-03-01,Alimentos y bebidas,Soacha,Valor medio-alto,6,91094.44444444444,546566.6666666666,27328.333333333332
K56KWRHJRH,2021-04-01,Alimentos y bebidas,Soacha,Valor medio-alto,2,91094.44444444444,182188.88888888888,9109.444444444443
K56KWRHJRH,2021-05-01,Alimentos y bebidas,Soacha,Valor medio-alto,10,91094.44444444444,910944.4444444444,45547.22222222222
K6CK47KCVE,2021-02-01,Alimentos y bebidas,Bogotá D.C.,Valor medio,2,1750.0,3500.0,175.0
K786ZWLLR4,2021-03-01,Comercio detallista,Bogotá D.C.,Valor medio-alto,11,271768.75,2989456.25,149472.8125
K786ZWLLR4,2021-04-01,Comercio detallista,Bogotá D.C.,Valor medio-alto,13,271768.75,3532993.75,176649.6875
K786ZWLLR4,2021-05-01,Comercio detallista,Bogotá D.C.,Valor medio-alto,8,271768.75,2174150.0,108707.5
K7NLKYK63V,2021-03-01,Comercio detallista,Bogotá D.C.,Valor medio-alto,5,1480100.0,7400500.0,370025.0
K7NLKYK63V,2021-04-01,Comercio detallista,Bogotá D.C.,Valor medio-alto,5,1480100.0,7400500.0,370025.0
K7NLKYK63V,2021-05-01,Comercio detallista,Bogotá D.C.,Valor medio-alto,3,1480100.0,4440300.0,222015.0
K81AB3YYWE,2021-02-01,Alimentos y bebidas,Bogotá D.C.,Valor alto,118,59115.42923433875,6975620.649651973,348781.0324825987
K81AB3YYWE,2021-03-01,Alimentos y bebidas,Bogotá D.C.,Valor alto,248,59115.42923433875,14660626.45011601,733031.3225058005
K81AB3YYWE,2021-04-01,Alimentos y bebidas,Bogotá D.C.,Valor alto,36,59115.42923433875,2128155.4524361948,106407.77262180974
K81AB3YYWE,2021-05-01,Alimentos y bebidas,Bogotá D.C.,Valor alto,29,59115.42923433875,1714347.4477958237,85717.37238979118
K85A2YMIB7,2021-03-01,Comercio detallista,Bogotá D.C.,Valor medio-alto,2,229920.0,459840.0,22992.0
K85A2YMIB7,2021-05-01,Comercio detallista,Bogotá D.C.,Valor medio-alto,3,229920.0,689760.0,34488.0
K8T65XSD8J,2021-03-01,Servicios,Sibaté,Valor medio-alto,4,310571.4285714286,1242285.7142857143,62114.28571428572
K8T65XSD8J,2021-04-01,Servicios,Sibaté,Valor medio-alto,2,310571.4285714286,621142.8571428572,31057.14285714286
K8T65XSD8J,2021-05-01,Servicios,Sibaté,Valor medio-alto,1,310571.4285714286,310571.4285714286,15528.57142857143
K8XO4GI3DO,2021-03-01,Comercio detallista,Bogotá D.C.,Valor medio-alto,8,248160.7142857143,1985285.7142857143,99264.28571428572
K8XO4GI3DO,2021-04-01,Comercio detallista,Bogotá D.C.,Valor medio-alto,2,248160.7142857143,496321.4285714286,24816.07142857143
K8XO4GI3DO,2021-05-01,Comercio detallista,Bogotá D.C.,Valor medio-alto,4,248160.7142857143,992642.8571428572,49632.14285714286
K9I3NPY33E,2021-01-01,Reparación y limpieza,Soacha,Valor medio-alto,4,2031333.3333333333,8125333.333333333,406266.6666666667
K9I3NPY33E,2021-02-01,Reparación y limpieza,Soacha,Valor medio-alto,2,2031333.3333333333,4062666.6666666665,203133.33333333334
K9I3NPY33E,2021-03-01,Reparación y limpieza,Soacha,Valor medio-alto,1,2031333.3333333333,2031333.3333333333,101566.66666666667
K9I3NPY33E,2021-04-01,Reparación y limpieza,Soacha,Valor medio-alto,2,2031333.3333333333,4062666.6666666665,203133.33333333334
K9QUG2O46W,2021-03-01,Comercio detallista,Bogotá D.C.,Valor medio-alto,1,155400.0,155400.0,7770.0
K9QUG2O46W,2021-04-01,Comercio detallista,Bogotá D.C.,Valor medio-alto,1,155400.0,155400.0,7770.0
K9QUG2O46W,2021-05-01,Comercio detallista,Bogotá D.C.,Valor medio-alto,3,155400.0,466200.0,23310.0
K9SKSRGDGB,2021-03-01,Comercio detallista,Bogotá D.C.,Valor medio-alto,12,127483.04347826086,1529796.5217391304,76489.82608695653
K9SKSRGDGB,2021-04-01,Comercio detallista,Bogotá D.C.,Valor medio-alto,4,127483.04347826086,509932.17391304346,25496.608695652176
K9SKSRGDGB,2021-05-01,Comercio detallista,Bogotá D.C.,Valor medio-alto,7,127483.04347826086,892381.304347826,44619.065217391304
KAG9YD41V6,2021-03-01,Comercio detallista,Bogotá D.C.,Valor medio-alto,3,223250.0,669750.0,33487.5
KAG9YD41V6,2021-04-01,Comercio detallista,Bogotá D.C.,Valor medio-alto,3,223250.0,669750.0,33487.5
KAG9YD41V6,2021-05-01,Comercio detallista,Bogotá D.C.,Valor medio-alto,6,223250.0,1339500.0,66975.0
KAPLJ6KNAJ,2021-03-01,Comercio detallista,Bogotá D.C.,Valor medio-alto,29,321544.8275862069,9324800.0,466240.0
KB3LE1SCW4,2021-02-01,Comercio detallista,Bogotá D.C.,Valor medio-alto,6,547476.0,3284856.0,164242.80000000002
KB3LE1SCW4,2021-03-01,Comercio detallista,Bogotá D.C.,Valor medio-alto,8,547476.0,4379808.0,218990.40000000002
KB3LE1SCW4,2021-04-01,Comercio detallista,Bogotá D.C.,Valor medio-alto,3,547476.0,1642428.0,82121.40000000001
KB3LE1SCW4,2021-05-01,Comercio detallista,Bogotá D.C.,Valor medio-alto,8,547476.0,4379808.0,218990.40000000002
KCI2HYN9J5,2021-03-01,Comercio detallista,Bogotá D.C.,Valor medio-alto,1,140066.66666666666,140066.66666666666,7003.333333333333
KCI2HYN9J5,2021-04-01,Comercio detallista,Bogotá D.C.,Valor medio-alto,10,140066.66666666666,1400666.6666666665,70033.33333333333
KCI2HYN9J5,2021-05-01,Comercio detallista,Bogotá D.C.,Valor medio-alto,16,140066.66666666666,2241066.6666666665,112053.33333333333
KCIA63YHIJ,2021-02-01,Comercio detallista,Bogotá D.C.,Valor medio-alto,1,206109.0909090909,206109.0909090909,10305.454545454546
KCIA63YHIJ,2021-03-01,Comercio detallista,Bogotá D.C.,Valor medio-alto,4,206109.0909090909,824436.3636363636,41221.818181818184
KCIA63YHIJ,2021-04-01,Comercio detallista,Bogotá D.C.,Valor medio-alto,1,206109.0909090909,206109.0909090909,10305.454545454546
KCIA63YHIJ,2021-05-01,Comercio detallista,Bogotá D.C.,Valor medio-alto,5,206109.0909090909,1030545.4545454546,51527.272727272735
KCK6I3IQXT,2021-02-01,Comercio detallista,Bogotá D.C.,Valor medio-alto,1,367535.0,367535.0,18376.75
KCK6I3IQXT,2021-03-01,Comercio detallista,Bogotá D.C.,Valor medio-alto,5,367535.0,1837675.0,91883.75
KCK6I3IQXT,2021-04-01,Comercio detallista,Bogotá D.C.,Valor medio-alto,2,367535.0,735070.0,36753.5
KCK6I3IQXT,2021-05-01,Comercio detallista,Bogotá D.C.,Valor medio-alto,2,367535.0,735070.0,36753.5
KCT51IYDMJ,2021-03-01,Comercio detallista,Bogotá D.C.,Valor medio-alto,4,196870.0,787480.0,39374.0
KCT51IYDMJ,2021-04-01,Comercio detallista,Bogotá D.C.,Valor medio-alto,3,196870.0,590610.0,29530.5
KCT51IYDMJ,2021-05-01,Comercio detallista,Bogotá D.C.,Valor medio-alto,3,196870.0,590610.0,29530.5
KDYDAIFAYG,2021-03-01,Comercio detallista,Bogotá D.C.,Valor medio-alto,4,28217.85714285714,112871.42857142857,5643.571428571428
KDYDAIFAYG,2021-04-01,Comercio detallista,Bogotá D.C.,Valor medio-alto,3,28217.85714285714,84653.57142857142,4232.678571428572
KDYDIIOIKM,2021-02-01,Comercio detallista,Bogotá D.C.,Valor medio-alto,9,109517.85714285714,985660.7142857143,49283.03571428572
KDYDIIOIKM,2021-03-01,Comercio detallista,Bogotá D.C.,Valor medio-alto,32,109517.85714285714,3504571.4285714286,175228.57142857145
KDYDIIOIKM,2021-04-01,Comercio detallista,Bogotá D.C.,Valor medio-alto,30,109517.85714285714,3285535.7142857146,164276.78571428574
KDYDIIOIKM,2021-05-01,Comercio detallista,Bogotá D.C.,Valor medio-alto,41,109517.85714285714,4490232.142857143,224511.60714285716
KFYMLB3CG0,2021-03-01,Comercio detallista,Bogotá D.C.,Valor medio-alto,4,110166.66666666667,440666.6666666667,22033.333333333336
KFYMLB3CG0,2021-04-01,Comercio detallista,Bogotá D.C.,Valor medio-alto,1,110166.66666666667,110166.66666666667,5508.333333333334
KFYMLB3CG0,2021-05-01,Comercio detallista,Bogotá D.C.,Valor medio-alto,4,110166.66666666667,440666.6666666667,22033.333333333336
KH1JX2FY2U,2021-01-01,Belleza y cuidado personal,Bogotá D.C.,Valor medio-alto,22,93098.55769230769,2048168.269230769,102408.41346153845
KH1JX2FY2U,2020-12-01,Belleza y cuidado personal,Bogotá D.C.,Valor medio-alto,51,93098.55769230769,4748026.442307692,237401.32211538462
KH1JX2FY2U,2021-02-01,Belleza y cuidado personal,Bogotá D.C.,Valor medio-alto,29,93098.55769230769,2699858.173076923,134992.90865384616
KH1JX2FY2U,2021-03-01,Belleza y cuidado personal,Bogotá D.C.,Valor medio-alto,37,93098.55769230769,3444646.6346153845,172232.33173076925
KH1JX2FY2U,2021-04-01,Belleza y cuidado personal,Bogotá D.C.,Valor medio-alto,26,93098.55769230769,2420562.5,121028.125
KH1JX2FY2U,2021-05-01,Belleza y cuidado personal,Bogotá D.C.,Valor medio-alto,43,93098.55769230769,4003237.9807692305,200161.89903846153
KHL083LILA,2021-03-01,Comercio detallista,Bogotá D.C.,Valor medio-alto,1,118428.57142857143,118428.57142857143,5921.4285714285725
KHL083LILA,2021-04-01,Comercio detallista,Bogotá D.C.,Valor medio-alto,1,118428.57142857143,118428.57142857143,5921.4285714285725
KHL083LILA,2021-05-01,Comercio detallista,Bogotá D.C.,Valor medio-alto,5,118428.57142857143,592142.8571428572,29607.14285714286
KI0E4BC6GV,2021-02-01,Comercio detallista,Bogotá D.C.,Valor medio-alto,7,515120.0,3605840.0,180292.0
KI0E4BC6GV,2021-03-01,Comercio detallista,Bogotá D.C.,Valor medio-alto,8,515120.0,4120960.0,206048.0
KI0E4BC6GV,2021-04-01,Comercio detallista,Bogotá D.C.,Valor medio-alto,3,515120.0,1545360.0,77268.0
KI0E4BC6GV,2021-05-01,Comercio detallista,Bogotá D.C.,Valor medio-alto,2,515120.0,1030240.0,51512.0
KIOY4ERU5W,2021-03-01,Belleza y cuidado personal,Cali,Valor medio,2,25500.0,51000.0,2550.0
KIOY4ERU5W,2021-04-01,Belleza y cuidado personal,Cali,Valor medio,2,25500.0,51000.0,2550.0
KJ6MXK2O07,2021-03-01,Belleza y cuidado personal,Bogotá D.C.,Valor medio-alto,2,76800.0,153600.0,7680.0
KJ6MXK2O07,2021-05-01,Belleza y cuidado personal,Bogotá D.C.,Valor medio-alto,8,76800.0,614400.0,30720.0
KJ7X85U1F9,2021-03-01,Comercio detallista,Bogotá D.C.,Valor medio-alto,2,1130537.5,2261075.0,113053.75
KJ7X85U1F9,2021-04-01,Comercio detallista,Bogotá D.C.,Valor medio-alto,1,1130537.5,1130537.5,56526.875
KJ7X85U1F9,2021-05-01,Comercio detallista,Bogotá D.C.,Valor medio-alto,1,1130537.5,1130537.5,56526.875
KJAS9YALPR,2021-03-01,Comercio detallista,Bogotá D.C.,Valor medio-alto,2,231701.92307692306,463403.8461538461,23170.19230769231
KJAS9YALPR,2021-04-01,Comercio detallista,Bogotá D.C.,Valor medio-alto,12,231701.92307692306,2780423.076923077,139021.15384615384
KJAS9YALPR,2021-05-01,Comercio detallista,Bogotá D.C.,Valor medio-alto,12,231701.92307692306,2780423.076923077,139021.15384615384
KJO1ZCS4D4,2021-03-01,Comercio detallista,Bogotá D.C.,Valor medio-alto,3,36537.5,109612.5,5480.625
KJO1ZCS4D4,2021-05-01,Comercio detallista,Bogotá D.C.,Valor medio-alto,1,36537.5,36537.5,1826.875
KKAMH1RNRD,2021-02-01,Comercio detallista,Bogotá D.C.,Valor medio-alto,1,163875.0,163875.0,8193.75
KKAMH1RNRD,2021-03-01,Comercio detallista,Bogotá D.C.,Valor medio-alto,6,163875.0,983250.0,49162.5
KKAMH1RNRD,2021-05-01,Comercio detallista,Bogotá D.C.,Valor medio-alto,1,163875.0,163875.0,8193.75
KKPMO81DPB,2021-03-01,Servicios,Bogotá D.C.,Valor medio-alto,9,631886.3636363636,5686977.2727272725,284348.86363636365
KKPMO81DPB,2021-04-01,Servicios,Bogotá D.C.,Valor medio-alto,6,631886.3636363636,3791318.1818181816,189565.9090909091
KKPMO81DPB,2021-05-01,Servicios,Bogotá D.C.,Valor medio-alto,7,631886.3636363636,4423204.545454546,221160.2272727273
KKT4P04P2K,2021-03-01,Servicios,Bogotá D.C.,Valor medio-alto,3,287407.14285714284,862221.4285714285,43111.07142857143
KKT4P04P2K,2021-04-01,Servicios,Bogotá D.C.,Valor medio-alto,1,287407.14285714284,287407.14285714284,14370.357142857143
KKT4P04P2K,2021-05-01,Servicios,Bogotá D.C.,Valor medio-alto,3,287407.14285714284,862221.4285714285,43111.07142857143
KLEKNMKGVI,2021-02-01,Comercio detallista,Bogotá D.C.,Valor medio,1,400.0,400.0,20.0
KLEKNMKGVI,2021-03-01,Comercio detallista,Bogotá D.C.,Valor medio,2,400.0,800.0,40.0
KLEKNMKGVI,2021-04-01,Comercio detallista,Bogotá D.C.,Valor medio,2,400.0,800.0,40.0
KMR0YYGB64,2021-03-01,Servicios,Bogotá D.C.,Valor medio,1,2000.0,2000.0,100.0
KN84JSIE1J,2021-01-01,Belleza y cuidado personal,Bogotá D.C.,Valor medio-alto,2,72565.21739130435,145130.4347826087,7256.521739130436
KN84JSIE1J,2020-12-01,Belleza y cuidado personal,Bogotá D.C.,Valor medio-alto,9,72565.21739130435,653086.9565217391,32654.34782608696
KN84JSIE1J,2021-02-01,Belleza y cuidado personal,Bogotá D.C.,Valor medio-alto,7,72565.21739130435,507956.5217391305,25397.826086956527
KN84JSIE1J,2021-03-01,Belleza y cuidado personal,Bogotá D.C.,Valor medio-alto,9,72565.21739130435,653086.9565217391,32654.34782608696
KN84JSIE1J,2021-04-01,Belleza y cuidado personal,Bogotá D.C.,Valor medio-alto,11,72565.21739130435,798217.3913043479,39910.8695652174
KN84JSIE1J,2021-05-01,Belleza y cuidado personal,Bogotá D.C.,Valor medio-alto,8,72565.21739130435,580521.7391304348,29026.086956521744
KNYLXA4BYW,2021-03-01,Reparación y limpieza,Bogotá D.C.,Valor medio-alto,50,194155.1724137931,9707758.620689655,485387.9310344828
KNYLXA4BYW,2021-04-01,Reparación y limpieza,Bogotá D.C.,Valor medio-alto,27,194155.1724137931,5242189.655172414,262109.48275862072
KNYLXA4BYW,2021-05-01,Reparación y limpieza,Bogotá D.C.,Valor medio-alto,39,194155.1724137931,7572051.724137931,378602.5862068966
KO4CM3W6FN,2021-03-01,Comercio detallista,Cota,Valor medio-alto,2,118866.66666666667,237733.33333333334,11886.666666666668
KO4CM3W6FN,2021-04-01,Comercio detallista,Cota,Valor medio-alto,5,118866.66666666667,594333.3333333334,29716.66666666667
KO4CM3W6FN,2021-05-01,Comercio detallista,Cota,Valor medio-alto,8,118866.66666666667,950933.3333333334,47546.66666666667
KOIW2YFJHZ,2021-01-01,Alimentos y bebidas,Bogotá D.C.,Valor medio,1,2000.0,2000.0,100.0
KORXKF68CD,2021-02-01,Alimentos y bebidas,Bogotá D.C.,Valor medio-alto,13,34107.96460176991,443403.5398230089,22170.176991150445
KORXKF68CD,2021-03-01,Alimentos y bebidas,Bogotá D.C.,Valor medio-alto,25,34107.96460176991,852699.1150442478,42634.955752212394
KORXKF68CD,2021-04-01,Alimentos y bebidas,Bogotá D.C.,Valor medio-alto,40,34107.96460176991,1364318.5840707966,68215.92920353984
KORXKF68CD,2021-05-01,Alimentos y bebidas,Bogotá D.C.,Valor medio-alto,35,34107.96460176991,1193778.7610619469,59688.93805309734
KQJFAPEW9U,2021-03-01,Comercio detallista,Zipaquirá,Valor medio,1,2000.0,2000.0,100.0
KQMGJKHJE2,2021-03-01,Comercio detallista,Bogotá D.C.,Valor medio-alto,3,253200.0,759600.0,37980.0
KQMGJKHJE2,2021-04-01,Comercio detallista,Bogotá D.C.,Valor medio-alto,1,253200.0,253200.0,12660.0
KQMGJKHJE2,2021-05-01,Comercio detallista,Bogotá D.C.,Valor medio-alto,1,253200.0,253200.0,12660.0
KS7X76LGM4,2021-01-01,Servicios,Bogotá D.C.,Valor medio-alto,12,377396.5517241379,4528758.620689655,226437.93103448275
KS7X76LGM4,2020-12-01,Servicios,Bogotá D.C.,Valor medio-alto,5,377396.5517241379,1886982.7586206896,94349.1379310345
KS7X76LGM4,2021-02-01,Servicios,Bogotá D.C.,Valor medio-alto,11,377396.5517241379,4151362.068965517,207568.10344827586
KS7X76LGM4,2021-03-01,Servicios,Bogotá D.C.,Valor medio-alto,6,377396.5517241379,2264379.3103448274,113218.96551724138
KS7X76LGM4,2021-04-01,Servicios,Bogotá D.C.,Valor medio-alto,12,377396.5517241379,4528758.620689655,226437.93103448275
KS7X76LGM4,2021-05-01,Servicios,Bogotá D.C.,Valor medio-alto,12,377396.5517241379,4528758.620689655,226437.93103448275
KSF1K2H3H5,2021-02-01,Servicios,Bogotá D.C.,Valor medio,5,20600.0,103000.0,5150.0
KSG3KGD863,2021-03-01,Alimentos y bebidas,Bogotá D.C.,Valor medio-alto,9,27752.272727272728,249770.45454545456,12488.522727272728
KSG3KGD863,2021-04-01,Alimentos y bebidas,Bogotá D.C.,Valor medio-alto,24,27752.272727272728,666054.5454545454,33302.72727272727
KSG3KGD863,2021-05-01,Alimentos y bebidas,Bogotá D.C.,Valor medio-alto,11,27752.272727272728,305275.0,15263.75
KSHOFXMFEM,2021-03-01,Comercio detallista,Bogotá D.C.,Valor medio-alto,1,455037.037037037,455037.037037037,22751.851851851854
KSHOFXMFEM,2021-04-01,Comercio detallista,Bogotá D.C.,Valor medio-alto,14,455037.037037037,6370518.518518519,318525.92592592596
KSHOFXMFEM,2021-05-01,Comercio detallista,Bogotá D.C.,Valor medio-alto,39,455037.037037037,17746444.444444444,887322.2222222222
KSJ98EATWV,2021-02-01,Comercio detallista,Bogotá D.C.,Valor medio-alto,5,357733.3333333333,1788666.6666666665,89433.33333333333
KSJ98EATWV,2021-03-01,Comercio detallista,Bogotá D.C.,Valor medio-alto,2,357733.3333333333,715466.6666666666,35773.333333333336
KSJ98EATWV,2021-04-01,Comercio detallista,Bogotá D.C.,Valor medio-alto,3,357733.3333333333,1073200.0,53660.0
KSJ98EATWV,2021-05-01,Comercio detallista,Bogotá D.C.,Valor medio-alto,5,357733.3333333333,1788666.6666666665,89433.33333333333
KTG8YSX3QN,2021-02-01,Comercio detallista,Soacha,Valor medio-alto,20,110133.33333333333,2202666.6666666665,110133.33333333333
KTG8YSX3QN,2021-03-01,Comercio detallista,Soacha,Valor medio-alto,4,110133.33333333333,440533.3333333333,22026.666666666668
KTG8YSX3QN,2021-04-01,Comercio detallista,Soacha,Valor medio-alto,4,110133.33333333333,440533.3333333333,22026.666666666668
KTG8YSX3QN,2021-05-01,Comercio detallista,Soacha,Valor medio-alto,2,110133.33333333333,220266.66666666666,11013.333333333334
KU16Q7Y7MH,2021-03-01,Comercio detallista,Bogotá D.C.,Valor medio-alto,1,34964.28571428572,34964.28571428572,1748.214285714286
KU16Q7Y7MH,2021-04-01,Comercio detallista,Bogotá D.C.,Valor medio-alto,7,34964.28571428572,244750.00000000003,12237.500000000002
KU16Q7Y7MH,2021-05-01,Comercio detallista,Bogotá D.C.,Valor medio-alto,6,34964.28571428572,209785.71428571432,10489.285714285717
KU7R9WIYYV,2021-01-01,Comercio detallista,Bogotá D.C.,Valor medio-alto,1,272666.6666666667,272666.6666666667,13633.333333333336
KU7R9WIYYV,2021-04-01,Comercio detallista,Bogotá D.C.,Valor medio-alto,2,272666.6666666667,545333.3333333334,27266.66666666667
KUDH4TKYJQ,2021-03-01,Comercio detallista,Fusagasugá,Valor medio,1,2000.0,2000.0,100.0
KUYCWBEM4Z,2021-03-01,Servicios,Soacha,Valor medio-alto,1,199625.0,199625.0,9981.25
KUYCWBEM4Z,2021-04-01,Servicios,Soacha,Valor medio-alto,2,199625.0,399250.0,19962.5
KUYCWBEM4Z,2021-05-01,Servicios,Soacha,Valor medio-alto,5,199625.0,998125.0,49906.25
KV16V9FYQH,2021-03-01,Servicios,Bogotá D.C.,Valor medio-alto,7,98550.0,689850.0,34492.5
KV16V9FYQH,2021-04-01,Servicios,Bogotá D.C.,Valor medio-alto,9,98550.0,886950.0,44347.5
KV16V9FYQH,2021-05-01,Servicios,Bogotá D.C.,Valor medio-alto,12,98550.0,1182600.0,59130.0
KVD4GSV7YO,2021-03-01,Comercio detallista,Bogotá D.C.,Valor medio-alto,3,191636.36363636365,574909.0909090909,28745.454545454548
KVD4GSV7YO,2021-04-01,Comercio detallista,Bogotá D.C.,Valor medio-alto,4,191636.36363636365,766545.4545454546,38327.27272727273
KVD4GSV7YO,2021-05-01,Comercio detallista,Bogotá D.C.,Valor medio-alto,4,191636.36363636365,766545.4545454546,38327.27272727273
KVJWHWWEW3,2021-03-01,Comercio detallista,Bogotá D.C.,Valor medio-alto,3,880307.6923076923,2640923.076923077,132046.15384615384
KVJWHWWEW3,2021-04-01,Comercio detallista,Bogotá D.C.,Valor medio-alto,1,880307.6923076923,880307.6923076923,44015.38461538462
KVJWHWWEW3,2021-05-01,Comercio detallista,Bogotá D.C.,Valor medio-alto,9,880307.6923076923,7922769.23076923,396138.4615384615
KVR0NPNC4O,2021-03-01,Servicios,Bogotá D.C.,Valor medio-alto,2,1432200.0,2864400.0,143220.0
KVR0NPNC4O,2021-04-01,Servicios,Bogotá D.C.,Valor medio-alto,2,1432200.0,2864400.0,143220.0
KVR0NPNC4O,2021-05-01,Servicios,Bogotá D.C.,Valor medio-alto,1,1432200.0,1432200.0,71610.0
KVVETWK4UR,2021-03-01,Comercio detallista,Bogotá D.C.,Valor medio-alto,6,48714.28571428572,292285.7142857143,14614.285714285717
KVVETWK4UR,2021-04-01,Comercio detallista,Bogotá D.C.,Valor medio-alto,5,48714.28571428572,243571.42857142858,12178.57142857143
KVVETWK4UR,2021-05-01,Comercio detallista,Bogotá D.C.,Valor medio-alto,3,48714.28571428572,146142.85714285716,7307.142857142859
KWHGSUXU9E,2021-03-01,Comercio detallista,Bogotá D.C.,Valor medio,2,138000.0,276000.0,13800.0
KWMHTOD4PW,2021-03-01,Servicios,Bogotá D.C.,Valor medio-alto,4,164000.0,656000.0,32800.0
KWMHTOD4PW,2021-04-01,Servicios,Bogotá D.C.,Valor medio-alto,1,164000.0,164000.0,8200.0
KWMHTOD4PW,2021-05-01,Servicios,Bogotá D.C.,Valor medio-alto,1,164000.0,164000.0,8200.0
KXPMR3QB7D,2021-03-01,Comercio detallista,Bogotá D.C.,Valor medio-alto,11,72812.5,800937.5,40046.875
KXPMR3QB7D,2021-04-01,Comercio detallista,Bogotá D.C.,Valor medio-alto,9,72812.5,655312.5,32765.625
KXPMR3QB7D,2021-05-01,Comercio detallista,Bogotá D.C.,Valor medio-alto,12,72812.5,873750.0,43687.5
KXU2E80V4M,2021-02-01,Alimentos y bebidas,Bogotá D.C.,Valor medio-alto,9,68623.94736842105,617615.5263157894,30880.776315789473
KXU2E80V4M,2021-03-01,Alimentos y bebidas,Bogotá D.C.,Valor medio-alto,13,68623.94736842105,892111.3157894737,44605.56578947369
KXU2E80V4M,2021-04-01,Alimentos y bebidas,Bogotá D.C.,Valor medio-alto,3,68623.94736842105,205871.84210526315,10293.592105263158
KXU2E80V4M,2021-05-01,Alimentos y bebidas,Bogotá D.C.,Valor medio-alto,13,68623.94736842105,892111.3157894737,44605.56578947369
KY0DEYR79L,2021-03-01,Comercio detallista,El Rosal,Valor medio-alto,6,144166.66666666666,865000.0,43250.0
KY0DEYR79L,2021-04-01,Comercio detallista,El Rosal,Valor medio-alto,8,144166.66666666666,1153333.3333333333,57666.666666666664
KY0DEYR79L,2021-05-01,Comercio detallista,El Rosal,Valor medio-alto,10,144166.66666666666,1441666.6666666665,72083.33333333333
KY7D698SGQ,2021-03-01,Comercio detallista,Bogotá D.C.,Valor medio-alto,5,299050.4285714286,1495252.142857143,74762.60714285714
KY7D698SGQ,2021-04-01,Comercio detallista,Bogotá D.C.,Valor medio-alto,5,299050.4285714286,1495252.142857143,74762.60714285714
KY7D698SGQ,2021-05-01,Comercio detallista,Bogotá D.C.,Valor medio-alto,4,299050.4285714286,1196201.7142857143,59810.08571428572
KYQDB3MS9A,2021-03-01,Servicios,Bogotá D.C.,Valor medio-alto,6,401636.8292682927,2409820.975609756,120491.0487804878
KYQDB3MS9A,2021-04-01,Servicios,Bogotá D.C.,Valor medio-alto,18,401636.8292682927,7229462.926829268,361473.14634146343
KYQDB3MS9A,2021-05-01,Servicios,Bogotá D.C.,Valor medio-alto,17,401636.8292682927,6827826.097560976,341391.30487804883
KZLLL4NV2O,2021-03-01,Comercio detallista,Bogotá D.C.,Valor medio-alto,25,51241.93548387097,1281048.3870967743,64052.41935483872
KZLLL4NV2O,2021-04-01,Comercio detallista,Bogotá D.C.,Valor medio-alto,61,51241.93548387097,3125758.064516129,156287.90322580645
KZLLL4NV2O,2021-05-01,Comercio detallista,Bogotá D.C.,Valor medio-alto,100,51241.93548387097,5124193.548387097,256209.67741935488
KZMEOC8T9L,2021-02-01,Servicios,Soacha,Valor medio-alto,9,435466.6666666667,3919200.0,195960.0
KZMEOC8T9L,2021-03-01,Servicios,Soacha,Valor medio-alto,6,435466.6666666667,2612800.0,130640.0
KZXU6HIN8L,2021-03-01,Comercio detallista,Bogotá D.C.,Valor medio-alto,1,72633.33333333333,72633.33333333333,3631.6666666666665
KZXU6HIN8L,2021-04-01,Comercio detallista,Bogotá D.C.,Valor medio-alto,1,72633.33333333333,72633.33333333333,3631.6666666666665
KZXU6HIN8L,2021-05-01,Comercio detallista,Bogotá D.C.,Valor medio-alto,1,72633.33333333333,72633.33333333333,3631.6666666666665
L04TE178ZG,2021-03-01,Alimentos y bebidas,Bogotá D.C.,Valor medio-alto,2,32292.85714285714,64585.71428571428,3229.285714285714
L04TE178ZG,2021-04-01,Alimentos y bebidas,Bogotá D.C.,Valor medio-alto,5,32292.85714285714,161464.2857142857,8073.214285714286
L0JPD8Y3A7,2021-02-01,Servicios,Bogotá D.C.,Valor medio-alto,3,188325.0,564975.0,28248.75
L0JPD8Y3A7,2021-03-01,Servicios,Bogotá D.C.,Valor medio-alto,3,188325.0,564975.0,28248.75
L0JPD8Y3A7,2021-04-01,Servicios,Bogotá D.C.,Valor medio-alto,1,188325.0,188325.0,9416.25
L0JPD8Y3A7,2021-05-01,Servicios,Bogotá D.C.,Valor medio-alto,3,188325.0,564975.0,28248.75
L16C6E90T6,2021-03-01,Alimentos y bebidas,Chía,Valor medio-alto,3,51750.0,155250.0,7762.5
L16C6E90T6,2021-04-01,Alimentos y bebidas,Chía,Valor medio-alto,1,51750.0,51750.0,2587.5
L16C6E90T6,2021-05-01,Alimentos y bebidas,Chía,Valor medio-alto,6,51750.0,310500.0,15525.0
L2Q656CHS2,2021-02-01,Alimentos y bebidas,Bogotá D.C.,Valor medio-alto,1,32764.70588235294,32764.70588235294,1638.235294117647
L2Q656CHS2,2021-03-01,Alimentos y bebidas,Bogotá D.C.,Valor medio-alto,4,32764.70588235294,131058.82352941176,6552.941176470588
L2Q656CHS2,2021-04-01,Alimentos y bebidas,Bogotá D.C.,Valor medio-alto,1,32764.70588235294,32764.70588235294,1638.235294117647
L2Q656CHS2,2021-05-01,Alimentos y bebidas,Bogotá D.C.,Valor medio-alto,11,32764.70588235294,360411.76470588235,18020.58823529412
L2QDNLRM86,2021-02-01,Alimentos y bebidas,Bogotá D.C.,Valor medio-alto,15,36720.48192771084,550807.2289156626,27540.36144578313
L2QDNLRM86,2021-03-01,Alimentos y bebidas,Bogotá D.C.,Valor medio-alto,18,36720.48192771084,660968.6746987951,33048.433734939754
L2QDNLRM86,2021-04-01,Alimentos y bebidas,Bogotá D.C.,Valor medio-alto,28,36720.48192771084,1028173.4939759035,51408.67469879518
L2QDNLRM86,2021-05-01,Alimentos y bebidas,Bogotá D.C.,Valor medio-alto,22,36720.48192771084,807850.6024096385,40392.530120481926
L2R5706PCS,2021-02-01,Comercio detallista,Bogotá D.C.,Valor medio-alto,7,342537.037037037,2397759.2592592593,119887.96296296298
L2R5706PCS,2021-03-01,Comercio detallista,Bogotá D.C.,Valor medio-alto,8,342537.037037037,2740296.296296296,137014.8148148148
L2R5706PCS,2021-04-01,Comercio detallista,Bogotá D.C.,Valor medio-alto,4,342537.037037037,1370148.148148148,68507.4074074074
L2R5706PCS,2021-05-01,Comercio detallista,Bogotá D.C.,Valor medio-alto,8,342537.037037037,2740296.296296296,137014.8148148148
L3ZF9WSECU,2021-03-01,Comercio detallista,Bogotá D.C.,Valor medio-alto,4,1158175.0,4632700.0,231635.0
L3ZF9WSECU,2021-04-01,Comercio detallista,Bogotá D.C.,Valor medio-alto,7,1158175.0,8107225.0,405361.25
L3ZF9WSECU,2021-05-01,Comercio detallista,Bogotá D.C.,Valor medio-alto,5,1158175.0,5790875.0,289543.75
L40CSRFA7B,2021-03-01,Alimentos y bebidas,Bogotá D.C.,Valor medio-alto,14,50768.181818181816,710754.5454545454,35537.72727272727
L40CSRFA7B,2021-04-01,Alimentos y bebidas,Bogotá D.C.,Valor medio-alto,6,50768.181818181816,304609.0909090909,15230.454545454544
L40CSRFA7B,2021-05-01,Alimentos y bebidas,Bogotá D.C.,Valor medio-alto,2,50768.181818181816,101536.36363636363,5076.818181818182
L45BZYS1VZ,2021-03-01,Comercio detallista,Fusagasugá,Valor medio-alto,4,129368.42105263157,517473.6842105263,25873.684210526317
L45BZYS1VZ,2021-04-01,Comercio detallista,Fusagasugá,Valor medio-alto,9,129368.42105263157,1164315.789473684,58215.789473684206
L45BZYS1VZ,2021-05-01,Comercio detallista,Fusagasugá,Valor medio-alto,6,129368.42105263157,776210.5263157894,38810.52631578947
L4LUESYD1F,2021-01-01,Servicios,Bogotá D.C.,Valor alto,13,255465.5172413793,3321051.724137931,166052.58620689658
L4LUESYD1F,2021-02-01,Servicios,Bogotá D.C.,Valor alto,18,255465.5172413793,4598379.310344827,229918.9655172414
L4LUESYD1F,2021-03-01,Servicios,Bogotá D.C.,Valor alto,16,255465.5172413793,4087448.275862069,204372.41379310345
L4LUESYD1F,2021-04-01,Servicios,Bogotá D.C.,Valor alto,8,255465.5172413793,2043724.1379310344,102186.20689655172
L4LUESYD1F,2021-05-01,Servicios,Bogotá D.C.,Valor alto,3,255465.5172413793,766396.551724138,38319.8275862069
L4PWR3QSHG,2021-03-01,Servicios,Soacha,Valor medio-alto,6,163850.0,983100.0,49155.0
L4PWR3QSHG,2021-04-01,Servicios,Soacha,Valor medio-alto,1,163850.0,163850.0,8192.5
L4PWR3QSHG,2021-05-01,Servicios,Soacha,Valor medio-alto,6,163850.0,983100.0,49155.0
L54P3Q0HAT,2021-01-01,Reparación y limpieza,Soacha,Valor medio-alto,7,1131357.142857143,7919500.000000001,395975.00000000006
L54P3Q0HAT,2021-02-01,Reparación y limpieza,Soacha,Valor medio-alto,3,1131357.142857143,3394071.428571429,169703.57142857148
L54P3Q0HAT,2021-03-01,Reparación y limpieza,Soacha,Valor medio-alto,2,1131357.142857143,2262714.285714286,113135.7142857143
L54P3Q0HAT,2021-04-01,Reparación y limpieza,Soacha,Valor medio-alto,3,1131357.142857143,3394071.428571429,169703.57142857148
L54P3Q0HAT,2021-05-01,Reparación y limpieza,Soacha,Valor medio-alto,6,1131357.142857143,6788142.857142858,339407.14285714296
L5NJ3KXKK4,2021-03-01,Comercio detallista,Bogotá D.C.,Valor medio-alto,2,34016.42857142857,68032.85714285714,3401.6428571428573
L5NJ3KXKK4,2021-04-01,Comercio detallista,Bogotá D.C.,Valor medio-alto,4,34016.42857142857,136065.7142857143,6803.285714285715
L5NJ3KXKK4,2021-05-01,Comercio detallista,Bogotá D.C.,Valor medio-alto,1,34016.42857142857,34016.42857142857,1700.8214285714287
L5U0CXZN6U,2021-01-01,Comercio detallista,Bogotá D.C.,Valor medio-alto,2,389666.6666666667,779333.3333333334,38966.66666666667
L5U0CXZN6U,2021-02-01,Comercio detallista,Bogotá D.C.,Valor medio-alto,2,389666.6666666667,779333.3333333334,38966.66666666667
L5U0CXZN6U,2021-03-01,Comercio detallista,Bogotá D.C.,Valor medio-alto,3,389666.6666666667,1169000.0,58450.0
L5U0CXZN6U,2021-05-01,Comercio detallista,Bogotá D.C.,Valor medio-alto,2,389666.6666666667,779333.3333333334,38966.66666666667
L6AEQIZ6R8,2021-01-01,Comercio detallista,Soacha,Valor medio-alto,7,488148.6111111111,3417040.277777778,170852.0138888889
L6AEQIZ6R8,2020-12-01,Comercio detallista,Soacha,Valor medio-alto,2,488148.6111111111,976297.2222222222,48814.86111111112
L6AEQIZ6R8,2021-02-01,Comercio detallista,Soacha,Valor medio-alto,6,488148.6111111111,2928891.666666667,146444.58333333334
L6AEQIZ6R8,2021-03-01,Comercio detallista,Soacha,Valor medio-alto,10,488148.6111111111,4881486.111111111,244074.30555555556
L6AEQIZ6R8,2021-04-01,Comercio detallista,Soacha,Valor medio-alto,4,488148.6111111111,1952594.4444444445,97629.72222222223
L6AEQIZ6R8,2021-05-01,Comercio detallista,Soacha,Valor medio-alto,7,488148.6111111111,3417040.277777778,170852.0138888889
L6DA6YL86R,2021-02-01,Comercio detallista,Bogotá D.C.,Valor medio-alto,1,138000.0,138000.0,6900.0
L6DA6YL86R,2021-03-01,Comercio detallista,Bogotá D.C.,Valor medio-alto,2,138000.0,276000.0,13800.0
L6DA6YL86R,2021-04-01,Comercio detallista,Bogotá D.C.,Valor medio-alto,1,138000.0,138000.0,6900.0
L6DA6YL86R,2021-05-01,Comercio detallista,Bogotá D.C.,Valor medio-alto,2,138000.0,276000.0,13800.0
L6PPAT758D,2021-03-01,Comercio detallista,Cota,Valor alto,2,197655.4,395310.8,19765.54
L6PPAT758D,2021-04-01,Comercio detallista,Cota,Valor alto,3,197655.4,592966.2,29648.309999999998
L6PPAT758D,2021-05-01,Comercio detallista,Cota,Valor alto,5,197655.4,988277.0,49413.850000000006
L6TEKZSBS4,2021-03-01,Servicios,Bogotá D.C.,Valor medio-alto,33,117226.19047619047,3868464.2857142854,193423.2142857143
L6TEKZSBS4,2021-04-01,Servicios,Bogotá D.C.,Valor medio-alto,48,117226.19047619047,5626857.142857143,281342.85714285716
L6TEKZSBS4,2021-05-01,Servicios,Bogotá D.C.,Valor medio-alto,87,117226.19047619047,10198678.57142857,509933.9285714286
L6ZSVWHTD5,2021-02-01,Comercio detallista,Bogotá D.C.,Valor medio-alto,2,615500.0,1231000.0,61550.0
L6ZSVWHTD5,2021-03-01,Comercio detallista,Bogotá D.C.,Valor medio-alto,2,615500.0,1231000.0,61550.0
L7CF8MAPZF,2021-03-01,Comercio detallista,Bogotá D.C.,Valor medio-alto,17,55641.02564102564,945897.4358974359,47294.8717948718
L7CF8MAPZF,2021-04-01,Comercio detallista,Bogotá D.C.,Valor medio-alto,8,55641.02564102564,445128.2051282051,22256.410256410258
L7CF8MAPZF,2021-05-01,Comercio detallista,Bogotá D.C.,Valor medio-alto,14,55641.02564102564,778974.358974359,38948.71794871795
L7RHEM71N2,2021-03-01,Servicios,Bogotá D.C.,Valor medio-alto,8,368976.25,2951810.0,147590.5
L7RHEM71N2,2021-04-01,Servicios,Bogotá D.C.,Valor medio-alto,4,368976.25,1475905.0,73795.25
L7RHEM71N2,2021-05-01,Servicios,Bogotá D.C.,Valor medio-alto,8,368976.25,2951810.0,147590.5
L7UQV3QJ6E,2021-03-01,Comercio detallista,Bogotá D.C.,Valor medio-alto,1,1383666.6666666667,1383666.6666666667,69183.33333333334
L7UQV3QJ6E,2021-04-01,Comercio detallista,Bogotá D.C.,Valor medio-alto,1,1383666.6666666667,1383666.6666666667,69183.33333333334
L7UQV3QJ6E,2021-05-01,Comercio detallista,Bogotá D.C.,Valor medio-alto,1,1383666.6666666667,1383666.6666666667,69183.33333333334
L86H3259IK,2021-01-01,Comercio detallista,Bogotá D.C.,Valor medio,9,50400.0,453600.0,22680.0
L86H3259IK,2020-12-01,Comercio detallista,Bogotá D.C.,Valor medio,1,50400.0,50400.0,2520.0
L9G4N5XDK7,2021-03-01,Comercio detallista,Bogotá D.C.,Valor medio-alto,3,125888.88888888889,377666.6666666667,18883.333333333336
L9G4N5XDK7,2021-05-01,Comercio detallista,Bogotá D.C.,Valor medio-alto,6,125888.88888888889,755333.3333333334,37766.66666666667
LA24YH4QGC,2021-03-01,Alimentos y bebidas,Cali,Valor medio-alto,11,25158.88888888889,276747.7777777778,13837.38888888889
LA24YH4QGC,2021-04-01,Alimentos y bebidas,Cali,Valor medio-alto,9,25158.88888888889,226430.0,11321.5
LA24YH4QGC,2021-05-01,Alimentos y bebidas,Cali,Valor medio-alto,7,25158.88888888889,176112.22222222225,8805.611111111113
LA8L8VVQCM,2021-03-01,Belleza y cuidado personal,Bogotá D.C.,Valor medio,1,2000.0,2000.0,100.0
LAVJMTJHLY,2021-03-01,Servicios,Bogotá D.C.,Valor medio-alto,8,76888.88888888889,615111.1111111111,30755.55555555556
LAVJMTJHLY,2021-04-01,Servicios,Bogotá D.C.,Valor medio-alto,1,76888.88888888889,76888.88888888889,3844.444444444445
LB1BDZIB23,2021-03-01,Servicios,Bogotá D.C.,Valor medio-alto,1,186454.54545454544,186454.54545454544,9322.727272727272
LB1BDZIB23,2021-04-01,Servicios,Bogotá D.C.,Valor medio-alto,4,186454.54545454544,745818.1818181818,37290.90909090909
LB1BDZIB23,2021-05-01,Servicios,Bogotá D.C.,Valor medio-alto,6,186454.54545454544,1118727.2727272727,55936.36363636364
LBF0UNWLC9,2021-02-01,Comercio detallista,Bogotá D.C.,Valor medio-alto,3,76934.44444444444,230803.3333333333,11540.166666666666
LBF0UNWLC9,2021-04-01,Comercio detallista,Bogotá D.C.,Valor medio-alto,4,76934.44444444444,307737.77777777775,15386.888888888889
LBF0UNWLC9,2021-05-01,Comercio detallista,Bogotá D.C.,Valor medio-alto,2,76934.44444444444,153868.88888888888,7693.444444444444
LCN4P7I8T7,2021-03-01,Comercio detallista,Bogotá D.C.,Valor medio-alto,6,222248.14814814815,1333488.888888889,66674.44444444445
LCN4P7I8T7,2021-04-01,Comercio detallista,Bogotá D.C.,Valor medio-alto,6,222248.14814814815,1333488.888888889,66674.44444444445
LCN4P7I8T7,2021-05-01,Comercio detallista,Bogotá D.C.,Valor medio-alto,15,222248.14814814815,3333722.222222222,166686.11111111112
LCXVIY9YKI,2021-03-01,Comercio detallista,Bogotá D.C.,Valor medio-alto,1,190800.0,190800.0,9540.0
LCXVIY9YKI,2021-04-01,Comercio detallista,Bogotá D.C.,Valor medio-alto,4,190800.0,763200.0,38160.0
LD48A98HYC,2021-03-01,Servicios,Cota,Valor medio-alto,2,224666.66666666666,449333.3333333333,22466.666666666668
LD48A98HYC,2021-04-01,Servicios,Cota,Valor medio-alto,1,224666.66666666666,224666.66666666666,11233.333333333334
LD8XETYJO2,2021-03-01,Comercio detallista,Bogotá D.C.,Valor medio-alto,6,146958.62068965516,881751.7241379309,44087.58620689655
LD8XETYJO2,2021-04-01,Comercio detallista,Bogotá D.C.,Valor medio-alto,8,146958.62068965516,1175668.9655172413,58783.448275862065
LD8XETYJO2,2021-05-01,Comercio detallista,Bogotá D.C.,Valor medio-alto,15,146958.62068965516,2204379.3103448274,110218.96551724138
LD9V4B8ZLY,2021-03-01,Comercio detallista,Bogotá D.C.,Valor medio-alto,6,432142.85714285716,2592857.1428571427,129642.85714285714
LD9V4B8ZLY,2021-04-01,Comercio detallista,Bogotá D.C.,Valor medio-alto,4,432142.85714285716,1728571.4285714286,86428.57142857143
LD9V4B8ZLY,2021-05-01,Comercio detallista,Bogotá D.C.,Valor medio-alto,4,432142.85714285716,1728571.4285714286,86428.57142857143
LDRDAYH8QE,2021-02-01,Comercio detallista,Bogotá D.C.,Valor medio-alto,8,709859.2592592592,5678874.074074074,283943.7037037037
LDRDAYH8QE,2021-03-01,Comercio detallista,Bogotá D.C.,Valor medio-alto,4,709859.2592592592,2839437.037037037,141971.85185185185
LDRDAYH8QE,2021-04-01,Comercio detallista,Bogotá D.C.,Valor medio-alto,5,709859.2592592592,3549296.296296296,177464.81481481483
LDRDAYH8QE,2021-05-01,Comercio detallista,Bogotá D.C.,Valor medio-alto,10,709859.2592592592,7098592.592592592,354929.62962962966
LEDPJDIKHX,2021-03-01,Comercio detallista,Bogotá D.C.,Valor medio,1,2000.0,2000.0,100.0
LEDVD7Z6QB,2021-03-01,Servicios,Bogotá D.C.,Valor medio-alto,1,4610024.0,4610024.0,230501.2
LEDVD7Z6QB,2021-04-01,Servicios,Bogotá D.C.,Valor medio-alto,2,4610024.0,9220048.0,461002.4
LEWMBNH75B,2021-01-01,Belleza y cuidado personal,Bogotá D.C.,Valor medio-alto,5,34326.0,171630.0,8581.5
LEWMBNH75B,2021-02-01,Belleza y cuidado personal,Bogotá D.C.,Valor medio-alto,6,34326.0,205956.0,10297.800000000001
LEWMBNH75B,2021-03-01,Belleza y cuidado personal,Bogotá D.C.,Valor medio-alto,16,34326.0,549216.0,27460.800000000003
LEWMBNH75B,2021-04-01,Belleza y cuidado personal,Bogotá D.C.,Valor medio-alto,10,34326.0,343260.0,17163.0
LEWMBNH75B,2021-05-01,Belleza y cuidado personal,Bogotá D.C.,Valor medio-alto,13,34326.0,446238.0,22311.9
LF3NR8C8LZ,2021-02-01,Belleza y cuidado personal,Bogotá D.C.,Valor medio-alto,4,41000.0,164000.0,8200.0
LF3NR8C8LZ,2021-03-01,Belleza y cuidado personal,Bogotá D.C.,Valor medio-alto,5,41000.0,205000.0,10250.0
LF3NR8C8LZ,2021-04-01,Belleza y cuidado personal,Bogotá D.C.,Valor medio-alto,5,41000.0,205000.0,10250.0
LF3NR8C8LZ,2021-05-01,Belleza y cuidado personal,Bogotá D.C.,Valor medio-alto,1,41000.0,41000.0,2050.0
LFYHGOXGRO,2021-03-01,Servicios,Bogotá D.C.,Valor medio-alto,1,182839.2857142857,182839.2857142857,9141.964285714286
LFYHGOXGRO,2021-04-01,Servicios,Bogotá D.C.,Valor medio-alto,5,182839.2857142857,914196.4285714285,45709.82142857143
LFYHGOXGRO,2021-05-01,Servicios,Bogotá D.C.,Valor medio-alto,8,182839.2857142857,1462714.2857142857,73135.71428571429
LHOSSOIH1H,2021-02-01,Servicios,Bogotá D.C.,Valor medio,1,2000.0,2000.0,100.0
LHR78JH6HJ,2021-03-01,Servicios,Soacha,Valor medio-alto,13,88998.5294117647,1156980.8823529412,57849.04411764706
LHR78JH6HJ,2021-04-01,Servicios,Soacha,Valor medio-alto,15,88998.5294117647,1334977.9411764704,66748.89705882352
LHR78JH6HJ,2021-05-01,Servicios,Soacha,Valor medio-alto,40,88998.5294117647,3559941.176470588,177997.0588235294
LKQGJTVQJR,2021-03-01,Servicios,Soacha,Valor medio-alto,1,87980.34188034188,87980.34188034188,4399.017094017094
LKQGJTVQJR,2021-04-01,Servicios,Soacha,Valor medio-alto,62,87980.34188034188,5454781.196581196,272739.0598290598
LKQGJTVQJR,2021-05-01,Servicios,Soacha,Valor medio-alto,54,87980.34188034188,4750938.461538461,237546.92307692306
LLFKRQPY8W,2021-03-01,Comercio detallista,Bogotá D.C.,Valor medio-alto,8,331083.3333333333,2648666.6666666665,132433.33333333334
LLFKRQPY8W,2021-04-01,Comercio detallista,Bogotá D.C.,Valor medio-alto,2,331083.3333333333,662166.6666666666,33108.333333333336
LLFKRQPY8W,2021-05-01,Comercio detallista,Bogotá D.C.,Valor medio-alto,2,331083.3333333333,662166.6666666666,33108.333333333336
LLT7ALN789,2021-03-01,Reparación y limpieza,Bogotá D.C.,Valor medio-alto,3,170875.0,512625.0,25631.25
LLT7ALN789,2021-04-01,Reparación y limpieza,Bogotá D.C.,Valor medio-alto,1,170875.0,170875.0,8543.75
LLT7ALN789,2021-05-01,Reparación y limpieza,Bogotá D.C.,Valor medio-alto,8,170875.0,1367000.0,68350.0
LLTXEFN5PT,2021-02-01,Reparación y limpieza,Bogotá D.C.,Valor medio,2,2000.0,4000.0,200.0
LM2DOYFZFQ,2021-02-01,Comercio detallista,Bogotá D.C.,Valor medio-alto,3,196850.0,590550.0,29527.5
LM2DOYFZFQ,2021-03-01,Comercio detallista,Bogotá D.C.,Valor medio-alto,1,196850.0,196850.0,9842.5
LMX2GEGMF2,2021-03-01,Comercio detallista,Bogotá D.C.,Valor medio-alto,3,218250.0,654750.0,32737.5
LMX2GEGMF2,2021-05-01,Comercio detallista,Bogotá D.C.,Valor medio-alto,1,218250.0,218250.0,10912.5
LNC9DV2PJX,2021-03-01,Comercio detallista,Bogotá D.C.,Valor medio-alto,6,630416.6666666666,3782500.0,189125.0
LNC9DV2PJX,2021-04-01,Comercio detallista,Bogotá D.C.,Valor medio-alto,5,630416.6666666666,3152083.333333333,157604.16666666666
LNC9DV2PJX,2021-05-01,Comercio detallista,Bogotá D.C.,Valor medio-alto,7,630416.6666666666,4412916.666666666,220645.8333333333
LNFCB1HSTX,2021-03-01,Comercio detallista,Bogotá D.C.,Valor medio-alto,7,211777.77777777778,1482444.4444444445,74122.22222222223
LNFCB1HSTX,2021-04-01,Comercio detallista,Bogotá D.C.,Valor medio-alto,1,211777.77777777778,211777.77777777778,10588.88888888889
LNFCB1HSTX,2021-05-01,Comercio detallista,Bogotá D.C.,Valor medio-alto,1,211777.77777777778,211777.77777777778,10588.88888888889
LNPW8ZJ1VH,2021-03-01,Comercio detallista,Bogotá D.C.,Valor medio-alto,9,207142.85714285713,1864285.714285714,93214.28571428571
LNPW8ZJ1VH,2021-04-01,Comercio detallista,Bogotá D.C.,Valor medio-alto,3,207142.85714285713,621428.5714285714,31071.42857142857
LNPW8ZJ1VH,2021-05-01,Comercio detallista,Bogotá D.C.,Valor medio-alto,9,207142.85714285713,1864285.714285714,93214.28571428571
LNVAMYXMJV,2021-01-01,Reparación y limpieza,Soacha,Valor medio-alto,1,980500.0,980500.0,49025.0
LNVAMYXMJV,2020-12-01,Reparación y limpieza,Soacha,Valor medio-alto,2,980500.0,1961000.0,98050.0
LNVAMYXMJV,2021-02-01,Reparación y limpieza,Soacha,Valor medio-alto,2,980500.0,1961000.0,98050.0
LNVAMYXMJV,2021-03-01,Reparación y limpieza,Soacha,Valor medio-alto,5,980500.0,4902500.0,245125.0
LNVAMYXMJV,2021-04-01,Reparación y limpieza,Soacha,Valor medio-alto,3,980500.0,2941500.0,147075.0
LNVAMYXMJV,2021-05-01,Reparación y limpieza,Soacha,Valor medio-alto,1,980500.0,980500.0,49025.0
LO5O0RZGD9,2021-03-01,Servicios,Bogotá D.C.,Valor medio-alto,12,122815.78947368421,1473789.4736842106,73689.47368421053
LO5O0RZGD9,2021-04-01,Servicios,Bogotá D.C.,Valor medio-alto,9,122815.78947368421,1105342.105263158,55267.1052631579
LO5O0RZGD9,2021-05-01,Servicios,Bogotá D.C.,Valor medio-alto,17,122815.78947368421,2087868.4210526317,104393.42105263159
LO6UK40680,2021-03-01,Servicios,Bogotá D.C.,Valor medio-alto,2,530000.0,1060000.0,53000.0
LO6UK40680,2021-04-01,Servicios,Bogotá D.C.,Valor medio-alto,2,530000.0,1060000.0,53000.0
LO82SA4FJH,2021-03-01,Servicios,Bogotá D.C.,Valor medio,1,1241000.0,1241000.0,62050.0
LOH0NFQP5O,2021-03-01,Servicios,Bogotá D.C.,Valor medio-alto,2,683893.3333333334,1367786.6666666667,68389.33333333334
LOH0NFQP5O,2021-05-01,Servicios,Bogotá D.C.,Valor medio-alto,1,683893.3333333334,683893.3333333334,34194.66666666667
LPV2QOMYBB,2021-03-01,Comercio detallista,Bogotá D.C.,Valor medio,3,22000.0,66000.0,3300.0
LPV2QOMYBB,2021-04-01,Comercio detallista,Bogotá D.C.,Valor medio,1,22000.0,22000.0,1100.0
LQ2D24R9CM,2021-03-01,Comercio detallista,Bogotá D.C.,Valor medio-alto,7,430520.0,3013640.0,150682.0
LQ2D24R9CM,2021-04-01,Comercio detallista,Bogotá D.C.,Valor medio-alto,10,430520.0,4305200.0,215260.0
LQ2D24R9CM,2021-05-01,Comercio detallista,Bogotá D.C.,Valor medio-alto,8,430520.0,3444160.0,172208.0
LQ2SDUZGGI,2021-03-01,Comercio detallista,Bogotá D.C.,Valor medio-alto,4,72269.23076923077,289076.92307692306,14453.846153846154
LQ2SDUZGGI,2021-04-01,Comercio detallista,Bogotá D.C.,Valor medio-alto,20,72269.23076923077,1445384.6153846153,72269.23076923077
LQ2SDUZGGI,2021-05-01,Comercio detallista,Bogotá D.C.,Valor medio-alto,28,72269.23076923077,2023538.4615384615,101176.92307692308
LQYUKPXH4J,2020-12-01,Belleza y cuidado personal,Soacha,Valor medio,1,2000.0,2000.0,100.0
LRACMO8SZA,2021-03-01,Servicios,Bogotá D.C.,Valor medio-alto,11,180972.72727272726,1990700.0,99535.0
LRCSJKCUCB,2021-03-01,Comercio detallista,Bogotá D.C.,Valor medio,1,1000.0,1000.0,50.0
LRO5XR2AKA,2021-03-01,Comercio detallista,Bogotá D.C.,Valor medio-alto,50,198055.26315789475,9902763.157894738,495138.1578947369
LRO5XR2AKA,2021-04-01,Comercio detallista,Bogotá D.C.,Valor medio-alto,17,198055.26315789475,3366939.473684211,168346.97368421056
LRO5XR2AKA,2021-05-01,Comercio detallista,Bogotá D.C.,Valor medio-alto,9,198055.26315789475,1782497.3684210528,89124.86842105264
LRQHNOP7Z0,2021-03-01,Comercio detallista,Bogotá D.C.,Valor medio-alto,20,81058.02040816327,1621160.4081632653,81058.02040816327
LRQHNOP7Z0,2021-04-01,Comercio detallista,Bogotá D.C.,Valor medio-alto,14,81058.02040816327,1134812.2857142857,56740.614285714284
LRQHNOP7Z0,2021-05-01,Comercio detallista,Bogotá D.C.,Valor medio-alto,15,81058.02040816327,1215870.306122449,60793.515306122456
LRQW9XDLNP,2021-03-01,Comercio detallista,Bogotá D.C.,Valor medio-alto,4,365966.6666666667,1463866.6666666667,73193.33333333334
LRQW9XDLNP,2021-04-01,Comercio detallista,Bogotá D.C.,Valor medio-alto,3,365966.6666666667,1097900.0,54895.0
LRQW9XDLNP,2021-05-01,Comercio detallista,Bogotá D.C.,Valor medio-alto,8,365966.6666666667,2927733.3333333335,146386.6666666667
LSTQ755L8C,2021-03-01,Servicios,Bogotá D.C.,Valor medio-alto,1,249750.0,249750.0,12487.5
LSTQ755L8C,2021-04-01,Servicios,Bogotá D.C.,Valor medio-alto,2,249750.0,499500.0,24975.0
LSTQ755L8C,2021-05-01,Servicios,Bogotá D.C.,Valor medio-alto,1,249750.0,249750.0,12487.5
LT2XN1KG9D,2021-03-01,Comercio detallista,Bogotá D.C.,Valor medio,1,58000.0,58000.0,2900.0
LTT023WHW4,2021-03-01,Servicios,Bogotá D.C.,Valor medio,1,298000.0,298000.0,14900.0
LUG21AW7A9,2021-03-01,Servicios,Bogotá D.C.,Valor medio-alto,9,301321.4285714286,2711892.8571428573,135594.64285714287
LUG21AW7A9,2021-04-01,Servicios,Bogotá D.C.,Valor medio-alto,3,301321.4285714286,903964.2857142857,45198.21428571429
LUG21AW7A9,2021-05-01,Servicios,Bogotá D.C.,Valor medio-alto,16,301321.4285714286,4821142.857142857,241057.14285714287
LUZKIAWNHC,2021-03-01,Servicios,Bogotá D.C.,Valor medio-alto,1,13400.0,13400.0,670.0
LUZKIAWNHC,2021-04-01,Servicios,Bogotá D.C.,Valor medio-alto,4,13400.0,53600.0,2680.0
LUZKIAWNHC,2021-05-01,Servicios,Bogotá D.C.,Valor medio-alto,1,13400.0,13400.0,670.0
LV0J1DV42F,2021-03-01,Servicios,Bogotá D.C.,Valor medio-alto,2,631000.0,1262000.0,63100.0
LV0J1DV42F,2021-04-01,Servicios,Bogotá D.C.,Valor medio-alto,2,631000.0,1262000.0,63100.0
LV0J1DV42F,2021-05-01,Servicios,Bogotá D.C.,Valor medio-alto,1,631000.0,631000.0,31550.0
LVA6QGYR68,2021-02-01,Alimentos y bebidas,Bogotá D.C.,Valor medio-alto,26,58365.57377049181,1517504.918032787,75875.24590163935
LVA6QGYR68,2021-03-01,Alimentos y bebidas,Bogotá D.C.,Valor medio-alto,13,58365.57377049181,758752.4590163935,37937.62295081968
LVA6QGYR68,2021-04-01,Alimentos y bebidas,Bogotá D.C.,Valor medio-alto,17,58365.57377049181,992214.7540983607,49610.737704918036
LVA6QGYR68,2021-05-01,Alimentos y bebidas,Bogotá D.C.,Valor medio-alto,66,58365.57377049181,3852127.8688524594,192606.39344262297
LVKBK45C0I,2021-03-01,Comercio detallista,Bogotá D.C.,Valor medio,2,2000.0,4000.0,200.0
LWEL6V87EE,2021-03-01,Comercio detallista,Bogotá D.C.,Valor medio-alto,9,311645.1612903226,2804806.4516129033,140240.32258064518
LWEL6V87EE,2021-04-01,Comercio detallista,Bogotá D.C.,Valor medio-alto,9,311645.1612903226,2804806.4516129033,140240.32258064518
LWEL6V87EE,2021-05-01,Comercio detallista,Bogotá D.C.,Valor medio-alto,13,311645.1612903226,4051387.096774194,202569.3548387097
LWEWEIMQCK,2021-01-01,Servicios,Bogotá D.C.,Valor medio-alto,6,360454.54545454547,2162727.272727273,108136.36363636365
LWEWEIMQCK,2021-02-01,Servicios,Bogotá D.C.,Valor medio-alto,2,360454.54545454547,720909.0909090909,36045.45454545455
LWEWEIMQCK,2021-03-01,Servicios,Bogotá D.C.,Valor medio-alto,5,360454.54545454547,1802272.7272727273,90113.63636363637
LWEWEIMQCK,2021-04-01,Servicios,Bogotá D.C.,Valor medio-alto,6,360454.54545454547,2162727.272727273,108136.36363636365
LWEWEIMQCK,2021-05-01,Servicios,Bogotá D.C.,Valor medio-alto,3,360454.54545454547,1081363.6363636365,54068.18181818182
LX14BZ6SA0,2021-03-01,Comercio detallista,Bogotá D.C.,Valor medio-alto,10,190181.81818181818,1901818.1818181816,95090.90909090909
LX14BZ6SA0,2021-04-01,Comercio detallista,Bogotá D.C.,Valor medio-alto,1,190181.81818181818,190181.81818181818,9509.09090909091
LX14BZ6SA0,2021-05-01,Comercio detallista,Bogotá D.C.,Valor medio-alto,11,190181.81818181818,2092000.0,104600.0
LXNVLF5D83,2021-03-01,Comercio detallista,Bogotá D.C.,Valor medio-alto,3,54258.333333333336,162775.0,8138.75
LXNVLF5D83,2021-04-01,Comercio detallista,Bogotá D.C.,Valor medio-alto,2,54258.333333333336,108516.66666666667,5425.833333333334
LXNVLF5D83,2021-05-01,Comercio detallista,Bogotá D.C.,Valor medio-alto,1,54258.333333333336,54258.333333333336,2712.916666666667
LXSJ3P1T8O,2021-03-01,Comercio detallista,Cali,Valor medio-alto,3,39444.444444444445,118333.33333333334,5916.666666666668
LXSJ3P1T8O,2021-04-01,Comercio detallista,Cali,Valor medio-alto,2,39444.444444444445,78888.88888888889,3944.444444444445
LXSJ3P1T8O,2021-05-01,Comercio detallista,Cali,Valor medio-alto,13,39444.444444444445,512777.7777777778,25638.88888888889
LY1UVMK8FJ,2021-03-01,Comercio detallista,Bogotá D.C.,Valor medio-alto,1,54333.333333333336,54333.333333333336,2716.666666666667
LY1UVMK8FJ,2021-05-01,Comercio detallista,Bogotá D.C.,Valor medio-alto,2,54333.333333333336,108666.66666666667,5433.333333333334
LYBIXD9KKF,2021-03-01,Comercio detallista,Soacha,Valor medio-alto,6,268650.0,1611900.0,80595.0
LYBIXD9KKF,2021-04-01,Comercio detallista,Soacha,Valor medio-alto,2,268650.0,537300.0,26865.0
LYBIXD9KKF,2021-05-01,Comercio detallista,Soacha,Valor medio-alto,2,268650.0,537300.0,26865.0
LZ89FWJK0M,2021-01-01,Servicios,Bogotá D.C.,Valor medio-alto,5,834741.9354838709,4173709.6774193547,208685.48387096776
LZ89FWJK0M,2020-12-01,Servicios,Bogotá D.C.,Valor medio-alto,3,834741.9354838709,2504225.8064516126,125211.29032258064
LZ89FWJK0M,2021-02-01,Servicios,Bogotá D.C.,Valor medio-alto,7,834741.9354838709,5843193.548387096,292159.67741935485
LZ89FWJK0M,2021-03-01,Servicios,Bogotá D.C.,Valor medio-alto,8,834741.9354838709,6677935.483870967,333896.77419354836
LZ89FWJK0M,2021-04-01,Servicios,Bogotá D.C.,Valor medio-alto,5,834741.9354838709,4173709.6774193547,208685.48387096776
LZ89FWJK0M,2021-05-01,Servicios,Bogotá D.C.,Valor medio-alto,3,834741.9354838709,2504225.8064516126,125211.29032258064
M03LR5DJ36,2021-03-01,Servicios,Bogotá D.C.,Valor medio,4,1250.0,5000.0,250.0
M12WLROQTF,2021-03-01,Belleza y cuidado personal,Bogotá D.C.,Valor medio,1,2000.0,2000.0,100.0
M1IZ72RGWS,2021-03-01,Servicios,Bogotá D.C.,Valor medio,8,100125.0,801000.0,40050.0
M1J0PZLEWY,2021-03-01,Comercio detallista,Bogotá D.C.,Valor medio-alto,1,140755.55555555556,140755.55555555556,7037.777777777778
M1J0PZLEWY,2021-04-01,Comercio detallista,Bogotá D.C.,Valor medio-alto,1,140755.55555555556,140755.55555555556,7037.777777777778
M1J0PZLEWY,2021-05-01,Comercio detallista,Bogotá D.C.,Valor medio-alto,7,140755.55555555556,985288.888888889,49264.44444444445
M1RO2XZUNY,2021-03-01,Servicios,Cali,Valor medio-alto,1,350500.0,350500.0,17525.0
M1RO2XZUNY,2021-04-01,Servicios,Cali,Valor medio-alto,1,350500.0,350500.0,17525.0
M2FKWED4JU,2021-03-01,Comercio detallista,Bogotá D.C.,Valor medio-alto,4,216666.66666666666,866666.6666666666,43333.333333333336
M2FKWED4JU,2021-05-01,Comercio detallista,Bogotá D.C.,Valor medio-alto,2,216666.66666666666,433333.3333333333,21666.666666666668
M3FUXEI1AB,2021-02-01,Comercio detallista,Bogotá D.C.,Valor medio-alto,1,283300.0,283300.0,14165.0
M3FUXEI1AB,2021-03-01,Comercio detallista,Bogotá D.C.,Valor medio-alto,4,283300.0,1133200.0,56660.0
M3FUXEI1AB,2021-04-01,Comercio detallista,Bogotá D.C.,Valor medio-alto,1,283300.0,283300.0,14165.0
M3FUXEI1AB,2021-05-01,Comercio detallista,Bogotá D.C.,Valor medio-alto,4,283300.0,1133200.0,56660.0
M3M5SSQNXB,2021-03-01,Alimentos y bebidas,Bogotá D.C.,Valor medio-alto,2,18850.0,37700.0,1885.0
M3M5SSQNXB,2021-04-01,Alimentos y bebidas,Bogotá D.C.,Valor medio-alto,4,18850.0,75400.0,3770.0
M3M5SSQNXB,2021-05-01,Alimentos y bebidas,Bogotá D.C.,Valor medio-alto,4,18850.0,75400.0,3770.0
M3Z7P9TKSI,2021-02-01,Comercio detallista,Soacha,Valor medio-alto,6,300230.76923076925,1801384.6153846155,90069.23076923078
M3Z7P9TKSI,2021-03-01,Comercio detallista,Soacha,Valor medio-alto,1,300230.76923076925,300230.76923076925,15011.538461538463
M3Z7P9TKSI,2021-04-01,Comercio detallista,Soacha,Valor medio-alto,2,300230.76923076925,600461.5384615385,30023.076923076926
M3Z7P9TKSI,2021-05-01,Comercio detallista,Soacha,Valor medio-alto,4,300230.76923076925,1200923.076923077,60046.15384615385
M4LEJ2UW3D,2021-03-01,Comercio detallista,Tenjo,Valor medio-alto,3,268428.5714285714,805285.7142857143,40264.28571428572
M4LEJ2UW3D,2021-04-01,Comercio detallista,Tenjo,Valor medio-alto,2,268428.5714285714,536857.1428571428,26842.857142857145
M4LEJ2UW3D,2021-05-01,Comercio detallista,Tenjo,Valor medio-alto,2,268428.5714285714,536857.1428571428,26842.857142857145
M4MHAN3FGL,2021-03-01,Reparación y limpieza,Bogotá D.C.,Valor medio,3,72333.33333333333,217000.0,10850.0
M5HZ7X5U73,2021-02-01,Comercio detallista,Bogotá D.C.,Valor medio-alto,7,646890.9090909091,4528236.363636363,226411.81818181818
M5HZ7X5U73,2021-03-01,Comercio detallista,Bogotá D.C.,Valor medio-alto,2,646890.9090909091,1293781.8181818181,64689.09090909091
M5HZ7X5U73,2021-04-01,Comercio detallista,Bogotá D.C.,Valor medio-alto,1,646890.9090909091,646890.9090909091,32344.545454545456
M5HZ7X5U73,2021-05-01,Comercio detallista,Bogotá D.C.,Valor medio-alto,1,646890.9090909091,646890.9090909091,32344.545454545456
M6DAT66S3X,2021-01-01,Belleza y cuidado personal,Bogotá D.C.,Valor medio-alto,1,829561.3333333334,829561.3333333334,41478.06666666667
M6DAT66S3X,2020-12-01,Belleza y cuidado personal,Bogotá D.C.,Valor medio-alto,1,829561.3333333334,829561.3333333334,41478.06666666667
M6DAT66S3X,2021-02-01,Belleza y cuidado personal,Bogotá D.C.,Valor medio-alto,3,829561.3333333334,2488684.0,124434.20000000001
M6DAT66S3X,2021-03-01,Belleza y cuidado personal,Bogotá D.C.,Valor medio-alto,7,829561.3333333334,5806929.333333334,290346.46666666673
M6DAT66S3X,2021-04-01,Belleza y cuidado personal,Bogotá D.C.,Valor medio-alto,1,829561.3333333334,829561.3333333334,41478.06666666667
M6DAT66S3X,2021-05-01,Belleza y cuidado personal,Bogotá D.C.,Valor medio-alto,2,829561.3333333334,1659122.6666666667,82956.13333333335
M6L291J9AL,2021-03-01,Comercio detallista,Bogotá D.C.,Valor medio-alto,5,127137.5,635687.5,31784.375
M6L291J9AL,2021-04-01,Comercio detallista,Bogotá D.C.,Valor medio-alto,1,127137.5,127137.5,6356.875
M6L291J9AL,2021-05-01,Comercio detallista,Bogotá D.C.,Valor medio-alto,2,127137.5,254275.0,12713.75
M6OZBW3KV8,2021-03-01,Comercio detallista,Bogotá D.C.,Valor medio-alto,5,482083.3333333333,2410416.6666666665,120520.83333333333
M6OZBW3KV8,2021-04-01,Comercio detallista,Bogotá D.C.,Valor medio-alto,3,482083.3333333333,1446250.0,72312.5
M6OZBW3KV8,2021-05-01,Comercio detallista,Bogotá D.C.,Valor medio-alto,4,482083.3333333333,1928333.3333333333,96416.66666666667
M6UN6KKMVK,2021-03-01,Comercio detallista,Bogotá D.C.,Valor medio-alto,1,246285.7142857143,246285.7142857143,12314.285714285716
M6UN6KKMVK,2021-04-01,Comercio detallista,Bogotá D.C.,Valor medio-alto,1,246285.7142857143,246285.7142857143,12314.285714285716
M6UN6KKMVK,2021-05-01,Comercio detallista,Bogotá D.C.,Valor medio-alto,5,246285.7142857143,1231428.5714285714,61571.42857142857
M7CPCAKDOW,2021-02-01,Reparación y limpieza,Bogotá D.C.,Valor medio,1,2000.0,2000.0,100.0
MA4Q90WWJP,2021-03-01,Servicios,Bogotá D.C.,Valor medio-alto,9,217272.72727272726,1955454.5454545454,97772.72727272728
MA4Q90WWJP,2021-04-01,Servicios,Bogotá D.C.,Valor medio-alto,3,217272.72727272726,651818.1818181818,32590.90909090909
MA4Q90WWJP,2021-05-01,Servicios,Bogotá D.C.,Valor medio-alto,10,217272.72727272726,2172727.2727272725,108636.36363636363
MA88HYP2K0,2021-03-01,Reparación y limpieza,Bogotá D.C.,Valor medio-alto,2,61666.666666666664,123333.33333333333,6166.666666666667
MA88HYP2K0,2021-05-01,Reparación y limpieza,Bogotá D.C.,Valor medio-alto,1,61666.666666666664,61666.666666666664,3083.3333333333335
MABV7Z1QOS,2021-02-01,Comercio detallista,Bogotá D.C.,Valor medio,2,9000.0,18000.0,900.0
MAN4695RE8,2021-03-01,Servicios,Bogotá D.C.,Valor medio,1,153466.76470588235,153466.76470588235,7673.338235294118
MATDNHL7KW,2021-02-01,Comercio detallista,Soacha,Valor medio-alto,3,200285.7142857143,600857.1428571428,30042.857142857145
MATDNHL7KW,2021-03-01,Comercio detallista,Soacha,Valor medio-alto,2,200285.7142857143,400571.4285714286,20028.57142857143
MATDNHL7KW,2021-04-01,Comercio detallista,Soacha,Valor medio-alto,2,200285.7142857143,400571.4285714286,20028.57142857143
MB6DZQNR7S,2021-03-01,Comercio detallista,Bogotá D.C.,Valor medio-alto,3,360704.54545454547,1082113.6363636365,54105.68181818182
MB6DZQNR7S,2021-04-01,Comercio detallista,Bogotá D.C.,Valor medio-alto,4,360704.54545454547,1442818.1818181819,72140.9090909091
MB6DZQNR7S,2021-05-01,Comercio detallista,Bogotá D.C.,Valor medio-alto,4,360704.54545454547,1442818.1818181819,72140.9090909091
MB9ZFFD6U9,2021-03-01,Comercio detallista,Soacha,Valor medio-alto,3,171125.0,513375.0,25668.75
MB9ZFFD6U9,2021-04-01,Comercio detallista,Soacha,Valor medio-alto,5,171125.0,855625.0,42781.25
MBAE22ZFET,2021-03-01,Comercio detallista,Bogotá D.C.,Valor medio,1,1000.0,1000.0,50.0
MBAE22ZFET,2021-05-01,Comercio detallista,Bogotá D.C.,Valor medio,1,1000.0,1000.0,50.0
MBAQXWNCA8,2021-01-01,Alimentos y bebidas,Bogotá D.C.,Valor medio-alto,1,80625.0,80625.0,4031.25
MBAQXWNCA8,2020-12-01,Alimentos y bebidas,Bogotá D.C.,Valor medio-alto,1,80625.0,80625.0,4031.25
MBAQXWNCA8,2021-02-01,Alimentos y bebidas,Bogotá D.C.,Valor medio-alto,3,80625.0,241875.0,12093.75
MBAQXWNCA8,2021-03-01,Alimentos y bebidas,Bogotá D.C.,Valor medio-alto,3,80625.0,241875.0,12093.75
MBAQXWNCA8,2021-04-01,Alimentos y bebidas,Bogotá D.C.,Valor medio-alto,2,80625.0,161250.0,8062.5
MBAQXWNCA8,2021-05-01,Alimentos y bebidas,Bogotá D.C.,Valor medio-alto,6,80625.0,483750.0,24187.5
MBAT0CNCX3,2021-03-01,Comercio detallista,Bogotá D.C.,Valor medio-alto,11,587185.1851851852,6459037.037037037,322951.8518518519
MBAT0CNCX3,2021-04-01,Comercio detallista,Bogotá D.C.,Valor medio-alto,11,587185.1851851852,6459037.037037037,322951.8518518519
MBAT0CNCX3,2021-05-01,Comercio detallista,Bogotá D.C.,Valor medio-alto,5,587185.1851851852,2935925.925925926,146796.2962962963
MBG4BBS0ZF,2021-02-01,Turismo y entretenimiento,Bogotá D.C.,Valor medio-alto,1,130400.0,130400.0,6520.0
MBG4BBS0ZF,2021-03-01,Turismo y entretenimiento,Bogotá D.C.,Valor medio-alto,1,130400.0,130400.0,6520.0
MBG4BBS0ZF,2021-04-01,Turismo y entretenimiento,Bogotá D.C.,Valor medio-alto,3,130400.0,391200.0,19560.0
MBGZ788DAW,2021-03-01,Comercio detallista,Bogotá D.C.,Valor medio-alto,3,74125.0,222375.0,11118.75
MBGZ788DAW,2021-04-01,Comercio detallista,Bogotá D.C.,Valor medio-alto,4,74125.0,296500.0,14825.0
MBGZ788DAW,2021-05-01,Comercio detallista,Bogotá D.C.,Valor medio-alto,1,74125.0,74125.0,3706.25
MCIHBFIT21,2021-03-01,Servicios,Bogotá D.C.,Valor medio-alto,4,87140.0,348560.0,17428.0
MCIHBFIT21,2021-04-01,Servicios,Bogotá D.C.,Valor medio-alto,7,87140.0,609980.0,30499.0
MCIHBFIT21,2021-05-01,Servicios,Bogotá D.C.,Valor medio-alto,9,87140.0,784260.0,39213.0
MCTSSCB8GF,2021-03-01,Alimentos y bebidas,Bogotá D.C.,Valor medio-alto,3,34824.1935483871,104472.5806451613,5223.629032258065
MCTSSCB8GF,2021-04-01,Alimentos y bebidas,Bogotá D.C.,Valor medio-alto,10,34824.1935483871,348241.93548387097,17412.09677419355
MCTSSCB8GF,2021-05-01,Alimentos y bebidas,Bogotá D.C.,Valor medio-alto,18,34824.1935483871,626835.4838709678,31341.77419354839
MCX49Q2ICS,2021-03-01,Servicios,Bogotá D.C.,Valor medio-alto,3,130353.33333333333,391060.0,19553.0
MCX49Q2ICS,2021-04-01,Servicios,Bogotá D.C.,Valor medio-alto,2,130353.33333333333,260706.66666666666,13035.333333333334
MCX49Q2ICS,2021-05-01,Servicios,Bogotá D.C.,Valor medio-alto,10,130353.33333333333,1303533.3333333333,65176.666666666664
MDCITTJ051,2021-03-01,Comercio detallista,Bogotá D.C.,Valor medio-alto,13,61226.78571428572,795948.2142857143,39797.41071428572
MDCITTJ051,2021-04-01,Comercio detallista,Bogotá D.C.,Valor medio-alto,15,61226.78571428572,918401.7857142858,45920.08928571429
MDCITTJ051,2021-05-01,Comercio detallista,Bogotá D.C.,Valor medio-alto,28,61226.78571428572,1714350.0,85717.5
MDMUSVHW27,2021-01-01,Comercio detallista,Bogotá D.C.,Valor medio-alto,4,316588.23529411765,1266352.9411764706,63317.64705882353
MDMUSVHW27,2021-02-01,Comercio detallista,Bogotá D.C.,Valor medio-alto,2,316588.23529411765,633176.4705882353,31658.823529411766
MDMUSVHW27,2021-03-01,Comercio detallista,Bogotá D.C.,Valor medio-alto,4,316588.23529411765,1266352.9411764706,63317.64705882353
MDMUSVHW27,2021-04-01,Comercio detallista,Bogotá D.C.,Valor medio-alto,4,316588.23529411765,1266352.9411764706,63317.64705882353
MDMUSVHW27,2021-05-01,Comercio detallista,Bogotá D.C.,Valor medio-alto,3,316588.23529411765,949764.705882353,47488.23529411765
MDQBI18G0H,2021-03-01,Servicios,Bogotá D.C.,Valor medio-alto,9,120863.11111111111,1087768.0,54388.4
MDQBI18G0H,2021-04-01,Servicios,Bogotá D.C.,Valor medio-alto,7,120863.11111111111,846041.7777777778,42302.08888888889
MDQBI18G0H,2021-05-01,Servicios,Bogotá D.C.,Valor medio-alto,11,120863.11111111111,1329494.2222222222,66474.71111111112
MDQD09KPD8,2021-03-01,Comercio detallista,Bogotá D.C.,Valor medio-alto,2,556000.0,1112000.0,55600.0
MDQD09KPD8,2021-05-01,Comercio detallista,Bogotá D.C.,Valor medio-alto,1,556000.0,556000.0,27800.0
MDYXP46Y6D,2021-03-01,Comercio detallista,Zipaquirá,Valor medio-alto,2,150250.0,300500.0,15025.0
MDYXP46Y6D,2021-04-01,Comercio detallista,Zipaquirá,Valor medio-alto,2,150250.0,300500.0,15025.0
MEJ0Y2UWFC,2021-02-01,Servicios,Bogotá D.C.,Valor medio-alto,1,71096.66666666667,71096.66666666667,3554.833333333334
MEJ0Y2UWFC,2021-03-01,Servicios,Bogotá D.C.,Valor medio-alto,12,71096.66666666667,853160.0,42658.0
MEJ0Y2UWFC,2021-05-01,Servicios,Bogotá D.C.,Valor medio-alto,2,71096.66666666667,142193.33333333334,7109.666666666668
MF1J9PLAZB,2021-03-01,Comercio detallista,Bogotá D.C.,Valor medio-alto,3,17200.0,51600.0,2580.0
MF1J9PLAZB,2021-05-01,Comercio detallista,Bogotá D.C.,Valor medio-alto,3,17200.0,51600.0,2580.0
MG0TXIFH2Y,2021-01-01,Comercio detallista,Bogotá D.C.,Valor medio-alto,2,71900.0,143800.0,7190.0
MG0TXIFH2Y,2021-02-01,Comercio detallista,Bogotá D.C.,Valor medio-alto,3,71900.0,215700.0,10785.0
MG0TXIFH2Y,2021-03-01,Comercio detallista,Bogotá D.C.,Valor medio-alto,1,71900.0,71900.0,3595.0
MG0TXIFH2Y,2021-04-01,Comercio detallista,Bogotá D.C.,Valor medio-alto,6,71900.0,431400.0,21570.0
MHA1W68HEF,2021-01-01,Comercio detallista,Bogotá D.C.,Valor medio-alto,1,277000.0,277000.0,13850.0
MHA1W68HEF,2021-02-01,Comercio detallista,Bogotá D.C.,Valor medio-alto,1,277000.0,277000.0,13850.0
MHA1W68HEF,2021-03-01,Comercio detallista,Bogotá D.C.,Valor medio-alto,3,277000.0,831000.0,41550.0
MHA1W68HEF,2021-04-01,Comercio detallista,Bogotá D.C.,Valor medio-alto,1,277000.0,277000.0,13850.0
MHTOMTRPXW,2021-02-01,Comercio detallista,Bogotá D.C.,Valor medio-alto,1,270333.3333333333,270333.3333333333,13516.666666666666
MHTOMTRPXW,2021-03-01,Comercio detallista,Bogotá D.C.,Valor medio-alto,2,270333.3333333333,540666.6666666666,27033.333333333332
MHTOMTRPXW,2021-05-01,Comercio detallista,Bogotá D.C.,Valor medio-alto,3,270333.3333333333,811000.0,40550.0
MID8YJ7B2Q,2021-03-01,Alimentos y bebidas,Bogotá D.C.,Valor medio-alto,10,29908.21212121212,299082.1212121212,14954.106060606062
MID8YJ7B2Q,2021-04-01,Alimentos y bebidas,Bogotá D.C.,Valor medio-alto,11,29908.21212121212,328990.3333333333,16449.516666666666
MID8YJ7B2Q,2021-05-01,Alimentos y bebidas,Bogotá D.C.,Valor medio-alto,12,29908.21212121212,358898.5454545454,17944.927272727273
MII41Z5CDJ,2021-03-01,Comercio detallista,Bogotá D.C.,Valor medio,2,571.4285714285714,1142.857142857143,57.142857142857146
MII41Z5CDJ,2021-05-01,Comercio detallista,Bogotá D.C.,Valor medio,5,571.4285714285714,2857.1428571428573,142.85714285714286
MILUR46FPC,2021-03-01,Comercio detallista,Bogotá D.C.,Valor medio-alto,1,131433.33333333334,131433.33333333334,6571.666666666668
MILUR46FPC,2021-04-01,Comercio detallista,Bogotá D.C.,Valor medio-alto,6,131433.33333333334,788600.0,39430.0
MILUR46FPC,2021-05-01,Comercio detallista,Bogotá D.C.,Valor medio-alto,2,131433.33333333334,262866.6666666667,13143.333333333336
MJHRQNWSIA,2021-03-01,Comercio detallista,Cali,Valor medio-alto,1,171666.66666666666,171666.66666666666,8583.333333333334
MJHRQNWSIA,2021-04-01,Comercio detallista,Cali,Valor medio-alto,2,171666.66666666666,343333.3333333333,17166.666666666668
MJVN8KHF63,2021-03-01,Reparación y limpieza,Bogotá D.C.,Valor medio-alto,10,65260.0,652600.0,32630.0
MJVN8KHF63,2021-05-01,Reparación y limpieza,Bogotá D.C.,Valor medio-alto,10,65260.0,652600.0,32630.0
MK1HU2V9VX,2021-03-01,Belleza y cuidado personal,Bogotá D.C.,Valor medio-alto,2,38142.857142857145,76285.71428571429,3814.2857142857147
MK1HU2V9VX,2021-04-01,Belleza y cuidado personal,Bogotá D.C.,Valor medio-alto,1,38142.857142857145,38142.857142857145,1907.1428571428573
MK1HU2V9VX,2021-05-01,Belleza y cuidado personal,Bogotá D.C.,Valor medio-alto,4,38142.857142857145,152571.42857142858,7628.571428571429
MKGC0PHC6Q,2021-03-01,Alimentos y bebidas,Soacha,Valor medio-alto,2,61200.0,122400.0,6120.0
MKGC0PHC6Q,2021-04-01,Alimentos y bebidas,Soacha,Valor medio-alto,1,61200.0,61200.0,3060.0
MKT16Z8OOI,2021-03-01,Comercio detallista,Bogotá D.C.,Valor medio-alto,2,110400.0,220800.0,11040.0
MKT16Z8OOI,2021-05-01,Comercio detallista,Bogotá D.C.,Valor medio-alto,3,110400.0,331200.0,16560.0
MLZY5KPHBV,2021-03-01,Alimentos y bebidas,Bogotá D.C.,Valor medio-alto,2,60850.0,121700.0,6085.0
MLZY5KPHBV,2021-04-01,Alimentos y bebidas,Bogotá D.C.,Valor medio-alto,1,60850.0,60850.0,3042.5
MLZY5KPHBV,2021-05-01,Alimentos y bebidas,Bogotá D.C.,Valor medio-alto,7,60850.0,425950.0,21297.5
MMX7SJT98E,2021-03-01,Comercio detallista,Bogotá D.C.,Valor medio-alto,11,50280.0,553080.0,27654.0
MMX7SJT98E,2021-04-01,Comercio detallista,Bogotá D.C.,Valor medio-alto,4,50280.0,201120.0,10056.0
MMX7SJT98E,2021-05-01,Comercio detallista,Bogotá D.C.,Valor medio-alto,10,50280.0,502800.0,25140.0
MNHAH41IFF,2021-03-01,Comercio detallista,Bogotá D.C.,Valor medio-alto,5,214434.78260869565,1072173.9130434783,53608.69565217392
MNHAH41IFF,2021-04-01,Comercio detallista,Bogotá D.C.,Valor medio-alto,4,214434.78260869565,857739.1304347826,42886.956521739135
MNHAH41IFF,2021-05-01,Comercio detallista,Bogotá D.C.,Valor medio-alto,14,214434.78260869565,3002086.9565217393,150104.34782608697
MNQC513UIT,2021-02-01,Comercio detallista,Soacha,Valor medio-alto,4,281285.71428571426,1125142.857142857,56257.142857142855
MNQC513UIT,2021-03-01,Comercio detallista,Soacha,Valor medio-alto,1,281285.71428571426,281285.71428571426,14064.285714285714
MNQC513UIT,2021-05-01,Comercio detallista,Soacha,Valor medio-alto,2,281285.71428571426,562571.4285714285,28128.571428571428
MOTBUA1AJN,2021-03-01,Comercio detallista,Bogotá D.C.,Valor medio-alto,5,138857.14285714287,694285.7142857143,34714.28571428572
MOTBUA1AJN,2021-05-01,Comercio detallista,Bogotá D.C.,Valor medio-alto,2,138857.14285714287,277714.28571428574,13885.714285714288
MOXR8NUMH9,2021-03-01,Comercio detallista,Bogotá D.C.,Valor medio-alto,1,38000.0,38000.0,1900.0
MOXR8NUMH9,2021-04-01,Comercio detallista,Bogotá D.C.,Valor medio-alto,2,38000.0,76000.0,3800.0
MOXR8NUMH9,2021-05-01,Comercio detallista,Bogotá D.C.,Valor medio-alto,1,38000.0,38000.0,1900.0
MQIXZ63VDC,2021-02-01,Comercio detallista,Bogotá D.C.,Valor medio-alto,11,347086.95652173914,3817956.5217391304,190897.82608695654
MQIXZ63VDC,2021-03-01,Comercio detallista,Bogotá D.C.,Valor medio-alto,11,347086.95652173914,3817956.5217391304,190897.82608695654
MQIXZ63VDC,2021-05-01,Comercio detallista,Bogotá D.C.,Valor medio-alto,1,347086.95652173914,347086.95652173914,17354.347826086956
MQPYBCAV04,2020-12-01,Comercio detallista,Bogotá D.C.,Valor medio-alto,10,36810.52631578947,368105.2631578947,18405.263157894737
MQPYBCAV04,2021-02-01,Comercio detallista,Bogotá D.C.,Valor medio-alto,2,36810.52631578947,73621.05263157895,3681.0526315789475
MQPYBCAV04,2021-03-01,Comercio detallista,Bogotá D.C.,Valor medio-alto,4,36810.52631578947,147242.1052631579,7362.105263157895
MQPYBCAV04,2021-05-01,Comercio detallista,Bogotá D.C.,Valor medio-alto,3,36810.52631578947,110431.57894736843,5521.578947368422
MRCUN9NU5L,2021-03-01,Alimentos y bebidas,Bogotá D.C.,Valor medio-alto,14,81008.07692307692,1134113.076923077,56705.65384615385
MRCUN9NU5L,2021-04-01,Alimentos y bebidas,Bogotá D.C.,Valor medio-alto,11,81008.07692307692,891088.8461538461,44554.44230769231
MRCUN9NU5L,2021-05-01,Alimentos y bebidas,Bogotá D.C.,Valor medio-alto,1,81008.07692307692,81008.07692307692,4050.403846153846
MRF5SEXRVL,2021-02-01,Transporte,Cali,Valor medio,2,14000.0,28000.0,1400.0
MS0J1TKVJ8,2021-01-01,Comercio detallista,Bogotá D.C.,Valor medio-alto,9,86857.59493670886,781718.3544303798,39085.91772151899
MS0J1TKVJ8,2021-02-01,Comercio detallista,Bogotá D.C.,Valor medio-alto,24,86857.59493670886,2084582.2784810127,104229.11392405065
MS0J1TKVJ8,2021-03-01,Comercio detallista,Bogotá D.C.,Valor medio-alto,50,86857.59493670886,4342879.746835443,217143.98734177218
MS0J1TKVJ8,2021-04-01,Comercio detallista,Bogotá D.C.,Valor medio-alto,34,86857.59493670886,2953158.2278481014,147657.91139240508
MS0J1TKVJ8,2021-05-01,Comercio detallista,Bogotá D.C.,Valor medio-alto,41,86857.59493670886,3561161.3924050634,178058.06962025317
MSPPQDU7FT,2021-01-01,Comercio detallista,Bogotá D.C.,Valor medio-alto,1,382982.35294117645,382982.35294117645,19149.11764705882
MSPPQDU7FT,2021-02-01,Comercio detallista,Bogotá D.C.,Valor medio-alto,11,382982.35294117645,4212805.882352941,210640.29411764705
MSPPQDU7FT,2021-04-01,Comercio detallista,Bogotá D.C.,Valor medio-alto,2,382982.35294117645,765964.7058823529,38298.23529411764
MSPPQDU7FT,2021-05-01,Comercio detallista,Bogotá D.C.,Valor medio-alto,3,382982.35294117645,1148947.0588235294,57447.352941176476
MT1NAV81PW,2021-03-01,Reparación y limpieza,Bogotá D.C.,Valor medio,3,60666.666666666664,182000.0,9100.0
MT2QVRHKL8,2021-01-01,Alimentos y bebidas,Bogotá D.C.,Valor medio-alto,7,51163.69863013698,358145.8904109589,17907.294520547945
MT2QVRHKL8,2020-12-01,Alimentos y bebidas,Bogotá D.C.,Valor medio-alto,11,51163.69863013698,562800.6849315069,28140.034246575346
MT2QVRHKL8,2021-02-01,Alimentos y bebidas,Bogotá D.C.,Valor medio-alto,5,51163.69863013698,255818.49315068492,12790.924657534248
MT2QVRHKL8,2021-03-01,Alimentos y bebidas,Bogotá D.C.,Valor medio-alto,13,51163.69863013698,665128.0821917808,33256.40410958904
MT2QVRHKL8,2021-04-01,Alimentos y bebidas,Bogotá D.C.,Valor medio-alto,23,51163.69863013698,1176765.0684931506,58838.25342465754
MT2QVRHKL8,2021-05-01,Alimentos y bebidas,Bogotá D.C.,Valor medio-alto,14,51163.69863013698,716291.7808219178,35814.58904109589
MTRYBW9ZZS,2021-03-01,Comercio detallista,Bogotá D.C.,Valor medio-alto,2,125683.33333333333,251366.66666666666,12568.333333333334
MTRYBW9ZZS,2021-04-01,Comercio detallista,Bogotá D.C.,Valor medio-alto,6,125683.33333333333,754100.0,37705.0
MTRYBW9ZZS,2021-05-01,Comercio detallista,Bogotá D.C.,Valor medio-alto,4,125683.33333333333,502733.3333333333,25136.666666666668
MTUHC740X1,2021-03-01,Comercio detallista,Bogotá D.C.,Valor medio-alto,8,1028401.7894736842,8227214.315789473,411360.7157894737
MTUHC740X1,2021-04-01,Comercio detallista,Bogotá D.C.,Valor medio-alto,9,1028401.7894736842,9255616.105263157,462780.8052631579
MTUHC740X1,2021-05-01,Comercio detallista,Bogotá D.C.,Valor medio-alto,2,1028401.7894736842,2056803.5789473683,102840.17894736842
MUYUXZR6H9,2021-03-01,Alimentos y bebidas,Bogotá D.C.,Valor medio-alto,9,53720.0,483480.0,24174.0
MUYUXZR6H9,2021-04-01,Alimentos y bebidas,Bogotá D.C.,Valor medio-alto,11,53720.0,590920.0,29546.0
MUYUXZR6H9,2021-05-01,Alimentos y bebidas,Bogotá D.C.,Valor medio-alto,20,53720.0,1074400.0,53720.0
MVJYKIJZP9,2021-02-01,Comercio detallista,Bogotá D.C.,Valor medio-alto,2,485181.8181818182,970363.6363636364,48518.18181818182
MVJYKIJZP9,2021-03-01,Comercio detallista,Bogotá D.C.,Valor medio-alto,8,485181.8181818182,3881454.5454545454,194072.7272727273
MVJYKIJZP9,2021-05-01,Comercio detallista,Bogotá D.C.,Valor medio-alto,1,485181.8181818182,485181.8181818182,24259.09090909091
MVZZ6ITINJ,2021-01-01,Servicios,Bogotá D.C.,Valor medio-alto,6,74009.52380952382,444057.1428571429,22202.857142857145
MVZZ6ITINJ,2020-12-01,Servicios,Bogotá D.C.,Valor medio-alto,6,74009.52380952382,444057.1428571429,22202.857142857145
MVZZ6ITINJ,2021-02-01,Servicios,Bogotá D.C.,Valor medio-alto,4,74009.52380952382,296038.09523809527,14801.904761904763
MVZZ6ITINJ,2021-03-01,Servicios,Bogotá D.C.,Valor medio-alto,7,74009.52380952382,518066.66666666674,25903.33333333334
MVZZ6ITINJ,2021-04-01,Servicios,Bogotá D.C.,Valor medio-alto,8,74009.52380952382,592076.1904761905,29603.809523809527
MVZZ6ITINJ,2021-05-01,Servicios,Bogotá D.C.,Valor medio-alto,11,74009.52380952382,814104.761904762,40705.238095238106
MX1SQKCAPE,2021-01-01,Reparación y limpieza,Soacha,Valor medio-alto,6,1592933.3333333333,9557600.0,477880.0
MX1SQKCAPE,2021-03-01,Reparación y limpieza,Soacha,Valor medio-alto,4,1592933.3333333333,6371733.333333333,318586.6666666667
MX1SQKCAPE,2021-04-01,Reparación y limpieza,Soacha,Valor medio-alto,4,1592933.3333333333,6371733.333333333,318586.6666666667
MX1SQKCAPE,2021-05-01,Reparación y limpieza,Soacha,Valor medio-alto,1,1592933.3333333333,1592933.3333333333,79646.66666666667
MXP00L514B,2021-03-01,Comercio detallista,Bogotá D.C.,Valor medio-alto,1,459400.0,459400.0,22970.0
MXP00L514B,2021-05-01,Comercio detallista,Bogotá D.C.,Valor medio-alto,1,459400.0,459400.0,22970.0
MXX4Y9TSGF,2021-02-01,Servicios,Bogotá D.C.,Valor medio,1,153466.76470588235,153466.76470588235,7673.338235294118
MXX4Y9TSGF,2021-03-01,Servicios,Bogotá D.C.,Valor medio,1,153466.76470588235,153466.76470588235,7673.338235294118
MYCIXQO8ST,2021-03-01,Servicios,Bogotá D.C.,Valor medio-alto,3,82937.5,248812.5,12440.625
MYCIXQO8ST,2021-04-01,Servicios,Bogotá D.C.,Valor medio-alto,4,82937.5,331750.0,16587.5
MYCIXQO8ST,2021-05-01,Servicios,Bogotá D.C.,Valor medio-alto,1,82937.5,82937.5,4146.875
MYJZ3UF0R9,2021-03-01,Alimentos y bebidas,Bogotá D.C.,Valor medio-alto,6,24457.14285714286,146742.85714285716,7337.142857142859
MYJZ3UF0R9,2021-04-01,Alimentos y bebidas,Bogotá D.C.,Valor medio-alto,8,24457.14285714286,195657.14285714287,9782.857142857143
MYJZ3UF0R9,2021-05-01,Alimentos y bebidas,Bogotá D.C.,Valor medio-alto,14,24457.14285714286,342400.0,17120.0
MZ896JX4D8,2021-02-01,Comercio detallista,Bogotá D.C.,Valor medio-alto,6,98777.77777777778,592666.6666666667,29633.33333333334
MZ896JX4D8,2021-03-01,Comercio detallista,Bogotá D.C.,Valor medio-alto,6,98777.77777777778,592666.6666666667,29633.33333333334
MZ896JX4D8,2021-04-01,Comercio detallista,Bogotá D.C.,Valor medio-alto,3,98777.77777777778,296333.3333333334,14816.66666666667
MZ896JX4D8,2021-05-01,Comercio detallista,Bogotá D.C.,Valor medio-alto,3,98777.77777777778,296333.3333333334,14816.66666666667
N04ZQSMO6S,2021-03-01,Comercio detallista,Bogotá D.C.,Valor medio-alto,1,909333.3333333334,909333.3333333334,45466.66666666667
N04ZQSMO6S,2021-04-01,Comercio detallista,Bogotá D.C.,Valor medio-alto,1,909333.3333333334,909333.3333333334,45466.66666666667
N04ZQSMO6S,2021-05-01,Comercio detallista,Bogotá D.C.,Valor medio-alto,1,909333.3333333334,909333.3333333334,45466.66666666667
N0M46T3Z15,2021-02-01,Reparación y limpieza,Bogotá D.C.,Valor medio-alto,2,139753.75,279507.5,13975.375
N0M46T3Z15,2021-03-01,Reparación y limpieza,Bogotá D.C.,Valor medio-alto,3,139753.75,419261.25,20963.0625
N0M46T3Z15,2021-04-01,Reparación y limpieza,Bogotá D.C.,Valor medio-alto,2,139753.75,279507.5,13975.375
N0M46T3Z15,2021-05-01,Reparación y limpieza,Bogotá D.C.,Valor medio-alto,1,139753.75,139753.75,6987.6875
N0ZJGQMQNF,2021-03-01,Alimentos y bebidas,Bogotá D.C.,Valor medio,2,26000.0,52000.0,2600.0
N0ZJGQMQNF,2021-04-01,Alimentos y bebidas,Bogotá D.C.,Valor medio,2,26000.0,52000.0,2600.0
N1EFMFXFWF,2021-02-01,Alimentos y bebidas,Bogotá D.C.,Valor medio-alto,1,29002000.0,29002000.0,1450100.0
N1LXZQRUJL,2021-03-01,Comercio detallista,Bogotá D.C.,Valor medio-alto,6,29700.0,178200.0,8910.0
N1LXZQRUJL,2021-04-01,Comercio detallista,Bogotá D.C.,Valor medio-alto,2,29700.0,59400.0,2970.0
N1LXZQRUJL,2021-05-01,Comercio detallista,Bogotá D.C.,Valor medio-alto,2,29700.0,59400.0,2970.0
N1XP9WJDOM,2021-02-01,Servicios,Bogotá D.C.,Valor medio,2,2000.0,4000.0,200.0
N2SA4YW9HR,2021-03-01,Servicios,Bogotá D.C.,Valor medio-alto,4,130091.0,520364.0,26018.2
N2SA4YW9HR,2021-04-01,Servicios,Bogotá D.C.,Valor medio-alto,12,130091.0,1561092.0,78054.6
N2SA4YW9HR,2021-05-01,Servicios,Bogotá D.C.,Valor medio-alto,9,130091.0,1170819.0,58540.950000000004
N31C5HZ0TA,2021-03-01,Belleza y cuidado personal,Bogotá D.C.,Valor medio-alto,11,39941.666666666664,439358.3333333333,21967.916666666668
N31C5HZ0TA,2021-04-01,Belleza y cuidado personal,Bogotá D.C.,Valor medio-alto,1,39941.666666666664,39941.666666666664,1997.0833333333333
N35GIRSG0V,2021-03-01,Servicios,Bogotá D.C.,Valor medio-alto,4,290250.0,1161000.0,58050.0
N35GIRSG0V,2021-04-01,Servicios,Bogotá D.C.,Valor medio-alto,4,290250.0,1161000.0,58050.0
N35GIRSG0V,2021-05-01,Servicios,Bogotá D.C.,Valor medio-alto,2,290250.0,580500.0,29025.0
N3G1Y8W789,2021-03-01,Servicios,Bogotá D.C.,Valor medio-alto,128,118963.3734939759,15227311.807228915,761365.5903614458
N3G1Y8W789,2021-04-01,Servicios,Bogotá D.C.,Valor medio-alto,71,118963.3734939759,8446399.518072288,422319.9759036144
N3G1Y8W789,2021-05-01,Servicios,Bogotá D.C.,Valor medio-alto,216,118963.3734939759,25696088.674698796,1284804.43373494
N3ZM0JOFWJ,2021-01-01,Reparación y limpieza,Bogotá D.C.,Valor medio-alto,3,729467.1052631579,2188401.3157894737,109420.0657894737
N3ZM0JOFWJ,2020-12-01,Reparación y limpieza,Bogotá D.C.,Valor medio-alto,7,729467.1052631579,5106269.736842105,255313.48684210528
N3ZM0JOFWJ,2021-02-01,Reparación y limpieza,Bogotá D.C.,Valor medio-alto,3,729467.1052631579,2188401.3157894737,109420.0657894737
N3ZM0JOFWJ,2021-03-01,Reparación y limpieza,Bogotá D.C.,Valor medio-alto,1,729467.1052631579,729467.1052631579,36473.35526315789
N3ZM0JOFWJ,2021-04-01,Reparación y limpieza,Bogotá D.C.,Valor medio-alto,1,729467.1052631579,729467.1052631579,36473.35526315789
N3ZM0JOFWJ,2021-05-01,Reparación y limpieza,Bogotá D.C.,Valor medio-alto,4,729467.1052631579,2917868.4210526315,145893.42105263157
N404HN5ZOI,2021-03-01,Comercio detallista,Bogotá D.C.,Valor medio-alto,6,1336375.0,8018250.0,400912.5
N404HN5ZOI,2021-05-01,Comercio detallista,Bogotá D.C.,Valor medio-alto,2,1336375.0,2672750.0,133637.5
N44MBOSHB8,2021-03-01,Comercio detallista,Bogotá D.C.,Valor medio-alto,1,131000.0,131000.0,6550.0
N44MBOSHB8,2021-04-01,Comercio detallista,Bogotá D.C.,Valor medio-alto,3,131000.0,393000.0,19650.0
N44MBOSHB8,2021-05-01,Comercio detallista,Bogotá D.C.,Valor medio-alto,2,131000.0,262000.0,13100.0
N4W0AS3UO8,2021-02-01,Comercio detallista,Bogotá D.C.,Valor medio-alto,8,287118.68131868134,2296949.4505494507,114847.47252747254
N4W0AS3UO8,2021-03-01,Comercio detallista,Bogotá D.C.,Valor medio-alto,41,287118.68131868134,11771865.934065934,588593.2967032967
N4W0AS3UO8,2021-04-01,Comercio detallista,Bogotá D.C.,Valor medio-alto,19,287118.68131868134,5455254.945054946,272762.7472527473
N4W0AS3UO8,2021-05-01,Comercio detallista,Bogotá D.C.,Valor medio-alto,23,287118.68131868134,6603729.67032967,330186.48351648357
N608KWGN3F,2021-01-01,Reparación y limpieza,Soacha,Valor medio-alto,3,862500.0,2587500.0,129375.0
N608KWGN3F,2021-02-01,Reparación y limpieza,Soacha,Valor medio-alto,2,862500.0,1725000.0,86250.0
N608KWGN3F,2021-04-01,Reparación y limpieza,Soacha,Valor medio-alto,2,862500.0,1725000.0,86250.0
N608KWGN3F,2021-05-01,Reparación y limpieza,Soacha,Valor medio-alto,2,862500.0,1725000.0,86250.0
N6EOXET40P,2021-03-01,Reparación y limpieza,Soacha,Valor medio-alto,4,174000.68181818182,696002.7272727273,34800.13636363637
N6EOXET40P,2021-04-01,Reparación y limpieza,Soacha,Valor medio-alto,11,174000.68181818182,1914007.5,95700.375
N6EOXET40P,2021-05-01,Reparación y limpieza,Soacha,Valor medio-alto,7,174000.68181818182,1218004.7727272727,60900.23863636364
N6J4NVC9M4,2021-03-01,Reparación y limpieza,Bogotá D.C.,Valor medio-alto,7,634322.7272727273,4440259.090909091,222012.95454545456
N6J4NVC9M4,2021-04-01,Reparación y limpieza,Bogotá D.C.,Valor medio-alto,8,634322.7272727273,5074581.818181818,253729.09090909094
N6J4NVC9M4,2021-05-01,Reparación y limpieza,Bogotá D.C.,Valor medio-alto,7,634322.7272727273,4440259.090909091,222012.95454545456
N6L2L682AM,2020-12-01,Reparación y limpieza,Bogotá D.C.,Valor medio,1,2000.0,2000.0,100.0
N6UIQA504G,2021-03-01,Comercio detallista,Bogotá D.C.,Valor medio-alto,1,88666.66666666667,88666.66666666667,4433.333333333334
N6UIQA504G,2021-04-01,Comercio detallista,Bogotá D.C.,Valor medio-alto,8,88666.66666666667,709333.3333333334,35466.66666666667
N6WZU49VAK,2021-03-01,Comercio detallista,Bogotá D.C.,Valor medio-alto,3,476428.5714285714,1429285.7142857143,71464.28571428572
N6WZU49VAK,2021-04-01,Comercio detallista,Bogotá D.C.,Valor medio-alto,3,476428.5714285714,1429285.7142857143,71464.28571428572
N6WZU49VAK,2021-05-01,Comercio detallista,Bogotá D.C.,Valor medio-alto,1,476428.5714285714,476428.5714285714,23821.428571428572
N6YTX2K3FS,2021-01-01,Comercio detallista,Bogotá D.C.,Valor medio-alto,4,158769.23076923078,635076.9230769231,31753.846153846156
N6YTX2K3FS,2021-02-01,Comercio detallista,Bogotá D.C.,Valor medio-alto,6,158769.23076923078,952615.3846153847,47630.76923076924
N6YTX2K3FS,2021-03-01,Comercio detallista,Bogotá D.C.,Valor medio-alto,3,158769.23076923078,476307.69230769237,23815.38461538462
N7FTL6L4AW,2021-03-01,Comercio detallista,El Rosal,Valor medio-alto,4,330021.5,1320086.0,66004.3
N7FTL6L4AW,2021-04-01,Comercio detallista,El Rosal,Valor medio-alto,3,330021.5,990064.5,49503.225000000006
N7FTL6L4AW,2021-05-01,Comercio detallista,El Rosal,Valor medio-alto,13,330021.5,4290279.5,214513.975
N7RRLLHXAA,2021-02-01,Belleza y cuidado personal,Bogotá D.C.,Valor medio,1,103000.0,103000.0,5150.0
N7SGMZWH5W,2021-03-01,Alimentos y bebidas,Choachí,Valor medio-alto,2,107628.125,215256.25,10762.8125
N7SGMZWH5W,2021-04-01,Alimentos y bebidas,Choachí,Valor medio-alto,3,107628.125,322884.375,16144.21875
N7SGMZWH5W,2021-05-01,Alimentos y bebidas,Choachí,Valor medio-alto,3,107628.125,322884.375,16144.21875
N8PE0TF8B3,2021-03-01,Servicios,Bogotá D.C.,Valor medio-alto,4,263788.8888888889,1055155.5555555555,52757.77777777778
N8PE0TF8B3,2021-04-01,Servicios,Bogotá D.C.,Valor medio-alto,4,263788.8888888889,1055155.5555555555,52757.77777777778
N8PE0TF8B3,2021-05-01,Servicios,Bogotá D.C.,Valor medio-alto,1,263788.8888888889,263788.8888888889,13189.444444444445
N8ZFCDTI13,2021-03-01,Comercio detallista,Bogotá D.C.,Valor medio-alto,5,416263.15789473685,2081315.7894736843,104065.78947368421
N8ZFCDTI13,2021-04-01,Comercio detallista,Bogotá D.C.,Valor medio-alto,5,416263.15789473685,2081315.7894736843,104065.78947368421
N8ZFCDTI13,2021-05-01,Comercio detallista,Bogotá D.C.,Valor medio-alto,9,416263.15789473685,3746368.421052632,187318.4210526316
N97HUV9GU4,2021-03-01,Comercio detallista,Bogotá D.C.,Valor medio,1,1000.0,1000.0,50.0
N9B2RPJXMT,2021-03-01,Transporte,Bogotá D.C.,Valor medio,1,1400.0,1400.0,70.0
N9B2RPJXMT,2021-04-01,Transporte,Bogotá D.C.,Valor medio,3,1400.0,4200.0,210.0
N9B2RPJXMT,2021-05-01,Transporte,Bogotá D.C.,Valor medio,1,1400.0,1400.0,70.0
N9P7TD2J70,2021-03-01,Reparación y limpieza,Fusagasugá,Valor alto,4,801318.1818181818,3205272.727272727,160263.63636363635
N9P7TD2J70,2021-04-01,Reparación y limpieza,Fusagasugá,Valor alto,2,801318.1818181818,1602636.3636363635,80131.81818181818
N9P7TD2J70,2021-05-01,Reparación y limpieza,Fusagasugá,Valor alto,5,801318.1818181818,4006590.9090909087,200329.54545454544
N9QIOERYT9,2021-02-01,Comercio detallista,Bogotá D.C.,Valor medio-alto,3,115976.3440860215,347929.0322580645,17396.451612903224
N9QIOERYT9,2021-03-01,Comercio detallista,Bogotá D.C.,Valor medio-alto,55,115976.3440860215,6378698.924731183,318934.9462365592
N9QIOERYT9,2021-04-01,Comercio detallista,Bogotá D.C.,Valor medio-alto,15,115976.3440860215,1739645.1612903227,86982.25806451614
N9QIOERYT9,2021-05-01,Comercio detallista,Bogotá D.C.,Valor medio-alto,20,115976.3440860215,2319526.88172043,115976.34408602152
NAQNKNBIGG,2021-02-01,Comercio detallista,Soacha,Valor medio,1,2000.0,2000.0,100.0
NBX81FR2HU,2021-03-01,Comercio detallista,Bogotá D.C.,Valor medio-alto,9,82910.86956521739,746197.8260869565,37309.89130434783
NBX81FR2HU,2021-04-01,Comercio detallista,Bogotá D.C.,Valor medio-alto,5,82910.86956521739,414554.347826087,20727.71739130435
NBX81FR2HU,2021-05-01,Comercio detallista,Bogotá D.C.,Valor medio-alto,9,82910.86956521739,746197.8260869565,37309.89130434783
NCAGAOD6WX,2021-03-01,Belleza y cuidado personal,Bogotá D.C.,Valor medio,1,12000.0,12000.0,600.0
NCCEQTC04R,2021-03-01,Belleza y cuidado personal,Bogotá D.C.,Valor medio-alto,2,880333.3333333334,1760666.6666666667,88033.33333333334
NCCEQTC04R,2021-04-01,Belleza y cuidado personal,Bogotá D.C.,Valor medio-alto,1,880333.3333333334,880333.3333333334,44016.66666666667
NCCEQTC04R,2021-05-01,Belleza y cuidado personal,Bogotá D.C.,Valor medio-alto,3,880333.3333333334,2641000.0,132050.0
ND1ENHC0KM,2021-03-01,Alimentos y bebidas,Bogotá D.C.,Valor medio,2,8100.0,16200.0,810.0
ND1ENHC0KM,2021-05-01,Alimentos y bebidas,Bogotá D.C.,Valor medio,3,8100.0,24300.0,1215.0
NDHAAPXRNV,2020-12-01,Servicios,Chía,Valor medio,1,2000.0,2000.0,100.0
NEAMOVE39C,2021-03-01,Reparación y limpieza,Bogotá D.C.,Valor medio-alto,1,218750.0,218750.0,10937.5
NEAMOVE39C,2021-05-01,Reparación y limpieza,Bogotá D.C.,Valor medio-alto,3,218750.0,656250.0,32812.5
NEARIBNJZG,2021-03-01,Comercio detallista,Bogotá D.C.,Valor medio,1,2000.0,2000.0,100.0
NEIYA69TIY,2021-02-01,Comercio detallista,Bogotá D.C.,Valor medio-alto,2,134525.0,269050.0,13452.5
NEIYA69TIY,2021-03-01,Comercio detallista,Bogotá D.C.,Valor medio-alto,11,134525.0,1479775.0,73988.75
NEIYA69TIY,2021-04-01,Comercio detallista,Bogotá D.C.,Valor medio-alto,3,134525.0,403575.0,20178.75
NEIYA69TIY,2021-05-01,Comercio detallista,Bogotá D.C.,Valor medio-alto,4,134525.0,538100.0,26905.0
NEQ9DTJ777,2021-03-01,Comercio detallista,Bogotá D.C.,Valor medio-alto,2,174666.66666666666,349333.3333333333,17466.666666666668
NEQ9DTJ777,2021-05-01,Comercio detallista,Bogotá D.C.,Valor medio-alto,1,174666.66666666666,174666.66666666666,8733.333333333334
NFMTYV8WBQ,2021-02-01,Belleza y cuidado personal,Bogotá D.C.,Valor medio,1,2000.0,2000.0,100.0
NFVSLAFT73,2021-03-01,Comercio detallista,Bogotá D.C.,Valor medio-alto,9,226717.64705882352,2040458.8235294118,102022.9411764706
NFVSLAFT73,2021-04-01,Comercio detallista,Bogotá D.C.,Valor medio-alto,3,226717.64705882352,680152.9411764706,34007.64705882353
NFVSLAFT73,2021-05-01,Comercio detallista,Bogotá D.C.,Valor medio-alto,5,226717.64705882352,1133588.2352941176,56679.41176470588
NG1HSXTIWA,2021-03-01,Comercio detallista,Bogotá D.C.,Valor medio-alto,3,66085.71428571429,198257.14285714287,9912.857142857145
NG1HSXTIWA,2021-04-01,Comercio detallista,Bogotá D.C.,Valor medio-alto,11,66085.71428571429,726942.8571428572,36347.14285714286
NG1HSXTIWA,2021-05-01,Comercio detallista,Bogotá D.C.,Valor medio-alto,7,66085.71428571429,462600.0,23130.0
NGAQ4W1AME,2021-03-01,Comercio detallista,Soacha,Valor medio,1,12000.0,12000.0,600.0
NGGRF71F9C,2021-03-01,Comercio detallista,Bogotá D.C.,Valor medio-alto,1,684250.0,684250.0,34212.5
NGGRF71F9C,2021-04-01,Comercio detallista,Bogotá D.C.,Valor medio-alto,3,684250.0,2052750.0,102637.5
NGGRF71F9C,2021-05-01,Comercio detallista,Bogotá D.C.,Valor medio-alto,4,684250.0,2737000.0,136850.0
NGNYLEU476,2020-12-01,Comercio detallista,Bogotá D.C.,Valor medio,1,46000.0,46000.0,2300.0
NGNYLEU476,2021-02-01,Comercio detallista,Bogotá D.C.,Valor medio,2,46000.0,92000.0,4600.0
NGSGMDOWB1,2021-01-01,Servicios,Bogotá D.C.,Valor medio-alto,2,71666.66666666667,143333.33333333334,7166.666666666668
NGSGMDOWB1,2020-12-01,Servicios,Bogotá D.C.,Valor medio-alto,3,71666.66666666667,215000.0,10750.0
NGSGMDOWB1,2021-04-01,Servicios,Bogotá D.C.,Valor medio-alto,1,71666.66666666667,71666.66666666667,3583.333333333334
NH03J6I9RH,2021-02-01,Comercio detallista,Bogotá D.C.,Valor medio-alto,3,749125.0,2247375.0,112368.75
NH03J6I9RH,2021-03-01,Comercio detallista,Bogotá D.C.,Valor medio-alto,3,749125.0,2247375.0,112368.75
NH03J6I9RH,2021-04-01,Comercio detallista,Bogotá D.C.,Valor medio-alto,4,749125.0,2996500.0,149825.0
NH03J6I9RH,2021-05-01,Comercio detallista,Bogotá D.C.,Valor medio-alto,2,749125.0,1498250.0,74912.5
NHC4IP9H70,2021-03-01,Comercio detallista,Bogotá D.C.,Valor medio,2,12333.333333333334,24666.666666666668,1233.3333333333335
NHC4IP9H70,2021-04-01,Comercio detallista,Bogotá D.C.,Valor medio,1,12333.333333333334,12333.333333333334,616.6666666666667
NHON1OIGF4,2021-01-01,Comercio detallista,Bogotá D.C.,Valor medio-alto,8,665321.7714285714,5322574.171428571,266128.7085714286
NHON1OIGF4,2021-02-01,Comercio detallista,Bogotá D.C.,Valor medio-alto,18,665321.7714285714,11975791.885714285,598789.5942857143
NHON1OIGF4,2021-03-01,Comercio detallista,Bogotá D.C.,Valor medio-alto,13,665321.7714285714,8649183.028571429,432459.15142857144
NHON1OIGF4,2021-04-01,Comercio detallista,Bogotá D.C.,Valor medio-alto,11,665321.7714285714,7318539.485714286,365926.9742857143
NHON1OIGF4,2021-05-01,Comercio detallista,Bogotá D.C.,Valor medio-alto,20,665321.7714285714,13306435.42857143,665321.7714285715
NIUT5ZZUPT,2021-03-01,Servicios,Bogotá D.C.,Valor medio,1,2000.0,2000.0,100.0
NIWLOJXBJJ,2021-03-01,Servicios,Bogotá D.C.,Valor medio-alto,3,208200.0,624600.0,31230.0
NIWLOJXBJJ,2021-05-01,Servicios,Bogotá D.C.,Valor medio-alto,2,208200.0,416400.0,20820.0
NJCE0BHTLI,2021-03-01,Comercio detallista,Bogotá D.C.,Valor medio-alto,2,268727.2727272727,537454.5454545454,26872.727272727272
NJCE0BHTLI,2021-04-01,Comercio detallista,Bogotá D.C.,Valor medio-alto,2,268727.2727272727,537454.5454545454,26872.727272727272
NJCE0BHTLI,2021-05-01,Comercio detallista,Bogotá D.C.,Valor medio-alto,7,268727.2727272727,1881090.909090909,94054.54545454546
NJYDUHVEP2,2021-03-01,Comercio detallista,Bogotá D.C.,Valor medio-alto,1,185680.76923076922,185680.76923076922,9284.038461538461
NJYDUHVEP2,2021-04-01,Comercio detallista,Bogotá D.C.,Valor medio-alto,8,185680.76923076922,1485446.1538461538,74272.30769230769
NJYDUHVEP2,2021-05-01,Comercio detallista,Bogotá D.C.,Valor medio-alto,4,185680.76923076922,742723.0769230769,37136.153846153844
NJZB3CCY2T,2021-03-01,Comercio detallista,Bogotá D.C.,Valor medio-alto,7,473818.1818181818,3316727.272727273,165836.36363636365
NJZB3CCY2T,2021-04-01,Comercio detallista,Bogotá D.C.,Valor medio-alto,3,473818.1818181818,1421454.5454545454,71072.72727272728
NJZB3CCY2T,2021-05-01,Comercio detallista,Bogotá D.C.,Valor medio-alto,1,473818.1818181818,473818.1818181818,23690.909090909092
NK4QK0ET15,2021-03-01,Servicios,Bogotá D.C.,Valor medio-alto,6,367619.04761904763,2205714.285714286,110285.7142857143
NK4QK0ET15,2021-04-01,Servicios,Bogotá D.C.,Valor medio-alto,8,367619.04761904763,2940952.380952381,147047.61904761905
NK4QK0ET15,2021-05-01,Servicios,Bogotá D.C.,Valor medio-alto,7,367619.04761904763,2573333.3333333335,128666.66666666669
NKOF8KEQQI,2021-03-01,Servicios,Bogotá D.C.,Valor medio,4,191250.0,765000.0,38250.0
NKV7GV7BEL,2021-03-01,Comercio detallista,Bogotá D.C.,Valor medio-alto,2,390400.0,780800.0,39040.0
NKV7GV7BEL,2021-04-01,Comercio detallista,Bogotá D.C.,Valor medio-alto,3,390400.0,1171200.0,58560.0
NLB22AXCTJ,2021-01-01,Comercio detallista,Bogotá D.C.,Valor medio-alto,14,303086.95652173914,4243217.391304348,212160.8695652174
NLB22AXCTJ,2021-02-01,Comercio detallista,Bogotá D.C.,Valor medio-alto,22,303086.95652173914,6667913.043478261,333395.6521739131
NLB22AXCTJ,2021-03-01,Comercio detallista,Bogotá D.C.,Valor medio-alto,17,303086.95652173914,5152478.260869565,257623.91304347827
NLB22AXCTJ,2021-04-01,Comercio detallista,Bogotá D.C.,Valor medio-alto,6,303086.95652173914,1818521.7391304348,90926.08695652174
NLB22AXCTJ,2021-05-01,Comercio detallista,Bogotá D.C.,Valor medio-alto,10,303086.95652173914,3030869.5652173916,151543.4782608696
NLS9X2N5UB,2021-03-01,Belleza y cuidado personal,Funza,Valor medio-alto,5,88833.33333333333,444166.6666666666,22208.333333333332
NLS9X2N5UB,2021-04-01,Belleza y cuidado personal,Funza,Valor medio-alto,1,88833.33333333333,88833.33333333333,4441.666666666667
NM5ILTMM7K,2021-03-01,Alimentos y bebidas,Pasto,Valor medio-alto,101,151627.0061728395,15314327.62345679,765716.3811728396
NM5ILTMM7K,2021-04-01,Alimentos y bebidas,Pasto,Valor medio-alto,94,151627.0061728395,14252938.580246912,712646.9290123456
NM5ILTMM7K,2021-05-01,Alimentos y bebidas,Pasto,Valor medio-alto,129,151627.0061728395,19559883.796296295,977994.1898148148
NMJJKOS27I,2021-03-01,Belleza y cuidado personal,Bogotá D.C.,Valor medio,1,2000.0,2000.0,100.0
NMKD6JY5GJ,2021-03-01,Comercio detallista,Bogotá D.C.,Valor medio-alto,4,1344250.6875,5377002.75,268850.1375
NMKD6JY5GJ,2021-04-01,Comercio detallista,Bogotá D.C.,Valor medio-alto,9,1344250.6875,12098256.1875,604912.8093750001
NMKD6JY5GJ,2021-05-01,Comercio detallista,Bogotá D.C.,Valor medio-alto,3,1344250.6875,4032752.0625,201637.60312500002
NMY7YZPPTD,2021-03-01,Reparación y limpieza,Bogotá D.C.,Valor medio-alto,4,79545.45454545454,318181.8181818182,15909.09090909091
NMY7YZPPTD,2021-04-01,Reparación y limpieza,Bogotá D.C.,Valor medio-alto,1,79545.45454545454,79545.45454545454,3977.2727272727275
NMY7YZPPTD,2021-05-01,Reparación y limpieza,Bogotá D.C.,Valor medio-alto,6,79545.45454545454,477272.7272727273,23863.636363636368
NNDMK03GZ9,2021-02-01,Reparación y limpieza,Soacha,Valor medio,1,2000.0,2000.0,100.0
NNS6KMWD7K,2021-03-01,Reparación y limpieza,Bogotá D.C.,Valor medio-alto,1,244363.63636363635,244363.63636363635,12218.181818181818
NNS6KMWD7K,2021-04-01,Reparación y limpieza,Bogotá D.C.,Valor medio-alto,8,244363.63636363635,1954909.0909090908,97745.45454545454
NNS6KMWD7K,2021-05-01,Reparación y limpieza,Bogotá D.C.,Valor medio-alto,2,244363.63636363635,488727.2727272727,24436.363636363636
NRGM093MBH,2021-01-01,Reparación y limpieza,Bogotá D.C.,Valor medio-alto,2,48000.0,96000.0,4800.0
NRGM093MBH,2020-12-01,Reparación y limpieza,Bogotá D.C.,Valor medio-alto,1,48000.0,48000.0,2400.0
NRGM093MBH,2021-04-01,Reparación y limpieza,Bogotá D.C.,Valor medio-alto,1,48000.0,48000.0,2400.0
NRGOCCZLW3,2021-01-01,Belleza y cuidado personal,Bogotá D.C.,Valor medio-alto,1,85714.28571428571,85714.28571428571,4285.714285714285
NRGOCCZLW3,2020-12-01,Belleza y cuidado personal,Bogotá D.C.,Valor medio-alto,1,85714.28571428571,85714.28571428571,4285.714285714285
NRGOCCZLW3,2021-02-01,Belleza y cuidado personal,Bogotá D.C.,Valor medio-alto,1,85714.28571428571,85714.28571428571,4285.714285714285
NRGOCCZLW3,2021-03-01,Belleza y cuidado personal,Bogotá D.C.,Valor medio-alto,2,85714.28571428571,171428.57142857142,8571.42857142857
NRGOCCZLW3,2021-04-01,Belleza y cuidado personal,Bogotá D.C.,Valor medio-alto,1,85714.28571428571,85714.28571428571,4285.714285714285
NRGOCCZLW3,2021-05-01,Belleza y cuidado personal,Bogotá D.C.,Valor medio-alto,1,85714.28571428571,85714.28571428571,4285.714285714285
NRH0495W52,2021-01-01,Servicios,Bogotá D.C.,Valor medio-alto,8,252756.75675675675,2022054.054054054,101102.7027027027
NRH0495W52,2020-12-01,Servicios,Bogotá D.C.,Valor medio-alto,6,252756.75675675675,1516540.5405405406,75827.02702702703
NRH0495W52,2021-02-01,Servicios,Bogotá D.C.,Valor medio-alto,8,252756.75675675675,2022054.054054054,101102.7027027027
NRH0495W52,2021-03-01,Servicios,Bogotá D.C.,Valor medio-alto,5,252756.75675675675,1263783.7837837837,63189.18918918919
NRH0495W52,2021-04-01,Servicios,Bogotá D.C.,Valor medio-alto,3,252756.75675675675,758270.2702702703,37913.51351351351
NRH0495W52,2021-05-01,Servicios,Bogotá D.C.,Valor medio-alto,7,252756.75675675675,1769297.2972972973,88464.86486486487
NRWCAPVBVP,2021-03-01,Comercio detallista,Bogotá D.C.,Valor medio-alto,2,94360.0,188720.0,9436.0
NRWCAPVBVP,2021-04-01,Comercio detallista,Bogotá D.C.,Valor medio-alto,5,94360.0,471800.0,23590.0
NRWCAPVBVP,2021-05-01,Comercio detallista,Bogotá D.C.,Valor medio-alto,3,94360.0,283080.0,14154.0
NS48WBTDXL,2021-03-01,Comercio detallista,Bogotá D.C.,Valor medio-alto,3,434200.0,1302600.0,65130.0
NS48WBTDXL,2021-04-01,Comercio detallista,Bogotá D.C.,Valor medio-alto,4,434200.0,1736800.0,86840.0
NS48WBTDXL,2021-05-01,Comercio detallista,Bogotá D.C.,Valor medio-alto,2,434200.0,868400.0,43420.0
NSTOLC0OEC,2021-03-01,Alimentos y bebidas,Bogotá D.C.,Valor medio-alto,16,50335.16483516483,805362.6373626373,40268.131868131866
NSTOLC0OEC,2021-04-01,Alimentos y bebidas,Bogotá D.C.,Valor medio-alto,82,50335.16483516483,4127483.5164835164,206374.17582417582
NSTOLC0OEC,2021-05-01,Alimentos y bebidas,Bogotá D.C.,Valor medio-alto,84,50335.16483516483,4228153.846153846,211407.6923076923
NT7EFI86OD,2021-01-01,Comercio detallista,Chía,Valor medio-alto,11,138453.72307692308,1522990.9538461538,76149.5476923077
NT7EFI86OD,2020-12-01,Comercio detallista,Chía,Valor medio-alto,13,138453.72307692308,1799898.4000000001,89994.92000000001
NT7EFI86OD,2021-02-01,Comercio detallista,Chía,Valor medio-alto,15,138453.72307692308,2076805.8461538462,103840.29230769232
NT7EFI86OD,2021-03-01,Comercio detallista,Chía,Valor medio-alto,10,138453.72307692308,1384537.2307692308,69226.86153846154
NT7EFI86OD,2021-04-01,Comercio detallista,Chía,Valor medio-alto,5,138453.72307692308,692268.6153846154,34613.43076923077
NT7EFI86OD,2021-05-01,Comercio detallista,Chía,Valor medio-alto,11,138453.72307692308,1522990.9538461538,76149.5476923077
NTRXRTKXJ1,2021-02-01,Alimentos y bebidas,Bogotá D.C.,Valor medio-alto,3,41700.0,125100.0,6255.0
NTRXRTKXJ1,2021-03-01,Alimentos y bebidas,Bogotá D.C.,Valor medio-alto,12,41700.0,500400.0,25020.0
NTRXRTKXJ1,2021-04-01,Alimentos y bebidas,Bogotá D.C.,Valor medio-alto,1,41700.0,41700.0,2085.0
NTRXRTKXJ1,2021-05-01,Alimentos y bebidas,Bogotá D.C.,Valor medio-alto,14,41700.0,583800.0,29190.0
NU4CR9LGLK,2021-03-01,Belleza y cuidado personal,Bogotá D.C.,Valor medio-alto,3,115000.0,345000.0,17250.0
NU4CR9LGLK,2021-04-01,Belleza y cuidado personal,Bogotá D.C.,Valor medio-alto,3,115000.0,345000.0,17250.0
NU4CR9LGLK,2021-05-01,Belleza y cuidado personal,Bogotá D.C.,Valor medio-alto,3,115000.0,345000.0,17250.0
NUBCQ989OW,2021-03-01,Belleza y cuidado personal,Bogotá D.C.,Valor medio-alto,1,81250.0,81250.0,4062.5
NUBCQ989OW,2021-04-01,Belleza y cuidado personal,Bogotá D.C.,Valor medio-alto,1,81250.0,81250.0,4062.5
NUBCQ989OW,2021-05-01,Belleza y cuidado personal,Bogotá D.C.,Valor medio-alto,2,81250.0,162500.0,8125.0
NUFKTKF0GA,2021-03-01,Comercio detallista,Girardot,Valor medio,1,58400.0,58400.0,2920.0
NUFKTKF0GA,2021-04-01,Comercio detallista,Girardot,Valor medio,1,58400.0,58400.0,2920.0
NUJWKHKGH6,2021-03-01,Alimentos y bebidas,Bogotá D.C.,Valor medio-alto,6,17400.0,104400.0,5220.0
NUJWKHKGH6,2021-04-01,Alimentos y bebidas,Bogotá D.C.,Valor medio-alto,2,17400.0,34800.0,1740.0
NUUZV6L6W4,2021-03-01,Servicios,Bogotá D.C.,Valor medio-alto,5,245915.21739130435,1229576.0869565217,61478.80434782609
NUUZV6L6W4,2021-04-01,Servicios,Bogotá D.C.,Valor medio-alto,16,245915.21739130435,3934643.4782608696,196732.1739130435
NUUZV6L6W4,2021-05-01,Servicios,Bogotá D.C.,Valor medio-alto,25,245915.21739130435,6147880.434782608,307394.02173913043
NVHV4M1LOQ,2021-03-01,Comercio detallista,Bogotá D.C.,Valor medio-alto,1,296840.0,296840.0,14842.0
NVHV4M1LOQ,2021-04-01,Comercio detallista,Bogotá D.C.,Valor medio-alto,1,296840.0,296840.0,14842.0
NVHV4M1LOQ,2021-05-01,Comercio detallista,Bogotá D.C.,Valor medio-alto,3,296840.0,890520.0,44526.0
NW5FQIRGHD,2021-03-01,Servicios,Girardot,Valor medio-alto,21,162149.25373134328,3405134.3283582088,170256.71641791044
NW5FQIRGHD,2021-04-01,Servicios,Girardot,Valor medio-alto,24,162149.25373134328,3891582.0895522386,194579.10447761195
NW5FQIRGHD,2021-05-01,Servicios,Girardot,Valor medio-alto,22,162149.25373134328,3567283.582089552,178364.17910447763
NWPWS3QWJA,2021-03-01,Comercio detallista,Bogotá D.C.,Valor medio-alto,1,251888.88888888888,251888.88888888888,12594.444444444445
NWPWS3QWJA,2021-04-01,Comercio detallista,Bogotá D.C.,Valor medio-alto,2,251888.88888888888,503777.77777777775,25188.88888888889
NWPWS3QWJA,2021-05-01,Comercio detallista,Bogotá D.C.,Valor medio-alto,6,251888.88888888888,1511333.3333333333,75566.66666666667
NY7STF2UTM,2021-02-01,Comercio detallista,Bogotá D.C.,Valor medio-alto,8,386771.2244897959,3094169.7959183673,154708.48979591837
NY7STF2UTM,2021-03-01,Comercio detallista,Bogotá D.C.,Valor medio-alto,28,386771.2244897959,10829594.285714285,541479.7142857143
NY7STF2UTM,2021-04-01,Comercio detallista,Bogotá D.C.,Valor medio-alto,3,386771.2244897959,1160313.6734693877,58015.683673469386
NY7STF2UTM,2021-05-01,Comercio detallista,Bogotá D.C.,Valor medio-alto,10,386771.2244897959,3867712.2448979593,193385.612244898
NYI1BNMAX9,2021-01-01,Comercio detallista,Bogotá D.C.,Valor medio-alto,2,358357.14285714284,716714.2857142857,35835.71428571428
NYI1BNMAX9,2021-02-01,Comercio detallista,Bogotá D.C.,Valor medio-alto,3,358357.14285714284,1075071.4285714286,53753.571428571435
NYI1BNMAX9,2021-03-01,Comercio detallista,Bogotá D.C.,Valor medio-alto,6,358357.14285714284,2150142.8571428573,107507.14285714287
NYI1BNMAX9,2021-04-01,Comercio detallista,Bogotá D.C.,Valor medio-alto,1,358357.14285714284,358357.14285714284,17917.85714285714
NYI1BNMAX9,2021-05-01,Comercio detallista,Bogotá D.C.,Valor medio-alto,2,358357.14285714284,716714.2857142857,35835.71428571428
NYL1FHNVR5,2021-03-01,Comercio detallista,Bogotá D.C.,Valor medio-alto,1,240400.0,240400.0,12020.0
NYL1FHNVR5,2021-04-01,Comercio detallista,Bogotá D.C.,Valor medio-alto,4,240400.0,961600.0,48080.0
NYZ4GZ9CXN,2021-01-01,Comercio detallista,Bogotá D.C.,Valor medio-alto,1,110242.42424242424,110242.42424242424,5512.121212121212
NYZ4GZ9CXN,2020-12-01,Comercio detallista,Bogotá D.C.,Valor medio-alto,61,110242.42424242424,6724787.878787879,336239.393939394
NYZ4GZ9CXN,2021-02-01,Comercio detallista,Bogotá D.C.,Valor medio-alto,1,110242.42424242424,110242.42424242424,5512.121212121212
NYZ4GZ9CXN,2021-03-01,Comercio detallista,Bogotá D.C.,Valor medio-alto,1,110242.42424242424,110242.42424242424,5512.121212121212
NYZ4GZ9CXN,2021-04-01,Comercio detallista,Bogotá D.C.,Valor medio-alto,2,110242.42424242424,220484.84848484848,11024.242424242424
O07JKD6LG8,2021-01-01,Comercio detallista,Bogotá D.C.,Valor medio-alto,2,313875.0,627750.0,31387.5
O07JKD6LG8,2020-12-01,Comercio detallista,Bogotá D.C.,Valor medio-alto,1,313875.0,313875.0,15693.75
O07JKD6LG8,2021-02-01,Comercio detallista,Bogotá D.C.,Valor medio-alto,2,313875.0,627750.0,31387.5
O07JKD6LG8,2021-03-01,Comercio detallista,Bogotá D.C.,Valor medio-alto,7,313875.0,2197125.0,109856.25
O07JKD6LG8,2021-04-01,Comercio detallista,Bogotá D.C.,Valor medio-alto,3,313875.0,941625.0,47081.25
O07JKD6LG8,2021-05-01,Comercio detallista,Bogotá D.C.,Valor medio-alto,1,313875.0,313875.0,15693.75
O0EA4JUASZ,2021-03-01,Turismo y entretenimiento,Choachí,Valor alto,32,142122.0338983051,4547905.084745763,227395.25423728814
O0EA4JUASZ,2021-04-01,Turismo y entretenimiento,Choachí,Valor alto,14,142122.0338983051,1989708.4745762711,99485.42372881356
O0EA4JUASZ,2021-05-01,Turismo y entretenimiento,Choachí,Valor alto,13,142122.0338983051,1847586.4406779662,92379.32203389832
O0SLIQ11XR,2021-03-01,Comercio detallista,Bogotá D.C.,Valor medio-alto,7,209210.52631578947,1464473.6842105263,73223.68421052632
O0SLIQ11XR,2021-04-01,Comercio detallista,Bogotá D.C.,Valor medio-alto,6,209210.52631578947,1255263.1578947369,62763.15789473685
O0SLIQ11XR,2021-05-01,Comercio detallista,Bogotá D.C.,Valor medio-alto,6,209210.52631578947,1255263.1578947369,62763.15789473685
O1QO74NJS6,2021-03-01,Comercio detallista,Bogotá D.C.,Valor medio-alto,1,1147833.3333333333,1147833.3333333333,57391.666666666664
O1QO74NJS6,2021-04-01,Comercio detallista,Bogotá D.C.,Valor medio-alto,2,1147833.3333333333,2295666.6666666665,114783.33333333333
O1XSWMJLLM,2021-03-01,Comercio detallista,Bogotá D.C.,Valor medio-alto,10,263603.5714285714,2636035.714285714,131801.7857142857
O1XSWMJLLM,2021-04-01,Comercio detallista,Bogotá D.C.,Valor medio-alto,4,263603.5714285714,1054414.2857142857,52720.71428571429
O1XSWMJLLM,2021-05-01,Comercio detallista,Bogotá D.C.,Valor medio-alto,14,263603.5714285714,3690450.0,184522.5
O25MKTV0SE,2021-03-01,Reparación y limpieza,Bogotá D.C.,Valor medio,1,6000.0,6000.0,300.0
O25MKTV0SE,2021-05-01,Reparación y limpieza,Bogotá D.C.,Valor medio,1,6000.0,6000.0,300.0
O37KRTROOO,2021-03-01,Comercio detallista,Bogotá D.C.,Valor medio-alto,3,1668222.2222222222,5004666.666666667,250233.33333333337
O37KRTROOO,2021-04-01,Comercio detallista,Bogotá D.C.,Valor medio-alto,5,1668222.2222222222,8341111.111111111,417055.55555555556
O37KRTROOO,2021-05-01,Comercio detallista,Bogotá D.C.,Valor medio-alto,1,1668222.2222222222,1668222.2222222222,83411.11111111112
O3ARPVHZRA,2021-03-01,Comercio detallista,Soacha,Valor medio-alto,7,85738.09523809524,600166.6666666666,30008.333333333332
O3ARPVHZRA,2021-04-01,Comercio detallista,Soacha,Valor medio-alto,17,85738.09523809524,1457547.619047619,72877.38095238095
O3ARPVHZRA,2021-05-01,Comercio detallista,Soacha,Valor medio-alto,18,85738.09523809524,1543285.7142857143,77164.28571428572
O3DBLQSRTL,2021-03-01,Servicios,Bogotá D.C.,Valor medio-alto,2,530560.0,1061120.0,53056.0
O3DBLQSRTL,2021-04-01,Servicios,Bogotá D.C.,Valor medio-alto,1,530560.0,530560.0,26528.0
O3DBLQSRTL,2021-05-01,Servicios,Bogotá D.C.,Valor medio-alto,2,530560.0,1061120.0,53056.0
O3TS8V4CFH,2021-03-01,Comercio detallista,Bogotá D.C.,Valor medio-alto,1,252500.0,252500.0,12625.0
O3TS8V4CFH,2021-04-01,Comercio detallista,Bogotá D.C.,Valor medio-alto,1,252500.0,252500.0,12625.0
O3ZU4QZZC3,2021-03-01,Belleza y cuidado personal,Bogotá D.C.,Valor medio,1,2000.0,2000.0,100.0
O47A4L1QNN,2021-03-01,Comercio detallista,Bogotá D.C.,Valor medio-alto,1,160360.0,160360.0,8018.0
O47A4L1QNN,2021-04-01,Comercio detallista,Bogotá D.C.,Valor medio-alto,1,160360.0,160360.0,8018.0
O4LLLHJKZB,2021-01-01,Alimentos y bebidas,Bogotá D.C.,Valor alto,1,2000.0,2000.0,100.0
O6DOYQGP7S,2021-03-01,Servicios,Chía,Valor medio-alto,4,737700.0,2950800.0,147540.0
O6DOYQGP7S,2021-05-01,Servicios,Chía,Valor medio-alto,1,737700.0,737700.0,36885.0
O6KXYSELLV,2020-12-01,Servicios,Bogotá D.C.,Valor medio,1,2000.0,2000.0,100.0
O6X47SKRK3,2020-12-01,Servicios,Cali,Valor medio,1,2000.0,2000.0,100.0
O6YMX0AOLL,2021-03-01,Comercio detallista,Bogotá D.C.,Valor medio-alto,1,769000.0,769000.0,38450.0
O6YMX0AOLL,2021-04-01,Comercio detallista,Bogotá D.C.,Valor medio-alto,5,769000.0,3845000.0,192250.0
O6YMX0AOLL,2021-05-01,Comercio detallista,Bogotá D.C.,Valor medio-alto,11,769000.0,8459000.0,422950.0
O7KUL973QG,2021-03-01,Servicios,Bogotá D.C.,Valor medio-alto,11,33619.60784313725,369815.68627450976,18490.78431372549
O7KUL973QG,2021-04-01,Servicios,Bogotá D.C.,Valor medio-alto,13,33619.60784313725,437054.9019607843,21852.745098039217
O7KUL973QG,2021-05-01,Servicios,Bogotá D.C.,Valor medio-alto,27,33619.60784313725,907729.4117647058,45386.470588235294
O7SYQXUG1A,2021-02-01,Servicios,Bogotá D.C.,Valor medio-alto,6,189355.55555555556,1136133.3333333335,56806.66666666668
O7SYQXUG1A,2021-05-01,Servicios,Bogotá D.C.,Valor medio-alto,3,189355.55555555556,568066.6666666667,28403.33333333334
O8C5448LJ6,2021-03-01,Comercio detallista,Cali,Valor medio-alto,5,2081301.1538461538,10406505.769230768,520325.28846153844
O8C5448LJ6,2021-04-01,Comercio detallista,Cali,Valor medio-alto,2,2081301.1538461538,4162602.3076923075,208130.11538461538
O8C5448LJ6,2021-05-01,Comercio detallista,Cali,Valor medio-alto,6,2081301.1538461538,12487806.923076922,624390.3461538461
O8YQXXV3AB,2021-02-01,Belleza y cuidado personal,Bogotá D.C.,Valor medio-alto,2,20408.333333333332,40816.666666666664,2040.8333333333333
O8YQXXV3AB,2021-03-01,Belleza y cuidado personal,Bogotá D.C.,Valor medio-alto,3,20408.333333333332,61225.0,3061.25
O8YQXXV3AB,2021-04-01,Belleza y cuidado personal,Bogotá D.C.,Valor medio-alto,6,20408.333333333332,122450.0,6122.5
O8YQXXV3AB,2021-05-01,Belleza y cuidado personal,Bogotá D.C.,Valor medio-alto,1,20408.333333333332,20408.333333333332,1020.4166666666666
O90JTXO18H,2021-03-01,Comercio detallista,Bogotá D.C.,Valor medio-alto,2,552500.0,1105000.0,55250.0
O90JTXO18H,2021-04-01,Comercio detallista,Bogotá D.C.,Valor medio-alto,1,552500.0,552500.0,27625.0
O90JTXO18H,2021-05-01,Comercio detallista,Bogotá D.C.,Valor medio-alto,2,552500.0,1105000.0,55250.0
O92UJR5QKT,2021-03-01,Comercio detallista,Bogotá D.C.,Valor medio-alto,4,294780.0,1179120.0,58956.0
O92UJR5QKT,2021-04-01,Comercio detallista,Bogotá D.C.,Valor medio-alto,1,294780.0,294780.0,14739.0
O9EHVSNAET,2021-03-01,Alimentos y bebidas,Zipaquirá,Valor medio-alto,2,38292.857142857145,76585.71428571429,3829.2857142857147
O9EHVSNAET,2021-04-01,Alimentos y bebidas,Zipaquirá,Valor medio-alto,3,38292.857142857145,114878.57142857143,5743.9285714285725
O9EHVSNAET,2021-05-01,Alimentos y bebidas,Zipaquirá,Valor medio-alto,9,38292.857142857145,344635.7142857143,17231.785714285717
O9W0QEL67V,2021-03-01,Alimentos y bebidas,Bogotá D.C.,Valor medio-alto,15,21820.0,327300.0,16365.0
O9W0QEL67V,2021-04-01,Alimentos y bebidas,Bogotá D.C.,Valor medio-alto,16,21820.0,349120.0,17456.0
O9W0QEL67V,2021-05-01,Alimentos y bebidas,Bogotá D.C.,Valor medio-alto,14,21820.0,305480.0,15274.0
OA1ELFZBE1,2021-03-01,Servicios,Bogotá D.C.,Valor medio,1,2000.0,2000.0,100.0
OA1HLVRPXD,2021-03-01,Comercio detallista,Bogotá D.C.,Valor medio-alto,4,1122666.6666666667,4490666.666666667,224533.33333333337
OA1HLVRPXD,2021-04-01,Comercio detallista,Bogotá D.C.,Valor medio-alto,3,1122666.6666666667,3368000.0,168400.0
OA1HLVRPXD,2021-05-01,Comercio detallista,Bogotá D.C.,Valor medio-alto,2,1122666.6666666667,2245333.3333333335,112266.66666666669
OA8B071HAG,2021-03-01,Comercio detallista,Bogotá D.C.,Valor medio,1,2000.0,2000.0,100.0
OA8B071HAG,2021-04-01,Comercio detallista,Bogotá D.C.,Valor medio,1,2000.0,2000.0,100.0
OAD1TP9MG4,2021-02-01,Alimentos y bebidas,Bogotá D.C.,Valor medio-alto,10,29390.085365853658,293900.85365853657,14695.042682926829
OAD1TP9MG4,2021-03-01,Alimentos y bebidas,Bogotá D.C.,Valor medio-alto,23,29390.085365853658,675971.9634146341,33798.598170731704
OAD1TP9MG4,2021-04-01,Alimentos y bebidas,Bogotá D.C.,Valor medio-alto,25,29390.085365853658,734752.1341463415,36737.60670731708
OAD1TP9MG4,2021-05-01,Alimentos y bebidas,Bogotá D.C.,Valor medio-alto,24,29390.085365853658,705362.0487804879,35268.10243902439
OC29LRET3H,2021-03-01,Belleza y cuidado personal,Bogotá D.C.,Valor medio-alto,1,43250.0,43250.0,2162.5
OC29LRET3H,2021-04-01,Belleza y cuidado personal,Bogotá D.C.,Valor medio-alto,1,43250.0,43250.0,2162.5
OC29LRET3H,2021-05-01,Belleza y cuidado personal,Bogotá D.C.,Valor medio-alto,1,43250.0,43250.0,2162.5
OCFXG10CL7,2021-03-01,Reparación y limpieza,Bogotá D.C.,Valor medio-alto,2,172375.0,344750.0,17237.5
OCFXG10CL7,2021-05-01,Reparación y limpieza,Bogotá D.C.,Valor medio-alto,6,172375.0,1034250.0,51712.5
OCO5C2OWJ6,2021-03-01,Comercio detallista,Bogotá D.C.,Valor medio-alto,4,424428.5714285714,1697714.2857142857,84885.71428571429
OCO5C2OWJ6,2021-04-01,Comercio detallista,Bogotá D.C.,Valor medio-alto,2,424428.5714285714,848857.1428571428,42442.857142857145
OCO5C2OWJ6,2021-05-01,Comercio detallista,Bogotá D.C.,Valor medio-alto,8,424428.5714285714,3395428.5714285714,169771.42857142858
OCQ0VV8WTD,2021-03-01,Alimentos y bebidas,Bogotá D.C.,Valor medio,1,1000.0,1000.0,50.0
OCUNU8M3SX,2021-02-01,Comercio detallista,Bogotá D.C.,Valor medio-alto,2,215000.0,430000.0,21500.0
OCUNU8M3SX,2021-03-01,Comercio detallista,Bogotá D.C.,Valor medio-alto,2,215000.0,430000.0,21500.0
OCUNU8M3SX,2021-05-01,Comercio detallista,Bogotá D.C.,Valor medio-alto,1,215000.0,215000.0,10750.0
ODWWG0U3WW,2021-02-01,Alimentos y bebidas,Bogotá D.C.,Valor medio-alto,9,47241.71641791045,425175.4477611941,21258.772388059704
ODWWG0U3WW,2021-03-01,Alimentos y bebidas,Bogotá D.C.,Valor medio-alto,11,47241.71641791045,519658.88059701497,25982.94402985075
ODWWG0U3WW,2021-04-01,Alimentos y bebidas,Bogotá D.C.,Valor medio-alto,23,47241.71641791045,1086559.4776119404,54327.97388059702
ODWWG0U3WW,2021-05-01,Alimentos y bebidas,Bogotá D.C.,Valor medio-alto,24,47241.71641791045,1133801.194029851,56690.059701492544
OEESVXSSA5,2021-01-01,Comercio detallista,Soacha,Valor medio-alto,2,336030.0,672060.0,33603.0
OEESVXSSA5,2020-12-01,Comercio detallista,Soacha,Valor medio-alto,1,336030.0,336030.0,16801.5
OEESVXSSA5,2021-02-01,Comercio detallista,Soacha,Valor medio-alto,1,336030.0,336030.0,16801.5
OEESVXSSA5,2021-03-01,Comercio detallista,Soacha,Valor medio-alto,2,336030.0,672060.0,33603.0
OEESVXSSA5,2021-04-01,Comercio detallista,Soacha,Valor medio-alto,10,336030.0,3360300.0,168015.0
OEESVXSSA5,2021-05-01,Comercio detallista,Soacha,Valor medio-alto,4,336030.0,1344120.0,67206.0
OEOXMH2IKT,2021-03-01,Belleza y cuidado personal,Bogotá D.C.,Valor medio,2,69000.0,138000.0,6900.0
OES54WE450,2021-03-01,Servicios,Bogotá D.C.,Valor medio-alto,1,651766.6666666666,651766.6666666666,32588.333333333332
OES54WE450,2021-05-01,Servicios,Bogotá D.C.,Valor medio-alto,2,651766.6666666666,1303533.3333333333,65176.666666666664
OEWXDB3588,2021-03-01,Belleza y cuidado personal,Cota,Valor medio-alto,5,91714.28571428571,458571.4285714285,22928.571428571428
OEWXDB3588,2021-04-01,Belleza y cuidado personal,Cota,Valor medio-alto,3,91714.28571428571,275142.85714285716,13757.142857142859
OEWXDB3588,2021-05-01,Belleza y cuidado personal,Cota,Valor medio-alto,6,91714.28571428571,550285.7142857143,27514.285714285717
OFUFQ3VJ1G,2021-03-01,Reparación y limpieza,Bogotá D.C.,Valor medio-alto,24,137583.33333333334,3302000.0,165100.0
OFUFQ3VJ1G,2021-04-01,Reparación y limpieza,Bogotá D.C.,Valor medio-alto,29,137583.33333333334,3989916.666666667,199495.83333333337
OFUFQ3VJ1G,2021-05-01,Reparación y limpieza,Bogotá D.C.,Valor medio-alto,55,137583.33333333334,7567083.333333334,378354.16666666674
OFYC8HBPH8,2021-03-01,Comercio detallista,Bogotá D.C.,Valor alto,6,209928.57142857142,1259571.4285714286,62978.571428571435
OFYC8HBPH8,2021-05-01,Comercio detallista,Bogotá D.C.,Valor alto,1,209928.57142857142,209928.57142857142,10496.428571428572
OGD0GXXZ5G,2021-03-01,Comercio detallista,Bogotá D.C.,Valor medio-alto,2,392000.0,784000.0,39200.0
OGD0GXXZ5G,2021-04-01,Comercio detallista,Bogotá D.C.,Valor medio-alto,6,392000.0,2352000.0,117600.0
OGD0GXXZ5G,2021-05-01,Comercio detallista,Bogotá D.C.,Valor medio-alto,3,392000.0,1176000.0,58800.0
OGD3XFY8XQ,2021-03-01,Comercio detallista,Bogotá D.C.,Valor medio-alto,7,333400.0,2333800.0,116690.0
OGD3XFY8XQ,2021-04-01,Comercio detallista,Bogotá D.C.,Valor medio-alto,3,333400.0,1000200.0,50010.0
OGD3XFY8XQ,2021-05-01,Comercio detallista,Bogotá D.C.,Valor medio-alto,15,333400.0,5001000.0,250050.0
OGGX6WAG93,2021-03-01,Alimentos y bebidas,Choachí,Valor medio-alto,1,175125.0,175125.0,8756.25
OGGX6WAG93,2021-04-01,Alimentos y bebidas,Choachí,Valor medio-alto,7,175125.0,1225875.0,61293.75
OH51J4P9JI,2021-03-01,Alimentos y bebidas,Bogotá D.C.,Valor medio-alto,2,36890.0,73780.0,3689.0
OH51J4P9JI,2021-04-01,Alimentos y bebidas,Bogotá D.C.,Valor medio-alto,4,36890.0,147560.0,7378.0
OH51J4P9JI,2021-05-01,Alimentos y bebidas,Bogotá D.C.,Valor medio-alto,4,36890.0,147560.0,7378.0
OH7HW4CY54,2021-03-01,Comercio detallista,San Martín,Valor medio-alto,3,175933.33333333334,527800.0,26390.0
OH7HW4CY54,2021-04-01,Comercio detallista,San Martín,Valor medio-alto,5,175933.33333333334,879666.6666666667,43983.33333333334
OH7HW4CY54,2021-05-01,Comercio detallista,San Martín,Valor medio-alto,7,175933.33333333334,1231533.3333333335,61576.66666666668
OIISU5NXZS,2021-03-01,Comercio detallista,Bogotá D.C.,Valor medio-alto,10,138153.84615384616,1381538.4615384615,69076.92307692308
OIISU5NXZS,2021-04-01,Comercio detallista,Bogotá D.C.,Valor medio-alto,1,138153.84615384616,138153.84615384616,6907.6923076923085
OIISU5NXZS,2021-05-01,Comercio detallista,Bogotá D.C.,Valor medio-alto,2,138153.84615384616,276307.6923076923,13815.384615384617
OJ4SOGEAOO,2021-03-01,Servicios,Bogotá D.C.,Valor medio-alto,6,12631.733333333334,75790.4,3789.52
OJ4SOGEAOO,2021-04-01,Servicios,Bogotá D.C.,Valor medio-alto,5,12631.733333333334,63158.66666666667,3157.933333333334
OJ4SOGEAOO,2021-05-01,Servicios,Bogotá D.C.,Valor medio-alto,4,12631.733333333334,50526.933333333334,2526.346666666667
OJZRKQ3GRA,2021-03-01,Reparación y limpieza,Bogotá D.C.,Valor medio-alto,1,1701000.0,1701000.0,85050.0
OJZRKQ3GRA,2021-04-01,Reparación y limpieza,Bogotá D.C.,Valor medio-alto,1,1701000.0,1701000.0,85050.0
OK890QBDTT,2021-02-01,Alimentos y bebidas,Bogotá D.C.,Valor medio-alto,2,312166.6666666667,624333.3333333334,31216.66666666667
OK890QBDTT,2021-03-01,Alimentos y bebidas,Bogotá D.C.,Valor medio-alto,3,312166.6666666667,936500.0,46825.0
OK890QBDTT,2021-05-01,Alimentos y bebidas,Bogotá D.C.,Valor medio-alto,1,312166.6666666667,312166.6666666667,15608.333333333336
OLBFYMQQS5,2021-03-01,Alimentos y bebidas,Bogotá D.C.,Valor medio-alto,4,26735.714285714286,106942.85714285714,5347.142857142858
OLBFYMQQS5,2021-04-01,Alimentos y bebidas,Bogotá D.C.,Valor medio-alto,5,26735.714285714286,133678.57142857142,6683.928571428572
OLBFYMQQS5,2021-05-01,Alimentos y bebidas,Bogotá D.C.,Valor medio-alto,5,26735.714285714286,133678.57142857142,6683.928571428572
OLHJY08MO2,2021-03-01,Comercio detallista,Bogotá D.C.,Valor medio-alto,2,176666.66666666666,353333.3333333333,17666.666666666668
OLHJY08MO2,2021-04-01,Comercio detallista,Bogotá D.C.,Valor medio-alto,1,176666.66666666666,176666.66666666666,8833.333333333334
OLK2DDBAZA,2021-02-01,Alimentos y bebidas,Soacha,Valor medio-alto,1,90806.76470588235,90806.76470588235,4540.338235294118
OLK2DDBAZA,2021-03-01,Alimentos y bebidas,Soacha,Valor medio-alto,3,90806.76470588235,272420.29411764705,13621.014705882353
OLK2DDBAZA,2021-04-01,Alimentos y bebidas,Soacha,Valor medio-alto,2,90806.76470588235,181613.5294117647,9080.676470588236
OLK2DDBAZA,2021-05-01,Alimentos y bebidas,Soacha,Valor medio-alto,11,90806.76470588235,998874.4117647058,49943.720588235294
OLY5YPIHC9,2021-03-01,Comercio detallista,Bogotá D.C.,Valor medio-alto,1,140550.0,140550.0,7027.5
OLY5YPIHC9,2021-04-01,Comercio detallista,Bogotá D.C.,Valor medio-alto,8,140550.0,1124400.0,56220.0
OLY5YPIHC9,2021-05-01,Comercio detallista,Bogotá D.C.,Valor medio-alto,11,140550.0,1546050.0,77302.5
OLZ1DMCVWE,2021-03-01,Comercio detallista,Bogotá D.C.,Valor medio-alto,7,74913.04347826086,524391.304347826,26219.565217391304
OLZ1DMCVWE,2021-04-01,Comercio detallista,Bogotá D.C.,Valor medio-alto,4,74913.04347826086,299652.17391304346,14982.608695652174
OLZ1DMCVWE,2021-05-01,Comercio detallista,Bogotá D.C.,Valor medio-alto,12,74913.04347826086,898956.5217391304,44947.82608695652
OME88Q9REM,2021-03-01,Comercio detallista,Bogotá D.C.,Valor medio-alto,106,35501.83486238532,3763194.4954128442,188159.72477064223
OME88Q9REM,2021-04-01,Comercio detallista,Bogotá D.C.,Valor medio-alto,240,35501.83486238532,8520440.366972478,426022.01834862394
OME88Q9REM,2021-05-01,Comercio detallista,Bogotá D.C.,Valor medio-alto,199,35501.83486238532,7064865.1376146795,353243.256880734
OMGFBY7NX5,2021-03-01,Servicios,Bogotá D.C.,Valor medio,1,2000.0,2000.0,100.0
OMWE0C7JND,2021-03-01,Comercio detallista,Fusagasugá,Valor medio-alto,1,326000.0,326000.0,16300.0
OMWE0C7JND,2021-05-01,Comercio detallista,Fusagasugá,Valor medio-alto,1,326000.0,326000.0,16300.0
ONEYH2Q6JR,2021-03-01,Servicios,Cali,Valor medio-alto,7,472214.28571428574,3305500.0,165275.0
ONEYH2Q6JR,2021-04-01,Servicios,Cali,Valor medio-alto,6,472214.28571428574,2833285.7142857146,141664.28571428574
ONEYH2Q6JR,2021-05-01,Servicios,Cali,Valor medio-alto,1,472214.28571428574,472214.28571428574,23610.71428571429
ONMZVIWZJE,2021-03-01,Alimentos y bebidas,Bogotá D.C.,Valor medio,1,2000.0,2000.0,100.0
OOSOWVQXHW,2021-01-01,Comercio detallista,Bogotá D.C.,Valor medio-alto,4,162529.41176470587,650117.6470588235,32505.882352941175
OOSOWVQXHW,2020-12-01,Comercio detallista,Bogotá D.C.,Valor medio-alto,6,162529.41176470587,975176.4705882352,48758.82352941176
OOSOWVQXHW,2021-02-01,Comercio detallista,Bogotá D.C.,Valor medio-alto,3,162529.41176470587,487588.2352941176,24379.41176470588
OOSOWVQXHW,2021-03-01,Comercio detallista,Bogotá D.C.,Valor medio-alto,2,162529.41176470587,325058.82352941175,16252.941176470587
OOSOWVQXHW,2021-04-01,Comercio detallista,Bogotá D.C.,Valor medio-alto,1,162529.41176470587,162529.41176470587,8126.470588235294
OOSOWVQXHW,2021-05-01,Comercio detallista,Bogotá D.C.,Valor medio-alto,1,162529.41176470587,162529.41176470587,8126.470588235294
OOURGWD2RY,2020-12-01,Belleza y cuidado personal,Bogotá D.C.,Valor medio-alto,3,281117.64705882355,843352.9411764706,42167.64705882353
OOURGWD2RY,2021-03-01,Belleza y cuidado personal,Bogotá D.C.,Valor medio-alto,3,281117.64705882355,843352.9411764706,42167.64705882353
OOURGWD2RY,2021-04-01,Belleza y cuidado personal,Bogotá D.C.,Valor medio-alto,4,281117.64705882355,1124470.5882352942,56223.52941176471
OOURGWD2RY,2021-05-01,Belleza y cuidado personal,Bogotá D.C.,Valor medio-alto,7,281117.64705882355,1967823.5294117648,98391.17647058825
OOX9AE8YJP,2021-03-01,Alimentos y bebidas,Bogotá D.C.,Valor medio-alto,10,15797.297297297297,157972.97297297296,7898.648648648648
OOX9AE8YJP,2021-04-01,Alimentos y bebidas,Bogotá D.C.,Valor medio-alto,15,15797.297297297297,236959.45945945944,11847.972972972973
OOX9AE8YJP,2021-05-01,Alimentos y bebidas,Bogotá D.C.,Valor medio-alto,12,15797.297297297297,189567.56756756757,9478.378378378378
OPEDD4HA7S,2021-03-01,Alimentos y bebidas,Bogotá D.C.,Valor medio-alto,36,66613.77358490566,2398095.849056604,119904.7924528302
OPEDD4HA7S,2021-04-01,Alimentos y bebidas,Bogotá D.C.,Valor medio-alto,8,66613.77358490566,532910.1886792453,26645.509433962266
OPEDD4HA7S,2021-05-01,Alimentos y bebidas,Bogotá D.C.,Valor medio-alto,9,66613.77358490566,599523.962264151,29976.19811320755
OPHREE1GZU,2021-03-01,Servicios,Bogotá D.C.,Valor medio-alto,11,213812.5,2351937.5,117596.875
OPHREE1GZU,2021-05-01,Servicios,Bogotá D.C.,Valor medio-alto,5,213812.5,1069062.5,53453.125
OPRTZKDHPJ,2021-01-01,Servicios,Bogotá D.C.,Valor medio-alto,10,175758.49056603774,1757584.9056603773,87879.24528301887
OPRTZKDHPJ,2021-02-01,Servicios,Bogotá D.C.,Valor medio-alto,29,175758.49056603774,5096996.226415095,254849.81132075476
OPRTZKDHPJ,2021-03-01,Servicios,Bogotá D.C.,Valor medio-alto,27,175758.49056603774,4745479.245283019,237273.96226415096
OPRTZKDHPJ,2021-04-01,Servicios,Bogotá D.C.,Valor medio-alto,24,175758.49056603774,4218203.773584906,210910.1886792453
OPRTZKDHPJ,2021-05-01,Servicios,Bogotá D.C.,Valor medio-alto,16,175758.49056603774,2812135.849056604,140606.7924528302
OPY6I6H6ET,2021-03-01,Comercio detallista,Bogotá D.C.,Valor medio,4,222537.5,890150.0,44507.5
OQ7X4IB6HP,2021-03-01,Alimentos y bebidas,Bogotá D.C.,Valor medio-alto,46,231944.44444444444,10669444.444444444,533472.2222222222
OQ7X4IB6HP,2021-04-01,Alimentos y bebidas,Bogotá D.C.,Valor medio-alto,41,231944.44444444444,9509722.222222222,475486.1111111111
OQ7X4IB6HP,2021-05-01,Alimentos y bebidas,Bogotá D.C.,Valor medio-alto,39,231944.44444444444,9045833.333333334,452291.66666666674
OQR4547R1J,2021-01-01,Belleza y cuidado personal,Bogotá D.C.,Valor medio-alto,2,71163.15789473684,142326.31578947368,7116.315789473684
OQR4547R1J,2021-02-01,Belleza y cuidado personal,Bogotá D.C.,Valor medio-alto,38,71163.15789473684,2704200.0,135210.0
OQR4547R1J,2021-03-01,Belleza y cuidado personal,Bogotá D.C.,Valor medio-alto,30,71163.15789473684,2134894.736842105,106744.73684210527
OQR4547R1J,2021-04-01,Belleza y cuidado personal,Bogotá D.C.,Valor medio-alto,29,71163.15789473684,2063731.5789473683,103186.57894736843
OQR4547R1J,2021-05-01,Belleza y cuidado personal,Bogotá D.C.,Valor medio-alto,53,71163.15789473684,3771647.3684210526,188582.36842105264
OQTH8H23KN,2021-03-01,Comercio detallista,Bogotá D.C.,Valor medio-alto,3,112181.81818181818,336545.45454545453,16827.272727272728
OQTH8H23KN,2021-04-01,Comercio detallista,Bogotá D.C.,Valor medio-alto,4,112181.81818181818,448727.2727272727,22436.363636363636
OQTH8H23KN,2021-05-01,Comercio detallista,Bogotá D.C.,Valor medio-alto,15,112181.81818181818,1682727.2727272727,84136.36363636365
ORULV5H0DM,2021-03-01,Comercio detallista,Bogotá D.C.,Valor medio-alto,3,911500.0,2734500.0,136725.0
ORULV5H0DM,2021-04-01,Comercio detallista,Bogotá D.C.,Valor medio-alto,3,911500.0,2734500.0,136725.0
ORULV5H0DM,2021-05-01,Comercio detallista,Bogotá D.C.,Valor medio-alto,4,911500.0,3646000.0,182300.0
ORXFNZSDFJ,2021-03-01,Belleza y cuidado personal,Soacha,Valor medio-alto,3,76400.0,229200.0,11460.0
ORXFNZSDFJ,2021-04-01,Belleza y cuidado personal,Soacha,Valor medio-alto,1,76400.0,76400.0,3820.0
ORXFNZSDFJ,2021-05-01,Belleza y cuidado personal,Soacha,Valor medio-alto,1,76400.0,76400.0,3820.0
OSGULN8EU9,2021-01-01,Comercio detallista,Bogotá D.C.,Valor alto,10,292441.1960784314,2924411.9607843137,146220.5980392157
OSGULN8EU9,2020-12-01,Comercio detallista,Bogotá D.C.,Valor alto,10,292441.1960784314,2924411.9607843137,146220.5980392157
OSGULN8EU9,2021-02-01,Comercio detallista,Bogotá D.C.,Valor alto,27,292441.1960784314,7895912.294117647,394795.6147058824
OSGULN8EU9,2021-03-01,Comercio detallista,Bogotá D.C.,Valor alto,20,292441.1960784314,5848823.9215686275,292441.1960784314
OSGULN8EU9,2021-04-01,Comercio detallista,Bogotá D.C.,Valor alto,18,292441.1960784314,5263941.529411765,263197.0764705883
OSGULN8EU9,2021-05-01,Comercio detallista,Bogotá D.C.,Valor alto,17,292441.1960784314,4971500.333333334,248575.01666666672
OSH2V43P4G,2021-03-01,Alimentos y bebidas,Bogotá D.C.,Valor medio,1,2000.0,2000.0,100.0
OSHAAMQCU5,2021-03-01,Servicios,Bogotá D.C.,Valor medio-alto,5,75150.0,375750.0,18787.5
OSHAAMQCU5,2021-04-01,Servicios,Bogotá D.C.,Valor medio-alto,3,75150.0,225450.0,11272.5
OSHAAMQCU5,2021-05-01,Servicios,Bogotá D.C.,Valor medio-alto,12,75150.0,901800.0,45090.0
OSVZ00MKEQ,2021-03-01,Comercio detallista,Soacha,Valor medio-alto,2,40583.333333333336,81166.66666666667,4058.333333333334
OSVZ00MKEQ,2021-04-01,Comercio detallista,Soacha,Valor medio-alto,1,40583.333333333336,40583.333333333336,2029.166666666667
OSVZ00MKEQ,2021-05-01,Comercio detallista,Soacha,Valor medio-alto,9,40583.333333333336,365250.0,18262.5
OTUB7OZYQW,2021-03-01,Servicios,Bogotá D.C.,Valor medio-alto,1,1470000.0,1470000.0,73500.0
OTUB7OZYQW,2021-05-01,Servicios,Bogotá D.C.,Valor medio-alto,1,1470000.0,1470000.0,73500.0
OTZZDFAN4G,2021-03-01,Servicios,Bogotá D.C.,Valor medio-alto,2,48933.333333333336,97866.66666666667,4893.333333333334
OTZZDFAN4G,2021-04-01,Servicios,Bogotá D.C.,Valor medio-alto,2,48933.333333333336,97866.66666666667,4893.333333333334
OTZZDFAN4G,2021-05-01,Servicios,Bogotá D.C.,Valor medio-alto,8,48933.333333333336,391466.6666666667,19573.333333333336
OUFJW3VS0I,2021-02-01,Comercio detallista,Bogotá D.C.,Valor medio,1,2000.0,2000.0,100.0
OV0XFNLB5P,2021-03-01,Comercio detallista,Bogotá D.C.,Valor medio-alto,8,105210.52631578948,841684.2105263158,42084.210526315794
OV0XFNLB5P,2021-04-01,Comercio detallista,Bogotá D.C.,Valor medio-alto,7,105210.52631578948,736473.6842105264,36823.68421052632
OV0XFNLB5P,2021-05-01,Comercio detallista,Bogotá D.C.,Valor medio-alto,4,105210.52631578948,420842.1052631579,21042.105263157897
OV66FKU2VK,2021-03-01,Servicios,Bogotá D.C.,Valor medio-alto,4,152780.0,611120.0,30556.0
OV66FKU2VK,2021-04-01,Servicios,Bogotá D.C.,Valor medio-alto,1,152780.0,152780.0,7639.0
OW40VU0OIR,2021-03-01,Comercio detallista,Bogotá D.C.,Valor medio-alto,1,45216.666666666664,45216.666666666664,2260.8333333333335
OW40VU0OIR,2021-04-01,Comercio detallista,Bogotá D.C.,Valor medio-alto,4,45216.666666666664,180866.66666666666,9043.333333333334
OW40VU0OIR,2021-05-01,Comercio detallista,Bogotá D.C.,Valor medio-alto,1,45216.666666666664,45216.666666666664,2260.8333333333335
OWV43W7GBN,2021-03-01,Servicios,Bogotá D.C.,Valor medio,1,2000.0,2000.0,100.0
OX40EXBN55,2021-03-01,Comercio detallista,Bogotá D.C.,Valor medio,5,273200.0,1366000.0,68300.0
OXZSFCLKFF,2021-02-01,Comercio detallista,Bogotá D.C.,Valor medio-alto,4,261000.0,1044000.0,52200.0
OXZSFCLKFF,2021-04-01,Comercio detallista,Bogotá D.C.,Valor medio-alto,1,261000.0,261000.0,13050.0
OXZSFCLKFF,2021-05-01,Comercio detallista,Bogotá D.C.,Valor medio-alto,2,261000.0,522000.0,26100.0
OYUSST5ZVX,2021-03-01,Comercio detallista,Bogotá D.C.,Valor medio-alto,1,349347.82608695654,349347.82608695654,17467.391304347828
OYUSST5ZVX,2021-04-01,Comercio detallista,Bogotá D.C.,Valor medio-alto,4,349347.82608695654,1397391.3043478262,69869.56521739131
OYUSST5ZVX,2021-05-01,Comercio detallista,Bogotá D.C.,Valor medio-alto,18,349347.82608695654,6288260.869565218,314413.0434782609
OZ3FX0SDM1,2020-12-01,Comercio detallista,Bogotá D.C.,Valor medio-alto,3,107358.33333333333,322075.0,16103.75
OZ3FX0SDM1,2021-02-01,Comercio detallista,Bogotá D.C.,Valor medio-alto,2,107358.33333333333,214716.66666666666,10735.833333333334
OZ3FX0SDM1,2021-04-01,Comercio detallista,Bogotá D.C.,Valor medio-alto,1,107358.33333333333,107358.33333333333,5367.916666666667
P09Z1VUIOW,2021-03-01,Alimentos y bebidas,Bogotá D.C.,Valor medio,1,5250.0,5250.0,262.5
P09Z1VUIOW,2021-04-01,Alimentos y bebidas,Bogotá D.C.,Valor medio,1,5250.0,5250.0,262.5
P0U6MJQ6RO,2021-02-01,Alimentos y bebidas,Bogotá D.C.,Valor medio-alto,7,38254.0,267778.0,13388.900000000001
P0U6MJQ6RO,2021-03-01,Alimentos y bebidas,Bogotá D.C.,Valor medio-alto,9,38254.0,344286.0,17214.3
P0U6MJQ6RO,2021-04-01,Alimentos y bebidas,Bogotá D.C.,Valor medio-alto,8,38254.0,306032.0,15301.6
P0U6MJQ6RO,2021-05-01,Alimentos y bebidas,Bogotá D.C.,Valor medio-alto,26,38254.0,994604.0,49730.200000000004
P0YXPYELBW,2021-03-01,Alimentos y bebidas,Soacha,Valor medio-alto,23,35522.01612903226,817006.3709677419,40850.3185483871
P0YXPYELBW,2021-04-01,Alimentos y bebidas,Soacha,Valor medio-alto,30,35522.01612903226,1065660.4838709678,53283.024193548394
P0YXPYELBW,2021-05-01,Alimentos y bebidas,Soacha,Valor medio-alto,71,35522.01612903226,2522063.14516129,126103.15725806452
P14TOD1MKI,2021-03-01,Comercio detallista,Bogotá D.C.,Valor medio-alto,3,753000.0,2259000.0,112950.0
P14TOD1MKI,2021-04-01,Comercio detallista,Bogotá D.C.,Valor medio-alto,1,753000.0,753000.0,37650.0
P1FQ3IDD5Z,2021-02-01,Reparación y limpieza,Soacha,Valor medio-alto,1,539771.4285714285,539771.4285714285,26988.571428571428
P1FQ3IDD5Z,2021-03-01,Reparación y limpieza,Soacha,Valor medio-alto,3,539771.4285714285,1619314.2857142854,80965.71428571428
P1FQ3IDD5Z,2021-04-01,Reparación y limpieza,Soacha,Valor medio-alto,1,539771.4285714285,539771.4285714285,26988.571428571428
P1FQ3IDD5Z,2021-05-01,Reparación y limpieza,Soacha,Valor medio-alto,2,539771.4285714285,1079542.857142857,53977.142857142855
P1WVC8D4LK,2021-01-01,Belleza y cuidado personal,Bogotá D.C.,Valor medio-alto,2,321760.71428571426,643521.4285714285,32176.071428571428
P1WVC8D4LK,2021-02-01,Belleza y cuidado personal,Bogotá D.C.,Valor medio-alto,6,321760.71428571426,1930564.2857142854,96528.21428571428
P1WVC8D4LK,2021-03-01,Belleza y cuidado personal,Bogotá D.C.,Valor medio-alto,10,321760.71428571426,3217607.1428571427,160880.35714285716
P1WVC8D4LK,2021-04-01,Belleza y cuidado personal,Bogotá D.C.,Valor medio-alto,6,321760.71428571426,1930564.2857142854,96528.21428571428
P1WVC8D4LK,2021-05-01,Belleza y cuidado personal,Bogotá D.C.,Valor medio-alto,11,321760.71428571426,3539367.857142857,176968.39285714284
P1WVLS7KFZ,2021-02-01,Comercio detallista,Bogotá D.C.,Valor medio,1,2000.0,2000.0,100.0
P2B72DOP9C,2021-01-01,Comercio detallista,Bogotá D.C.,Valor medio-alto,6,243796.2962962963,1462777.7777777778,73138.88888888889
P2B72DOP9C,2020-12-01,Comercio detallista,Bogotá D.C.,Valor medio-alto,3,243796.2962962963,731388.8888888889,36569.444444444445
P2B72DOP9C,2021-02-01,Comercio detallista,Bogotá D.C.,Valor medio-alto,18,243796.2962962963,4388333.333333333,219416.66666666666
P2B72DOP9C,2021-03-01,Comercio detallista,Bogotá D.C.,Valor medio-alto,5,243796.2962962963,1218981.4814814813,60949.07407407407
P2B72DOP9C,2021-04-01,Comercio detallista,Bogotá D.C.,Valor medio-alto,5,243796.2962962963,1218981.4814814813,60949.07407407407
P2B72DOP9C,2021-05-01,Comercio detallista,Bogotá D.C.,Valor medio-alto,17,243796.2962962963,4144537.037037037,207226.85185185185
P35HBZTGRZ,2021-03-01,Alimentos y bebidas,Bogotá D.C.,Valor medio-alto,12,28609.782608695652,343317.39130434784,17165.869565217392
P35HBZTGRZ,2021-04-01,Alimentos y bebidas,Bogotá D.C.,Valor medio-alto,35,28609.782608695652,1001342.3913043478,50067.11956521739
P35HBZTGRZ,2021-05-01,Alimentos y bebidas,Bogotá D.C.,Valor medio-alto,45,28609.782608695652,1287440.2173913044,64372.01086956522
P3IBA0K31S,2021-02-01,Servicios,Cali,Valor medio,2,225500.0,451000.0,22550.0
P3NNYEFP0J,2021-03-01,Turismo y entretenimiento,Soacha,Valor medio,2,1040.0,2080.0,104.0
P3XTQDNE3B,2021-02-01,Belleza y cuidado personal,Bogotá D.C.,Valor medio-alto,2,387125.0,774250.0,38712.5
P3XTQDNE3B,2021-03-01,Belleza y cuidado personal,Bogotá D.C.,Valor medio-alto,3,387125.0,1161375.0,58068.75
P3XTQDNE3B,2021-05-01,Belleza y cuidado personal,Bogotá D.C.,Valor medio-alto,3,387125.0,1161375.0,58068.75
P426WJ2PAP,2021-03-01,Comercio detallista,Bogotá D.C.,Valor medio-alto,2,88400.0,176800.0,8840.0
P426WJ2PAP,2021-05-01,Comercio detallista,Bogotá D.C.,Valor medio-alto,3,88400.0,265200.0,13260.0
P44JAXD78D,2021-03-01,Servicios,Bogotá D.C.,Valor medio,4,39395.0,157580.0,7879.0
P4F3IJ0JSO,2021-03-01,Comercio detallista,Bogotá D.C.,Valor medio,1,2000.0,2000.0,100.0
P4F4LRZICT,2021-02-01,Comercio detallista,Bogotá D.C.,Valor medio-alto,17,123348.78048780488,2096929.268292683,104846.46341463416
P4F4LRZICT,2021-03-01,Comercio detallista,Bogotá D.C.,Valor medio-alto,51,123348.78048780488,6290787.804878049,314539.39024390245
P4F4LRZICT,2021-04-01,Comercio detallista,Bogotá D.C.,Valor medio-alto,40,123348.78048780488,4933951.219512195,246697.56097560978
P4F4LRZICT,2021-05-01,Comercio detallista,Bogotá D.C.,Valor medio-alto,56,123348.78048780488,6907531.707317073,345376.5853658537
P4IXW0LKFI,2021-03-01,Servicios,Bogotá D.C.,Valor medio-alto,1,235500.0,235500.0,11775.0
P4IXW0LKFI,2021-04-01,Servicios,Bogotá D.C.,Valor medio-alto,5,235500.0,1177500.0,58875.0
P5G8JMPE06,2021-01-01,Reparación y limpieza,Soacha,Valor medio-alto,15,176883.96226415093,2653259.433962264,132662.97169811322
P5G8JMPE06,2021-02-01,Reparación y limpieza,Soacha,Valor medio-alto,44,176883.96226415093,7782894.339622641,389144.71698113205
P5G8JMPE06,2021-03-01,Reparación y limpieza,Soacha,Valor medio-alto,37,176883.96226415093,6544706.603773585,327235.3301886793
P5G8JMPE06,2021-04-01,Reparación y limpieza,Soacha,Valor medio-alto,32,176883.96226415093,5660286.79245283,283014.3396226415
P5G8JMPE06,2021-05-01,Reparación y limpieza,Soacha,Valor medio-alto,31,176883.96226415093,5483402.830188679,274170.1415094339
P5QCWKOH60,2021-03-01,Comercio detallista,Bogotá D.C.,Valor medio,1,72000.0,72000.0,3600.0
P6SSK76LJS,2021-03-01,Comercio detallista,Bogotá D.C.,Valor medio,1,2000.0,2000.0,100.0
P726X8NMV7,2021-03-01,Reparación y limpieza,Soacha,Valor medio,1,2000.0,2000.0,100.0
P7XM503ZCS,2021-03-01,Belleza y cuidado personal,Cota,Valor medio-alto,1,66000.0,66000.0,3300.0
P7XM503ZCS,2021-05-01,Belleza y cuidado personal,Cota,Valor medio-alto,1,66000.0,66000.0,3300.0
P8IWNDTIJZ,2021-03-01,Servicios,Fusagasugá,Valor medio-alto,9,119119.23076923077,1072073.076923077,53603.65384615385
P8IWNDTIJZ,2021-04-01,Servicios,Fusagasugá,Valor medio-alto,8,119119.23076923077,952953.8461538461,47647.69230769231
P8IWNDTIJZ,2021-05-01,Servicios,Fusagasugá,Valor medio-alto,9,119119.23076923077,1072073.076923077,53603.65384615385
PA1R3DUSZK,2021-03-01,Comercio detallista,Bogotá D.C.,Valor medio-alto,9,98007.95454545454,882071.5909090909,44103.57954545455
PA1R3DUSZK,2021-04-01,Comercio detallista,Bogotá D.C.,Valor medio-alto,7,98007.95454545454,686055.6818181818,34302.78409090909
PA1R3DUSZK,2021-05-01,Comercio detallista,Bogotá D.C.,Valor medio-alto,6,98007.95454545454,588047.7272727273,29402.386363636368
PAFLWUILLV,2021-03-01,Comercio detallista,Bogotá D.C.,Valor medio-alto,14,1580368.085106383,22125153.19148936,1106257.6595744682
PAFLWUILLV,2021-04-01,Comercio detallista,Bogotá D.C.,Valor medio-alto,10,1580368.085106383,15803680.85106383,790184.0425531915
PAFLWUILLV,2021-05-01,Comercio detallista,Bogotá D.C.,Valor medio-alto,23,1580368.085106383,36348465.95744681,1817423.2978723408
PAMG6FOY8C,2021-03-01,Servicios,Bogotá D.C.,Valor medio-alto,1,86908.33333333333,86908.33333333333,4345.416666666667
PAMG6FOY8C,2021-04-01,Servicios,Bogotá D.C.,Valor medio-alto,3,86908.33333333333,260725.0,13036.25
PAMG6FOY8C,2021-05-01,Servicios,Bogotá D.C.,Valor medio-alto,2,86908.33333333333,173816.66666666666,8690.833333333334
PB1OH4SNNM,2021-01-01,Comercio detallista,Soacha,Valor medio-alto,5,783669.5454545454,3918347.727272727,195917.38636363635
PB1OH4SNNM,2021-02-01,Comercio detallista,Soacha,Valor medio-alto,5,783669.5454545454,3918347.727272727,195917.38636363635
PB1OH4SNNM,2021-03-01,Comercio detallista,Soacha,Valor medio-alto,12,783669.5454545454,9404034.545454545,470201.7272727273
PB1OH4SNNM,2021-04-01,Comercio detallista,Soacha,Valor medio-alto,13,783669.5454545454,10187704.09090909,509385.20454545453
PB1OH4SNNM,2021-05-01,Comercio detallista,Soacha,Valor medio-alto,9,783669.5454545454,7053025.909090908,352651.2954545454
PBLR3T4VR8,2021-02-01,Belleza y cuidado personal,Bogotá D.C.,Valor medio-alto,4,44083.333333333336,176333.33333333334,8816.666666666668
PBLR3T4VR8,2021-03-01,Belleza y cuidado personal,Bogotá D.C.,Valor medio-alto,2,44083.333333333336,88166.66666666667,4408.333333333334
PBLR3T4VR8,2021-04-01,Belleza y cuidado personal,Bogotá D.C.,Valor medio-alto,2,44083.333333333336,88166.66666666667,4408.333333333334
PBLR3T4VR8,2021-05-01,Belleza y cuidado personal,Bogotá D.C.,Valor medio-alto,4,44083.333333333336,176333.33333333334,8816.666666666668
PC5FF2KAB5,2021-03-01,Comercio detallista,Bogotá D.C.,Valor medio-alto,5,128354.16666666667,641770.8333333334,32088.54166666667
PC5FF2KAB5,2021-04-01,Comercio detallista,Bogotá D.C.,Valor medio-alto,13,128354.16666666667,1668604.1666666667,83430.20833333334
PC5FF2KAB5,2021-05-01,Comercio detallista,Bogotá D.C.,Valor medio-alto,30,128354.16666666667,3850625.0,192531.25
PCGRMQRCMO,2021-01-01,Comercio detallista,Bogotá D.C.,Valor medio,1,151000.0,151000.0,7550.0
PCGRMQRCMO,2021-02-01,Comercio detallista,Bogotá D.C.,Valor medio,1,151000.0,151000.0,7550.0
PCTR7DLAKF,2021-03-01,Comercio detallista,Madrid,Valor medio-alto,5,123210.52631578948,616052.6315789474,30802.631578947374
PCTR7DLAKF,2021-04-01,Comercio detallista,Madrid,Valor medio-alto,5,123210.52631578948,616052.6315789474,30802.631578947374
PCTR7DLAKF,2021-05-01,Comercio detallista,Madrid,Valor medio-alto,9,123210.52631578948,1108894.7368421054,55444.736842105274
PCUQ0QERHN,2021-01-01,Alimentos y bebidas,Bogotá D.C.,Valor medio-alto,6,49129.24285714285,294775.45714285714,14738.772857142858
PCUQ0QERHN,2020-12-01,Alimentos y bebidas,Bogotá D.C.,Valor medio-alto,7,49129.24285714285,343904.69999999995,17195.234999999997
PCUQ0QERHN,2021-02-01,Alimentos y bebidas,Bogotá D.C.,Valor medio-alto,8,49129.24285714285,393033.9428571428,19651.69714285714
PCUQ0QERHN,2021-03-01,Alimentos y bebidas,Bogotá D.C.,Valor medio-alto,11,49129.24285714285,540421.6714285713,27021.083571428568
PCUQ0QERHN,2021-04-01,Alimentos y bebidas,Bogotá D.C.,Valor medio-alto,18,49129.24285714285,884326.3714285714,44216.31857142857
PCUQ0QERHN,2021-05-01,Alimentos y bebidas,Bogotá D.C.,Valor medio-alto,20,49129.24285714285,982584.857142857,49129.24285714285
PCW4ZDE95S,2021-02-01,Comercio detallista,Soacha,Valor medio-alto,2,240500.0,481000.0,24050.0
PCW4ZDE95S,2021-03-01,Comercio detallista,Soacha,Valor medio-alto,2,240500.0,481000.0,24050.0
PF8AQUZCQM,2021-03-01,Comercio detallista,Bogotá D.C.,Valor medio,2,1500.0,3000.0,150.0
PFKDQSOS26,2021-02-01,Comercio detallista,Bogotá D.C.,Valor medio,1,2000.0,2000.0,100.0
PFPGV95OX0,2021-03-01,Servicios,Bogotá D.C.,Valor medio-alto,1,109250.0,109250.0,5462.5
PFPGV95OX0,2021-04-01,Servicios,Bogotá D.C.,Valor medio-alto,2,109250.0,218500.0,10925.0
PFPGV95OX0,2021-05-01,Servicios,Bogotá D.C.,Valor medio-alto,1,109250.0,109250.0,5462.5
PG1TCMZAA4,2021-03-01,Servicios,Bogotá D.C.,Valor medio,1,4000.0,4000.0,200.0
PG7KHT20L6,2021-03-01,Comercio detallista,Bogotá D.C.,Valor medio-alto,16,202196.73913043478,3235147.8260869565,161757.39130434784
PG7KHT20L6,2021-04-01,Comercio detallista,Bogotá D.C.,Valor medio-alto,12,202196.73913043478,2426360.8695652173,121318.04347826086
PG7KHT20L6,2021-05-01,Comercio detallista,Bogotá D.C.,Valor medio-alto,18,202196.73913043478,3639541.304347826,181977.06521739133
PGFVFXQHVY,2021-01-01,Comercio detallista,Bogotá D.C.,Valor medio-alto,4,281583.3333333333,1126333.3333333333,56316.666666666664
PGFVFXQHVY,2021-02-01,Comercio detallista,Bogotá D.C.,Valor medio-alto,12,281583.3333333333,3379000.0,168950.0
PGFVFXQHVY,2021-03-01,Comercio detallista,Bogotá D.C.,Valor medio-alto,19,281583.3333333333,5350083.333333333,267504.1666666667
PGFVFXQHVY,2021-04-01,Comercio detallista,Bogotá D.C.,Valor medio-alto,6,281583.3333333333,1689500.0,84475.0
PGFVFXQHVY,2021-05-01,Comercio detallista,Bogotá D.C.,Valor medio-alto,7,281583.3333333333,1971083.3333333333,98554.16666666667
PH7A42Q1PP,2021-03-01,Comercio detallista,Bogotá D.C.,Valor medio-alto,4,46140.0,184560.0,9228.0
PH7A42Q1PP,2021-04-01,Comercio detallista,Bogotá D.C.,Valor medio-alto,6,46140.0,276840.0,13842.0
PH7A42Q1PP,2021-05-01,Comercio detallista,Bogotá D.C.,Valor medio-alto,5,46140.0,230700.0,11535.0
PHDMKQKZ54,2021-03-01,Comercio detallista,Bogotá D.C.,Valor medio-alto,4,61576.92307692308,246307.6923076923,12315.384615384617
PHDMKQKZ54,2021-04-01,Comercio detallista,Bogotá D.C.,Valor medio-alto,3,61576.92307692308,184730.76923076925,9236.538461538463
PHDMKQKZ54,2021-05-01,Comercio detallista,Bogotá D.C.,Valor medio-alto,6,61576.92307692308,369461.5384615385,18473.076923076926
PIN5AF3N8Q,2021-03-01,Comercio detallista,Bogotá D.C.,Valor medio,3,140666.66666666666,422000.0,21100.0
PIZS8Y1MJN,2021-03-01,Servicios,Bogotá D.C.,Valor medio-alto,3,276810.0,830430.0,41521.5
PIZS8Y1MJN,2021-04-01,Servicios,Bogotá D.C.,Valor medio-alto,3,276810.0,830430.0,41521.5
PIZS8Y1MJN,2021-05-01,Servicios,Bogotá D.C.,Valor medio-alto,4,276810.0,1107240.0,55362.0
PJADMY82EO,2021-03-01,Comercio detallista,Bogotá D.C.,Valor medio-alto,1,167775.0,167775.0,8388.75
PJADMY82EO,2021-04-01,Comercio detallista,Bogotá D.C.,Valor medio-alto,1,167775.0,167775.0,8388.75
PJADMY82EO,2021-05-01,Comercio detallista,Bogotá D.C.,Valor medio-alto,4,167775.0,671100.0,33555.0
PJZJE5E0SH,2021-03-01,Servicios,Fusagasugá,Valor medio,1,1000.0,1000.0,50.0
PKIAAV6YCT,2021-01-01,Comercio detallista,Bogotá D.C.,Valor medio-alto,12,199620.6896551724,2395448.275862069,119772.41379310345
PKIAAV6YCT,2021-02-01,Comercio detallista,Bogotá D.C.,Valor medio-alto,10,199620.6896551724,1996206.896551724,99810.3448275862
PKIAAV6YCT,2021-03-01,Comercio detallista,Bogotá D.C.,Valor medio-alto,15,199620.6896551724,2994310.344827586,149715.5172413793
PKIAAV6YCT,2021-04-01,Comercio detallista,Bogotá D.C.,Valor medio-alto,4,199620.6896551724,798482.7586206896,39924.137931034486
PKIAAV6YCT,2021-05-01,Comercio detallista,Bogotá D.C.,Valor medio-alto,17,199620.6896551724,3393551.724137931,169677.58620689658
PKNIF2Y4H8,2021-03-01,Comercio detallista,Bogotá D.C.,Valor medio-alto,3,82321.42857142857,246964.28571428568,12348.214285714284
PKNIF2Y4H8,2021-04-01,Comercio detallista,Bogotá D.C.,Valor medio-alto,4,82321.42857142857,329285.71428571426,16464.285714285714
PKNIF2Y4H8,2021-05-01,Comercio detallista,Bogotá D.C.,Valor medio-alto,7,82321.42857142857,576250.0,28812.5
PLTWVQNSC9,2021-02-01,Comercio detallista,Cali,Valor medio-alto,22,206621.0843373494,4545663.855421687,227283.19277108434
PLTWVQNSC9,2021-03-01,Comercio detallista,Cali,Valor medio-alto,39,206621.0843373494,8058222.289156627,402911.11445783137
PLTWVQNSC9,2021-04-01,Comercio detallista,Cali,Valor medio-alto,12,206621.0843373494,2479453.012048193,123972.65060240965
PLTWVQNSC9,2021-05-01,Comercio detallista,Cali,Valor medio-alto,10,206621.0843373494,2066210.843373494,103310.5421686747
PLZ9975GGM,2021-03-01,Servicios,Cota,Valor medio-alto,4,73375.0,293500.0,14675.0
PLZ9975GGM,2021-04-01,Servicios,Cota,Valor medio-alto,4,73375.0,293500.0,14675.0
PLZ9975GGM,2021-05-01,Servicios,Cota,Valor medio-alto,4,73375.0,293500.0,14675.0
PMHAS6OO9B,2021-02-01,Comercio detallista,Bogotá D.C.,Valor medio-alto,1,385885.71428571426,385885.71428571426,19294.285714285714
PMHAS6OO9B,2021-03-01,Comercio detallista,Bogotá D.C.,Valor medio-alto,9,385885.71428571426,3472971.428571428,173648.57142857142
PMHAS6OO9B,2021-04-01,Comercio detallista,Bogotá D.C.,Valor medio-alto,13,385885.71428571426,5016514.285714285,250825.7142857143
PMHAS6OO9B,2021-05-01,Comercio detallista,Bogotá D.C.,Valor medio-alto,12,385885.71428571426,4630628.571428571,231531.42857142855
PMMBG341BM,2021-03-01,Comercio detallista,Chía,Valor medio-alto,1,834000.0,834000.0,41700.0
PMMBG341BM,2021-05-01,Comercio detallista,Chía,Valor medio-alto,2,834000.0,1668000.0,83400.0
PMPJC73B23,2021-03-01,Alimentos y bebidas,Jamundí,Valor medio-alto,6,49090.32258064516,294541.93548387097,14727.09677419355
PMPJC73B23,2021-04-01,Alimentos y bebidas,Jamundí,Valor medio-alto,8,49090.32258064516,392722.5806451613,19636.129032258064
PMPJC73B23,2021-05-01,Alimentos y bebidas,Jamundí,Valor medio-alto,17,49090.32258064516,834535.4838709678,41726.774193548394
PMXSU7Q3TR,2021-03-01,Comercio detallista,Bogotá D.C.,Valor medio-alto,16,372879.3103448276,5966068.9655172415,298303.4482758621
PMXSU7Q3TR,2021-04-01,Comercio detallista,Bogotá D.C.,Valor medio-alto,33,372879.3103448276,12305017.241379311,615250.8620689656
PMXSU7Q3TR,2021-05-01,Comercio detallista,Bogotá D.C.,Valor medio-alto,38,372879.3103448276,14169413.793103449,708470.6896551725
PN1AKFJRP2,2021-02-01,Servicios,Fusagasugá,Valor medio-alto,3,105545.45454545454,316636.36363636365,15831.818181818184
PN1AKFJRP2,2021-03-01,Servicios,Fusagasugá,Valor medio-alto,5,105545.45454545454,527727.2727272727,26386.363636363636
PN1AKFJRP2,2021-04-01,Servicios,Fusagasugá,Valor medio-alto,1,105545.45454545454,105545.45454545454,5277.272727272728
PN1AKFJRP2,2021-05-01,Servicios,Fusagasugá,Valor medio-alto,2,105545.45454545454,211090.9090909091,10554.545454545456
PNU9GYETJH,2021-01-01,Servicios,Bogotá D.C.,Valor medio-alto,1,751000.0,751000.0,37550.0
PNU9GYETJH,2021-02-01,Servicios,Bogotá D.C.,Valor medio-alto,1,751000.0,751000.0,37550.0
POS0GNGGID,2021-02-01,Belleza y cuidado personal,Soacha,Valor medio-alto,1,191350.0,191350.0,9567.5
POS0GNGGID,2021-04-01,Belleza y cuidado personal,Soacha,Valor medio-alto,3,191350.0,574050.0,28702.5
POTP2U7L6P,2021-03-01,Comercio detallista,Girardot,Valor medio-alto,4,107595.0,430380.0,21519.0
POTP2U7L6P,2021-04-01,Comercio detallista,Girardot,Valor medio-alto,1,107595.0,107595.0,5379.75
PP1TMU655I,2021-03-01,Comercio detallista,Cota,Valor medio-alto,9,175343.13725490196,1578088.2352941176,78904.41176470589
PP1TMU655I,2021-04-01,Comercio detallista,Cota,Valor medio-alto,9,175343.13725490196,1578088.2352941176,78904.41176470589
PP1TMU655I,2021-05-01,Comercio detallista,Cota,Valor medio-alto,33,175343.13725490196,5786323.529411765,289316.17647058825
PQGB12IK5K,2021-03-01,Comercio detallista,Sibaté,Valor medio-alto,1,81000.0,81000.0,4050.0
PQGB12IK5K,2021-05-01,Comercio detallista,Sibaté,Valor medio-alto,1,81000.0,81000.0,4050.0
PQLI2TK7BO,2021-03-01,Reparación y limpieza,Bogotá D.C.,Valor medio,1,2000.0,2000.0,100.0
PQTG3D71QQ,2021-02-01,Belleza y cuidado personal,Bogotá D.C.,Valor medio-alto,1,85000.0,85000.0,4250.0
PQTG3D71QQ,2021-05-01,Belleza y cuidado personal,Bogotá D.C.,Valor medio-alto,1,85000.0,85000.0,4250.0
PR83548KP8,2021-02-01,Comercio detallista,Bogotá D.C.,Valor medio-alto,5,283441.53846153844,1417207.6923076923,70860.38461538461
PR83548KP8,2021-03-01,Comercio detallista,Bogotá D.C.,Valor medio-alto,8,283441.53846153844,2267532.3076923075,113376.61538461538
PR83548KP8,2021-04-01,Comercio detallista,Bogotá D.C.,Valor medio-alto,7,283441.53846153844,1984090.769230769,99204.53846153845
PR83548KP8,2021-05-01,Comercio detallista,Bogotá D.C.,Valor medio-alto,6,283441.53846153844,1700649.2307692305,85032.46153846153
PS3MNNHB27,2021-01-01,Servicios,Bogotá D.C.,Valor medio-alto,3,366670.8333333333,1100012.5,55000.625
PS3MNNHB27,2020-12-01,Servicios,Bogotá D.C.,Valor medio-alto,3,366670.8333333333,1100012.5,55000.625
PS3MNNHB27,2021-02-01,Servicios,Bogotá D.C.,Valor medio-alto,6,366670.8333333333,2200025.0,110001.25
PSQK5PZZC4,2021-01-01,Servicios,Soacha,Valor medio,1,50500.0,50500.0,2525.0
PSQK5PZZC4,2020-12-01,Servicios,Soacha,Valor medio,1,50500.0,50500.0,2525.0
PT3LXMMPCH,2021-03-01,Belleza y cuidado personal,Bogotá D.C.,Valor medio-alto,24,64060.0,1537440.0,76872.0
PT3LXMMPCH,2021-04-01,Belleza y cuidado personal,Bogotá D.C.,Valor medio-alto,8,64060.0,512480.0,25624.0
PT3LXMMPCH,2021-05-01,Belleza y cuidado personal,Bogotá D.C.,Valor medio-alto,18,64060.0,1153080.0,57654.0
PTDC9LD4UB,2021-03-01,Belleza y cuidado personal,Bogotá D.C.,Valor medio-alto,6,219000.0,1314000.0,65700.0
PTDC9LD4UB,2021-04-01,Belleza y cuidado personal,Bogotá D.C.,Valor medio-alto,3,219000.0,657000.0,32850.0
PTDC9LD4UB,2021-05-01,Belleza y cuidado personal,Bogotá D.C.,Valor medio-alto,1,219000.0,219000.0,10950.0
PTGCYOLKRW,2021-02-01,Comercio detallista,Bojacá,Valor medio,1,10000.0,10000.0,500.0
PTYG8FJF2N,2021-02-01,Comercio detallista,Bogotá D.C.,Valor medio,1,2000.0,2000.0,100.0
PU55HUPL1W,2021-03-01,Transporte,Bogotá D.C.,Valor medio-alto,1,66666.66666666667,66666.66666666667,3333.333333333334
PU55HUPL1W,2021-05-01,Transporte,Bogotá D.C.,Valor medio-alto,2,66666.66666666667,133333.33333333334,6666.666666666668
PUW4LL2ADE,2021-03-01,Comercio detallista,Bogotá D.C.,Valor medio-alto,2,21666.666666666668,43333.333333333336,2166.666666666667
PUW4LL2ADE,2021-05-01,Comercio detallista,Bogotá D.C.,Valor medio-alto,1,21666.666666666668,21666.666666666668,1083.3333333333335
PUZXG11HWR,2021-03-01,Comercio detallista,Bogotá D.C.,Valor medio-alto,5,54210.0,271050.0,13552.5
PUZXG11HWR,2021-04-01,Comercio detallista,Bogotá D.C.,Valor medio-alto,3,54210.0,162630.0,8131.5
PUZXG11HWR,2021-05-01,Comercio detallista,Bogotá D.C.,Valor medio-alto,2,54210.0,108420.0,5421.0
PVK6NGODCB,2021-03-01,Comercio detallista,Bogotá D.C.,Valor medio-alto,3,106200.0,318600.0,15930.0
PVK6NGODCB,2021-04-01,Comercio detallista,Bogotá D.C.,Valor medio-alto,2,106200.0,212400.0,10620.0
PWGLPFGYK0,2021-03-01,Alimentos y bebidas,Bogotá D.C.,Valor medio,1,49250.0,49250.0,2462.5
PWSJ0N9052,2021-01-01,Comercio detallista,Bogotá D.C.,Valor medio,1,2000.0,2000.0,100.0
PXB5T2PGN1,2021-03-01,Comercio detallista,Bogotá D.C.,Valor medio,2,92500.0,185000.0,9250.0
PXM01WIKWU,2020-12-01,Servicios,Bogotá D.C.,Valor medio,1,2000.0,2000.0,100.0
PXYRGUXD6A,2021-01-01,Comercio detallista,Bogotá D.C.,Valor medio-alto,2,709235.2941176471,1418470.5882352942,70923.52941176471
PXYRGUXD6A,2021-02-01,Comercio detallista,Bogotá D.C.,Valor medio-alto,2,709235.2941176471,1418470.5882352942,70923.52941176471
PXYRGUXD6A,2021-03-01,Comercio detallista,Bogotá D.C.,Valor medio-alto,4,709235.2941176471,2836941.1764705884,141847.05882352943
PXYRGUXD6A,2021-04-01,Comercio detallista,Bogotá D.C.,Valor medio-alto,3,709235.2941176471,2127705.882352941,106385.29411764706
PXYRGUXD6A,2021-05-01,Comercio detallista,Bogotá D.C.,Valor medio-alto,6,709235.2941176471,4255411.764705882,212770.58823529413
PY0MR0G4LI,2021-03-01,Comercio detallista,Bogotá D.C.,Valor medio-alto,12,383057.6923076923,4596692.307692308,229834.6153846154
PY0MR0G4LI,2021-04-01,Comercio detallista,Bogotá D.C.,Valor medio-alto,11,383057.6923076923,4213634.615384615,210681.73076923075
PY0MR0G4LI,2021-05-01,Comercio detallista,Bogotá D.C.,Valor medio-alto,29,383057.6923076923,11108673.076923078,555433.6538461539
PYF037OW25,2021-01-01,Alimentos y bebidas,Bogotá D.C.,Valor medio-alto,13,36164.95238095238,470144.38095238095,23507.219047619048
PYF037OW25,2020-12-01,Alimentos y bebidas,Bogotá D.C.,Valor medio-alto,4,36164.95238095238,144659.80952380953,7232.990476190476
PYF037OW25,2021-02-01,Alimentos y bebidas,Bogotá D.C.,Valor medio-alto,14,36164.95238095238,506309.3333333334,25315.46666666667
PYF037OW25,2021-03-01,Alimentos y bebidas,Bogotá D.C.,Valor medio-alto,19,36164.95238095238,687134.0952380953,34356.704761904766
PYF037OW25,2021-04-01,Alimentos y bebidas,Bogotá D.C.,Valor medio-alto,23,36164.95238095238,831793.9047619047,41589.69523809524
PYF037OW25,2021-05-01,Alimentos y bebidas,Bogotá D.C.,Valor medio-alto,32,36164.95238095238,1157278.4761904762,57863.92380952381
PYTCICC1EC,2021-03-01,Comercio detallista,Bogotá D.C.,Valor medio-alto,8,85111.11111111111,680888.8888888889,34044.444444444445
PYTCICC1EC,2021-04-01,Comercio detallista,Bogotá D.C.,Valor medio-alto,1,85111.11111111111,85111.11111111111,4255.555555555556
PZ6LN0JJ1W,2021-03-01,Comercio detallista,Bogotá D.C.,Valor medio-alto,1,30545.0,30545.0,1527.25
PZ6LN0JJ1W,2021-04-01,Comercio detallista,Bogotá D.C.,Valor medio-alto,2,30545.0,61090.0,3054.5
PZ6LN0JJ1W,2021-05-01,Comercio detallista,Bogotá D.C.,Valor medio-alto,1,30545.0,30545.0,1527.25
PZJMHJ6AD1,2021-04-01,Comercio detallista,Bogotá D.C.,Valor medio-alto,2,146218.57142857142,292437.14285714284,14621.857142857143
PZJMHJ6AD1,2021-05-01,Comercio detallista,Bogotá D.C.,Valor medio-alto,5,146218.57142857142,731092.857142857,36554.642857142855
Q001IB5JW8,2021-03-01,Comercio detallista,Bogotá D.C.,Valor medio,4,11400.0,45600.0,2280.0
Q001IB5JW8,2021-04-01,Comercio detallista,Bogotá D.C.,Valor medio,1,11400.0,11400.0,570.0
Q07EWP50EQ,2021-03-01,Comercio detallista,Bogotá D.C.,Valor medio,1,2000.0,2000.0,100.0
Q0HNSUXH5G,2021-03-01,Alimentos y bebidas,Bogotá D.C.,Valor medio-alto,3,31968.96551724138,95906.89655172414,4795.344827586207
Q0HNSUXH5G,2021-04-01,Alimentos y bebidas,Bogotá D.C.,Valor medio-alto,6,31968.96551724138,191813.7931034483,9590.689655172415
Q0HNSUXH5G,2021-05-01,Alimentos y bebidas,Bogotá D.C.,Valor medio-alto,20,31968.96551724138,639379.3103448276,31968.96551724138
Q0K0Y9FBLY,2021-01-01,Comercio detallista,Bogotá D.C.,Valor medio-alto,3,338377.77777777775,1015133.3333333333,50756.666666666664
Q0K0Y9FBLY,2020-12-01,Comercio detallista,Bogotá D.C.,Valor medio-alto,5,338377.77777777775,1691888.8888888888,84594.44444444444
Q0K0Y9FBLY,2021-02-01,Comercio detallista,Bogotá D.C.,Valor medio-alto,15,338377.77777777775,5075666.666666666,253783.3333333333
Q0K0Y9FBLY,2021-03-01,Comercio detallista,Bogotá D.C.,Valor medio-alto,11,338377.77777777775,3722155.555555555,186107.77777777775
Q0K0Y9FBLY,2021-04-01,Comercio detallista,Bogotá D.C.,Valor medio-alto,6,338377.77777777775,2030266.6666666665,101513.33333333333
Q0K0Y9FBLY,2021-05-01,Comercio detallista,Bogotá D.C.,Valor medio-alto,5,338377.77777777775,1691888.8888888888,84594.44444444444
Q10FIX49W4,2021-01-01,Comercio detallista,Bogotá D.C.,Valor medio,2,354907.14285714284,709814.2857142857,35490.71428571428
Q10FIX49W4,2020-12-01,Comercio detallista,Bogotá D.C.,Valor medio,5,354907.14285714284,1774535.714285714,88726.78571428571
Q1QUNQZTUC,2021-03-01,Comercio detallista,Girardot,Valor medio,3,1833.3333333333333,5500.0,275.0
Q1UUQOAD53,2021-02-01,Servicios,Bogotá D.C.,Valor medio-alto,13,75239.13043478261,978108.695652174,48905.4347826087
Q1UUQOAD53,2021-03-01,Servicios,Bogotá D.C.,Valor medio-alto,22,75239.13043478261,1655260.8695652173,82763.04347826086
Q1UUQOAD53,2021-04-01,Servicios,Bogotá D.C.,Valor medio-alto,1,75239.13043478261,75239.13043478261,3761.9565217391305
Q1UUQOAD53,2021-05-01,Servicios,Bogotá D.C.,Valor medio-alto,10,75239.13043478261,752391.304347826,37619.565217391304
Q2HDJ64EFN,2021-01-01,Comercio detallista,Soacha,Valor medio-alto,2,496416.6666666667,992833.3333333334,49641.66666666667
Q2HDJ64EFN,2021-02-01,Comercio detallista,Soacha,Valor medio-alto,6,496416.6666666667,2978500.0,148925.0
Q2HDJ64EFN,2021-03-01,Comercio detallista,Soacha,Valor medio-alto,2,496416.6666666667,992833.3333333334,49641.66666666667
Q2HDJ64EFN,2021-04-01,Comercio detallista,Soacha,Valor medio-alto,2,496416.6666666667,992833.3333333334,49641.66666666667
Q2N1015TNX,2021-03-01,Alimentos y bebidas,Soacha,Valor medio,1,2000.0,2000.0,100.0
Q3BJBIMXXW,2021-03-01,Comercio detallista,Bogotá D.C.,Valor medio-alto,3,536666.6666666666,1610000.0,80500.0
Q3BJBIMXXW,2021-04-01,Comercio detallista,Bogotá D.C.,Valor medio-alto,4,536666.6666666666,2146666.6666666665,107333.33333333333
Q3BJBIMXXW,2021-05-01,Comercio detallista,Bogotá D.C.,Valor medio-alto,2,536666.6666666666,1073333.3333333333,53666.666666666664
Q3WILW1SGZ,2021-02-01,Comercio detallista,Bogotá D.C.,Valor medio-alto,12,179980.39215686274,2159764.705882353,107988.23529411765
Q3WILW1SGZ,2021-03-01,Comercio detallista,Bogotá D.C.,Valor medio-alto,15,179980.39215686274,2699705.882352941,134985.29411764708
Q3WILW1SGZ,2021-04-01,Comercio detallista,Bogotá D.C.,Valor medio-alto,14,179980.39215686274,2519725.4901960786,125986.27450980393
Q3WILW1SGZ,2021-05-01,Comercio detallista,Bogotá D.C.,Valor medio-alto,10,179980.39215686274,1799803.9215686275,89990.19607843139
Q47FFL8ONJ,2021-03-01,Comercio detallista,Bogotá D.C.,Valor medio-alto,10,264500.0,2645000.0,132250.0
Q47FFL8ONJ,2021-04-01,Comercio detallista,Bogotá D.C.,Valor medio-alto,8,264500.0,2116000.0,105800.0
Q47FFL8ONJ,2021-05-01,Comercio detallista,Bogotá D.C.,Valor medio-alto,5,264500.0,1322500.0,66125.0
Q56LWBORTC,2020-12-01,Belleza y cuidado personal,Bogotá D.C.,Valor medio-alto,1,51666.666666666664,51666.666666666664,2583.3333333333335
Q56LWBORTC,2021-03-01,Belleza y cuidado personal,Bogotá D.C.,Valor medio-alto,3,51666.666666666664,155000.0,7750.0
Q56LWBORTC,2021-04-01,Belleza y cuidado personal,Bogotá D.C.,Valor medio-alto,8,51666.666666666664,413333.3333333333,20666.666666666668
Q56LWBORTC,2021-05-01,Belleza y cuidado personal,Bogotá D.C.,Valor medio-alto,6,51666.666666666664,310000.0,15500.0
Q571BJHISO,2021-02-01,Comercio detallista,Bogotá D.C.,Valor medio-alto,14,286891.6666666667,4016483.3333333335,200824.1666666667
Q571BJHISO,2021-03-01,Comercio detallista,Bogotá D.C.,Valor medio-alto,6,286891.6666666667,1721350.0,86067.5
Q571BJHISO,2021-04-01,Comercio detallista,Bogotá D.C.,Valor medio-alto,2,286891.6666666667,573783.3333333334,28689.16666666667
Q571BJHISO,2021-05-01,Comercio detallista,Bogotá D.C.,Valor medio-alto,2,286891.6666666667,573783.3333333334,28689.16666666667
Q580YQS6BE,2021-03-01,Servicios,Bogotá D.C.,Valor medio-alto,19,133406.97674418605,2534732.5581395347,126736.62790697673
Q580YQS6BE,2021-04-01,Servicios,Bogotá D.C.,Valor medio-alto,23,133406.97674418605,3068360.465116279,153418.02325581395
Q580YQS6BE,2021-05-01,Servicios,Bogotá D.C.,Valor medio-alto,44,133406.97674418605,5869906.976744186,293495.34883720934
Q5E6DCWLZV,2021-01-01,Comercio detallista,Bogotá D.C.,Valor medio-alto,6,256661.53846153847,1539969.2307692308,76998.46153846155
Q5E6DCWLZV,2021-02-01,Comercio detallista,Bogotá D.C.,Valor medio-alto,12,256661.53846153847,3079938.4615384615,153996.9230769231
Q5E6DCWLZV,2021-03-01,Comercio detallista,Bogotá D.C.,Valor medio-alto,29,256661.53846153847,7443184.615384616,372159.2307692308
Q5E6DCWLZV,2021-04-01,Comercio detallista,Bogotá D.C.,Valor medio-alto,10,256661.53846153847,2566615.3846153845,128330.76923076923
Q5E6DCWLZV,2021-05-01,Comercio detallista,Bogotá D.C.,Valor medio-alto,8,256661.53846153847,2053292.3076923077,102664.61538461539
Q5N8BUCZXY,2021-01-01,Belleza y cuidado personal,Bogotá D.C.,Valor medio-alto,6,519333.3333333333,3116000.0,155800.0
Q5N8BUCZXY,2021-02-01,Belleza y cuidado personal,Bogotá D.C.,Valor medio-alto,8,519333.3333333333,4154666.6666666665,207733.33333333334
Q5N8BUCZXY,2021-03-01,Belleza y cuidado personal,Bogotá D.C.,Valor medio-alto,9,519333.3333333333,4674000.0,233700.0
Q5N8BUCZXY,2021-04-01,Belleza y cuidado personal,Bogotá D.C.,Valor medio-alto,4,519333.3333333333,2077333.3333333333,103866.66666666667
Q5N8BUCZXY,2021-05-01,Belleza y cuidado personal,Bogotá D.C.,Valor medio-alto,6,519333.3333333333,3116000.0,155800.0
Q5Q3J8MZ9F,2021-03-01,Comercio detallista,Cali,Valor medio-alto,2,81000.0,162000.0,8100.0
Q5Q3J8MZ9F,2021-04-01,Comercio detallista,Cali,Valor medio-alto,4,81000.0,324000.0,16200.0
Q5Q3J8MZ9F,2021-05-01,Comercio detallista,Cali,Valor medio-alto,7,81000.0,567000.0,28350.0
Q5SH36FE5N,2021-02-01,Reparación y limpieza,Bogotá D.C.,Valor medio,1,2000.0,2000.0,100.0
Q69N8RPAZB,2021-03-01,Alimentos y bebidas,Bogotá D.C.,Valor medio-alto,24,33013.26530612245,792318.3673469387,39615.91836734694
Q69N8RPAZB,2021-04-01,Alimentos y bebidas,Bogotá D.C.,Valor medio-alto,45,33013.26530612245,1485596.93877551,74279.8469387755
Q69N8RPAZB,2021-05-01,Alimentos y bebidas,Bogotá D.C.,Valor medio-alto,29,33013.26530612245,957384.693877551,47869.23469387755
Q746G0IP8F,2021-03-01,Comercio detallista,Bogotá D.C.,Valor medio-alto,4,19099.583333333332,76398.33333333333,3819.9166666666665
Q746G0IP8F,2021-04-01,Comercio detallista,Bogotá D.C.,Valor medio-alto,4,19099.583333333332,76398.33333333333,3819.9166666666665
Q746G0IP8F,2021-05-01,Comercio detallista,Bogotá D.C.,Valor medio-alto,4,19099.583333333332,76398.33333333333,3819.9166666666665
QA2BATJGKB,2021-03-01,Transporte,Cali,Valor medio-alto,3,11727.272727272728,35181.818181818184,1759.0909090909092
QA2BATJGKB,2021-04-01,Transporte,Cali,Valor medio-alto,5,11727.272727272728,58636.36363636364,2931.818181818182
QA2BATJGKB,2021-05-01,Transporte,Cali,Valor medio-alto,3,11727.272727272728,35181.818181818184,1759.0909090909092
QAA5ZMTT23,2021-03-01,Comercio detallista,Bogotá D.C.,Valor medio-alto,10,61424.509803921566,614245.0980392157,30712.254901960783
QAA5ZMTT23,2021-04-01,Comercio detallista,Bogotá D.C.,Valor medio-alto,21,61424.509803921566,1289914.7058823528,64495.73529411764
QAA5ZMTT23,2021-05-01,Comercio detallista,Bogotá D.C.,Valor medio-alto,20,61424.509803921566,1228490.1960784313,61424.509803921566
QABFU2BFBX,2021-02-01,Turismo y entretenimiento,Bogotá D.C.,Valor medio-alto,4,387000.0,1548000.0,77400.0
QABFU2BFBX,2021-03-01,Turismo y entretenimiento,Bogotá D.C.,Valor medio-alto,1,387000.0,387000.0,19350.0
QABFU2BFBX,2021-05-01,Turismo y entretenimiento,Bogotá D.C.,Valor medio-alto,1,387000.0,387000.0,19350.0
QAFEIH1VUL,2021-02-01,Alimentos y bebidas,Bogotá D.C.,Valor medio-alto,1,43914.583333333336,43914.583333333336,2195.729166666667
QAFEIH1VUL,2021-03-01,Alimentos y bebidas,Bogotá D.C.,Valor medio-alto,12,43914.583333333336,526975.0,26348.75
QAFEIH1VUL,2021-04-01,Alimentos y bebidas,Bogotá D.C.,Valor medio-alto,16,43914.583333333336,702633.3333333334,35131.66666666667
QAFEIH1VUL,2021-05-01,Alimentos y bebidas,Bogotá D.C.,Valor medio-alto,19,43914.583333333336,834377.0833333334,41718.85416666667
QAQHN4LNOD,2021-02-01,Comercio detallista,Bogotá D.C.,Valor medio-alto,1,375446.4285714286,375446.4285714286,18772.32142857143
QAQHN4LNOD,2021-03-01,Comercio detallista,Bogotá D.C.,Valor medio-alto,7,375446.4285714286,2628125.0,131406.25
QAQHN4LNOD,2021-04-01,Comercio detallista,Bogotá D.C.,Valor medio-alto,12,375446.4285714286,4505357.142857143,225267.85714285716
QAQHN4LNOD,2021-05-01,Comercio detallista,Bogotá D.C.,Valor medio-alto,8,375446.4285714286,3003571.4285714286,150178.57142857145
QB0SMR0FRS,2021-02-01,Alimentos y bebidas,Bogotá D.C.,Valor medio,1,2000.0,2000.0,100.0
QCHM7A7IWB,2021-01-01,Educación,Bogotá D.C.,Valor medio,1,15850.0,15850.0,792.5
QCHM7A7IWB,2021-05-01,Educación,Bogotá D.C.,Valor medio,1,15850.0,15850.0,792.5
QDCU7MN4MO,2021-03-01,Comercio detallista,Bogotá D.C.,Valor medio-alto,2,2138666.6666666665,4277333.333333333,213866.66666666666
QDCU7MN4MO,2021-04-01,Comercio detallista,Bogotá D.C.,Valor medio-alto,3,2138666.6666666665,6416000.0,320800.0
QDCU7MN4MO,2021-05-01,Comercio detallista,Bogotá D.C.,Valor medio-alto,1,2138666.6666666665,2138666.6666666665,106933.33333333333
QDHYJQ22B4,2021-03-01,Comercio detallista,Bogotá D.C.,Valor medio,1,1000.0,1000.0,50.0
QDL4DO4Z1H,2021-03-01,Comercio detallista,Bogotá D.C.,Valor medio-alto,1,475250.0,475250.0,23762.5
QDL4DO4Z1H,2021-04-01,Comercio detallista,Bogotá D.C.,Valor medio-alto,1,475250.0,475250.0,23762.5
QDL4DO4Z1H,2021-05-01,Comercio detallista,Bogotá D.C.,Valor medio-alto,2,475250.0,950500.0,47525.0
QEGF58J5KL,2021-03-01,Reparación y limpieza,Bogotá D.C.,Valor medio-alto,6,672594.7368421053,4035568.421052632,201778.4210526316
QEGF58J5KL,2021-04-01,Reparación y limpieza,Bogotá D.C.,Valor medio-alto,4,672594.7368421053,2690378.947368421,134518.94736842107
QEGF58J5KL,2021-05-01,Reparación y limpieza,Bogotá D.C.,Valor medio-alto,9,672594.7368421053,6053352.631578947,302667.63157894736
QEO3J859D2,2021-02-01,Servicios,Bogotá D.C.,Valor alto,4,4198000.0,16792000.0,839600.0
QFKWCECEWG,2021-01-01,Comercio detallista,Bogotá D.C.,Valor medio-alto,5,776403.8461538461,3882019.2307692305,194100.96153846153
QFKWCECEWG,2021-02-01,Comercio detallista,Bogotá D.C.,Valor medio-alto,6,776403.8461538461,4658423.076923077,232921.15384615387
QFKWCECEWG,2021-03-01,Comercio detallista,Bogotá D.C.,Valor medio-alto,4,776403.8461538461,3105615.3846153845,155280.76923076922
QFKWCECEWG,2021-04-01,Comercio detallista,Bogotá D.C.,Valor medio-alto,5,776403.8461538461,3882019.2307692305,194100.96153846153
QFKWCECEWG,2021-05-01,Comercio detallista,Bogotá D.C.,Valor medio-alto,6,776403.8461538461,4658423.076923077,232921.15384615387
QG19TFNA5S,2021-03-01,Comercio detallista,Bogotá D.C.,Valor medio,2,226000.0,452000.0,22600.0
QGIYIQA73A,2021-01-01,Turismo y entretenimiento,Bucaramanga,Valor medio-alto,3,449888.8888888889,1349666.6666666665,67483.33333333333
QGIYIQA73A,2020-12-01,Turismo y entretenimiento,Bucaramanga,Valor medio-alto,6,449888.8888888889,2699333.333333333,134966.66666666666
QGIYIQA73A,2021-02-01,Turismo y entretenimiento,Bucaramanga,Valor medio-alto,4,449888.8888888889,1799555.5555555555,89977.77777777778
QGIYIQA73A,2021-03-01,Turismo y entretenimiento,Bucaramanga,Valor medio-alto,1,449888.8888888889,449888.8888888889,22494.444444444445
QGIYIQA73A,2021-04-01,Turismo y entretenimiento,Bucaramanga,Valor medio-alto,4,449888.8888888889,1799555.5555555555,89977.77777777778
QHQHK41VUE,2020-12-01,Servicios,Bogotá D.C.,Valor medio-alto,2,154192.85714285713,308385.71428571426,15419.285714285714
QHQHK41VUE,2021-03-01,Servicios,Bogotá D.C.,Valor medio-alto,3,154192.85714285713,462578.57142857136,23128.92857142857
QHQHK41VUE,2021-05-01,Servicios,Bogotá D.C.,Valor medio-alto,2,154192.85714285713,308385.71428571426,15419.285714285714
QI0L93EZHT,2021-03-01,Alimentos y bebidas,Chía,Valor medio-alto,8,55297.22222222222,442377.77777777775,22118.88888888889
QI0L93EZHT,2021-04-01,Alimentos y bebidas,Chía,Valor medio-alto,12,55297.22222222222,663566.6666666666,33178.333333333336
QI0L93EZHT,2021-05-01,Alimentos y bebidas,Chía,Valor medio-alto,16,55297.22222222222,884755.5555555555,44237.77777777778
QI9UFU9MGT,2021-03-01,Transporte,Bogotá D.C.,Valor medio,2,9000.0,18000.0,900.0
QI9UFU9MGT,2021-04-01,Transporte,Bogotá D.C.,Valor medio,1,9000.0,9000.0,450.0
QII3SAG1W4,2021-01-01,Comercio detallista,Bogotá D.C.,Valor medio-alto,2,343230.76923076925,686461.5384615385,34323.07692307693
QII3SAG1W4,2021-02-01,Comercio detallista,Bogotá D.C.,Valor medio-alto,3,343230.76923076925,1029692.3076923077,51484.61538461539
QII3SAG1W4,2021-03-01,Comercio detallista,Bogotá D.C.,Valor medio-alto,3,343230.76923076925,1029692.3076923077,51484.61538461539
QII3SAG1W4,2021-04-01,Comercio detallista,Bogotá D.C.,Valor medio-alto,3,343230.76923076925,1029692.3076923077,51484.61538461539
QII3SAG1W4,2021-05-01,Comercio detallista,Bogotá D.C.,Valor medio-alto,2,343230.76923076925,686461.5384615385,34323.07692307693
QJJ7V8R0JE,2021-03-01,Comercio detallista,Bogotá D.C.,Valor medio-alto,1,66202.0,66202.0,3310.1000000000004
QJJ7V8R0JE,2021-04-01,Comercio detallista,Bogotá D.C.,Valor medio-alto,6,66202.0,397212.0,19860.600000000002
QJJ7V8R0JE,2021-05-01,Comercio detallista,Bogotá D.C.,Valor medio-alto,3,66202.0,198606.0,9930.300000000001
QJVZ51VZEJ,2021-03-01,Comercio detallista,Bogotá D.C.,Valor medio-alto,2,56750.0,113500.0,5675.0
QJVZ51VZEJ,2021-05-01,Comercio detallista,Bogotá D.C.,Valor medio-alto,2,56750.0,113500.0,5675.0
QJYEFELH3W,2021-03-01,Alimentos y bebidas,Bogotá D.C.,Valor medio-alto,18,32369.375,582648.75,29132.4375
QJYEFELH3W,2021-04-01,Alimentos y bebidas,Bogotá D.C.,Valor medio-alto,33,32369.375,1068189.375,53409.46875
QJYEFELH3W,2021-05-01,Alimentos y bebidas,Bogotá D.C.,Valor medio-alto,29,32369.375,938711.875,46935.59375
QK304XP6T6,2021-03-01,Belleza y cuidado personal,Bogotá D.C.,Valor medio,3,85800.0,257400.0,12870.0
QKB82BF9NI,2021-02-01,Comercio detallista,Cali,Valor medio-alto,3,118937.5,356812.5,17840.625
QKB82BF9NI,2021-03-01,Comercio detallista,Cali,Valor medio-alto,7,118937.5,832562.5,41628.125
QKB82BF9NI,2021-04-01,Comercio detallista,Cali,Valor medio-alto,4,118937.5,475750.0,23787.5
QKB82BF9NI,2021-05-01,Comercio detallista,Cali,Valor medio-alto,2,118937.5,237875.0,11893.75
QKB94K9C7S,2021-03-01,Comercio detallista,Bogotá D.C.,Valor medio-alto,1,100714.28571428571,100714.28571428571,5035.714285714286
QKB94K9C7S,2021-05-01,Comercio detallista,Bogotá D.C.,Valor medio-alto,6,100714.28571428571,604285.7142857143,30214.285714285717
QKEKMU134A,2021-03-01,Comercio detallista,Bogotá D.C.,Valor medio-alto,9,285250.0,2567250.0,128362.5
QKEKMU134A,2021-05-01,Comercio detallista,Bogotá D.C.,Valor medio-alto,7,285250.0,1996750.0,99837.5
QKO2MG5OZF,2021-03-01,Comercio detallista,Bogotá D.C.,Valor medio,1,1000.0,1000.0,50.0
QKQGUQGME9,2021-03-01,Comercio detallista,El Rosal,Valor medio,1,1000.0,1000.0,50.0
QL8LFRXE78,2021-03-01,Servicios,Bogotá D.C.,Valor medio-alto,3,321203.3333333333,963610.0,48180.5
QL8LFRXE78,2021-04-01,Servicios,Bogotá D.C.,Valor medio-alto,6,321203.3333333333,1927220.0,96361.0
QL8LFRXE78,2021-05-01,Servicios,Bogotá D.C.,Valor medio-alto,6,321203.3333333333,1927220.0,96361.0
QLEATFVTVQ,2021-03-01,Comercio detallista,Bogotá D.C.,Valor medio-alto,3,1035363.6363636364,3106090.909090909,155304.54545454547
QLEATFVTVQ,2021-04-01,Comercio detallista,Bogotá D.C.,Valor medio-alto,1,1035363.6363636364,1035363.6363636364,51768.18181818182
QLEATFVTVQ,2021-05-01,Comercio detallista,Bogotá D.C.,Valor medio-alto,7,1035363.6363636364,7247545.454545454,362377.2727272727
QLHRT8I36U,2021-03-01,Turismo y entretenimiento,Puerto Colombia,Valor medio-alto,2,955000.0,1910000.0,95500.0
QLHYG9EFAK,2021-03-01,Comercio detallista,Bogotá D.C.,Valor medio-alto,11,608760.8695652174,6696369.565217392,334818.4782608696
QLHYG9EFAK,2021-04-01,Comercio detallista,Bogotá D.C.,Valor medio-alto,3,608760.8695652174,1826282.6086956523,91314.13043478262
QLHYG9EFAK,2021-05-01,Comercio detallista,Bogotá D.C.,Valor medio-alto,9,608760.8695652174,5478847.826086957,273942.39130434784
QLZA4OA3CT,2021-01-01,Alimentos y bebidas,Bogotá D.C.,Valor medio-alto,17,30782.727272727272,523306.36363636365,26165.318181818184
QLZA4OA3CT,2020-12-01,Alimentos y bebidas,Bogotá D.C.,Valor medio-alto,11,30782.727272727272,338610.0,16930.5
QLZA4OA3CT,2021-02-01,Alimentos y bebidas,Bogotá D.C.,Valor medio-alto,17,30782.727272727272,523306.36363636365,26165.318181818184
QLZA4OA3CT,2021-03-01,Alimentos y bebidas,Bogotá D.C.,Valor medio-alto,15,30782.727272727272,461740.90909090906,23087.045454545456
QLZA4OA3CT,2021-04-01,Alimentos y bebidas,Bogotá D.C.,Valor medio-alto,20,30782.727272727272,615654.5454545454,30782.727272727272
QLZA4OA3CT,2021-05-01,Alimentos y bebidas,Bogotá D.C.,Valor medio-alto,30,30782.727272727272,923481.8181818181,46174.09090909091
QN3CHIXDB6,2021-03-01,Reparación y limpieza,Bogotá D.C.,Valor medio,1,2000.0,2000.0,100.0
QNP5LWKF52,2021-03-01,Belleza y cuidado personal,Bogotá D.C.,Valor medio-alto,2,88500.0,177000.0,8850.0
QNP5LWKF52,2021-05-01,Belleza y cuidado personal,Bogotá D.C.,Valor medio-alto,5,88500.0,442500.0,22125.0
QO1DHCY6X5,2021-03-01,Comercio detallista,Bogotá D.C.,Valor medio-alto,1,49250.0,49250.0,2462.5
QO1DHCY6X5,2021-04-01,Comercio detallista,Bogotá D.C.,Valor medio-alto,2,49250.0,98500.0,4925.0
QO1DHCY6X5,2021-05-01,Comercio detallista,Bogotá D.C.,Valor medio-alto,1,49250.0,49250.0,2462.5
QO1FHMBS5V,2021-03-01,Servicios,Bogotá D.C.,Valor medio-alto,2,188387.5,376775.0,18838.75
QO1FHMBS5V,2021-05-01,Servicios,Bogotá D.C.,Valor medio-alto,2,188387.5,376775.0,18838.75
QOT1HZSTW1,2021-03-01,Comercio detallista,Bogotá D.C.,Valor medio-alto,3,93950.0,281850.0,14092.5
QOT1HZSTW1,2021-04-01,Comercio detallista,Bogotá D.C.,Valor medio-alto,1,93950.0,93950.0,4697.5
QOT1HZSTW1,2021-05-01,Comercio detallista,Bogotá D.C.,Valor medio-alto,6,93950.0,563700.0,28185.0
QPJYIZ0BMF,2021-03-01,Comercio detallista,Bogotá D.C.,Valor medio-alto,8,125717.94871794872,1005743.5897435897,50287.17948717949
QPJYIZ0BMF,2021-04-01,Comercio detallista,Bogotá D.C.,Valor medio-alto,13,125717.94871794872,1634333.3333333333,81716.66666666667
QPJYIZ0BMF,2021-05-01,Comercio detallista,Bogotá D.C.,Valor medio-alto,18,125717.94871794872,2262923.076923077,113146.15384615386
QQ793ZI94N,2021-03-01,Comercio detallista,Bogotá D.C.,Valor medio-alto,1,579227.2727272727,579227.2727272727,28961.363636363636
QQ793ZI94N,2021-04-01,Comercio detallista,Bogotá D.C.,Valor medio-alto,9,579227.2727272727,5213045.454545454,260652.2727272727
QQ793ZI94N,2021-05-01,Comercio detallista,Bogotá D.C.,Valor medio-alto,1,579227.2727272727,579227.2727272727,28961.363636363636
QQ9TAYPNVM,2021-03-01,Reparación y limpieza,Bogotá D.C.,Valor medio-alto,1,588428.5714285715,588428.5714285715,29421.428571428576
QQ9TAYPNVM,2021-04-01,Reparación y limpieza,Bogotá D.C.,Valor medio-alto,4,588428.5714285715,2353714.285714286,117685.7142857143
QQ9TAYPNVM,2021-05-01,Reparación y limpieza,Bogotá D.C.,Valor medio-alto,2,588428.5714285715,1176857.142857143,58842.85714285715
QQHRYACKPK,2021-03-01,Alimentos y bebidas,Cali,Valor medio-alto,4,50916.666666666664,203666.66666666666,10183.333333333334
QQHRYACKPK,2021-04-01,Alimentos y bebidas,Cali,Valor medio-alto,14,50916.666666666664,712833.3333333333,35641.666666666664
QQHRYACKPK,2021-05-01,Alimentos y bebidas,Cali,Valor medio-alto,18,50916.666666666664,916500.0,45825.0
QQNDSGSMAC,2021-02-01,Alimentos y bebidas,Bogotá D.C.,Valor medio,1,2000.0,2000.0,100.0
QQUSKCEM9R,2021-01-01,Servicios,Bogotá D.C.,Valor medio-alto,5,372200.0,1861000.0,93050.0
QQUSKCEM9R,2020-12-01,Servicios,Bogotá D.C.,Valor medio-alto,2,372200.0,744400.0,37220.0
QQUSKCEM9R,2021-02-01,Servicios,Bogotá D.C.,Valor medio-alto,5,372200.0,1861000.0,93050.0
QQUSKCEM9R,2021-03-01,Servicios,Bogotá D.C.,Valor medio-alto,7,372200.0,2605400.0,130270.0
QQUSKCEM9R,2021-04-01,Servicios,Bogotá D.C.,Valor medio-alto,9,372200.0,3349800.0,167490.0
QQUSKCEM9R,2021-05-01,Servicios,Bogotá D.C.,Valor medio-alto,7,372200.0,2605400.0,130270.0
QR6UBP9ETI,2021-03-01,Comercio detallista,Yumbo,Valor medio-alto,1,208033.33333333334,208033.33333333334,10401.666666666668
QR6UBP9ETI,2021-05-01,Comercio detallista,Yumbo,Valor medio-alto,5,208033.33333333334,1040166.6666666667,52008.33333333334
QRGTBC10E4,2021-01-01,Comercio detallista,Soacha,Valor medio-alto,1,96292.30769230769,96292.30769230769,4814.615384615385
QRGTBC10E4,2021-02-01,Comercio detallista,Soacha,Valor medio-alto,7,96292.30769230769,674046.1538461538,33702.30769230769
QRGTBC10E4,2021-03-01,Comercio detallista,Soacha,Valor medio-alto,5,96292.30769230769,481461.53846153844,24073.076923076922
QRGTBC10E4,2021-04-01,Comercio detallista,Soacha,Valor medio-alto,14,96292.30769230769,1348092.3076923075,67404.61538461538
QRGTBC10E4,2021-05-01,Comercio detallista,Soacha,Valor medio-alto,12,96292.30769230769,1155507.6923076923,57775.38461538462
QRXMPTLQHJ,2020-12-01,Servicios,Bogotá D.C.,Valor medio,2,1001000.0,2002000.0,100100.0
QS3PM9A33A,2021-01-01,Comercio detallista,Bogotá D.C.,Valor medio-alto,2,401062.5,802125.0,40106.25
QS3PM9A33A,2021-02-01,Comercio detallista,Bogotá D.C.,Valor medio-alto,7,401062.5,2807437.5,140371.875
QS3PM9A33A,2021-03-01,Comercio detallista,Bogotá D.C.,Valor medio-alto,4,401062.5,1604250.0,80212.5
QS3PM9A33A,2021-04-01,Comercio detallista,Bogotá D.C.,Valor medio-alto,1,401062.5,401062.5,20053.125
QS3PM9A33A,2021-05-01,Comercio detallista,Bogotá D.C.,Valor medio-alto,2,401062.5,802125.0,40106.25
QSF5P2R11L,2021-03-01,Servicios,Bogotá D.C.,Valor medio,1,2040.0,2040.0,102.0
QSJ7FRXTII,2021-03-01,Comercio detallista,Bogotá D.C.,Valor medio,1,2000.0,2000.0,100.0
QSKVCIV4C4,2021-03-01,Reparación y limpieza,Bogotá D.C.,Valor medio-alto,5,371624.0,1858120.0,92906.0
QSTJFDSRSE,2021-01-01,Comercio detallista,Bogotá D.C.,Valor medio-alto,1,331454.54545454547,331454.54545454547,16572.727272727276
QSTJFDSRSE,2020-12-01,Comercio detallista,Bogotá D.C.,Valor medio-alto,3,331454.54545454547,994363.6363636365,49718.18181818182
QSTJFDSRSE,2021-02-01,Comercio detallista,Bogotá D.C.,Valor medio-alto,3,331454.54545454547,994363.6363636365,49718.18181818182
QSTJFDSRSE,2021-03-01,Comercio detallista,Bogotá D.C.,Valor medio-alto,1,331454.54545454547,331454.54545454547,16572.727272727276
QSTJFDSRSE,2021-04-01,Comercio detallista,Bogotá D.C.,Valor medio-alto,1,331454.54545454547,331454.54545454547,16572.727272727276
QSTJFDSRSE,2021-05-01,Comercio detallista,Bogotá D.C.,Valor medio-alto,2,331454.54545454547,662909.0909090909,33145.45454545455
QT2FCYT9K0,2021-03-01,Comercio detallista,Bogotá D.C.,Valor medio,1,1000.0,1000.0,50.0
QT3NGULAQE,2021-03-01,Alimentos y bebidas,Bogotá D.C.,Valor medio-alto,12,62137.5,745650.0,37282.5
QT3NGULAQE,2021-04-01,Alimentos y bebidas,Bogotá D.C.,Valor medio-alto,3,62137.5,186412.5,9320.625
QT3NGULAQE,2021-05-01,Alimentos y bebidas,Bogotá D.C.,Valor medio-alto,1,62137.5,62137.5,3106.875
QTFEXZ4ZXP,2021-03-01,Comercio detallista,Bogotá D.C.,Valor medio,2,1500.0,3000.0,150.0
QUMSFGI2KK,2021-03-01,Servicios,Bogotá D.C.,Valor medio,1,2000.0,2000.0,100.0
QUYA2Y0L54,2021-02-01,Alimentos y bebidas,Bogotá D.C.,Valor medio-alto,8,75027.57738095238,600220.619047619,30011.030952380956
QUYA2Y0L54,2021-03-01,Alimentos y bebidas,Bogotá D.C.,Valor medio-alto,31,75027.57738095238,2325854.898809524,116292.7449404762
QUYA2Y0L54,2021-04-01,Alimentos y bebidas,Bogotá D.C.,Valor medio-alto,48,75027.57738095238,3601323.7142857146,180066.18571428573
QUYA2Y0L54,2021-05-01,Alimentos y bebidas,Bogotá D.C.,Valor medio-alto,81,75027.57738095238,6077233.767857143,303861.68839285715
QVANS17RL5,2021-02-01,Alimentos y bebidas,Tocancipá,Valor medio-alto,9,50555.645161290326,455000.8064516129,22750.040322580648
QVANS17RL5,2021-03-01,Alimentos y bebidas,Tocancipá,Valor medio-alto,16,50555.645161290326,808890.3225806452,40444.516129032265
QVANS17RL5,2021-04-01,Alimentos y bebidas,Tocancipá,Valor medio-alto,12,50555.645161290326,606667.7419354839,30333.387096774197
QVANS17RL5,2021-05-01,Alimentos y bebidas,Tocancipá,Valor medio-alto,25,50555.645161290326,1263891.1290322582,63194.55645161291
QVIFEG60Q6,2020-12-01,Comercio detallista,Bogotá D.C.,Valor medio,7,609285.7142857143,4265000.0,213250.0
QWDAS6CS4F,2021-02-01,Comercio detallista,Bogotá D.C.,Valor medio-alto,4,623400.0,2493600.0,124680.0
QWDAS6CS4F,2021-03-01,Comercio detallista,Bogotá D.C.,Valor medio-alto,6,623400.0,3740400.0,187020.0
QWZ74QJY6J,2021-03-01,Reparación y limpieza,Bogotá D.C.,Valor medio-alto,5,67287.03703703704,336435.18518518517,16821.75925925926
QWZ74QJY6J,2021-04-01,Reparación y limpieza,Bogotá D.C.,Valor medio-alto,6,67287.03703703704,403722.22222222225,20186.111111111113
QWZ74QJY6J,2021-05-01,Reparación y limpieza,Bogotá D.C.,Valor medio-alto,16,67287.03703703704,1076592.5925925926,53829.629629629635
QXLIT8E2GH,2021-03-01,Comercio detallista,Bogotá D.C.,Valor medio,1,400.0,400.0,20.0
QXLIT8E2GH,2021-04-01,Comercio detallista,Bogotá D.C.,Valor medio,2,400.0,800.0,40.0
QXLIT8E2GH,2021-05-01,Comercio detallista,Bogotá D.C.,Valor medio,2,400.0,800.0,40.0
QXP47UZPPS,2021-01-01,Comercio detallista,Bogotá D.C.,Valor medio-alto,26,294513.8888888889,7657361.111111111,382868.05555555556
QXP47UZPPS,2021-02-01,Comercio detallista,Bogotá D.C.,Valor medio-alto,17,294513.8888888889,5006736.111111111,250336.80555555556
QXP47UZPPS,2021-03-01,Comercio detallista,Bogotá D.C.,Valor medio-alto,18,294513.8888888889,5301250.0,265062.5
QXP47UZPPS,2021-04-01,Comercio detallista,Bogotá D.C.,Valor medio-alto,5,294513.8888888889,1472569.4444444445,73628.47222222223
QXP47UZPPS,2021-05-01,Comercio detallista,Bogotá D.C.,Valor medio-alto,6,294513.8888888889,1767083.3333333333,88354.16666666667
QYEO6COI0O,2021-02-01,Comercio detallista,Bogotá D.C.,Valor medio-alto,3,315250.0,945750.0,47287.5
QYEO6COI0O,2021-03-01,Comercio detallista,Bogotá D.C.,Valor medio-alto,2,315250.0,630500.0,31525.0
QYEO6COI0O,2021-04-01,Comercio detallista,Bogotá D.C.,Valor medio-alto,2,315250.0,630500.0,31525.0
QYEO6COI0O,2021-05-01,Comercio detallista,Bogotá D.C.,Valor medio-alto,1,315250.0,315250.0,15762.5
QZG9DA5UGY,2021-03-01,Educación,Bogotá D.C.,Valor medio-alto,8,1489187.5,11913500.0,595675.0
QZG9DA5UGY,2021-04-01,Educación,Bogotá D.C.,Valor medio-alto,3,1489187.5,4467562.5,223378.125
QZG9DA5UGY,2021-05-01,Educación,Bogotá D.C.,Valor medio-alto,5,1489187.5,7445937.5,372296.875
QZL7OOM2GR,2021-03-01,Comercio detallista,Bogotá D.C.,Valor medio-alto,2,551600.0,1103200.0,55160.0
QZL7OOM2GR,2021-04-01,Comercio detallista,Bogotá D.C.,Valor medio-alto,3,551600.0,1654800.0,82740.0
QZL7OOM2GR,2021-05-01,Comercio detallista,Bogotá D.C.,Valor medio-alto,20,551600.0,11032000.0,551600.0
R38NGTPSX0,2021-03-01,Comercio detallista,Bogotá D.C.,Valor medio-alto,5,403181.8181818182,2015909.0909090908,100795.45454545454
R38NGTPSX0,2021-04-01,Comercio detallista,Bogotá D.C.,Valor medio-alto,1,403181.8181818182,403181.8181818182,20159.09090909091
R38NGTPSX0,2021-05-01,Comercio detallista,Bogotá D.C.,Valor medio-alto,5,403181.8181818182,2015909.0909090908,100795.45454545454
R3FJEV2UIG,2021-01-01,Reparación y limpieza,Guamo,Valor medio,2,67000.0,134000.0,6700.0
R3FJEV2UIG,2021-03-01,Reparación y limpieza,Guamo,Valor medio,1,67000.0,67000.0,3350.0
R3N5FOPQJX,2021-03-01,Comercio detallista,Bogotá D.C.,Valor medio,1,2000.0,2000.0,100.0
R3T094REOI,2021-03-01,Comercio detallista,Bogotá D.C.,Valor medio-alto,1,306055.55555555556,306055.55555555556,15302.77777777778
R3T094REOI,2021-04-01,Comercio detallista,Bogotá D.C.,Valor medio-alto,2,306055.55555555556,612111.1111111111,30605.55555555556
R3T094REOI,2021-05-01,Comercio detallista,Bogotá D.C.,Valor medio-alto,15,306055.55555555556,4590833.333333333,229541.66666666666
R3TDOBGCZW,2021-03-01,Alimentos y bebidas,Bogotá D.C.,Valor medio-alto,1,12787.5,12787.5,639.375
R3TDOBGCZW,2021-04-01,Alimentos y bebidas,Bogotá D.C.,Valor medio-alto,4,12787.5,51150.0,2557.5
R3TDOBGCZW,2021-05-01,Alimentos y bebidas,Bogotá D.C.,Valor medio-alto,3,12787.5,38362.5,1918.125
R5SS0YM5DC,2021-03-01,Comercio detallista,Bogotá D.C.,Valor medio-alto,3,258205.88235294117,774617.6470588235,38730.882352941175
R5SS0YM5DC,2021-04-01,Comercio detallista,Bogotá D.C.,Valor medio-alto,5,258205.88235294117,1291029.4117647058,64551.470588235294
R5SS0YM5DC,2021-05-01,Comercio detallista,Bogotá D.C.,Valor medio-alto,9,258205.88235294117,2323852.9411764704,116192.64705882352
R5U1LVAQCE,2021-03-01,Comercio detallista,Bogotá D.C.,Valor medio-alto,3,39000.0,117000.0,5850.0
R5U1LVAQCE,2021-04-01,Comercio detallista,Bogotá D.C.,Valor medio-alto,1,39000.0,39000.0,1950.0
R5U1LVAQCE,2021-05-01,Comercio detallista,Bogotá D.C.,Valor medio-alto,6,39000.0,234000.0,11700.0
R6RA2QRECC,2021-03-01,Servicios,Palmira,Valor medio,7,53500.0,374500.0,18725.0
R88LWIBL6O,2021-03-01,Comercio detallista,Bogotá D.C.,Valor medio-alto,4,143111.11111111112,572444.4444444445,28622.222222222226
R88LWIBL6O,2021-04-01,Comercio detallista,Bogotá D.C.,Valor medio-alto,3,143111.11111111112,429333.3333333334,21466.66666666667
R88LWIBL6O,2021-05-01,Comercio detallista,Bogotá D.C.,Valor medio-alto,2,143111.11111111112,286222.22222222225,14311.111111111113
R89F0UMJVT,2021-03-01,Comercio detallista,Bogotá D.C.,Valor medio,2,12333.333333333334,24666.666666666668,1233.3333333333335
R89F0UMJVT,2021-04-01,Comercio detallista,Bogotá D.C.,Valor medio,1,12333.333333333334,12333.333333333334,616.6666666666667
R8ZRPI6RM7,2021-01-01,Servicios,Bogotá D.C.,Valor medio-alto,1,715000.0,715000.0,35750.0
R8ZRPI6RM7,2021-02-01,Servicios,Bogotá D.C.,Valor medio-alto,4,715000.0,2860000.0,143000.0
R8ZRPI6RM7,2021-04-01,Servicios,Bogotá D.C.,Valor medio-alto,3,715000.0,2145000.0,107250.0
R8ZRPI6RM7,2021-05-01,Servicios,Bogotá D.C.,Valor medio-alto,3,715000.0,2145000.0,107250.0
R9SGUUPFE5,2021-02-01,Servicios,Soacha,Valor medio,1,2000.0,2000.0,100.0
R9YZTNYLGU,2021-01-01,Servicios,Bogotá D.C.,Valor medio-alto,4,44694.117647058825,178776.4705882353,8938.823529411766
R9YZTNYLGU,2020-12-01,Servicios,Bogotá D.C.,Valor medio-alto,2,44694.117647058825,89388.23529411765,4469.411764705883
R9YZTNYLGU,2021-02-01,Servicios,Bogotá D.C.,Valor medio-alto,4,44694.117647058825,178776.4705882353,8938.823529411766
R9YZTNYLGU,2021-03-01,Servicios,Bogotá D.C.,Valor medio-alto,4,44694.117647058825,178776.4705882353,8938.823529411766
R9YZTNYLGU,2021-04-01,Servicios,Bogotá D.C.,Valor medio-alto,3,44694.117647058825,134082.35294117648,6704.117647058824
RA3EYHCZQT,2021-03-01,Alimentos y bebidas,Cali,Valor medio-alto,14,64221.56862745098,899101.9607843137,44955.09803921569
RA3EYHCZQT,2021-04-01,Alimentos y bebidas,Cali,Valor medio-alto,12,64221.56862745098,770658.8235294118,38532.941176470595
RA3EYHCZQT,2021-05-01,Alimentos y bebidas,Cali,Valor medio-alto,25,64221.56862745098,1605539.2156862745,80276.96078431373
RAIT13SW14,2021-03-01,Comercio detallista,Bogotá D.C.,Valor medio-alto,2,25714.285714285714,51428.57142857143,2571.4285714285716
RAIT13SW14,2021-04-01,Comercio detallista,Bogotá D.C.,Valor medio-alto,1,25714.285714285714,25714.285714285714,1285.7142857142858
RAIT13SW14,2021-05-01,Comercio detallista,Bogotá D.C.,Valor medio-alto,4,25714.285714285714,102857.14285714286,5142.857142857143
RB1CXZW4G4,2021-01-01,Comercio detallista,Bogotá D.C.,Valor medio-alto,3,323387.0967741936,970161.2903225807,48508.06451612904
RB1CXZW4G4,2021-02-01,Comercio detallista,Bogotá D.C.,Valor medio-alto,4,323387.0967741936,1293548.3870967743,64677.41935483872
RB1CXZW4G4,2021-03-01,Comercio detallista,Bogotá D.C.,Valor medio-alto,16,323387.0967741936,5174193.548387097,258709.67741935488
RB1CXZW4G4,2021-04-01,Comercio detallista,Bogotá D.C.,Valor medio-alto,4,323387.0967741936,1293548.3870967743,64677.41935483872
RB1CXZW4G4,2021-05-01,Comercio detallista,Bogotá D.C.,Valor medio-alto,4,323387.0967741936,1293548.3870967743,64677.41935483872
RBAM7K4WKO,2021-03-01,Comercio detallista,Bogotá D.C.,Valor medio-alto,2,74775.0,149550.0,7477.5
RBAM7K4WKO,2021-04-01,Comercio detallista,Bogotá D.C.,Valor medio-alto,3,74775.0,224325.0,11216.25
RBAM7K4WKO,2021-05-01,Comercio detallista,Bogotá D.C.,Valor medio-alto,1,74775.0,74775.0,3738.75
RBDUKUJKH1,2021-03-01,Belleza y cuidado personal,Bogotá D.C.,Valor medio-alto,3,120649.875,361949.625,18097.48125
RBDUKUJKH1,2021-04-01,Belleza y cuidado personal,Bogotá D.C.,Valor medio-alto,4,120649.875,482599.5,24129.975000000002
RBDUKUJKH1,2021-05-01,Belleza y cuidado personal,Bogotá D.C.,Valor medio-alto,1,120649.875,120649.875,6032.493750000001
RBLX8HT0FS,2021-03-01,Comercio detallista,El Rosal,Valor medio-alto,6,535650.0,3213900.0,160695.0
RBLX8HT0FS,2021-04-01,Comercio detallista,El Rosal,Valor medio-alto,4,535650.0,2142600.0,107130.0
RBLX8HT0FS,2021-05-01,Comercio detallista,El Rosal,Valor medio-alto,10,535650.0,5356500.0,267825.0
RBO4DM4TTV,2021-02-01,Servicios,Cali,Valor medio,1,1050.0,1050.0,52.5
RCACB63GYV,2021-02-01,Belleza y cuidado personal,Bogotá D.C.,Valor medio-alto,2,40395.0,80790.0,4039.5
RCACB63GYV,2021-03-01,Belleza y cuidado personal,Bogotá D.C.,Valor medio-alto,2,40395.0,80790.0,4039.5
RCACB63GYV,2021-04-01,Belleza y cuidado personal,Bogotá D.C.,Valor medio-alto,4,40395.0,161580.0,8079.0
RCACB63GYV,2021-05-01,Belleza y cuidado personal,Bogotá D.C.,Valor medio-alto,2,40395.0,80790.0,4039.5
RCCXRKRO26,2021-03-01,Comercio detallista,Bogotá D.C.,Valor medio-alto,7,1156645.0,8096515.0,404825.75
RCCXRKRO26,2021-04-01,Comercio detallista,Bogotá D.C.,Valor medio-alto,3,1156645.0,3469935.0,173496.75
RCCXRKRO26,2021-05-01,Comercio detallista,Bogotá D.C.,Valor medio-alto,10,1156645.0,11566450.0,578322.5
RCI1Y615HZ,2021-02-01,Comercio detallista,Bogotá D.C.,Valor medio-alto,8,295571.4285714286,2364571.4285714286,118228.57142857143
RCI1Y615HZ,2021-03-01,Comercio detallista,Bogotá D.C.,Valor medio-alto,4,295571.4285714286,1182285.7142857143,59114.28571428572
RCI1Y615HZ,2021-04-01,Comercio detallista,Bogotá D.C.,Valor medio-alto,1,295571.4285714286,295571.4285714286,14778.57142857143
RCI1Y615HZ,2021-05-01,Comercio detallista,Bogotá D.C.,Valor medio-alto,8,295571.4285714286,2364571.4285714286,118228.57142857143
RCV21U0WXK,2021-03-01,Comercio detallista,Bogotá D.C.,Valor medio,1,2000.0,2000.0,100.0
RD31IEEFTH,2021-02-01,Alimentos y bebidas,Soacha,Valor medio-alto,6,44275.0,265650.0,13282.5
RD31IEEFTH,2021-03-01,Alimentos y bebidas,Soacha,Valor medio-alto,10,44275.0,442750.0,22137.5
RDS4QGMRVF,2021-03-01,Comercio detallista,Soacha,Valor medio-alto,1,117928.57142857143,117928.57142857143,5896.4285714285725
RDS4QGMRVF,2021-04-01,Comercio detallista,Soacha,Valor medio-alto,1,117928.57142857143,117928.57142857143,5896.4285714285725
RDS4QGMRVF,2021-05-01,Comercio detallista,Soacha,Valor medio-alto,5,117928.57142857143,589642.8571428572,29482.14285714286
RE3EAJQCY0,2021-03-01,Comercio detallista,Bogotá D.C.,Valor medio-alto,5,232181.81818181818,1160909.0909090908,58045.454545454544
RE3EAJQCY0,2021-04-01,Comercio detallista,Bogotá D.C.,Valor medio-alto,1,232181.81818181818,232181.81818181818,11609.09090909091
RE3EAJQCY0,2021-05-01,Comercio detallista,Bogotá D.C.,Valor medio-alto,5,232181.81818181818,1160909.0909090908,58045.454545454544
RFZ7MC6F0K,2021-02-01,Alimentos y bebidas,Bogotá D.C.,Valor medio-alto,5,51247.82608695652,256239.1304347826,12811.95652173913
RFZ7MC6F0K,2021-03-01,Alimentos y bebidas,Bogotá D.C.,Valor medio-alto,6,51247.82608695652,307486.95652173914,15374.347826086958
RFZ7MC6F0K,2021-04-01,Alimentos y bebidas,Bogotá D.C.,Valor medio-alto,6,51247.82608695652,307486.95652173914,15374.347826086958
RFZ7MC6F0K,2021-05-01,Alimentos y bebidas,Bogotá D.C.,Valor medio-alto,6,51247.82608695652,307486.95652173914,15374.347826086958
RGTXAN7DZ4,2021-03-01,Alimentos y bebidas,Bogotá D.C.,Valor medio-alto,5,62600.0,313000.0,15650.0
RGTXAN7DZ4,2021-04-01,Alimentos y bebidas,Bogotá D.C.,Valor medio-alto,4,62600.0,250400.0,12520.0
RGTXAN7DZ4,2021-05-01,Alimentos y bebidas,Bogotá D.C.,Valor medio-alto,5,62600.0,313000.0,15650.0
RHF2Z6R1FI,2021-01-01,Servicios,Bogotá D.C.,Valor medio,1,2000.0,2000.0,100.0
RHMERNAIWA,2021-02-01,Comercio detallista,Bogotá D.C.,Valor medio-alto,5,407400.0,2037000.0,101850.0
RHMERNAIWA,2021-03-01,Comercio detallista,Bogotá D.C.,Valor medio-alto,4,407400.0,1629600.0,81480.0
RHMERNAIWA,2021-05-01,Comercio detallista,Bogotá D.C.,Valor medio-alto,1,407400.0,407400.0,20370.0
RKL76LN21P,2021-03-01,Comercio detallista,Bogotá D.C.,Valor medio-alto,1,565266.6666666666,565266.6666666666,28263.333333333332
RKL76LN21P,2021-04-01,Comercio detallista,Bogotá D.C.,Valor medio-alto,1,565266.6666666666,565266.6666666666,28263.333333333332
RKL76LN21P,2021-05-01,Comercio detallista,Bogotá D.C.,Valor medio-alto,1,565266.6666666666,565266.6666666666,28263.333333333332
RKQ8KWFYER,2021-01-01,Comercio detallista,Bogotá D.C.,Valor medio-alto,14,233340.65934065933,3266769.2307692305,163338.46153846153
RKQ8KWFYER,2021-02-01,Comercio detallista,Bogotá D.C.,Valor medio-alto,23,233340.65934065933,5366835.164835164,268341.7582417582
RKQ8KWFYER,2021-03-01,Comercio detallista,Bogotá D.C.,Valor medio-alto,29,233340.65934065933,6766879.12087912,338343.95604395604
RKQ8KWFYER,2021-04-01,Comercio detallista,Bogotá D.C.,Valor medio-alto,13,233340.65934065933,3033428.5714285714,151671.42857142858
RKQ8KWFYER,2021-05-01,Comercio detallista,Bogotá D.C.,Valor medio-alto,12,233340.65934065933,2800087.9120879117,140004.3956043956
RKWLRP5TZH,2021-01-01,Comercio detallista,Bogotá D.C.,Valor medio-alto,5,309431.3725490196,1547156.8627450978,77357.8431372549
RKWLRP5TZH,2020-12-01,Comercio detallista,Bogotá D.C.,Valor medio-alto,5,309431.3725490196,1547156.8627450978,77357.8431372549
RKWLRP5TZH,2021-03-01,Comercio detallista,Bogotá D.C.,Valor medio-alto,16,309431.3725490196,4950901.960784313,247545.09803921566
RKWLRP5TZH,2021-04-01,Comercio detallista,Bogotá D.C.,Valor medio-alto,14,309431.3725490196,4332039.215686274,216601.9607843137
RKWLRP5TZH,2021-05-01,Comercio detallista,Bogotá D.C.,Valor medio-alto,11,309431.3725490196,3403745.0980392154,170187.25490196078
RLDICM4HK8,2021-02-01,Comercio detallista,Bogotá D.C.,Valor medio-alto,2,35042.857142857145,70085.71428571429,3504.2857142857147
RLDICM4HK8,2021-03-01,Comercio detallista,Bogotá D.C.,Valor medio-alto,3,35042.857142857145,105128.57142857143,5256.4285714285725
RLDICM4HK8,2021-04-01,Comercio detallista,Bogotá D.C.,Valor medio-alto,2,35042.857142857145,70085.71428571429,3504.2857142857147
RLSLHDF068,2021-03-01,Comercio detallista,Yopal,Valor medio-alto,22,221227.27272727274,4867000.0,243350.0
RLSLHDF068,2021-04-01,Comercio detallista,Yopal,Valor medio-alto,21,221227.27272727274,4645772.7272727275,232288.63636363638
RLSLHDF068,2021-05-01,Comercio detallista,Yopal,Valor medio-alto,23,221227.27272727274,5088227.2727272725,254411.36363636365
RLU55P97CX,2021-03-01,Comercio detallista,Bogotá D.C.,Valor medio-alto,2,224565.77777777778,449131.55555555556,22456.57777777778
RLU55P97CX,2021-04-01,Comercio detallista,Bogotá D.C.,Valor medio-alto,4,224565.77777777778,898263.1111111111,44913.15555555556
RLU55P97CX,2021-05-01,Comercio detallista,Bogotá D.C.,Valor medio-alto,3,224565.77777777778,673697.3333333334,33684.86666666667
RLXIC0LD1O,2021-03-01,Comercio detallista,Pandi,Valor medio-alto,2,1487225.0,2974450.0,148722.5
RLXIC0LD1O,2021-04-01,Comercio detallista,Pandi,Valor medio-alto,1,1487225.0,1487225.0,74361.25
RLXIC0LD1O,2021-05-01,Comercio detallista,Pandi,Valor medio-alto,1,1487225.0,1487225.0,74361.25
RM1EDOKKAI,2021-03-01,Servicios,Bogotá D.C.,Valor medio,2,251000.0,502000.0,25100.0
RMU91CKXYP,2021-02-01,Alimentos y bebidas,Bogotá D.C.,Valor medio-alto,3,143161.42857142858,429484.28571428574,21474.21428571429
RMU91CKXYP,2021-03-01,Alimentos y bebidas,Bogotá D.C.,Valor medio-alto,10,143161.42857142858,1431614.285714286,71580.7142857143
RMU91CKXYP,2021-04-01,Alimentos y bebidas,Bogotá D.C.,Valor medio-alto,7,143161.42857142858,1002130.0,50106.5
RMU91CKXYP,2021-05-01,Alimentos y bebidas,Bogotá D.C.,Valor medio-alto,15,143161.42857142858,2147421.4285714286,107371.07142857143
RN59M5L40K,2021-02-01,Alimentos y bebidas,Cali,Valor medio-alto,2,130608.69565217392,261217.39130434784,13060.869565217392
RN59M5L40K,2021-03-01,Alimentos y bebidas,Cali,Valor medio-alto,9,130608.69565217392,1175478.2608695652,58773.913043478264
RN59M5L40K,2021-04-01,Alimentos y bebidas,Cali,Valor medio-alto,7,130608.69565217392,914260.8695652174,45713.04347826087
RN59M5L40K,2021-05-01,Alimentos y bebidas,Cali,Valor medio-alto,5,130608.69565217392,653043.4782608696,32652.173913043483
RNHS2W1K0A,2021-03-01,Comercio detallista,Bogotá D.C.,Valor medio-alto,9,300957.6923076923,2708619.230769231,135430.96153846156
RNHS2W1K0A,2021-04-01,Comercio detallista,Bogotá D.C.,Valor medio-alto,24,300957.6923076923,7222984.615384616,361149.2307692308
RNHS2W1K0A,2021-05-01,Comercio detallista,Bogotá D.C.,Valor medio-alto,6,300957.6923076923,1805746.153846154,90287.3076923077
RNXKK4HLW7,2021-03-01,Comercio detallista,Cali,Valor medio-alto,2,232000.0,464000.0,23200.0
RNXKK4HLW7,2021-04-01,Comercio detallista,Cali,Valor medio-alto,3,232000.0,696000.0,34800.0
ROJELIJVBU,2021-03-01,Servicios,Bogotá D.C.,Valor medio-alto,4,526290.0,2105160.0,105258.0
ROJELIJVBU,2021-04-01,Servicios,Bogotá D.C.,Valor medio-alto,2,526290.0,1052580.0,52629.0
ROJELIJVBU,2021-05-01,Servicios,Bogotá D.C.,Valor medio-alto,5,526290.0,2631450.0,131572.5
RP6C8FUFP9,2021-03-01,Reparación y limpieza,Bogotá D.C.,Valor medio-alto,60,149621.83908045976,8977310.344827585,448865.51724137925
RP6C8FUFP9,2021-04-01,Reparación y limpieza,Bogotá D.C.,Valor medio-alto,45,149621.83908045976,6732982.758620689,336649.13793103443
RP6C8FUFP9,2021-05-01,Reparación y limpieza,Bogotá D.C.,Valor medio-alto,69,149621.83908045976,10323906.896551723,516195.34482758614
RPDCESIYN9,2021-03-01,Comercio detallista,Fusagasugá,Valor medio,2,76000.0,152000.0,7600.0
RPJA100TF2,2021-03-01,Servicios,Bogotá D.C.,Valor medio,1,2000.0,2000.0,100.0
RPQSJZWGD8,2021-02-01,Alimentos y bebidas,Bogotá D.C.,Valor medio-alto,15,30355.629139072847,455334.4370860927,22766.721854304637
RPQSJZWGD8,2021-03-01,Alimentos y bebidas,Bogotá D.C.,Valor medio-alto,43,30355.629139072847,1305292.0529801324,65264.60264900662
RPQSJZWGD8,2021-04-01,Alimentos y bebidas,Bogotá D.C.,Valor medio-alto,53,30355.629139072847,1608848.3443708608,80442.41721854305
RPQSJZWGD8,2021-05-01,Alimentos y bebidas,Bogotá D.C.,Valor medio-alto,40,30355.629139072847,1214225.165562914,60711.2582781457
RPTTIOI9FJ,2021-03-01,Alimentos y bebidas,Bogotá D.C.,Valor medio-alto,14,24450.0,342300.0,17115.0
RPTTIOI9FJ,2021-04-01,Alimentos y bebidas,Bogotá D.C.,Valor medio-alto,12,24450.0,293400.0,14670.0
RPTTIOI9FJ,2021-05-01,Alimentos y bebidas,Bogotá D.C.,Valor medio-alto,34,24450.0,831300.0,41565.0
RPU9XO175F,2021-03-01,Comercio detallista,Bogotá D.C.,Valor medio-alto,3,117142.85714285714,351428.5714285714,17571.428571428572
RPU9XO175F,2021-04-01,Comercio detallista,Bogotá D.C.,Valor medio-alto,4,117142.85714285714,468571.4285714286,23428.57142857143
RQ0UEL6O0B,2021-01-01,Comercio detallista,Bogotá D.C.,Valor alto,1,409000.0,409000.0,20450.0
RQ0UEL6O0B,2021-05-01,Comercio detallista,Bogotá D.C.,Valor alto,2,409000.0,818000.0,40900.0
RQ6P7DPOCV,2021-03-01,Comercio detallista,Bogotá D.C.,Valor medio-alto,2,135142.85714285713,270285.71428571426,13514.285714285714
RQ6P7DPOCV,2021-04-01,Comercio detallista,Bogotá D.C.,Valor medio-alto,3,135142.85714285713,405428.57142857136,20271.42857142857
RQ6P7DPOCV,2021-05-01,Comercio detallista,Bogotá D.C.,Valor medio-alto,2,135142.85714285713,270285.71428571426,13514.285714285714
RQQ73G52O0,2021-03-01,Comercio detallista,Granada,Valor medio-alto,1,567333.3333333334,567333.3333333334,28366.66666666667
RQQ73G52O0,2021-04-01,Comercio detallista,Granada,Valor medio-alto,1,567333.3333333334,567333.3333333334,28366.66666666667
RQQ73G52O0,2021-05-01,Comercio detallista,Granada,Valor medio-alto,1,567333.3333333334,567333.3333333334,28366.66666666667
RQYAN2R7H0,2021-01-01,Servicios,Bogotá D.C.,Valor medio,1,2000.0,2000.0,100.0
RSF47VPTJD,2021-02-01,Comercio detallista,Bogotá D.C.,Valor medio-alto,1,457750.0,457750.0,22887.5
RSF47VPTJD,2021-03-01,Comercio detallista,Bogotá D.C.,Valor medio-alto,5,457750.0,2288750.0,114437.5
RSF47VPTJD,2021-04-01,Comercio detallista,Bogotá D.C.,Valor medio-alto,2,457750.0,915500.0,45775.0
RSF47VPTJD,2021-05-01,Comercio detallista,Bogotá D.C.,Valor medio-alto,4,457750.0,1831000.0,91550.0
RSMTXK8VFE,2021-03-01,Comercio detallista,Bogotá D.C.,Valor medio,1,1000.0,1000.0,50.0
RSPZX17GWC,2021-03-01,Servicios,Madrid,Valor medio,1,1000.0,1000.0,50.0
RSWHRSN9U7,2021-03-01,Comercio detallista,Bogotá D.C.,Valor medio-alto,1,47329.166666666664,47329.166666666664,2366.4583333333335
RSWHRSN9U7,2021-04-01,Comercio detallista,Bogotá D.C.,Valor medio-alto,3,47329.166666666664,141987.5,7099.375
RSWHRSN9U7,2021-05-01,Comercio detallista,Bogotá D.C.,Valor medio-alto,8,47329.166666666664,378633.3333333333,18931.666666666668
RT2LYBH92J,2021-03-01,Comercio detallista,Bogotá D.C.,Valor medio-alto,5,51111.11111111111,255555.55555555556,12777.77777777778
RT2LYBH92J,2021-04-01,Comercio detallista,Bogotá D.C.,Valor medio-alto,2,51111.11111111111,102222.22222222222,5111.111111111111
RT2LYBH92J,2021-05-01,Comercio detallista,Bogotá D.C.,Valor medio-alto,2,51111.11111111111,102222.22222222222,5111.111111111111
RT7PAJVBCQ,2021-03-01,Comercio detallista,Bogotá D.C.,Valor medio,1,2000.0,2000.0,100.0
RTGCG8R9QJ,2021-03-01,Alimentos y bebidas,Bogotá D.C.,Valor medio-alto,5,20153.846153846152,100769.23076923077,5038.461538461539
RTGCG8R9QJ,2021-04-01,Alimentos y bebidas,Bogotá D.C.,Valor medio-alto,5,20153.846153846152,100769.23076923077,5038.461538461539
RTGCG8R9QJ,2021-05-01,Alimentos y bebidas,Bogotá D.C.,Valor medio-alto,3,20153.846153846152,60461.538461538454,3023.076923076923
RTIRQQKOX4,2021-02-01,Comercio detallista,Bogotá D.C.,Valor medio-alto,1,132400.0,132400.0,6620.0
RTIRQQKOX4,2021-03-01,Comercio detallista,Bogotá D.C.,Valor medio-alto,6,132400.0,794400.0,39720.0
RTIRQQKOX4,2021-04-01,Comercio detallista,Bogotá D.C.,Valor medio-alto,3,132400.0,397200.0,19860.0
RU6Q7HLPAQ,2021-03-01,Comercio detallista,Bogotá D.C.,Valor medio-alto,6,118206.89655172414,709241.3793103448,35462.06896551724
RU6Q7HLPAQ,2021-04-01,Comercio detallista,Bogotá D.C.,Valor medio-alto,9,118206.89655172414,1063862.0689655172,53193.10344827586
RU6Q7HLPAQ,2021-05-01,Comercio detallista,Bogotá D.C.,Valor medio-alto,14,118206.89655172414,1654896.551724138,82744.8275862069
RV1WBSIBRV,2021-03-01,Comercio detallista,Bogotá D.C.,Valor medio-alto,34,184568.03278688525,6275313.1147540985,313765.65573770495
RV1WBSIBRV,2021-04-01,Comercio detallista,Bogotá D.C.,Valor medio-alto,12,184568.03278688525,2214816.393442623,110740.81967213115
RV1WBSIBRV,2021-05-01,Comercio detallista,Bogotá D.C.,Valor medio-alto,15,184568.03278688525,2768520.4918032787,138426.02459016393
RV23ONGQTE,2021-03-01,Comercio detallista,Bogotá D.C.,Valor medio-alto,6,566687.5,3400125.0,170006.25
RV23ONGQTE,2021-04-01,Comercio detallista,Bogotá D.C.,Valor medio-alto,6,566687.5,3400125.0,170006.25
RV23ONGQTE,2021-05-01,Comercio detallista,Bogotá D.C.,Valor medio-alto,4,566687.5,2266750.0,113337.5
RV9HQ5934P,2021-02-01,Servicios,Bogotá D.C.,Valor medio,3,76500.0,229500.0,11475.0
RV9HQ5934P,2021-03-01,Servicios,Bogotá D.C.,Valor medio,1,76500.0,76500.0,3825.0
RVEZH3LPI1,2021-02-01,Comercio detallista,Bogotá D.C.,Valor medio,2,86000.0,172000.0,8600.0
RVLHIUIBN2,2021-03-01,Alimentos y bebidas,Bogotá D.C.,Valor medio-alto,1,30976.543209876545,30976.543209876545,1548.8271604938273
RVLHIUIBN2,2021-04-01,Alimentos y bebidas,Bogotá D.C.,Valor medio-alto,26,30976.543209876545,805390.1234567901,40269.50617283951
RVLHIUIBN2,2021-05-01,Alimentos y bebidas,Bogotá D.C.,Valor medio-alto,54,30976.543209876545,1672733.3333333335,83636.66666666669
RVY5N37X1X,2021-02-01,Transporte,Cali,Valor medio,1,6900.0,6900.0,345.0
RWHMIDMH7O,2021-01-01,Comercio detallista,Bogotá D.C.,Valor medio-alto,3,76889.70588235294,230669.1176470588,11533.45588235294
RWHMIDMH7O,2021-02-01,Comercio detallista,Bogotá D.C.,Valor medio-alto,15,76889.70588235294,1153345.588235294,57667.2794117647
RWHMIDMH7O,2021-03-01,Comercio detallista,Bogotá D.C.,Valor medio-alto,24,76889.70588235294,1845352.9411764704,92267.64705882352
RWHMIDMH7O,2021-04-01,Comercio detallista,Bogotá D.C.,Valor medio-alto,15,76889.70588235294,1153345.588235294,57667.2794117647
RWHMIDMH7O,2021-05-01,Comercio detallista,Bogotá D.C.,Valor medio-alto,11,76889.70588235294,845786.7647058823,42289.33823529412
RWL6BBRBPX,2021-02-01,Servicios,Cajicá,Valor medio-alto,13,811943.3962264151,10555264.150943397,527763.2075471699
RWL6BBRBPX,2021-03-01,Servicios,Cajicá,Valor medio-alto,22,811943.3962264151,17862754.71698113,893137.7358490566
RWL6BBRBPX,2021-04-01,Servicios,Cajicá,Valor medio-alto,12,811943.3962264151,9743320.754716981,487166.0377358491
RWL6BBRBPX,2021-05-01,Servicios,Cajicá,Valor medio-alto,6,811943.3962264151,4871660.377358491,243583.01886792455
RWZTQXRHU7,2021-03-01,Comercio detallista,Bogotá D.C.,Valor medio-alto,2,183500.0,367000.0,18350.0
RWZTQXRHU7,2021-04-01,Comercio detallista,Bogotá D.C.,Valor medio-alto,6,183500.0,1101000.0,55050.0
RWZTQXRHU7,2021-05-01,Comercio detallista,Bogotá D.C.,Valor medio-alto,4,183500.0,734000.0,36700.0
RXDN725LHB,2021-03-01,Comercio detallista,Bogotá D.C.,Valor medio-alto,28,61855.38461538462,1731950.7692307692,86597.53846153847
RXDN725LHB,2021-04-01,Comercio detallista,Bogotá D.C.,Valor medio-alto,11,61855.38461538462,680409.2307692308,34020.46153846154
RXDN725LHB,2021-05-01,Comercio detallista,Bogotá D.C.,Valor medio-alto,26,61855.38461538462,1608240.0,80412.0
RY07YECQ15,2021-03-01,Comercio detallista,Bogotá D.C.,Valor medio,1,22600.0,22600.0,1130.0
RY07YECQ15,2021-05-01,Comercio detallista,Bogotá D.C.,Valor medio,1,22600.0,22600.0,1130.0
RYCAMQ1RZN,2021-02-01,Alimentos y bebidas,Bogotá D.C.,Valor medio,5,19161.666666666668,95808.33333333334,4790.416666666667
RYCAMQ1RZN,2021-03-01,Alimentos y bebidas,Bogotá D.C.,Valor medio,1,19161.666666666668,19161.666666666668,958.0833333333335
RZ10KAAUNT,2021-02-01,Comercio detallista,Bogotá D.C.,Valor medio-alto,4,92691.66666666667,370766.6666666667,18538.333333333336
RZ10KAAUNT,2021-03-01,Comercio detallista,Bogotá D.C.,Valor medio-alto,1,92691.66666666667,92691.66666666667,4634.583333333334
RZ10KAAUNT,2021-04-01,Comercio detallista,Bogotá D.C.,Valor medio-alto,2,92691.66666666667,185383.33333333334,9269.166666666668
RZ10KAAUNT,2021-05-01,Comercio detallista,Bogotá D.C.,Valor medio-alto,5,92691.66666666667,463458.3333333334,23172.91666666667
RZ14YTTI3S,2021-03-01,Alimentos y bebidas,Bogotá D.C.,Valor medio-alto,49,112830.58823529411,5528698.823529411,276434.94117647054
RZ14YTTI3S,2021-04-01,Alimentos y bebidas,Bogotá D.C.,Valor medio-alto,52,112830.58823529411,5867190.5882352935,293359.5294117647
RZ14YTTI3S,2021-05-01,Alimentos y bebidas,Bogotá D.C.,Valor medio-alto,1,112830.58823529411,112830.58823529411,5641.529411764706
RZ8IJV463R,2021-03-01,Servicios,Bogotá D.C.,Valor medio-alto,1,825960.0,825960.0,41298.0
RZ8IJV463R,2021-04-01,Servicios,Bogotá D.C.,Valor medio-alto,1,825960.0,825960.0,41298.0
RZF0DPW6T2,2021-03-01,Belleza y cuidado personal,Bogotá D.C.,Valor medio-alto,4,152190.625,608762.5,30438.125
RZF0DPW6T2,2021-04-01,Belleza y cuidado personal,Bogotá D.C.,Valor medio-alto,2,152190.625,304381.25,15219.0625
RZF0DPW6T2,2021-05-01,Belleza y cuidado personal,Bogotá D.C.,Valor medio-alto,10,152190.625,1521906.25,76095.3125
RZH86MAYU3,2021-02-01,Alimentos y bebidas,Bogotá D.C.,Valor medio-alto,32,49248.18548387097,1575941.935483871,78797.09677419356
RZH86MAYU3,2021-03-01,Alimentos y bebidas,Bogotá D.C.,Valor medio-alto,39,49248.18548387097,1920679.2338709678,96033.9616935484
RZH86MAYU3,2021-04-01,Alimentos y bebidas,Bogotá D.C.,Valor medio-alto,23,49248.18548387097,1132708.2661290322,56635.41330645161
RZH86MAYU3,2021-05-01,Alimentos y bebidas,Bogotá D.C.,Valor medio-alto,30,49248.18548387097,1477445.564516129,73872.27822580645
RZYGO53OB4,2021-03-01,Servicios,Bogotá D.C.,Valor medio-alto,4,169142.85714285713,676571.4285714285,33828.57142857143
RZYGO53OB4,2021-04-01,Servicios,Bogotá D.C.,Valor medio-alto,2,169142.85714285713,338285.71428571426,16914.285714285714
RZYGO53OB4,2021-05-01,Servicios,Bogotá D.C.,Valor medio-alto,1,169142.85714285713,169142.85714285713,8457.142857142857
S02JWLKSLK,2021-03-01,Comercio detallista,Bogotá D.C.,Valor medio-alto,3,77562.5,232687.5,11634.375
S02JWLKSLK,2021-05-01,Comercio detallista,Bogotá D.C.,Valor medio-alto,5,77562.5,387812.5,19390.625
S07CY418Q6,2021-01-01,Servicios,Bogotá D.C.,Valor medio-alto,10,88383.56164383562,883835.6164383562,44191.78082191781
S07CY418Q6,2021-02-01,Servicios,Bogotá D.C.,Valor medio-alto,14,88383.56164383562,1237369.8630136987,61868.49315068494
S07CY418Q6,2021-03-01,Servicios,Bogotá D.C.,Valor medio-alto,22,88383.56164383562,1944438.3561643837,97221.9178082192
S07CY418Q6,2021-04-01,Servicios,Bogotá D.C.,Valor medio-alto,14,88383.56164383562,1237369.8630136987,61868.49315068494
S07CY418Q6,2021-05-01,Servicios,Bogotá D.C.,Valor medio-alto,13,88383.56164383562,1148986.301369863,57449.31506849316
S0D63ZAY10,2021-02-01,Comercio detallista,Bogotá D.C.,Valor medio-alto,1,376000.0,376000.0,18800.0
S0D63ZAY10,2021-03-01,Comercio detallista,Bogotá D.C.,Valor medio-alto,1,376000.0,376000.0,18800.0
S0ZUY26C0T,2021-02-01,Belleza y cuidado personal,Bogotá D.C.,Valor medio-alto,5,35670.58823529412,178352.9411764706,8917.64705882353
S0ZUY26C0T,2021-03-01,Belleza y cuidado personal,Bogotá D.C.,Valor medio-alto,1,35670.58823529412,35670.58823529412,1783.529411764706
S0ZUY26C0T,2021-04-01,Belleza y cuidado personal,Bogotá D.C.,Valor medio-alto,4,35670.58823529412,142682.35294117648,7134.117647058824
S0ZUY26C0T,2021-05-01,Belleza y cuidado personal,Bogotá D.C.,Valor medio-alto,7,35670.58823529412,249694.11764705883,12484.705882352942
S2L43D9X9U,2021-03-01,Belleza y cuidado personal,Bogotá D.C.,Valor medio,3,333.3333333333333,1000.0,50.0
S2L43D9X9U,2021-04-01,Belleza y cuidado personal,Bogotá D.C.,Valor medio,1,333.3333333333333,333.3333333333333,16.666666666666668
S2L43D9X9U,2021-05-01,Belleza y cuidado personal,Bogotá D.C.,Valor medio,2,333.3333333333333,666.6666666666666,33.333333333333336
S2NJ6BVE34,2021-03-01,Alimentos y bebidas,Bogotá D.C.,Valor medio-alto,5,18390.909090909092,91954.54545454546,4597.727272727273
S2NJ6BVE34,2021-04-01,Alimentos y bebidas,Bogotá D.C.,Valor medio-alto,4,18390.909090909092,73563.63636363637,3678.1818181818185
S2NJ6BVE34,2021-05-01,Alimentos y bebidas,Bogotá D.C.,Valor medio-alto,2,18390.909090909092,36781.818181818184,1839.0909090909092
S3CPA5PW4O,2021-02-01,Comercio detallista,Bogotá D.C.,Valor alto,2,350571.4285714286,701142.8571428572,35057.14285714286
S3CPA5PW4O,2021-03-01,Comercio detallista,Bogotá D.C.,Valor alto,6,350571.4285714286,2103428.5714285714,105171.42857142858
S3CPA5PW4O,2021-04-01,Comercio detallista,Bogotá D.C.,Valor alto,21,350571.4285714286,7362000.0,368100.0
S3CPA5PW4O,2021-05-01,Comercio detallista,Bogotá D.C.,Valor alto,13,350571.4285714286,4557428.571428572,227871.4285714286
S3ICJ2Q239,2021-03-01,Servicios,Bogotá D.C.,Valor medio,1,2000.0,2000.0,100.0
S3SHGK57U5,2021-03-01,Comercio detallista,Bogotá D.C.,Valor medio,3,27666.666666666668,83000.0,4150.0
S576DBN5KK,2021-02-01,Belleza y cuidado personal,Bogotá D.C.,Valor medio-alto,1,462954.54545454547,462954.54545454547,23147.727272727276
S576DBN5KK,2021-03-01,Belleza y cuidado personal,Bogotá D.C.,Valor medio-alto,2,462954.54545454547,925909.0909090909,46295.45454545455
S576DBN5KK,2021-04-01,Belleza y cuidado personal,Bogotá D.C.,Valor medio-alto,8,462954.54545454547,3703636.3636363638,185181.8181818182
S576DBN5KK,2021-05-01,Belleza y cuidado personal,Bogotá D.C.,Valor medio-alto,11,462954.54545454547,5092500.0,254625.0
S5ALAFDB8P,2021-03-01,Comercio detallista,Bogotá D.C.,Valor medio-alto,5,1142519.8181818181,5712599.090909091,285629.95454545453
S5ALAFDB8P,2021-04-01,Comercio detallista,Bogotá D.C.,Valor medio-alto,3,1142519.8181818181,3427559.454545454,171377.97272727272
S5ALAFDB8P,2021-05-01,Comercio detallista,Bogotá D.C.,Valor medio-alto,3,1142519.8181818181,3427559.454545454,171377.97272727272
S5ES7EDM97,2021-02-01,Comercio detallista,Bogotá D.C.,Valor medio,2,137666.66666666666,275333.3333333333,13766.666666666666
S5ES7EDM97,2021-03-01,Comercio detallista,Bogotá D.C.,Valor medio,1,137666.66666666666,137666.66666666666,6883.333333333333
S6CA93U0FK,2021-03-01,Reparación y limpieza,Bogotá D.C.,Valor medio-alto,12,505258.06451612903,6063096.774193549,303154.83870967745
S6CA93U0FK,2021-04-01,Reparación y limpieza,Bogotá D.C.,Valor medio-alto,8,505258.06451612903,4042064.5161290322,202103.22580645164
S6CA93U0FK,2021-05-01,Reparación y limpieza,Bogotá D.C.,Valor medio-alto,11,505258.06451612903,5557838.70967742,277891.93548387097
S7HHAHDWP5,2021-03-01,Comercio detallista,Bogotá D.C.,Valor medio-alto,1,473666.6666666667,473666.6666666667,23683.333333333336
S7HHAHDWP5,2021-05-01,Comercio detallista,Bogotá D.C.,Valor medio-alto,2,473666.6666666667,947333.3333333334,47366.66666666667
S7N849TRFS,2021-02-01,Alimentos y bebidas,Cali,Valor medio-alto,5,36800.0,184000.0,9200.0
S7N849TRFS,2021-03-01,Alimentos y bebidas,Cali,Valor medio-alto,3,36800.0,110400.0,5520.0
S7N849TRFS,2021-04-01,Alimentos y bebidas,Cali,Valor medio-alto,1,36800.0,36800.0,1840.0
S7RRFV0GPA,2021-02-01,Comercio detallista,Bogotá D.C.,Valor medio,1,2000.0,2000.0,100.0
S7ZY3ZC3HX,2021-03-01,Alimentos y bebidas,Bogotá D.C.,Valor medio-alto,10,317446.4285714286,3174464.285714286,158723.21428571432
S7ZY3ZC3HX,2021-04-01,Alimentos y bebidas,Bogotá D.C.,Valor medio-alto,20,317446.4285714286,6348928.571428572,317446.42857142864
S7ZY3ZC3HX,2021-05-01,Alimentos y bebidas,Bogotá D.C.,Valor medio-alto,26,317446.4285714286,8253607.142857143,412680.35714285716
S8U19UZANH,2020-12-01,Belleza y cuidado personal,Bogotá D.C.,Valor medio-alto,1,62000.0,62000.0,3100.0
S8U19UZANH,2021-03-01,Belleza y cuidado personal,Bogotá D.C.,Valor medio-alto,3,62000.0,186000.0,9300.0
S8U19UZANH,2021-04-01,Belleza y cuidado personal,Bogotá D.C.,Valor medio-alto,1,62000.0,62000.0,3100.0
S8U19UZANH,2021-05-01,Belleza y cuidado personal,Bogotá D.C.,Valor medio-alto,1,62000.0,62000.0,3100.0
SA5ODIJS9G,2021-03-01,Comercio detallista,Bogotá D.C.,Valor medio,1,2000.0,2000.0,100.0
SAIKJ8LMN6,2021-03-01,Comercio detallista,Bogotá D.C.,Valor medio-alto,6,101309.09090909091,607854.5454545454,30392.727272727272
SAIKJ8LMN6,2021-04-01,Comercio detallista,Bogotá D.C.,Valor medio-alto,4,101309.09090909091,405236.36363636365,20261.818181818184
SAIKJ8LMN6,2021-05-01,Comercio detallista,Bogotá D.C.,Valor medio-alto,1,101309.09090909091,101309.09090909091,5065.454545454546
SAKL1A8EFM,2021-02-01,Belleza y cuidado personal,Bogotá D.C.,Valor medio-alto,2,561937.5,1123875.0,56193.75
SAKL1A8EFM,2021-03-01,Belleza y cuidado personal,Bogotá D.C.,Valor medio-alto,3,561937.5,1685812.5,84290.625
SAKL1A8EFM,2021-04-01,Belleza y cuidado personal,Bogotá D.C.,Valor medio-alto,1,561937.5,561937.5,28096.875
SAKL1A8EFM,2021-05-01,Belleza y cuidado personal,Bogotá D.C.,Valor medio-alto,2,561937.5,1123875.0,56193.75
SBN57VP3K0,2021-02-01,Comercio detallista,Bogotá D.C.,Valor medio-alto,6,560818.1818181818,3364909.090909091,168245.45454545456
SBN57VP3K0,2021-03-01,Comercio detallista,Bogotá D.C.,Valor medio-alto,13,560818.1818181818,7290636.363636363,364531.8181818182
SBN57VP3K0,2021-04-01,Comercio detallista,Bogotá D.C.,Valor medio-alto,5,560818.1818181818,2804090.9090909087,140204.54545454544
SBN57VP3K0,2021-05-01,Comercio detallista,Bogotá D.C.,Valor medio-alto,9,560818.1818181818,5047363.636363636,252368.1818181818
SBO4W1NB2W,2021-03-01,Comercio detallista,Bogotá D.C.,Valor medio,3,576333.3333333334,1729000.0,86450.0
SCLX0VFGXJ,2021-03-01,Reparación y limpieza,Bogotá D.C.,Valor medio-alto,5,274642.85714285716,1373214.285714286,68660.7142857143
SCLX0VFGXJ,2021-04-01,Reparación y limpieza,Bogotá D.C.,Valor medio-alto,1,274642.85714285716,274642.85714285716,13732.142857142859
SCLX0VFGXJ,2021-05-01,Reparación y limpieza,Bogotá D.C.,Valor medio-alto,1,274642.85714285716,274642.85714285716,13732.142857142859
SCVVT2ODDO,2021-02-01,Comercio detallista,Bogotá D.C.,Valor medio-alto,16,520972.97297297296,8335567.567567567,416778.3783783784
SCVVT2ODDO,2021-03-01,Comercio detallista,Bogotá D.C.,Valor medio-alto,11,520972.97297297296,5730702.702702703,286535.13513513515
SCVVT2ODDO,2021-04-01,Comercio detallista,Bogotá D.C.,Valor medio-alto,4,520972.97297297296,2083891.8918918918,104194.5945945946
SCVVT2ODDO,2021-05-01,Comercio detallista,Bogotá D.C.,Valor medio-alto,6,520972.97297297296,3125837.8378378376,156291.8918918919
SE1VGG3TWZ,2021-01-01,Belleza y cuidado personal,Bogotá D.C.,Valor medio-alto,3,21336.206896551725,64008.620689655174,3200.431034482759
SE1VGG3TWZ,2021-02-01,Belleza y cuidado personal,Bogotá D.C.,Valor medio-alto,9,21336.206896551725,192025.8620689655,9601.293103448275
SE1VGG3TWZ,2021-03-01,Belleza y cuidado personal,Bogotá D.C.,Valor medio-alto,7,21336.206896551725,149353.4482758621,7467.672413793105
SE1VGG3TWZ,2021-04-01,Belleza y cuidado personal,Bogotá D.C.,Valor medio-alto,1,21336.206896551725,21336.206896551725,1066.8103448275863
SE1VGG3TWZ,2021-05-01,Belleza y cuidado personal,Bogotá D.C.,Valor medio-alto,9,21336.206896551725,192025.8620689655,9601.293103448275
SE7F1S3TYW,2021-03-01,Comercio detallista,Bogotá D.C.,Valor medio-alto,3,292452.38095238095,877357.1428571428,43867.857142857145
SE7F1S3TYW,2021-04-01,Comercio detallista,Bogotá D.C.,Valor medio-alto,9,292452.38095238095,2632071.4285714286,131603.57142857145
SE7F1S3TYW,2021-05-01,Comercio detallista,Bogotá D.C.,Valor medio-alto,9,292452.38095238095,2632071.4285714286,131603.57142857145
SEW0QQGD7C,2021-02-01,Servicios,Bogotá D.C.,Valor medio-alto,1,30900.0,30900.0,1545.0
SEW0QQGD7C,2021-05-01,Servicios,Bogotá D.C.,Valor medio-alto,3,30900.0,92700.0,4635.0
SFJ198QIWC,2021-03-01,Comercio detallista,Bogotá D.C.,Valor medio-alto,4,188166.66666666666,752666.6666666666,37633.333333333336
SFJ198QIWC,2021-04-01,Comercio detallista,Bogotá D.C.,Valor medio-alto,2,188166.66666666666,376333.3333333333,18816.666666666668
SFQ5NJ1VBK,2021-03-01,Alimentos y bebidas,Bogotá D.C.,Valor medio-alto,5,41591.9540229885,207959.7701149425,10397.988505747126
SFQ5NJ1VBK,2021-04-01,Alimentos y bebidas,Bogotá D.C.,Valor medio-alto,44,41591.9540229885,1830045.977011494,91502.2988505747
SFQ5NJ1VBK,2021-05-01,Alimentos y bebidas,Bogotá D.C.,Valor medio-alto,38,41591.9540229885,1580494.2528735632,79024.71264367817
SFUPLMWJ04,2021-01-01,Comercio detallista,Bogotá D.C.,Valor medio-alto,2,230857.14285714287,461714.28571428574,23085.71428571429
SFUPLMWJ04,2021-02-01,Comercio detallista,Bogotá D.C.,Valor medio-alto,2,230857.14285714287,461714.28571428574,23085.71428571429
SFUPLMWJ04,2021-03-01,Comercio detallista,Bogotá D.C.,Valor medio-alto,7,230857.14285714287,1616000.0,80800.0
SFUPLMWJ04,2021-04-01,Comercio detallista,Bogotá D.C.,Valor medio-alto,1,230857.14285714287,230857.14285714287,11542.857142857145
SFUPLMWJ04,2021-05-01,Comercio detallista,Bogotá D.C.,Valor medio-alto,2,230857.14285714287,461714.28571428574,23085.71428571429
SGID6P5R9Y,2021-03-01,Comercio detallista,Soacha,Valor medio-alto,3,456250.0,1368750.0,68437.5
SGID6P5R9Y,2021-04-01,Comercio detallista,Soacha,Valor medio-alto,4,456250.0,1825000.0,91250.0
SGID6P5R9Y,2021-05-01,Comercio detallista,Soacha,Valor medio-alto,9,456250.0,4106250.0,205312.5
SHQX15NDVC,2021-02-01,Comercio detallista,Bogotá D.C.,Valor medio-alto,2,425545.45454545453,851090.9090909091,42554.545454545456
SHQX15NDVC,2021-03-01,Comercio detallista,Bogotá D.C.,Valor medio-alto,7,425545.45454545453,2978818.1818181816,148940.9090909091
SHQX15NDVC,2021-04-01,Comercio detallista,Bogotá D.C.,Valor medio-alto,2,425545.45454545453,851090.9090909091,42554.545454545456
SHQX15NDVC,2021-05-01,Comercio detallista,Bogotá D.C.,Valor medio-alto,11,425545.45454545453,4681000.0,234050.0
SIBA7JOZIA,2021-02-01,Belleza y cuidado personal,Bogotá D.C.,Valor medio-alto,2,2044763.1578947369,4089526.3157894737,204476.3157894737
SIBA7JOZIA,2021-03-01,Belleza y cuidado personal,Bogotá D.C.,Valor medio-alto,4,2044763.1578947369,8179052.631578947,408952.6315789474
SIBA7JOZIA,2021-04-01,Belleza y cuidado personal,Bogotá D.C.,Valor medio-alto,4,2044763.1578947369,8179052.631578947,408952.6315789474
SIBA7JOZIA,2021-05-01,Belleza y cuidado personal,Bogotá D.C.,Valor medio-alto,9,2044763.1578947369,18402868.42105263,920143.4210526316
SIFEBHNT1K,2021-03-01,Comercio detallista,Bogotá D.C.,Valor medio-alto,5,135580.0,677900.0,33895.0
SIFEBHNT1K,2021-04-01,Comercio detallista,Bogotá D.C.,Valor medio-alto,4,135580.0,542320.0,27116.0
SIFEBHNT1K,2021-05-01,Comercio detallista,Bogotá D.C.,Valor medio-alto,1,135580.0,135580.0,6779.0
SJXE10M620,2021-03-01,Belleza y cuidado personal,Bogotá D.C.,Valor medio-alto,9,183456.52173913043,1651108.6956521738,82555.4347826087
SJXE10M620,2021-04-01,Belleza y cuidado personal,Bogotá D.C.,Valor medio-alto,10,183456.52173913043,1834565.2173913042,91728.26086956522
SJXE10M620,2021-05-01,Belleza y cuidado personal,Bogotá D.C.,Valor medio-alto,4,183456.52173913043,733826.0869565217,36691.30434782609
SKAT1FBE4D,2021-02-01,Comercio detallista,Bogotá D.C.,Valor medio-alto,3,381333.3333333333,1144000.0,57200.0
SKAT1FBE4D,2021-03-01,Comercio detallista,Bogotá D.C.,Valor medio-alto,2,381333.3333333333,762666.6666666666,38133.333333333336
SKAT1FBE4D,2021-04-01,Comercio detallista,Bogotá D.C.,Valor medio-alto,3,381333.3333333333,1144000.0,57200.0
SKAT1FBE4D,2021-05-01,Comercio detallista,Bogotá D.C.,Valor medio-alto,1,381333.3333333333,381333.3333333333,19066.666666666668
SKCWKOJPS6,2021-03-01,Comercio detallista,Bogotá D.C.,Valor medio-alto,1,376500.0,376500.0,18825.0
SKCWKOJPS6,2021-05-01,Comercio detallista,Bogotá D.C.,Valor medio-alto,3,376500.0,1129500.0,56475.0
SKFXUN4J2P,2021-03-01,Comercio detallista,Bogotá D.C.,Valor medio-alto,9,109621.62162162163,986594.5945945947,49329.729729729734
SKFXUN4J2P,2021-04-01,Comercio detallista,Bogotá D.C.,Valor medio-alto,27,109621.62162162163,2959783.783783784,147989.1891891892
SKFXUN4J2P,2021-05-01,Comercio detallista,Bogotá D.C.,Valor medio-alto,38,109621.62162162163,4165621.621621622,208281.0810810811
SL0AKHZRCD,2021-02-01,Alimentos y bebidas,Bogotá D.C.,Valor medio,1,2000.0,2000.0,100.0
SLE763K8PY,2021-03-01,Comercio detallista,Bogotá D.C.,Valor medio-alto,5,180280.0,901400.0,45070.0
SLE763K8PY,2021-04-01,Comercio detallista,Bogotá D.C.,Valor medio-alto,2,180280.0,360560.0,18028.0
SLE763K8PY,2021-05-01,Comercio detallista,Bogotá D.C.,Valor medio-alto,3,180280.0,540840.0,27042.0
SLT6BRIJUK,2021-02-01,Transporte,Bogotá D.C.,Valor medio-alto,4,64870.833333333336,259483.33333333334,12974.166666666668
SLT6BRIJUK,2021-03-01,Transporte,Bogotá D.C.,Valor medio-alto,5,64870.833333333336,324354.1666666667,16217.708333333336
SLT6BRIJUK,2021-04-01,Transporte,Bogotá D.C.,Valor medio-alto,5,64870.833333333336,324354.1666666667,16217.708333333336
SLT6BRIJUK,2021-05-01,Transporte,Bogotá D.C.,Valor medio-alto,10,64870.833333333336,648708.3333333334,32435.41666666667
SLVW7JWZKN,2021-02-01,Comercio detallista,Bogotá D.C.,Valor medio-alto,3,260111.11111111112,780333.3333333334,39016.66666666667
SLVW7JWZKN,2021-03-01,Comercio detallista,Bogotá D.C.,Valor medio-alto,12,260111.11111111112,3121333.3333333335,156066.6666666667
SLVW7JWZKN,2021-04-01,Comercio detallista,Bogotá D.C.,Valor medio-alto,6,260111.11111111112,1560666.6666666667,78033.33333333334
SLVW7JWZKN,2021-05-01,Comercio detallista,Bogotá D.C.,Valor medio-alto,6,260111.11111111112,1560666.6666666667,78033.33333333334
SMKL86LMT5,2021-03-01,Servicios,Bogotá D.C.,Valor medio-alto,3,48037.5,144112.5,7205.625
SMKL86LMT5,2021-04-01,Servicios,Bogotá D.C.,Valor medio-alto,1,48037.5,48037.5,2401.875
SMKL86LMT5,2021-05-01,Servicios,Bogotá D.C.,Valor medio-alto,4,48037.5,192150.0,9607.5
SMWCOZS6S4,2021-03-01,Comercio detallista,Bogotá D.C.,Valor medio,1,2000.0,2000.0,100.0
SNSJJOIPKM,2021-03-01,Reparación y limpieza,Bogotá D.C.,Valor medio-alto,2,119166.66666666667,238333.33333333334,11916.666666666668
SNSJJOIPKM,2021-04-01,Reparación y limpieza,Bogotá D.C.,Valor medio-alto,1,119166.66666666667,119166.66666666667,5958.333333333334
SNSJJOIPKM,2021-05-01,Reparación y limpieza,Bogotá D.C.,Valor medio-alto,3,119166.66666666667,357500.0,17875.0
SNVXZZ4RCS,2021-03-01,Comercio detallista,Bogotá D.C.,Valor medio-alto,1,135500.0,135500.0,6775.0
SNVXZZ4RCS,2021-04-01,Comercio detallista,Bogotá D.C.,Valor medio-alto,2,135500.0,271000.0,13550.0
SNVXZZ4RCS,2021-05-01,Comercio detallista,Bogotá D.C.,Valor medio-alto,1,135500.0,135500.0,6775.0
SO8H05E0RA,2021-03-01,Comercio detallista,Bogotá D.C.,Valor medio-alto,3,84679.10447761194,254037.3134328358,12701.86567164179
SO8H05E0RA,2021-04-01,Comercio detallista,Bogotá D.C.,Valor medio-alto,17,84679.10447761194,1439544.7761194028,71977.23880597015
SO8H05E0RA,2021-05-01,Comercio detallista,Bogotá D.C.,Valor medio-alto,47,84679.10447761194,3979917.910447761,198995.89552238805
SOFKCQB1MV,2021-03-01,Transporte,Cali,Valor medio-alto,3,125375.0,376125.0,18806.25
SOFKCQB1MV,2021-04-01,Transporte,Cali,Valor medio-alto,1,125375.0,125375.0,6268.75
SOFKCQB1MV,2021-05-01,Transporte,Cali,Valor medio-alto,4,125375.0,501500.0,25075.0
SPK1F6M35P,2021-03-01,Alimentos y bebidas,Bogotá D.C.,Valor medio-alto,1,21293.939393939392,21293.939393939392,1064.6969696969697
SPK1F6M35P,2021-04-01,Alimentos y bebidas,Bogotá D.C.,Valor medio-alto,21,21293.939393939392,447172.72727272724,22358.636363636364
SPK1F6M35P,2021-05-01,Alimentos y bebidas,Bogotá D.C.,Valor medio-alto,11,21293.939393939392,234233.3333333333,11711.666666666666
SQ9BE6UBC9,2021-03-01,Comercio detallista,Bogotá D.C.,Valor medio-alto,13,170619.44444444444,2218052.7777777775,110902.63888888888
SQ9BE6UBC9,2021-04-01,Comercio detallista,Bogotá D.C.,Valor medio-alto,10,170619.44444444444,1706194.4444444445,85309.72222222223
SQ9BE6UBC9,2021-05-01,Comercio detallista,Bogotá D.C.,Valor medio-alto,13,170619.44444444444,2218052.7777777775,110902.63888888888
SQBJWBYTZT,2021-01-01,Reparación y limpieza,Soacha,Valor medio-alto,7,145352.9411764706,1017470.5882352942,50873.52941176471
SQBJWBYTZT,2021-02-01,Reparación y limpieza,Soacha,Valor medio-alto,24,145352.9411764706,3488470.5882352944,174423.52941176473
SQBJWBYTZT,2021-03-01,Reparación y limpieza,Soacha,Valor medio-alto,23,145352.9411764706,3343117.647058824,167155.8823529412
SQBJWBYTZT,2021-04-01,Reparación y limpieza,Soacha,Valor medio-alto,12,145352.9411764706,1744235.2941176472,87211.76470588236
SQBJWBYTZT,2021-05-01,Reparación y limpieza,Soacha,Valor medio-alto,19,145352.9411764706,2761705.8823529417,138085.29411764708
SQYC72AVBW,2021-03-01,Comercio detallista,Bogotá D.C.,Valor medio,2,26000.0,52000.0,2600.0
SR1EDM1D7R,2021-02-01,Turismo y entretenimiento,Bogotá D.C.,Valor medio,1,2000.0,2000.0,100.0
SRN940272Y,2021-03-01,Comercio detallista,Funza,Valor medio-alto,9,182035.29411764705,1638317.6470588234,81915.88235294117
SRN940272Y,2021-04-01,Comercio detallista,Funza,Valor medio-alto,6,182035.29411764705,1092211.7647058824,54610.588235294126
SRN940272Y,2021-05-01,Comercio detallista,Funza,Valor medio-alto,2,182035.29411764705,364070.5882352941,18203.529411764706
SRO2C9K9NR,2021-01-01,Comercio detallista,Bogotá D.C.,Valor medio-alto,2,323300.0,646600.0,32330.0
SRO2C9K9NR,2021-02-01,Comercio detallista,Bogotá D.C.,Valor medio-alto,10,323300.0,3233000.0,161650.0
SRO2C9K9NR,2021-03-01,Comercio detallista,Bogotá D.C.,Valor medio-alto,10,323300.0,3233000.0,161650.0
SRO2C9K9NR,2021-04-01,Comercio detallista,Bogotá D.C.,Valor medio-alto,5,323300.0,1616500.0,80825.0
SRO2C9K9NR,2021-05-01,Comercio detallista,Bogotá D.C.,Valor medio-alto,3,323300.0,969900.0,48495.0
SRPDYWZJ3G,2021-03-01,Comercio detallista,Bogotá D.C.,Valor medio,1,2000.0,2000.0,100.0
SS66Y463CI,2021-03-01,Alimentos y bebidas,Bogotá D.C.,Valor medio-alto,32,41031.117021276594,1312995.744680851,65649.78723404255
SS66Y463CI,2021-04-01,Alimentos y bebidas,Bogotá D.C.,Valor medio-alto,76,41031.117021276594,3118364.893617021,155918.24468085106
SS66Y463CI,2021-05-01,Alimentos y bebidas,Bogotá D.C.,Valor medio-alto,80,41031.117021276594,3282489.3617021274,164124.46808510637
SSLVCZJETO,2021-03-01,Comercio detallista,Bogotá D.C.,Valor medio-alto,1,206000.0,206000.0,10300.0
SSLVCZJETO,2021-04-01,Comercio detallista,Bogotá D.C.,Valor medio-alto,1,206000.0,206000.0,10300.0
SSLVCZJETO,2021-05-01,Comercio detallista,Bogotá D.C.,Valor medio-alto,3,206000.0,618000.0,30900.0
STHRAIEXEM,2021-01-01,Comercio detallista,Bogotá D.C.,Valor medio-alto,4,246478.26086956522,985913.0434782609,49295.65217391305
STHRAIEXEM,2021-02-01,Comercio detallista,Bogotá D.C.,Valor medio-alto,6,246478.26086956522,1478869.5652173914,73943.47826086957
STHRAIEXEM,2021-03-01,Comercio detallista,Bogotá D.C.,Valor medio-alto,8,246478.26086956522,1971826.0869565217,98591.3043478261
STHRAIEXEM,2021-04-01,Comercio detallista,Bogotá D.C.,Valor medio-alto,1,246478.26086956522,246478.26086956522,12323.913043478262
STHRAIEXEM,2021-05-01,Comercio detallista,Bogotá D.C.,Valor medio-alto,4,246478.26086956522,985913.0434782609,49295.65217391305
STS5BJ8FYX,2021-03-01,Comercio detallista,Bogotá D.C.,Valor medio-alto,1,129250.0,129250.0,6462.5
STS5BJ8FYX,2021-04-01,Comercio detallista,Bogotá D.C.,Valor medio-alto,1,129250.0,129250.0,6462.5
STS5BJ8FYX,2021-05-01,Comercio detallista,Bogotá D.C.,Valor medio-alto,2,129250.0,258500.0,12925.0
STZTL77NMM,2021-03-01,Comercio detallista,Chía,Valor medio-alto,3,61400.0,184200.0,9210.0
STZTL77NMM,2021-04-01,Comercio detallista,Chía,Valor medio-alto,2,61400.0,122800.0,6140.0
SUA5G7M91B,2021-03-01,Belleza y cuidado personal,Bogotá D.C.,Valor medio-alto,8,143790.66666666666,1150325.3333333333,57516.26666666666
SUA5G7M91B,2021-04-01,Belleza y cuidado personal,Bogotá D.C.,Valor medio-alto,6,143790.66666666666,862744.0,43137.200000000004
SUA5G7M91B,2021-05-01,Belleza y cuidado personal,Bogotá D.C.,Valor medio-alto,7,143790.66666666666,1006534.6666666666,50326.73333333334
SUFJVWO7ZT,2021-03-01,Comercio detallista,Bogotá D.C.,Valor medio,1,2000.0,2000.0,100.0
SUPG0J4TH3,2021-01-01,Belleza y cuidado personal,Soacha,Valor medio-alto,2,67294.11764705883,134588.23529411765,6729.411764705883
SUPG0J4TH3,2020-12-01,Belleza y cuidado personal,Soacha,Valor medio-alto,4,67294.11764705883,269176.4705882353,13458.823529411766
SUPG0J4TH3,2021-02-01,Belleza y cuidado personal,Soacha,Valor medio-alto,4,67294.11764705883,269176.4705882353,13458.823529411766
SUPG0J4TH3,2021-03-01,Belleza y cuidado personal,Soacha,Valor medio-alto,3,67294.11764705883,201882.35294117648,10094.117647058825
SUPG0J4TH3,2021-04-01,Belleza y cuidado personal,Soacha,Valor medio-alto,1,67294.11764705883,67294.11764705883,3364.7058823529414
SUPG0J4TH3,2021-05-01,Belleza y cuidado personal,Soacha,Valor medio-alto,3,67294.11764705883,201882.35294117648,10094.117647058825
SV3T0W8TD8,2021-03-01,Servicios,Bogotá D.C.,Valor alto,2,68983.33333333333,137966.66666666666,6898.333333333333
SV3T0W8TD8,2021-04-01,Servicios,Bogotá D.C.,Valor alto,4,68983.33333333333,275933.3333333333,13796.666666666666
SVNSGHZ2SE,2021-03-01,Comercio detallista,Bogotá D.C.,Valor medio,1,2000.0,2000.0,100.0
SVO9EX4FQZ,2021-03-01,Belleza y cuidado personal,Bogotá D.C.,Valor medio-alto,31,59526.96629213483,1845335.9550561798,92266.797752809
SVO9EX4FQZ,2021-04-01,Belleza y cuidado personal,Bogotá D.C.,Valor medio-alto,21,59526.96629213483,1250066.2921348314,62503.31460674157
SVO9EX4FQZ,2021-05-01,Belleza y cuidado personal,Bogotá D.C.,Valor medio-alto,37,59526.96629213483,2202497.7528089886,110124.88764044944
SVX9QAGY3E,2021-02-01,Servicios,Bogotá D.C.,Valor medio,1,3500.0,3500.0,175.0
SVX9QAGY3E,2021-04-01,Servicios,Bogotá D.C.,Valor medio,3,3500.0,10500.0,525.0
SWLG7R2XAH,2021-03-01,Comercio detallista,Bogotá D.C.,Valor medio-alto,4,1783482.3529411764,7133929.411764706,356696.4705882353
SWLG7R2XAH,2021-04-01,Comercio detallista,Bogotá D.C.,Valor medio-alto,25,1783482.3529411764,44587058.82352941,2229352.9411764704
SWLG7R2XAH,2021-05-01,Comercio detallista,Bogotá D.C.,Valor medio-alto,5,1783482.3529411764,8917411.764705881,445870.5882352941
SWWRN3RUO8,2021-03-01,Belleza y cuidado personal,Bogotá D.C.,Valor medio-alto,6,69888.88888888889,419333.3333333334,20966.66666666667
SWWRN3RUO8,2021-04-01,Belleza y cuidado personal,Bogotá D.C.,Valor medio-alto,6,69888.88888888889,419333.3333333334,20966.66666666667
SWWRN3RUO8,2021-05-01,Belleza y cuidado personal,Bogotá D.C.,Valor medio-alto,6,69888.88888888889,419333.3333333334,20966.66666666667
SWXSX90JH3,2021-03-01,Comercio detallista,Zipaquirá,Valor medio-alto,7,42634.782608695656,298443.47826086957,14922.17391304348
SWXSX90JH3,2021-04-01,Comercio detallista,Zipaquirá,Valor medio-alto,6,42634.782608695656,255808.69565217395,12790.434782608698
SWXSX90JH3,2021-05-01,Comercio detallista,Zipaquirá,Valor medio-alto,10,42634.782608695656,426347.82608695654,21317.391304347828
SXATJ3AKG4,2021-03-01,Servicios,Bogotá D.C.,Valor medio-alto,1,101877.77777777778,101877.77777777778,5093.88888888889
SXATJ3AKG4,2021-04-01,Servicios,Bogotá D.C.,Valor medio-alto,9,101877.77777777778,916900.0,45845.0
SXATJ3AKG4,2021-05-01,Servicios,Bogotá D.C.,Valor medio-alto,8,101877.77777777778,815022.2222222222,40751.11111111112
SY0QKWNVDI,2021-01-01,Servicios,Bogotá D.C.,Valor medio-alto,14,627114.2857142857,8779600.0,438980.0
SY0QKWNVDI,2020-12-01,Servicios,Bogotá D.C.,Valor medio-alto,10,627114.2857142857,6271142.857142856,313557.14285714284
SY0QKWNVDI,2021-02-01,Servicios,Bogotá D.C.,Valor medio-alto,21,627114.2857142857,13169400.0,658470.0
SY0QKWNVDI,2021-03-01,Servicios,Bogotá D.C.,Valor medio-alto,25,627114.2857142857,15677857.142857142,783892.8571428572
SY0QKWNVDI,2021-04-01,Servicios,Bogotá D.C.,Valor medio-alto,16,627114.2857142857,10033828.57142857,501691.4285714286
SY0QKWNVDI,2021-05-01,Servicios,Bogotá D.C.,Valor medio-alto,19,627114.2857142857,11915171.428571427,595758.5714285714
SY4WAHXHX0,2021-01-01,Comercio detallista,Bogotá D.C.,Valor medio,1,2000.0,2000.0,100.0
SYA9SAIKYN,2021-03-01,Alimentos y bebidas,Bogotá D.C.,Valor medio-alto,3,40483.333333333336,121450.0,6072.5
SYA9SAIKYN,2021-04-01,Alimentos y bebidas,Bogotá D.C.,Valor medio-alto,12,40483.333333333336,485800.0,24290.0
SYA9SAIKYN,2021-05-01,Alimentos y bebidas,Bogotá D.C.,Valor medio-alto,15,40483.333333333336,607250.0,30362.5
SZSGIA9NJW,2021-03-01,Comercio detallista,Bogotá D.C.,Valor medio-alto,2,610933.3333333334,1221866.6666666667,61093.33333333334
SZSGIA9NJW,2021-04-01,Comercio detallista,Bogotá D.C.,Valor medio-alto,2,610933.3333333334,1221866.6666666667,61093.33333333334
SZSGIA9NJW,2021-05-01,Comercio detallista,Bogotá D.C.,Valor medio-alto,2,610933.3333333334,1221866.6666666667,61093.33333333334
T0G1GZDVVD,2021-03-01,Servicios,Bogotá D.C.,Valor medio-alto,31,123400.0,3825400.0,191270.0
T0G1GZDVVD,2021-04-01,Servicios,Bogotá D.C.,Valor medio-alto,15,123400.0,1851000.0,92550.0
T0G1GZDVVD,2021-05-01,Servicios,Bogotá D.C.,Valor medio-alto,19,123400.0,2344600.0,117230.0
T1RAI2T1ZT,2021-01-01,Servicios,Bogotá D.C.,Valor medio-alto,10,64169.230769230766,641692.3076923076,32084.615384615383
T1RAI2T1ZT,2020-12-01,Servicios,Bogotá D.C.,Valor medio-alto,31,64169.230769230766,1989246.1538461538,99462.30769230769
T1RAI2T1ZT,2021-02-01,Servicios,Bogotá D.C.,Valor medio-alto,24,64169.230769230766,1540061.5384615385,77003.07692307692
T1RAI2T1ZT,2021-03-01,Servicios,Bogotá D.C.,Valor medio-alto,12,64169.230769230766,770030.7692307692,38501.53846153846
T1RAI2T1ZT,2021-04-01,Servicios,Bogotá D.C.,Valor medio-alto,6,64169.230769230766,385015.3846153846,19250.76923076923
T1RAI2T1ZT,2021-05-01,Servicios,Bogotá D.C.,Valor medio-alto,8,64169.230769230766,513353.8461538461,25667.69230769231
T1UA6GDYQZ,2021-02-01,Comercio detallista,Bogotá D.C.,Valor medio-alto,4,336135.48387096776,1344541.935483871,67227.09677419356
T1UA6GDYQZ,2021-03-01,Comercio detallista,Bogotá D.C.,Valor medio-alto,26,336135.48387096776,8739522.580645163,436976.1290322582
T1UA6GDYQZ,2021-04-01,Comercio detallista,Bogotá D.C.,Valor medio-alto,13,336135.48387096776,4369761.290322581,218488.0645161291
T1UA6GDYQZ,2021-05-01,Comercio detallista,Bogotá D.C.,Valor medio-alto,19,336135.48387096776,6386574.193548387,319328.7096774194
T1Y4MS7DZW,2021-03-01,Comercio detallista,Bogotá D.C.,Valor medio-alto,16,643925.0,10302800.0,515140.0
T1Y4MS7DZW,2021-04-01,Comercio detallista,Bogotá D.C.,Valor medio-alto,7,643925.0,4507475.0,225373.75
T1Y4MS7DZW,2021-05-01,Comercio detallista,Bogotá D.C.,Valor medio-alto,17,643925.0,10946725.0,547336.25
T22SPRSU4U,2021-03-01,Comercio detallista,Bogotá D.C.,Valor medio-alto,5,48386.666666666664,241933.3333333333,12096.666666666666
T22SPRSU4U,2021-04-01,Comercio detallista,Bogotá D.C.,Valor medio-alto,1,48386.666666666664,48386.666666666664,2419.3333333333335
T22SPRSU4U,2021-05-01,Comercio detallista,Bogotá D.C.,Valor medio-alto,9,48386.666666666664,435480.0,21774.0
T2IWST39MN,2021-03-01,Comercio detallista,Bogotá D.C.,Valor medio-alto,2,188800.0,377600.0,18880.0
T2IWST39MN,2021-04-01,Comercio detallista,Bogotá D.C.,Valor medio-alto,2,188800.0,377600.0,18880.0
T2IWST39MN,2021-05-01,Comercio detallista,Bogotá D.C.,Valor medio-alto,1,188800.0,188800.0,9440.0
T3FG0Q1GKM,2021-03-01,Comercio detallista,Soacha,Valor medio-alto,5,175653.84615384616,878269.2307692308,43913.46153846154
T3FG0Q1GKM,2021-04-01,Comercio detallista,Soacha,Valor medio-alto,10,175653.84615384616,1756538.4615384615,87826.92307692308
T3FG0Q1GKM,2021-05-01,Comercio detallista,Soacha,Valor medio-alto,11,175653.84615384616,1932192.3076923077,96609.61538461539
T3LIBLT57Y,2021-03-01,Comercio detallista,Bogotá D.C.,Valor medio-alto,3,166878.78787878787,500636.36363636365,25031.818181818184
T3LIBLT57Y,2021-04-01,Comercio detallista,Bogotá D.C.,Valor medio-alto,17,166878.78787878787,2836939.393939394,141846.9696969697
T3LIBLT57Y,2021-05-01,Comercio detallista,Bogotá D.C.,Valor medio-alto,13,166878.78787878787,2169424.242424242,108471.21212121211
T40ETAPA93,2021-03-01,Reparación y limpieza,Bogotá D.C.,Valor medio-alto,13,155416.66666666666,2020416.6666666665,101020.83333333333
T40ETAPA93,2021-04-01,Reparación y limpieza,Bogotá D.C.,Valor medio-alto,10,155416.66666666666,1554166.6666666665,77708.33333333333
T40ETAPA93,2021-05-01,Reparación y limpieza,Bogotá D.C.,Valor medio-alto,10,155416.66666666666,1554166.6666666665,77708.33333333333
T44INKDUW8,2020-12-01,Comercio detallista,Bogotá D.C.,Valor medio-alto,1,146000.0,146000.0,7300.0
T44INKDUW8,2021-02-01,Comercio detallista,Bogotá D.C.,Valor medio-alto,1,146000.0,146000.0,7300.0
T44INKDUW8,2021-03-01,Comercio detallista,Bogotá D.C.,Valor medio-alto,1,146000.0,146000.0,7300.0
T5A3QEAOP0,2021-03-01,Comercio detallista,Bogotá D.C.,Valor medio-alto,2,85333.33333333333,170666.66666666666,8533.333333333334
T5A3QEAOP0,2021-04-01,Comercio detallista,Bogotá D.C.,Valor medio-alto,1,85333.33333333333,85333.33333333333,4266.666666666667
T5IQ32J16E,2021-01-01,Comercio detallista,Soacha,Valor medio-alto,4,498136.0,1992544.0,99627.20000000001
T5IQ32J16E,2020-12-01,Comercio detallista,Soacha,Valor medio-alto,1,498136.0,498136.0,24906.800000000003
T5IQ32J16E,2021-02-01,Comercio detallista,Soacha,Valor medio-alto,3,498136.0,1494408.0,74720.40000000001
T5IQ32J16E,2021-03-01,Comercio detallista,Soacha,Valor medio-alto,5,498136.0,2490680.0,124534.0
T5IQ32J16E,2021-04-01,Comercio detallista,Soacha,Valor medio-alto,3,498136.0,1494408.0,74720.40000000001
T5IQ32J16E,2021-05-01,Comercio detallista,Soacha,Valor medio-alto,9,498136.0,4483224.0,224161.2
T5WZ0R5S4U,2021-03-01,Comercio detallista,Bogotá D.C.,Valor medio-alto,2,454950.0,909900.0,45495.0
T5WZ0R5S4U,2021-04-01,Comercio detallista,Bogotá D.C.,Valor medio-alto,1,454950.0,454950.0,22747.5
T5WZ0R5S4U,2021-05-01,Comercio detallista,Bogotá D.C.,Valor medio-alto,1,454950.0,454950.0,22747.5
T7A9FL6X84,2021-03-01,Comercio detallista,Bogotá D.C.,Valor medio-alto,21,137056.25,2878181.25,143909.0625
T7A9FL6X84,2021-04-01,Comercio detallista,Bogotá D.C.,Valor medio-alto,4,137056.25,548225.0,27411.25
T7A9FL6X84,2021-05-01,Comercio detallista,Bogotá D.C.,Valor medio-alto,7,137056.25,959393.75,47969.6875
T7COJQ2Y6M,2021-03-01,Comercio detallista,Funza,Valor medio-alto,4,162593.75,650375.0,32518.75
T7COJQ2Y6M,2021-04-01,Comercio detallista,Funza,Valor medio-alto,4,162593.75,650375.0,32518.75
T7LPUTVYU5,2021-03-01,Comercio detallista,Bogotá D.C.,Valor medio-alto,3,467444.44444444444,1402333.3333333333,70116.66666666667
T7LPUTVYU5,2021-05-01,Comercio detallista,Bogotá D.C.,Valor medio-alto,6,467444.44444444444,2804666.6666666665,140233.33333333334
T7OQLHJQ3Z,2021-03-01,Comercio detallista,Bogotá D.C.,Valor medio-alto,2,213833.33333333334,427666.6666666667,21383.333333333336
T7OQLHJQ3Z,2021-05-01,Comercio detallista,Bogotá D.C.,Valor medio-alto,4,213833.33333333334,855333.3333333334,42766.66666666667
T8AU3J52LE,2020-12-01,Comercio detallista,Bogotá D.C.,Valor medio-alto,1,421000.0,421000.0,21050.0
T8AU3J52LE,2021-05-01,Comercio detallista,Bogotá D.C.,Valor medio-alto,1,421000.0,421000.0,21050.0
T8UOTAWTY0,2021-03-01,Transporte,Bogotá D.C.,Valor medio,1,1000.0,1000.0,50.0
T8XKTLFTV2,2021-03-01,Servicios,Bogotá D.C.,Valor medio-alto,48,440645.4081632653,21150979.591836736,1057548.979591837
T8XKTLFTV2,2021-04-01,Servicios,Bogotá D.C.,Valor medio-alto,19,440645.4081632653,8372262.755102041,418613.13775510207
T8XKTLFTV2,2021-05-01,Servicios,Bogotá D.C.,Valor medio-alto,31,440645.4081632653,13660007.653061226,683000.3826530613
T93FSJVFHN,2021-03-01,Comercio detallista,Buenaventura,Valor medio,2,1000.0,2000.0,100.0
T9ERBNY265,2021-01-01,Comercio detallista,Bogotá D.C.,Valor medio-alto,3,394428.8461538461,1183286.5384615385,59164.32692307693
T9ERBNY265,2021-02-01,Comercio detallista,Bogotá D.C.,Valor medio-alto,3,394428.8461538461,1183286.5384615385,59164.32692307693
T9ERBNY265,2021-03-01,Comercio detallista,Bogotá D.C.,Valor medio-alto,5,394428.8461538461,1972144.2307692305,98607.21153846153
T9ERBNY265,2021-04-01,Comercio detallista,Bogotá D.C.,Valor medio-alto,1,394428.8461538461,394428.8461538461,19721.44230769231
T9ERBNY265,2021-05-01,Comercio detallista,Bogotá D.C.,Valor medio-alto,1,394428.8461538461,394428.8461538461,19721.44230769231
TA14L7V6QY,2021-03-01,Alimentos y bebidas,Chía,Valor medio-alto,6,99175.43859649122,595052.6315789473,29752.631578947367
TA14L7V6QY,2021-04-01,Alimentos y bebidas,Chía,Valor medio-alto,14,99175.43859649122,1388456.140350877,69422.80701754386
TA14L7V6QY,2021-05-01,Alimentos y bebidas,Chía,Valor medio-alto,37,99175.43859649122,3669491.2280701753,183474.56140350876
TADYP2MUAQ,2021-03-01,Comercio detallista,Bogotá D.C.,Valor medio-alto,1,147380.0,147380.0,7369.0
TADYP2MUAQ,2021-04-01,Comercio detallista,Bogotá D.C.,Valor medio-alto,3,147380.0,442140.0,22107.0
TADYP2MUAQ,2021-05-01,Comercio detallista,Bogotá D.C.,Valor medio-alto,11,147380.0,1621180.0,81059.0
TAQKXRS32U,2021-03-01,Servicios,Bogotá D.C.,Valor medio-alto,3,869500.0,2608500.0,130425.0
TAQKXRS32U,2021-04-01,Servicios,Bogotá D.C.,Valor medio-alto,1,869500.0,869500.0,43475.0
TAQKXRS32U,2021-05-01,Servicios,Bogotá D.C.,Valor medio-alto,1,869500.0,869500.0,43475.0
TB1M837LPR,2021-03-01,Comercio detallista,Bogotá D.C.,Valor medio-alto,1,83375.0,83375.0,4168.75
TB1M837LPR,2021-04-01,Comercio detallista,Bogotá D.C.,Valor medio-alto,2,83375.0,166750.0,8337.5
TB1M837LPR,2021-05-01,Comercio detallista,Bogotá D.C.,Valor medio-alto,1,83375.0,83375.0,4168.75
TB1UOOETGJ,2021-03-01,Reparación y limpieza,Bogotá D.C.,Valor medio-alto,16,159973.68421052632,2559578.947368421,127978.94736842107
TB1UOOETGJ,2021-05-01,Reparación y limpieza,Bogotá D.C.,Valor medio-alto,22,159973.68421052632,3519421.052631579,175971.05263157896
TBVPQMONLA,2021-03-01,Transporte,Cali,Valor medio,1,1000.0,1000.0,50.0
TCZWGLDUX8,2021-03-01,Comercio detallista,Bogotá D.C.,Valor medio-alto,8,79214.28571428571,633714.2857142857,31685.714285714286
TCZWGLDUX8,2021-04-01,Comercio detallista,Bogotá D.C.,Valor medio-alto,9,79214.28571428571,712928.5714285714,35646.42857142857
TCZWGLDUX8,2021-05-01,Comercio detallista,Bogotá D.C.,Valor medio-alto,11,79214.28571428571,871357.1428571428,43567.857142857145
TD4DFR9DJT,2021-03-01,Comercio detallista,Bogotá D.C.,Valor medio-alto,9,113423.72881355933,1020813.5593220339,51040.6779661017
TD4DFR9DJT,2021-04-01,Comercio detallista,Bogotá D.C.,Valor medio-alto,10,113423.72881355933,1134237.2881355933,56711.86440677967
TD4DFR9DJT,2021-05-01,Comercio detallista,Bogotá D.C.,Valor medio-alto,40,113423.72881355933,4536949.152542373,226847.45762711868
TDVGHAU1AU,2021-03-01,Comercio detallista,Bogotá D.C.,Valor medio-alto,2,267952.38095238095,535904.7619047619,26795.238095238095
TDVGHAU1AU,2021-04-01,Comercio detallista,Bogotá D.C.,Valor medio-alto,3,267952.38095238095,803857.1428571428,40192.857142857145
TDVGHAU1AU,2021-05-01,Comercio detallista,Bogotá D.C.,Valor medio-alto,16,267952.38095238095,4287238.095238095,214361.90476190476
TEFLZ69391,2021-01-01,Belleza y cuidado personal,Bogotá D.C.,Valor medio-alto,2,126573.17073170732,253146.34146341463,12657.317073170732
TEFLZ69391,2020-12-01,Belleza y cuidado personal,Bogotá D.C.,Valor medio-alto,1,126573.17073170732,126573.17073170732,6328.658536585366
TEFLZ69391,2021-02-01,Belleza y cuidado personal,Bogotá D.C.,Valor medio-alto,2,126573.17073170732,253146.34146341463,12657.317073170732
TEFLZ69391,2021-03-01,Belleza y cuidado personal,Bogotá D.C.,Valor medio-alto,18,126573.17073170732,2278317.073170732,113915.8536585366
TEFLZ69391,2021-04-01,Belleza y cuidado personal,Bogotá D.C.,Valor medio-alto,10,126573.17073170732,1265731.7073170731,63286.58536585366
TEFLZ69391,2021-05-01,Belleza y cuidado personal,Bogotá D.C.,Valor medio-alto,8,126573.17073170732,1012585.3658536585,50629.26829268293
TEWRPWPCRZ,2021-03-01,Comercio detallista,Bogotá D.C.,Valor medio-alto,5,339771.4285714286,1698857.142857143,84942.85714285716
TEWRPWPCRZ,2021-04-01,Comercio detallista,Bogotá D.C.,Valor medio-alto,1,339771.4285714286,339771.4285714286,16988.57142857143
TEWRPWPCRZ,2021-05-01,Comercio detallista,Bogotá D.C.,Valor medio-alto,1,339771.4285714286,339771.4285714286,16988.57142857143
TF51NUP0L0,2021-02-01,Comercio detallista,Bogotá D.C.,Valor medio-alto,5,690057.1428571428,3450285.714285714,172514.2857142857
TF51NUP0L0,2021-03-01,Comercio detallista,Bogotá D.C.,Valor medio-alto,7,690057.1428571428,4830400.0,241520.0
TF51NUP0L0,2021-04-01,Comercio detallista,Bogotá D.C.,Valor medio-alto,7,690057.1428571428,4830400.0,241520.0
TF51NUP0L0,2021-05-01,Comercio detallista,Bogotá D.C.,Valor medio-alto,9,690057.1428571428,6210514.285714285,310525.71428571426
TGSOPF694I,2021-03-01,Reparación y limpieza,Mosquera,Valor medio-alto,2,400673.6,801347.2,40067.36
TGSOPF694I,2021-04-01,Reparación y limpieza,Mosquera,Valor medio-alto,7,400673.6,2804715.1999999997,140235.75999999998
TGSOPF694I,2021-05-01,Reparación y limpieza,Mosquera,Valor medio-alto,1,400673.6,400673.6,20033.68
TGZ8O2005S,2021-01-01,Comercio detallista,Bogotá D.C.,Valor medio-alto,6,235250.0,1411500.0,70575.0
TGZ8O2005S,2021-02-01,Comercio detallista,Bogotá D.C.,Valor medio-alto,2,235250.0,470500.0,23525.0
THIPM8441Z,2021-03-01,Comercio detallista,Bogotá D.C.,Valor medio-alto,1,122123.66666666667,122123.66666666667,6106.183333333334
THIPM8441Z,2021-05-01,Comercio detallista,Bogotá D.C.,Valor medio-alto,5,122123.66666666667,610618.3333333334,30530.91666666667
THZBZ9IJOG,2021-03-01,Comercio detallista,Bogotá D.C.,Valor medio-alto,12,254783.33333333334,3057400.0,152870.0
TIFBK87HPS,2021-03-01,Comercio detallista,Bogotá D.C.,Valor medio,1,2000.0,2000.0,100.0
TJ46Q8YF3E,2021-03-01,Comercio detallista,Bogotá D.C.,Valor medio-alto,7,104276.19047619047,729933.3333333333,36496.666666666664
TJ46Q8YF3E,2021-04-01,Comercio detallista,Bogotá D.C.,Valor medio-alto,8,104276.19047619047,834209.5238095238,41710.47619047619
TJ46Q8YF3E,2021-05-01,Comercio detallista,Bogotá D.C.,Valor medio-alto,6,104276.19047619047,625657.1428571428,31282.857142857145
TJ6D1YO637,2021-02-01,Comercio detallista,Bogotá D.C.,Valor medio-alto,2,420816.17647058825,841632.3529411765,42081.617647058825
TJ6D1YO637,2021-03-01,Comercio detallista,Bogotá D.C.,Valor medio-alto,22,420816.17647058825,9257955.88235294,462897.79411764705
TJ6D1YO637,2021-04-01,Comercio detallista,Bogotá D.C.,Valor medio-alto,6,420816.17647058825,2524897.0588235296,126244.85294117649
TJ6D1YO637,2021-05-01,Comercio detallista,Bogotá D.C.,Valor medio-alto,4,420816.17647058825,1683264.705882353,84163.23529411765
TJFIYY6ILP,2021-03-01,Comercio detallista,Bogotá D.C.,Valor medio-alto,4,131181.81818181818,524727.2727272727,26236.363636363636
TJFIYY6ILP,2021-04-01,Comercio detallista,Bogotá D.C.,Valor medio-alto,2,131181.81818181818,262363.63636363635,13118.181818181818
TJFIYY6ILP,2021-05-01,Comercio detallista,Bogotá D.C.,Valor medio-alto,5,131181.81818181818,655909.0909090908,32795.454545454544
TJJOYVF9JP,2021-03-01,Comercio detallista,Bogotá D.C.,Valor medio-alto,3,155666.66666666666,467000.0,23350.0
TJJOYVF9JP,2021-04-01,Comercio detallista,Bogotá D.C.,Valor medio-alto,6,155666.66666666666,934000.0,46700.0
TJJOYVF9JP,2021-05-01,Comercio detallista,Bogotá D.C.,Valor medio-alto,12,155666.66666666666,1868000.0,93400.0
TJRIHECJ4R,2021-03-01,Comercio detallista,Bogotá D.C.,Valor medio-alto,3,667620.0,2002860.0,100143.0
TJRIHECJ4R,2021-05-01,Comercio detallista,Bogotá D.C.,Valor medio-alto,2,667620.0,1335240.0,66762.0
TJXCBUROGB,2021-03-01,Servicios,Bogotá D.C.,Valor medio-alto,2,390007.22222222225,780014.4444444445,39000.722222222226
TJXCBUROGB,2021-04-01,Servicios,Bogotá D.C.,Valor medio-alto,6,390007.22222222225,2340043.3333333335,117002.16666666669
TJXCBUROGB,2021-05-01,Servicios,Bogotá D.C.,Valor medio-alto,1,390007.22222222225,390007.22222222225,19500.361111111113
TKJRIFMIXE,2020-12-01,Servicios,Bogotá D.C.,Valor medio,3,1779000.0,5337000.0,266850.0
TL51GXCW9C,2021-02-01,Comercio detallista,Bogotá D.C.,Valor medio-alto,9,141500.0,1273500.0,63675.0
TL51GXCW9C,2021-03-01,Comercio detallista,Bogotá D.C.,Valor medio-alto,4,141500.0,566000.0,28300.0
TL51GXCW9C,2021-05-01,Comercio detallista,Bogotá D.C.,Valor medio-alto,1,141500.0,141500.0,7075.0
TLLKQGW59L,2021-03-01,Comercio detallista,Funza,Valor medio-alto,2,23000.0,46000.0,2300.0
TLLKQGW59L,2021-04-01,Comercio detallista,Funza,Valor medio-alto,1,23000.0,23000.0,1150.0
TLLKQGW59L,2021-05-01,Comercio detallista,Funza,Valor medio-alto,1,23000.0,23000.0,1150.0
TLPTK771KH,2021-03-01,Comercio detallista,Bogotá D.C.,Valor medio-alto,5,98812.5,494062.5,24703.125
TLPTK771KH,2021-04-01,Comercio detallista,Bogotá D.C.,Valor medio-alto,4,98812.5,395250.0,19762.5
TLPTK771KH,2021-05-01,Comercio detallista,Bogotá D.C.,Valor medio-alto,7,98812.5,691687.5,34584.375
TLX916FDJU,2021-03-01,Comercio detallista,Bogotá D.C.,Valor medio-alto,1,94272.72727272728,94272.72727272728,4713.636363636364
TLX916FDJU,2021-04-01,Comercio detallista,Bogotá D.C.,Valor medio-alto,2,94272.72727272728,188545.45454545456,9427.272727272728
TLX916FDJU,2021-05-01,Comercio detallista,Bogotá D.C.,Valor medio-alto,8,94272.72727272728,754181.8181818182,37709.09090909091
TMJ1ZUBQMF,2021-03-01,Turismo y entretenimiento,Bogotá D.C.,Valor medio,2,263500.0,527000.0,26350.0
TN521SU4X8,2021-03-01,Servicios,Soacha,Valor medio-alto,7,1337618.1818181819,9363327.272727273,468166.3636363637
TN521SU4X8,2021-05-01,Servicios,Soacha,Valor medio-alto,4,1337618.1818181819,5350472.7272727275,267523.6363636364
TNR700NHWW,2021-03-01,Comercio detallista,Bogotá D.C.,Valor medio-alto,2,329442.85714285716,658885.7142857143,32944.28571428572
TNR700NHWW,2021-04-01,Comercio detallista,Bogotá D.C.,Valor medio-alto,5,329442.85714285716,1647214.285714286,82360.7142857143
TNR700NHWW,2021-05-01,Comercio detallista,Bogotá D.C.,Valor medio-alto,7,329442.85714285716,2306100.0,115305.0
TNTRQGEFKT,2021-01-01,Comercio detallista,Soacha,Valor medio-alto,3,480621.96,1441865.8800000001,72093.29400000001
TNTRQGEFKT,2021-02-01,Comercio detallista,Soacha,Valor medio-alto,3,480621.96,1441865.8800000001,72093.29400000001
TNTRQGEFKT,2021-03-01,Comercio detallista,Soacha,Valor medio-alto,7,480621.96,3364353.72,168217.68600000002
TNTRQGEFKT,2021-04-01,Comercio detallista,Soacha,Valor medio-alto,7,480621.96,3364353.72,168217.68600000002
TNTRQGEFKT,2021-05-01,Comercio detallista,Soacha,Valor medio-alto,5,480621.96,2403109.8000000003,120155.49000000002
TORKEZQN2F,2021-03-01,Alimentos y bebidas,Cota,Valor alto,52,29787.037037037036,1548925.9259259258,77446.29629629629
TORKEZQN2F,2021-04-01,Alimentos y bebidas,Cota,Valor alto,2,29787.037037037036,59574.07407407407,2978.703703703704
TOUPYTP2LT,2021-03-01,Servicios,Bogotá D.C.,Valor medio,1,17333.333333333332,17333.333333333332,866.6666666666666
TOUPYTP2LT,2021-04-01,Servicios,Bogotá D.C.,Valor medio,2,17333.333333333332,34666.666666666664,1733.3333333333333
TOX3EIK8Y8,2021-03-01,Comercio detallista,Bogotá D.C.,Valor medio-alto,8,184920.0,1479360.0,73968.0
TOX3EIK8Y8,2021-04-01,Comercio detallista,Bogotá D.C.,Valor medio-alto,1,184920.0,184920.0,9246.0
TOX3EIK8Y8,2021-05-01,Comercio detallista,Bogotá D.C.,Valor medio-alto,1,184920.0,184920.0,9246.0
TQ1RPUNQK8,2021-03-01,Belleza y cuidado personal,Bogotá D.C.,Valor medio,3,17200.0,51600.0,2580.0
TQ1RPUNQK8,2021-04-01,Belleza y cuidado personal,Bogotá D.C.,Valor medio,2,17200.0,34400.0,1720.0
TQBGMQEQ7U,2021-03-01,Alimentos y bebidas,Bogotá D.C.,Valor medio-alto,40,35688.76404494382,1427550.5617977527,71377.52808988764
TQBGMQEQ7U,2021-04-01,Alimentos y bebidas,Bogotá D.C.,Valor medio-alto,64,35688.76404494382,2284080.8988764044,114204.04494382022
TQBGMQEQ7U,2021-05-01,Alimentos y bebidas,Bogotá D.C.,Valor medio-alto,74,35688.76404494382,2640968.5393258426,132048.42696629214
TQXLCK2ZVT,2021-03-01,Comercio detallista,Bogotá D.C.,Valor medio-alto,7,315844.44444444444,2210911.111111111,110545.55555555556
TQXLCK2ZVT,2021-04-01,Comercio detallista,Bogotá D.C.,Valor medio-alto,7,315844.44444444444,2210911.111111111,110545.55555555556
TQXLCK2ZVT,2021-05-01,Comercio detallista,Bogotá D.C.,Valor medio-alto,13,315844.44444444444,4105977.7777777775,205298.88888888888
TR44AQ77V6,2021-03-01,Comercio detallista,Bogotá D.C.,Valor medio-alto,1,220666.66666666666,220666.66666666666,11033.333333333334
TR44AQ77V6,2021-05-01,Comercio detallista,Bogotá D.C.,Valor medio-alto,2,220666.66666666666,441333.3333333333,22066.666666666668
TRARJ9HF15,2021-02-01,Comercio detallista,Bogotá D.C.,Valor medio-alto,2,350692.3076923077,701384.6153846154,35069.23076923077
TRARJ9HF15,2021-03-01,Comercio detallista,Bogotá D.C.,Valor medio-alto,5,350692.3076923077,1753461.5384615385,87673.07692307694
TRARJ9HF15,2021-04-01,Comercio detallista,Bogotá D.C.,Valor medio-alto,6,350692.3076923077,2104153.846153846,105207.69230769231
TRARJ9HF15,2021-05-01,Comercio detallista,Bogotá D.C.,Valor medio-alto,13,350692.3076923077,4559000.0,227950.0
TRONLEEJSX,2021-01-01,Belleza y cuidado personal,Bogotá D.C.,Valor medio-alto,2,71718.24561403508,143436.49122807017,7171.824561403509
TRONLEEJSX,2021-02-01,Belleza y cuidado personal,Bogotá D.C.,Valor medio-alto,12,71718.24561403508,860618.947368421,43030.94736842105
TRONLEEJSX,2021-03-01,Belleza y cuidado personal,Bogotá D.C.,Valor medio-alto,14,71718.24561403508,1004055.4385964912,50202.771929824565
TRONLEEJSX,2021-04-01,Belleza y cuidado personal,Bogotá D.C.,Valor medio-alto,12,71718.24561403508,860618.947368421,43030.94736842105
TRONLEEJSX,2021-05-01,Belleza y cuidado personal,Bogotá D.C.,Valor medio-alto,17,71718.24561403508,1219210.1754385964,60960.508771929824
TRUQXV70BK,2021-01-01,Comercio detallista,Bogotá D.C.,Valor medio-alto,1,280333.3333333333,280333.3333333333,14016.666666666666
TRUQXV70BK,2020-12-01,Comercio detallista,Bogotá D.C.,Valor medio-alto,2,280333.3333333333,560666.6666666666,28033.333333333332
TRUQXV70BK,2021-02-01,Comercio detallista,Bogotá D.C.,Valor medio-alto,1,280333.3333333333,280333.3333333333,14016.666666666666
TRUQXV70BK,2021-03-01,Comercio detallista,Bogotá D.C.,Valor medio-alto,1,280333.3333333333,280333.3333333333,14016.666666666666
TRUQXV70BK,2021-04-01,Comercio detallista,Bogotá D.C.,Valor medio-alto,1,280333.3333333333,280333.3333333333,14016.666666666666
TS9YBCNEC8,2021-03-01,Comercio detallista,Bogotá D.C.,Valor medio-alto,7,58789.28571428572,411525.0,20576.25
TS9YBCNEC8,2021-04-01,Comercio detallista,Bogotá D.C.,Valor medio-alto,8,58789.28571428572,470314.28571428574,23515.71428571429
TS9YBCNEC8,2021-05-01,Comercio detallista,Bogotá D.C.,Valor medio-alto,13,58789.28571428572,764260.7142857143,38213.03571428572
TSQC1NMCVX,2021-03-01,Servicios,Bogotá D.C.,Valor medio-alto,1,72500.0,72500.0,3625.0
TSQC1NMCVX,2021-05-01,Servicios,Bogotá D.C.,Valor medio-alto,1,72500.0,72500.0,3625.0
TSRB7O4OAT,2021-03-01,Comercio detallista,Bogotá D.C.,Valor medio-alto,1,457500.0,457500.0,22875.0
TSRB7O4OAT,2021-04-01,Comercio detallista,Bogotá D.C.,Valor medio-alto,2,457500.0,915000.0,45750.0
TSRB7O4OAT,2021-05-01,Comercio detallista,Bogotá D.C.,Valor medio-alto,3,457500.0,1372500.0,68625.0
TT8MZH9Z31,2021-03-01,Turismo y entretenimiento,Bogotá D.C.,Valor medio,1,2000.0,2000.0,100.0
TTVSQ2JCGI,2021-03-01,Alimentos y bebidas,Bogotá D.C.,Valor medio-alto,13,67912.06896551725,882856.8965517242,44142.84482758621
TTVSQ2JCGI,2021-04-01,Alimentos y bebidas,Bogotá D.C.,Valor medio-alto,5,67912.06896551725,339560.3448275862,16978.01724137931
TTVSQ2JCGI,2021-05-01,Alimentos y bebidas,Bogotá D.C.,Valor medio-alto,11,67912.06896551725,747032.7586206897,37351.637931034486
TUHQEIK3UF,2021-03-01,Servicios,Bogotá D.C.,Valor medio-alto,6,489006.8965517241,2934041.379310345,146702.06896551725
TUHQEIK3UF,2021-04-01,Servicios,Bogotá D.C.,Valor medio-alto,4,489006.8965517241,1956027.5862068965,97801.37931034483
TUHQEIK3UF,2021-05-01,Servicios,Bogotá D.C.,Valor medio-alto,19,489006.8965517241,9291131.034482758,464556.551724138
TUIXI71RXM,2021-01-01,Comercio detallista,Soacha,Valor medio-alto,4,167636.36363636365,670545.4545454546,33527.27272727273
TUIXI71RXM,2021-02-01,Comercio detallista,Soacha,Valor medio-alto,1,167636.36363636365,167636.36363636365,8381.818181818182
TUIXI71RXM,2021-03-01,Comercio detallista,Soacha,Valor medio-alto,2,167636.36363636365,335272.7272727273,16763.636363636364
TUIXI71RXM,2021-04-01,Comercio detallista,Soacha,Valor medio-alto,4,167636.36363636365,670545.4545454546,33527.27272727273
TUOJCUB9FF,2021-03-01,Belleza y cuidado personal,Bogotá D.C.,Valor medio-alto,2,618250.0,1236500.0,61825.0
TUOJCUB9FF,2021-04-01,Belleza y cuidado personal,Bogotá D.C.,Valor medio-alto,3,618250.0,1854750.0,92737.5
TUOJCUB9FF,2021-05-01,Belleza y cuidado personal,Bogotá D.C.,Valor medio-alto,11,618250.0,6800750.0,340037.5
TUPODMK9SX,2021-01-01,Servicios,Bogotá D.C.,Valor medio-alto,5,538941.1764705882,2694705.8823529407,134735.29411764705
TUPODMK9SX,2021-02-01,Servicios,Bogotá D.C.,Valor medio-alto,6,538941.1764705882,3233647.058823529,161682.35294117648
TUPODMK9SX,2021-03-01,Servicios,Bogotá D.C.,Valor medio-alto,3,538941.1764705882,1616823.5294117646,80841.17647058824
TUPODMK9SX,2021-05-01,Servicios,Bogotá D.C.,Valor medio-alto,3,538941.1764705882,1616823.5294117646,80841.17647058824
TV6FHFMDOT,2021-03-01,Comercio detallista,Bogotá D.C.,Valor medio-alto,32,119142.3469387755,3812555.102040816,190627.75510204083
TV6FHFMDOT,2021-04-01,Comercio detallista,Bogotá D.C.,Valor medio-alto,19,119142.3469387755,2263704.5918367347,113185.22959183675
TV6FHFMDOT,2021-05-01,Comercio detallista,Bogotá D.C.,Valor medio-alto,47,119142.3469387755,5599690.306122448,279984.5153061224
TVIVZU2TQB,2021-03-01,Comercio detallista,Bogotá D.C.,Valor medio-alto,2,335500.0,671000.0,33550.0
TVIVZU2TQB,2021-04-01,Comercio detallista,Bogotá D.C.,Valor medio-alto,9,335500.0,3019500.0,150975.0
TVIVZU2TQB,2021-05-01,Comercio detallista,Bogotá D.C.,Valor medio-alto,5,335500.0,1677500.0,83875.0
TYGDV3DFKZ,2021-03-01,Comercio detallista,Bogotá D.C.,Valor medio-alto,3,47800.0,143400.0,7170.0
TYGDV3DFKZ,2021-04-01,Comercio detallista,Bogotá D.C.,Valor medio-alto,1,47800.0,47800.0,2390.0
TYGDV3DFKZ,2021-05-01,Comercio detallista,Bogotá D.C.,Valor medio-alto,6,47800.0,286800.0,14340.0
TYH7ACEGFK,2021-03-01,Comercio detallista,Bogotá D.C.,Valor medio-alto,2,417910.0,835820.0,41791.0
TYH7ACEGFK,2021-05-01,Comercio detallista,Bogotá D.C.,Valor medio-alto,8,417910.0,3343280.0,167164.0
TYJAI2F35M,2021-02-01,Comercio detallista,Bogotá D.C.,Valor medio-alto,3,407555.55555555556,1222666.6666666667,61133.33333333334
TYJAI2F35M,2021-03-01,Comercio detallista,Bogotá D.C.,Valor medio-alto,8,407555.55555555556,3260444.4444444445,163022.22222222225
TYJAI2F35M,2021-04-01,Comercio detallista,Bogotá D.C.,Valor medio-alto,2,407555.55555555556,815111.1111111111,40755.55555555556
TYJAI2F35M,2021-05-01,Comercio detallista,Bogotá D.C.,Valor medio-alto,5,407555.55555555556,2037777.7777777778,101888.88888888889
TYWXW8MHZ8,2021-03-01,Alimentos y bebidas,Bogotá D.C.,Valor medio-alto,2,17875.0,35750.0,1787.5
TYWXW8MHZ8,2021-04-01,Alimentos y bebidas,Bogotá D.C.,Valor medio-alto,1,17875.0,17875.0,893.75
TYWXW8MHZ8,2021-05-01,Alimentos y bebidas,Bogotá D.C.,Valor medio-alto,1,17875.0,17875.0,893.75
TZ5718UIVI,2021-02-01,Comercio detallista,Bogotá D.C.,Valor medio-alto,1,260090.9090909091,260090.9090909091,13004.545454545456
TZ5718UIVI,2021-03-01,Comercio detallista,Bogotá D.C.,Valor medio-alto,4,260090.9090909091,1040363.6363636364,52018.18181818182
TZ5718UIVI,2021-04-01,Comercio detallista,Bogotá D.C.,Valor medio-alto,1,260090.9090909091,260090.9090909091,13004.545454545456
TZ5718UIVI,2021-05-01,Comercio detallista,Bogotá D.C.,Valor medio-alto,5,260090.9090909091,1300454.5454545454,65022.72727272727
TZDSZSLX54,2021-03-01,Comercio detallista,Bogotá D.C.,Valor medio-alto,2,75500.0,151000.0,7550.0
TZDSZSLX54,2021-04-01,Comercio detallista,Bogotá D.C.,Valor medio-alto,1,75500.0,75500.0,3775.0
TZDSZSLX54,2021-05-01,Comercio detallista,Bogotá D.C.,Valor medio-alto,1,75500.0,75500.0,3775.0
TZFMI8IOPD,2021-03-01,Comercio detallista,Bogotá D.C.,Valor medio-alto,1,178340.0,178340.0,8917.0
TZFMI8IOPD,2021-04-01,Comercio detallista,Bogotá D.C.,Valor medio-alto,5,178340.0,891700.0,44585.0
TZFMI8IOPD,2021-05-01,Comercio detallista,Bogotá D.C.,Valor medio-alto,4,178340.0,713360.0,35668.0
TZM2W5H1TL,2021-03-01,Comercio detallista,Bogotá D.C.,Valor medio-alto,1,201000.0,201000.0,10050.0
TZM2W5H1TL,2021-04-01,Comercio detallista,Bogotá D.C.,Valor medio-alto,1,201000.0,201000.0,10050.0
U08S6EFFJD,2021-02-01,Comercio detallista,Floridablanca,Valor medio-alto,2,828000.0,1656000.0,82800.0
U08S6EFFJD,2021-03-01,Comercio detallista,Floridablanca,Valor medio-alto,2,828000.0,1656000.0,82800.0
U0E32Q2V7R,2021-02-01,Belleza y cuidado personal,Bogotá D.C.,Valor medio,1,2000.0,2000.0,100.0
U1AN8ZI8PQ,2021-03-01,Comercio detallista,Fusagasugá,Valor medio-alto,1,142000.0,142000.0,7100.0
U1AN8ZI8PQ,2021-05-01,Comercio detallista,Fusagasugá,Valor medio-alto,3,142000.0,426000.0,21300.0
U2F47BV909,2021-03-01,Servicios,Bogotá D.C.,Valor medio-alto,2,956500.0,1913000.0,95650.0
U2F47BV909,2021-04-01,Servicios,Bogotá D.C.,Valor medio-alto,1,956500.0,956500.0,47825.0
U2F47BV909,2021-05-01,Servicios,Bogotá D.C.,Valor medio-alto,1,956500.0,956500.0,47825.0
U32UJILHDJ,2021-03-01,Comercio detallista,Bogotá D.C.,Valor medio-alto,1,90300.0,90300.0,4515.0
U32UJILHDJ,2021-05-01,Comercio detallista,Bogotá D.C.,Valor medio-alto,1,90300.0,90300.0,4515.0
U346XAJGLR,2021-03-01,Comercio detallista,Bogotá D.C.,Valor medio-alto,11,167500.0,1842500.0,92125.0
U346XAJGLR,2021-04-01,Comercio detallista,Bogotá D.C.,Valor medio-alto,4,167500.0,670000.0,33500.0
U346XAJGLR,2021-05-01,Comercio detallista,Bogotá D.C.,Valor medio-alto,9,167500.0,1507500.0,75375.0
U37LXH6F8S,2021-02-01,Comercio detallista,Bogotá D.C.,Valor medio,1,2000.0,2000.0,100.0
U3P5YAHURZ,2021-03-01,Comercio detallista,Bogotá D.C.,Valor medio-alto,1,570481.4814814815,570481.4814814815,28524.074074074073
U3P5YAHURZ,2021-04-01,Comercio detallista,Bogotá D.C.,Valor medio-alto,12,570481.4814814815,6845777.777777778,342288.88888888893
U3P5YAHURZ,2021-05-01,Comercio detallista,Bogotá D.C.,Valor medio-alto,14,570481.4814814815,7986740.740740741,399337.0370370371
U3UKTMMERT,2021-03-01,Turismo y entretenimiento,Bogotá D.C.,Valor medio-alto,2,107000.0,214000.0,10700.0
U3UKTMMERT,2021-05-01,Turismo y entretenimiento,Bogotá D.C.,Valor medio-alto,1,107000.0,107000.0,5350.0
U47LAMPNXT,2021-03-01,Comercio detallista,Bogotá D.C.,Valor medio-alto,1,213000.0,213000.0,10650.0
U47LAMPNXT,2021-04-01,Comercio detallista,Bogotá D.C.,Valor medio-alto,4,213000.0,852000.0,42600.0
U47LAMPNXT,2021-05-01,Comercio detallista,Bogotá D.C.,Valor medio-alto,4,213000.0,852000.0,42600.0
U4IL4810TY,2021-03-01,Comercio detallista,Bogotá D.C.,Valor medio-alto,4,1295400.0,5181600.0,259080.0
U4IL4810TY,2021-04-01,Comercio detallista,Bogotá D.C.,Valor medio-alto,1,1295400.0,1295400.0,64770.0
U4IL4810TY,2021-05-01,Comercio detallista,Bogotá D.C.,Valor medio-alto,5,1295400.0,6477000.0,323850.0
U537Q5B619,2021-01-01,Belleza y cuidado personal,Bogotá D.C.,Valor medio-alto,22,123099.21933085502,2708182.82527881,135409.14126394052
U537Q5B619,2020-12-01,Belleza y cuidado personal,Bogotá D.C.,Valor medio-alto,18,123099.21933085502,2215785.9479553904,110789.29739776952
U537Q5B619,2021-02-01,Belleza y cuidado personal,Bogotá D.C.,Valor medio-alto,39,123099.21933085502,4800869.553903346,240043.4776951673
U537Q5B619,2021-03-01,Belleza y cuidado personal,Bogotá D.C.,Valor medio-alto,75,123099.21933085502,9232441.449814126,461622.07249070634
U537Q5B619,2021-04-01,Belleza y cuidado personal,Bogotá D.C.,Valor medio-alto,35,123099.21933085502,4308472.676579925,215423.63382899627
U537Q5B619,2021-05-01,Belleza y cuidado personal,Bogotá D.C.,Valor medio-alto,80,123099.21933085502,9847937.546468401,492396.8773234201
U53P530MSH,2021-03-01,Alimentos y bebidas,Cota,Valor medio-alto,8,98973.07692307692,791784.6153846154,39589.23076923077
U53P530MSH,2021-04-01,Alimentos y bebidas,Cota,Valor medio-alto,3,98973.07692307692,296919.23076923075,14845.961538461539
U53P530MSH,2021-05-01,Alimentos y bebidas,Cota,Valor medio-alto,15,98973.07692307692,1484596.1538461538,74229.80769230769
U5G2MD72PI,2021-03-01,Belleza y cuidado personal,Yumbo,Valor medio-alto,3,30927.272727272728,92781.81818181818,4639.090909090909
U5G2MD72PI,2021-04-01,Belleza y cuidado personal,Yumbo,Valor medio-alto,3,30927.272727272728,92781.81818181818,4639.090909090909
U5G2MD72PI,2021-05-01,Belleza y cuidado personal,Yumbo,Valor medio-alto,5,30927.272727272728,154636.36363636365,7731.818181818183
U5GKM0CV0Y,2021-01-01,Servicios,Bogotá D.C.,Valor medio,1,2000.0,2000.0,100.0
U7RF1GKNXK,2021-03-01,Comercio detallista,Bogotá D.C.,Valor medio-alto,2,254000.0,508000.0,25400.0
U7RF1GKNXK,2021-04-01,Comercio detallista,Bogotá D.C.,Valor medio-alto,3,254000.0,762000.0,38100.0
U7RF1GKNXK,2021-05-01,Comercio detallista,Bogotá D.C.,Valor medio-alto,4,254000.0,1016000.0,50800.0
U87HNFXQL0,2021-02-01,Comercio detallista,Bogotá D.C.,Valor medio-alto,7,88428.57142857143,619000.0,30950.0
U87HNFXQL0,2021-03-01,Comercio detallista,Bogotá D.C.,Valor medio-alto,1,88428.57142857143,88428.57142857143,4421.428571428572
U87HNFXQL0,2021-04-01,Comercio detallista,Bogotá D.C.,Valor medio-alto,3,88428.57142857143,265285.7142857143,13264.285714285717
U87HNFXQL0,2021-05-01,Comercio detallista,Bogotá D.C.,Valor medio-alto,3,88428.57142857143,265285.7142857143,13264.285714285717
U8S82E7WL8,2021-03-01,Reparación y limpieza,Bogotá D.C.,Valor medio-alto,1,365090.9090909091,365090.9090909091,18254.545454545456
U8S82E7WL8,2021-04-01,Reparación y limpieza,Bogotá D.C.,Valor medio-alto,3,365090.9090909091,1095272.7272727273,54763.63636363637
U8S82E7WL8,2021-05-01,Reparación y limpieza,Bogotá D.C.,Valor medio-alto,7,365090.9090909091,2555636.3636363638,127781.81818181819
U9AD7ZN0GD,2021-01-01,Comercio detallista,Bogotá D.C.,Valor medio-alto,5,263202.7027027027,1316013.5135135136,65800.67567567568
U9AD7ZN0GD,2021-02-01,Comercio detallista,Bogotá D.C.,Valor medio-alto,10,263202.7027027027,2632027.027027027,131601.35135135136
U9AD7ZN0GD,2021-03-01,Comercio detallista,Bogotá D.C.,Valor medio-alto,7,263202.7027027027,1842418.918918919,92120.94594594596
U9AD7ZN0GD,2021-04-01,Comercio detallista,Bogotá D.C.,Valor medio-alto,7,263202.7027027027,1842418.918918919,92120.94594594596
U9AD7ZN0GD,2021-05-01,Comercio detallista,Bogotá D.C.,Valor medio-alto,8,263202.7027027027,2105621.621621622,105281.0810810811
U9QUEW1DE8,2021-02-01,Comercio detallista,Bogotá D.C.,Valor medio-alto,4,662000.0,2648000.0,132400.0
U9QUEW1DE8,2021-03-01,Comercio detallista,Bogotá D.C.,Valor medio-alto,1,662000.0,662000.0,33100.0
U9QUEW1DE8,2021-04-01,Comercio detallista,Bogotá D.C.,Valor medio-alto,1,662000.0,662000.0,33100.0
U9QUEW1DE8,2021-05-01,Comercio detallista,Bogotá D.C.,Valor medio-alto,3,662000.0,1986000.0,99300.0
U9RKIBIXL9,2021-03-01,Comercio detallista,El Rosal,Valor medio-alto,3,619920.0,1859760.0,92988.0
U9RKIBIXL9,2021-04-01,Comercio detallista,El Rosal,Valor medio-alto,1,619920.0,619920.0,30996.0
U9RKIBIXL9,2021-05-01,Comercio detallista,El Rosal,Valor medio-alto,1,619920.0,619920.0,30996.0
UAV5950XUT,2021-02-01,Servicios,Bogotá D.C.,Valor medio-alto,1,362333.3333333333,362333.3333333333,18116.666666666668
UAV5950XUT,2021-03-01,Servicios,Bogotá D.C.,Valor medio-alto,1,362333.3333333333,362333.3333333333,18116.666666666668
UAV5950XUT,2021-04-01,Servicios,Bogotá D.C.,Valor medio-alto,1,362333.3333333333,362333.3333333333,18116.666666666668
UBUL5G9QWK,2021-03-01,Comercio detallista,Bogotá D.C.,Valor medio-alto,20,260333.33333333334,5206666.666666667,260333.33333333337
UBUL5G9QWK,2021-04-01,Comercio detallista,Bogotá D.C.,Valor medio-alto,9,260333.33333333334,2343000.0,117150.0
UBUL5G9QWK,2021-05-01,Comercio detallista,Bogotá D.C.,Valor medio-alto,13,260333.33333333334,3384333.3333333335,169216.6666666667
UE5XR6TUU8,2021-01-01,Servicios,Bogotá D.C.,Valor medio-alto,9,279275.0,2513475.0,125673.75
UE5XR6TUU8,2020-12-01,Servicios,Bogotá D.C.,Valor medio-alto,5,279275.0,1396375.0,69818.75
UE5XR6TUU8,2021-02-01,Servicios,Bogotá D.C.,Valor medio-alto,5,279275.0,1396375.0,69818.75
UE5XR6TUU8,2021-03-01,Servicios,Bogotá D.C.,Valor medio-alto,6,279275.0,1675650.0,83782.5
UE5XR6TUU8,2021-04-01,Servicios,Bogotá D.C.,Valor medio-alto,3,279275.0,837825.0,41891.25
UE5XR6TUU8,2021-05-01,Servicios,Bogotá D.C.,Valor medio-alto,12,279275.0,3351300.0,167565.0
UEKHHAQM6C,2021-01-01,Comercio detallista,Soacha,Valor medio-alto,18,222151.8987341772,3998734.1772151897,199936.7088607595
UEKHHAQM6C,2020-12-01,Comercio detallista,Soacha,Valor medio-alto,7,222151.8987341772,1555063.2911392404,77753.16455696202
UEKHHAQM6C,2021-02-01,Comercio detallista,Soacha,Valor medio-alto,11,222151.8987341772,2443670.8860759493,122183.54430379748
UEKHHAQM6C,2021-03-01,Comercio detallista,Soacha,Valor medio-alto,18,222151.8987341772,3998734.1772151897,199936.7088607595
UEKHHAQM6C,2021-04-01,Comercio detallista,Soacha,Valor medio-alto,17,222151.8987341772,3776582.278481012,188829.11392405062
UEKHHAQM6C,2021-05-01,Comercio detallista,Soacha,Valor medio-alto,8,222151.8987341772,1777215.1898734176,88860.75949367089
UEKNJAWTGC,2021-03-01,Comercio detallista,Bogotá D.C.,Valor medio-alto,2,141231.11111111112,282462.22222222225,14123.111111111113
UEKNJAWTGC,2021-04-01,Comercio detallista,Bogotá D.C.,Valor medio-alto,3,141231.11111111112,423693.3333333334,21184.66666666667
UEKNJAWTGC,2021-05-01,Comercio detallista,Bogotá D.C.,Valor medio-alto,4,141231.11111111112,564924.4444444445,28246.222222222226
UETUTTI18Z,2021-02-01,Belleza y cuidado personal,Bogotá D.C.,Valor medio-alto,9,44531.25,400781.25,20039.0625
UETUTTI18Z,2021-03-01,Belleza y cuidado personal,Bogotá D.C.,Valor medio-alto,5,44531.25,222656.25,11132.8125
UETUTTI18Z,2021-04-01,Belleza y cuidado personal,Bogotá D.C.,Valor medio-alto,6,44531.25,267187.5,13359.375
UETUTTI18Z,2021-05-01,Belleza y cuidado personal,Bogotá D.C.,Valor medio-alto,12,44531.25,534375.0,26718.75
UGYWIWTOVJ,2021-03-01,Comercio detallista,Bogotá D.C.,Valor medio,1,71000.0,71000.0,3550.0
UGYWIWTOVJ,2021-04-01,Comercio detallista,Bogotá D.C.,Valor medio,1,71000.0,71000.0,3550.0
UH82NZ6FSY,2021-03-01,Comercio detallista,Bogotá D.C.,Valor medio-alto,1,234333.33333333334,234333.33333333334,11716.666666666668
UH82NZ6FSY,2021-04-01,Comercio detallista,Bogotá D.C.,Valor medio-alto,1,234333.33333333334,234333.33333333334,11716.666666666668
UH82NZ6FSY,2021-05-01,Comercio detallista,Bogotá D.C.,Valor medio-alto,1,234333.33333333334,234333.33333333334,11716.666666666668
UHNGL1T643,2021-03-01,Comercio detallista,Bogotá D.C.,Valor medio-alto,1,80750.0,80750.0,4037.5
UHNGL1T643,2021-04-01,Comercio detallista,Bogotá D.C.,Valor medio-alto,1,80750.0,80750.0,4037.5
UHNGL1T643,2021-05-01,Comercio detallista,Bogotá D.C.,Valor medio-alto,6,80750.0,484500.0,24225.0
UI79Z1AX58,2021-03-01,Comercio detallista,Bogotá D.C.,Valor medio-alto,2,159729.66666666666,319459.3333333333,15972.966666666667
UI79Z1AX58,2021-04-01,Comercio detallista,Bogotá D.C.,Valor medio-alto,9,159729.66666666666,1437567.0,71878.35
UI79Z1AX58,2021-05-01,Comercio detallista,Bogotá D.C.,Valor medio-alto,7,159729.66666666666,1118107.6666666665,55905.38333333333
UI9M67FWGK,2021-02-01,Reparación y limpieza,Bogotá D.C.,Valor medio-alto,2,976372.2222222222,1952744.4444444445,97637.22222222223
UI9M67FWGK,2021-03-01,Reparación y limpieza,Bogotá D.C.,Valor medio-alto,2,976372.2222222222,1952744.4444444445,97637.22222222223
UI9M67FWGK,2021-04-01,Reparación y limpieza,Bogotá D.C.,Valor medio-alto,4,976372.2222222222,3905488.888888889,195274.44444444447
UI9M67FWGK,2021-05-01,Reparación y limpieza,Bogotá D.C.,Valor medio-alto,1,976372.2222222222,976372.2222222222,48818.61111111112
UIYU8X51PT,2021-03-01,Comercio detallista,Bogotá D.C.,Valor medio-alto,10,186529.41176470587,1865294.1176470588,93264.70588235295
UIYU8X51PT,2021-04-01,Comercio detallista,Bogotá D.C.,Valor medio-alto,3,186529.41176470587,559588.2352941176,27979.41176470588
UIYU8X51PT,2021-05-01,Comercio detallista,Bogotá D.C.,Valor medio-alto,4,186529.41176470587,746117.6470588235,37305.882352941175
UJ2G9FON6U,2021-03-01,Comercio detallista,Bogotá D.C.,Valor medio-alto,15,91518.51851851853,1372777.777777778,68638.8888888889
UJ2G9FON6U,2021-04-01,Comercio detallista,Bogotá D.C.,Valor medio-alto,13,91518.51851851853,1189740.740740741,59487.03703703705
UJ2G9FON6U,2021-05-01,Comercio detallista,Bogotá D.C.,Valor medio-alto,26,91518.51851851853,2379481.481481482,118974.0740740741
UJOFZO187R,2021-01-01,Servicios,Pereira,Valor medio-alto,1,1068630.7692307692,1068630.7692307692,53431.53846153847
UJOFZO187R,2020-12-01,Servicios,Pereira,Valor medio-alto,2,1068630.7692307692,2137261.5384615385,106863.07692307694
UJOFZO187R,2021-02-01,Servicios,Pereira,Valor medio-alto,3,1068630.7692307692,3205892.307692308,160294.6153846154
UJOFZO187R,2021-03-01,Servicios,Pereira,Valor medio-alto,3,1068630.7692307692,3205892.307692308,160294.6153846154
UJOFZO187R,2021-04-01,Servicios,Pereira,Valor medio-alto,2,1068630.7692307692,2137261.5384615385,106863.07692307694
UJOFZO187R,2021-05-01,Servicios,Pereira,Valor medio-alto,2,1068630.7692307692,2137261.5384615385,106863.07692307694
UKADXWRCZP,2021-02-01,Comercio detallista,Bogotá D.C.,Valor medio-alto,18,417253.9682539682,7510571.428571428,375528.5714285714
UKADXWRCZP,2021-03-01,Comercio detallista,Bogotá D.C.,Valor medio-alto,13,417253.9682539682,5424301.587301587,271215.07936507935
UKADXWRCZP,2021-04-01,Comercio detallista,Bogotá D.C.,Valor medio-alto,15,417253.9682539682,6258809.523809523,312940.47619047615
UKADXWRCZP,2021-05-01,Comercio detallista,Bogotá D.C.,Valor medio-alto,17,417253.9682539682,7093317.46031746,354665.873015873
UKP28GSQK7,2021-03-01,Comercio detallista,Bogotá D.C.,Valor medio-alto,1,190750.0,190750.0,9537.5
UKP28GSQK7,2021-04-01,Comercio detallista,Bogotá D.C.,Valor medio-alto,1,190750.0,190750.0,9537.5
UKP28GSQK7,2021-05-01,Comercio detallista,Bogotá D.C.,Valor medio-alto,2,190750.0,381500.0,19075.0
ULQ6BQVYKA,2021-01-01,Belleza y cuidado personal,Bogotá D.C.,Valor medio-alto,9,421271.2291666667,3791441.0625,189572.053125
ULQ6BQVYKA,2020-12-01,Belleza y cuidado personal,Bogotá D.C.,Valor medio-alto,5,421271.2291666667,2106356.1458333335,105317.80729166669
ULQ6BQVYKA,2021-02-01,Belleza y cuidado personal,Bogotá D.C.,Valor medio-alto,10,421271.2291666667,4212712.291666667,210635.61458333337
ULQ6BQVYKA,2021-03-01,Belleza y cuidado personal,Bogotá D.C.,Valor medio-alto,11,421271.2291666667,4633983.520833334,231699.1760416667
ULQ6BQVYKA,2021-04-01,Belleza y cuidado personal,Bogotá D.C.,Valor medio-alto,7,421271.2291666667,2948898.604166667,147444.93020833336
ULQ6BQVYKA,2021-05-01,Belleza y cuidado personal,Bogotá D.C.,Valor medio-alto,6,421271.2291666667,2527627.375,126381.36875000001
UMDLT1MS4B,2021-03-01,Comercio detallista,Bogotá D.C.,Valor medio-alto,1,57600.0,57600.0,2880.0
UMDLT1MS4B,2021-04-01,Comercio detallista,Bogotá D.C.,Valor medio-alto,1,57600.0,57600.0,2880.0
UMDLT1MS4B,2021-05-01,Comercio detallista,Bogotá D.C.,Valor medio-alto,3,57600.0,172800.0,8640.0
UMDNCDBQNH,2021-02-01,Comercio detallista,Bogotá D.C.,Valor medio-alto,14,299750.0,4196500.0,209825.0
UMDNCDBQNH,2021-03-01,Comercio detallista,Bogotá D.C.,Valor medio-alto,32,299750.0,9592000.0,479600.0
UMDNCDBQNH,2021-04-01,Comercio detallista,Bogotá D.C.,Valor medio-alto,18,299750.0,5395500.0,269775.0
UMDNCDBQNH,2021-05-01,Comercio detallista,Bogotá D.C.,Valor medio-alto,28,299750.0,8393000.0,419650.0
UMKUGREGWH,2021-03-01,Reparación y limpieza,Bogotá D.C.,Valor medio-alto,4,160857.14285714287,643428.5714285715,32171.428571428576
UMKUGREGWH,2021-04-01,Reparación y limpieza,Bogotá D.C.,Valor medio-alto,1,160857.14285714287,160857.14285714287,8042.857142857144
UMKUGREGWH,2021-05-01,Reparación y limpieza,Bogotá D.C.,Valor medio-alto,2,160857.14285714287,321714.28571428574,16085.714285714288
UMM0VVC28Z,2021-03-01,Servicios,Fusagasugá,Valor medio-alto,5,162800.0,814000.0,40700.0
UMM0VVC28Z,2021-05-01,Servicios,Fusagasugá,Valor medio-alto,2,162800.0,325600.0,16280.0
UNNEIOJLE4,2021-02-01,Servicios,Bogotá D.C.,Valor medio-alto,3,321857.14285714284,965571.4285714285,48278.57142857143
UNNEIOJLE4,2021-03-01,Servicios,Bogotá D.C.,Valor medio-alto,4,321857.14285714284,1287428.5714285714,64371.42857142857
UO2CR3FFLN,2021-03-01,Comercio detallista,Bogotá D.C.,Valor medio-alto,4,122428.57142857143,489714.28571428574,24485.71428571429
UO2CR3FFLN,2021-04-01,Comercio detallista,Bogotá D.C.,Valor medio-alto,1,122428.57142857143,122428.57142857143,6121.4285714285725
UO2CR3FFLN,2021-05-01,Comercio detallista,Bogotá D.C.,Valor medio-alto,2,122428.57142857143,244857.14285714287,12242.857142857145
UO4HL24D9W,2021-02-01,Comercio detallista,Bogotá D.C.,Valor alto,1,114145.71428571429,114145.71428571429,5707.285714285715
UO4HL24D9W,2021-03-01,Comercio detallista,Bogotá D.C.,Valor alto,3,114145.71428571429,342437.14285714284,17121.85714285714
UO4HL24D9W,2021-04-01,Comercio detallista,Bogotá D.C.,Valor alto,1,114145.71428571429,114145.71428571429,5707.285714285715
UO4HL24D9W,2021-05-01,Comercio detallista,Bogotá D.C.,Valor alto,2,114145.71428571429,228291.42857142858,11414.57142857143
UP2JTZSJKY,2021-03-01,Alimentos y bebidas,Bogotá D.C.,Valor medio,2,1166.6666666666667,2333.3333333333335,116.66666666666669
UP2JTZSJKY,2021-04-01,Alimentos y bebidas,Bogotá D.C.,Valor medio,1,1166.6666666666667,1166.6666666666667,58.33333333333334
UP2JTZSJKY,2021-05-01,Alimentos y bebidas,Bogotá D.C.,Valor medio,3,1166.6666666666667,3500.0,175.0
UPH850HBYW,2021-03-01,Comercio detallista,Bogotá D.C.,Valor medio-alto,11,278690.56603773584,3065596.2264150945,153279.81132075473
UPH850HBYW,2021-04-01,Comercio detallista,Bogotá D.C.,Valor medio-alto,28,278690.56603773584,7803335.849056603,390166.7924528302
UPH850HBYW,2021-05-01,Comercio detallista,Bogotá D.C.,Valor medio-alto,14,278690.56603773584,3901667.9245283017,195083.3962264151
UPLB9SIWU7,2021-03-01,Comercio detallista,Bogotá D.C.,Valor medio-alto,11,356791.1111111111,3924702.2222222225,196235.11111111112
UPLB9SIWU7,2021-04-01,Comercio detallista,Bogotá D.C.,Valor medio-alto,16,356791.1111111111,5708657.777777778,285432.88888888893
UPLB9SIWU7,2021-05-01,Comercio detallista,Bogotá D.C.,Valor medio-alto,18,356791.1111111111,6422240.0,321112.0
UPUQESTQVR,2021-03-01,Comercio detallista,Bogotá D.C.,Valor medio-alto,8,208695.65217391305,1669565.2173913044,83478.26086956523
UPUQESTQVR,2021-04-01,Comercio detallista,Bogotá D.C.,Valor medio-alto,11,208695.65217391305,2295652.1739130435,114782.60869565218
UPUQESTQVR,2021-05-01,Comercio detallista,Bogotá D.C.,Valor medio-alto,4,208695.65217391305,834782.6086956522,41739.130434782615
UQ6K30UKLD,2021-03-01,Comercio detallista,Bogotá D.C.,Valor medio,1,2000.0,2000.0,100.0
UQQUD4TXPK,2021-03-01,Belleza y cuidado personal,Bogotá D.C.,Valor medio-alto,12,25105.263157894737,301263.15789473685,15063.157894736843
UQQUD4TXPK,2021-04-01,Belleza y cuidado personal,Bogotá D.C.,Valor medio-alto,8,25105.263157894737,200842.1052631579,10042.105263157895
UQQUD4TXPK,2021-05-01,Belleza y cuidado personal,Bogotá D.C.,Valor medio-alto,56,25105.263157894737,1405894.7368421052,70294.73684210527
UR4Y8WEYFS,2021-02-01,Comercio detallista,Bogotá D.C.,Valor medio-alto,2,600666.6666666666,1201333.3333333333,60066.666666666664
UR4Y8WEYFS,2021-03-01,Comercio detallista,Bogotá D.C.,Valor medio-alto,2,600666.6666666666,1201333.3333333333,60066.666666666664
UR4Y8WEYFS,2021-04-01,Comercio detallista,Bogotá D.C.,Valor medio-alto,1,600666.6666666666,600666.6666666666,30033.333333333332
UR4Y8WEYFS,2021-05-01,Comercio detallista,Bogotá D.C.,Valor medio-alto,4,600666.6666666666,2402666.6666666665,120133.33333333333
UR665U2ML7,2021-03-01,Alimentos y bebidas,Bogotá D.C.,Valor medio,1,37300.0,37300.0,1865.0
UROFH8T9SS,2021-03-01,Comercio detallista,Fusagasugá,Valor medio-alto,8,220112.8205128205,1760902.564102564,88045.1282051282
UROFH8T9SS,2021-04-01,Comercio detallista,Fusagasugá,Valor medio-alto,13,220112.8205128205,2861466.6666666665,143073.33333333334
UROFH8T9SS,2021-05-01,Comercio detallista,Fusagasugá,Valor medio-alto,18,220112.8205128205,3962030.769230769,198101.53846153847
URTNMDGHH2,2021-01-01,Alimentos y bebidas,Bogotá D.C.,Valor medio,4,25000.0,100000.0,5000.0
US0XHTYUP8,2021-01-01,Alimentos y bebidas,Chiquinquirá,Valor medio-alto,6,120268.75,721612.5,36080.625
US0XHTYUP8,2020-12-01,Alimentos y bebidas,Chiquinquirá,Valor medio-alto,3,120268.75,360806.25,18040.3125
US0XHTYUP8,2021-02-01,Alimentos y bebidas,Chiquinquirá,Valor medio-alto,6,120268.75,721612.5,36080.625
US0XHTYUP8,2021-03-01,Alimentos y bebidas,Chiquinquirá,Valor medio-alto,7,120268.75,841881.25,42094.0625
US0XHTYUP8,2021-04-01,Alimentos y bebidas,Chiquinquirá,Valor medio-alto,8,120268.75,962150.0,48107.5
US0XHTYUP8,2021-05-01,Alimentos y bebidas,Chiquinquirá,Valor medio-alto,2,120268.75,240537.5,12026.875
USLD40LA81,2021-03-01,Comercio detallista,Bogotá D.C.,Valor medio-alto,1,500500.0,500500.0,25025.0
USLD40LA81,2021-04-01,Comercio detallista,Bogotá D.C.,Valor medio-alto,1,500500.0,500500.0,25025.0
USQ457A3U4,2021-02-01,Alimentos y bebidas,Bogotá D.C.,Valor medio-alto,2,327833.3333333333,655666.6666666666,32783.333333333336
USQ457A3U4,2021-03-01,Alimentos y bebidas,Bogotá D.C.,Valor medio-alto,1,327833.3333333333,327833.3333333333,16391.666666666668
UTUH9Y30EX,2021-03-01,Alimentos y bebidas,Bogotá D.C.,Valor medio,1,3000.0,3000.0,150.0
UTWRNK2U7D,2021-03-01,Comercio detallista,Bogotá D.C.,Valor medio,2,24000.0,48000.0,2400.0
UTWRNK2U7D,2021-04-01,Comercio detallista,Bogotá D.C.,Valor medio,1,24000.0,24000.0,1200.0
UTXCZLYARL,2021-02-01,Comercio detallista,Bogotá D.C.,Valor medio,1,2000.0,2000.0,100.0
UV520RYP00,2021-03-01,Transporte,Cali,Valor medio-alto,4,60083.333333333336,240333.33333333334,12016.666666666668
UV520RYP00,2021-04-01,Transporte,Cali,Valor medio-alto,2,60083.333333333336,120166.66666666667,6008.333333333334
UV6TKRNL4X,2020-12-01,Servicios,Bogotá D.C.,Valor medio-alto,3,171625.0,514875.0,25743.75
UV6TKRNL4X,2021-02-01,Servicios,Bogotá D.C.,Valor medio-alto,2,171625.0,343250.0,17162.5
UV6TKRNL4X,2021-04-01,Servicios,Bogotá D.C.,Valor medio-alto,2,171625.0,343250.0,17162.5
UV6TKRNL4X,2021-05-01,Servicios,Bogotá D.C.,Valor medio-alto,1,171625.0,171625.0,8581.25
UV73VEKGVB,2021-03-01,Alimentos y bebidas,Bogotá D.C.,Valor medio,1,11750.0,11750.0,587.5
UV73VEKGVB,2021-04-01,Alimentos y bebidas,Bogotá D.C.,Valor medio,1,11750.0,11750.0,587.5
UVZHCDTN9E,2021-01-01,Servicios,Bogotá D.C.,Valor alto,3,279800.0,839400.0,41970.0
UVZHCDTN9E,2021-02-01,Servicios,Bogotá D.C.,Valor alto,8,279800.0,2238400.0,111920.0
UVZHCDTN9E,2021-03-01,Servicios,Bogotá D.C.,Valor alto,8,279800.0,2238400.0,111920.0
UVZHCDTN9E,2021-04-01,Servicios,Bogotá D.C.,Valor alto,1,279800.0,279800.0,13990.0
UWC6US86K2,2021-03-01,Comercio detallista,Bogotá D.C.,Valor medio-alto,4,871313.3333333334,3485253.3333333335,174262.6666666667
UWC6US86K2,2021-04-01,Comercio detallista,Bogotá D.C.,Valor medio-alto,4,871313.3333333334,3485253.3333333335,174262.6666666667
UWC6US86K2,2021-05-01,Comercio detallista,Bogotá D.C.,Valor medio-alto,7,871313.3333333334,6099193.333333334,304959.6666666667
UWC7S0BTJB,2021-02-01,Comercio detallista,Soacha,Valor medio-alto,5,108000.0,540000.0,27000.0
UWC7S0BTJB,2021-03-01,Comercio detallista,Soacha,Valor medio-alto,3,108000.0,324000.0,16200.0
UWC9ZSWY3A,2021-03-01,Comercio detallista,Bogotá D.C.,Valor medio,1,3000.0,3000.0,150.0
UWKMV0IDT3,2021-03-01,Comercio detallista,Cali,Valor medio,1,1000.0,1000.0,50.0
UXDLD2TA6X,2021-03-01,Comercio detallista,Bogotá D.C.,Valor medio-alto,1,422571.4285714286,422571.4285714286,21128.57142857143
UXDLD2TA6X,2021-04-01,Comercio detallista,Bogotá D.C.,Valor medio-alto,1,422571.4285714286,422571.4285714286,21128.57142857143
UXDLD2TA6X,2021-05-01,Comercio detallista,Bogotá D.C.,Valor medio-alto,5,422571.4285714286,2112857.1428571427,105642.85714285714
UXH41HP9IK,2021-03-01,Comercio detallista,Bogotá D.C.,Valor medio-alto,2,168333.33333333334,336666.6666666667,16833.333333333336
UXH41HP9IK,2021-04-01,Comercio detallista,Bogotá D.C.,Valor medio-alto,7,168333.33333333334,1178333.3333333335,58916.66666666668
UXH41HP9IK,2021-05-01,Comercio detallista,Bogotá D.C.,Valor medio-alto,9,168333.33333333334,1515000.0,75750.0
UXK3S7EOQO,2021-03-01,Alimentos y bebidas,Soacha,Valor medio-alto,5,26142.85714285714,130714.28571428571,6535.714285714286
UXK3S7EOQO,2021-04-01,Alimentos y bebidas,Soacha,Valor medio-alto,2,26142.85714285714,52285.71428571428,2614.285714285714
UXOWLNJ57N,2021-01-01,Servicios,Bogotá D.C.,Valor medio-alto,32,85068.82022471911,2722202.2471910114,136110.11235955058
UXOWLNJ57N,2021-02-01,Servicios,Bogotá D.C.,Valor medio-alto,46,85068.82022471911,3913165.730337079,195658.28651685396
UXOWLNJ57N,2021-03-01,Servicios,Bogotá D.C.,Valor medio-alto,32,85068.82022471911,2722202.2471910114,136110.11235955058
UXOWLNJ57N,2021-04-01,Servicios,Bogotá D.C.,Valor medio-alto,37,85068.82022471911,3147546.348314607,157377.31741573036
UXOWLNJ57N,2021-05-01,Servicios,Bogotá D.C.,Valor medio-alto,31,85068.82022471911,2637133.4269662923,131856.67134831462
UXZ0X5CAAL,2021-03-01,Belleza y cuidado personal,Bogotá D.C.,Valor medio-alto,3,80372.72727272728,241118.18181818182,12055.909090909092
UXZ0X5CAAL,2021-04-01,Belleza y cuidado personal,Bogotá D.C.,Valor medio-alto,8,80372.72727272728,642981.8181818182,32149.09090909091
UXZ0X5CAAL,2021-05-01,Belleza y cuidado personal,Bogotá D.C.,Valor medio-alto,22,80372.72727272728,1768200.0000000002,88410.00000000001
UYBS3UQ9EO,2021-03-01,Alimentos y bebidas,Bogotá D.C.,Valor medio-alto,8,25165.882352941175,201327.0588235294,10066.35294117647
UYBS3UQ9EO,2021-04-01,Alimentos y bebidas,Bogotá D.C.,Valor medio-alto,22,25165.882352941175,553649.4117647058,27682.47058823529
UYBS3UQ9EO,2021-05-01,Alimentos y bebidas,Bogotá D.C.,Valor medio-alto,38,25165.882352941175,956303.5294117646,47815.17647058823
UYGL97O0LH,2021-03-01,Servicios,Bogotá D.C.,Valor medio-alto,4,123666.66666666667,494666.6666666667,24733.333333333336
UYGL97O0LH,2021-04-01,Servicios,Bogotá D.C.,Valor medio-alto,5,123666.66666666667,618333.3333333334,30916.66666666667
UYGL97O0LH,2021-05-01,Servicios,Bogotá D.C.,Valor medio-alto,12,123666.66666666667,1484000.0,74200.0
UYLYU37FFX,2021-02-01,Comercio detallista,Bogotá D.C.,Valor medio-alto,2,223000.0,446000.0,22300.0
UYLYU37FFX,2021-03-01,Comercio detallista,Bogotá D.C.,Valor medio-alto,7,223000.0,1561000.0,78050.0
UYLYU37FFX,2021-04-01,Comercio detallista,Bogotá D.C.,Valor medio-alto,1,223000.0,223000.0,11150.0
UYLYU37FFX,2021-05-01,Comercio detallista,Bogotá D.C.,Valor medio-alto,2,223000.0,446000.0,22300.0
UYVI35Y0U8,2021-02-01,Comercio detallista,Bogotá D.C.,Valor medio-alto,2,141750.0,283500.0,14175.0
UYVI35Y0U8,2021-03-01,Comercio detallista,Bogotá D.C.,Valor medio-alto,1,141750.0,141750.0,7087.5
UYVI35Y0U8,2021-04-01,Comercio detallista,Bogotá D.C.,Valor medio-alto,3,141750.0,425250.0,21262.5
UYVI35Y0U8,2021-05-01,Comercio detallista,Bogotá D.C.,Valor medio-alto,2,141750.0,283500.0,14175.0
UYZH76ZLG8,2021-03-01,Comercio detallista,Facatativá,Valor medio-alto,3,171052.63157894736,513157.8947368421,25657.894736842107
UYZH76ZLG8,2021-04-01,Comercio detallista,Facatativá,Valor medio-alto,6,171052.63157894736,1026315.7894736842,51315.78947368421
UYZH76ZLG8,2021-05-01,Comercio detallista,Facatativá,Valor medio-alto,10,171052.63157894736,1710526.3157894737,85526.3157894737
UZ09HSM26J,2021-03-01,Servicios,Bogotá D.C.,Valor medio-alto,5,296800.0,1484000.0,74200.0
UZ09HSM26J,2021-04-01,Servicios,Bogotá D.C.,Valor medio-alto,1,296800.0,296800.0,14840.0
UZ7U2QCRIB,2021-02-01,Comercio detallista,Bogotá D.C.,Valor medio-alto,2,74333.33333333333,148666.66666666666,7433.333333333333
UZ7U2QCRIB,2021-03-01,Comercio detallista,Bogotá D.C.,Valor medio-alto,7,74333.33333333333,520333.3333333333,26016.666666666668
UZ7U2QCRIB,2021-04-01,Comercio detallista,Bogotá D.C.,Valor medio-alto,4,74333.33333333333,297333.3333333333,14866.666666666666
UZ7U2QCRIB,2021-05-01,Comercio detallista,Bogotá D.C.,Valor medio-alto,5,74333.33333333333,371666.6666666666,18583.333333333332
UZM1G47Q8K,2021-02-01,Comercio detallista,Soacha,Valor medio-alto,7,211786.88524590165,1482508.1967213117,74125.40983606559
UZM1G47Q8K,2021-03-01,Comercio detallista,Soacha,Valor medio-alto,10,211786.88524590165,2117868.8524590163,105893.44262295082
UZM1G47Q8K,2021-04-01,Comercio detallista,Soacha,Valor medio-alto,21,211786.88524590165,4447524.590163935,222376.22950819676
UZM1G47Q8K,2021-05-01,Comercio detallista,Soacha,Valor medio-alto,23,211786.88524590165,4871098.360655738,243554.91803278693
V0ANJ4HMZ1,2021-03-01,Alimentos y bebidas,Bogotá D.C.,Valor medio-alto,20,34258.83928571428,685176.7857142857,34258.83928571428
V0ANJ4HMZ1,2021-04-01,Alimentos y bebidas,Bogotá D.C.,Valor medio-alto,45,34258.83928571428,1541647.7678571427,77082.38839285714
V0ANJ4HMZ1,2021-05-01,Alimentos y bebidas,Bogotá D.C.,Valor medio-alto,47,34258.83928571428,1610165.4464285714,80508.27232142858
V0BPHFTUVE,2021-03-01,Comercio detallista,Bogotá D.C.,Valor medio-alto,3,201684.2105263158,605052.6315789474,30252.631578947374
V0BPHFTUVE,2021-04-01,Comercio detallista,Bogotá D.C.,Valor medio-alto,10,201684.2105263158,2016842.1052631577,100842.1052631579
V0BPHFTUVE,2021-05-01,Comercio detallista,Bogotá D.C.,Valor medio-alto,6,201684.2105263158,1210105.2631578948,60505.26315789475
V0CX6OKAHV,2021-03-01,Comercio detallista,Bogotá D.C.,Valor medio-alto,1,30425.0,30425.0,1521.25
V0CX6OKAHV,2021-05-01,Comercio detallista,Bogotá D.C.,Valor medio-alto,7,30425.0,212975.0,10648.75
V0E8YJL58B,2021-02-01,Servicios,Bogotá D.C.,Valor medio-alto,3,50090.90909090909,150272.72727272726,7513.636363636364
V0E8YJL58B,2021-03-01,Servicios,Bogotá D.C.,Valor medio-alto,4,50090.90909090909,200363.63636363635,10018.181818181818
V0E8YJL58B,2021-04-01,Servicios,Bogotá D.C.,Valor medio-alto,2,50090.90909090909,100181.81818181818,5009.090909090909
V0E8YJL58B,2021-05-01,Servicios,Bogotá D.C.,Valor medio-alto,2,50090.90909090909,100181.81818181818,5009.090909090909
V0ZPNYNFJT,2021-03-01,Alimentos y bebidas,Bogotá D.C.,Valor medio-alto,13,38730.26666666667,503493.46666666673,25174.67333333334
V0ZPNYNFJT,2021-04-01,Alimentos y bebidas,Bogotá D.C.,Valor medio-alto,16,38730.26666666667,619684.2666666667,30984.213333333337
V0ZPNYNFJT,2021-05-01,Alimentos y bebidas,Bogotá D.C.,Valor medio-alto,16,38730.26666666667,619684.2666666667,30984.213333333337
V1IH3HPA9F,2021-03-01,Servicios,Bogotá D.C.,Valor medio-alto,1,465250.0,465250.0,23262.5
V1IH3HPA9F,2021-04-01,Servicios,Bogotá D.C.,Valor medio-alto,1,465250.0,465250.0,23262.5
V1IH3HPA9F,2021-05-01,Servicios,Bogotá D.C.,Valor medio-alto,2,465250.0,930500.0,46525.0
V1W2V27DFS,2021-03-01,Comercio detallista,Bogotá D.C.,Valor medio,1,2000.0,2000.0,100.0
V220RHACMM,2021-03-01,Comercio detallista,Bogotá D.C.,Valor medio-alto,1,114812.5,114812.5,5740.625
V220RHACMM,2021-04-01,Comercio detallista,Bogotá D.C.,Valor medio-alto,1,114812.5,114812.5,5740.625
V220RHACMM,2021-05-01,Comercio detallista,Bogotá D.C.,Valor medio-alto,2,114812.5,229625.0,11481.25
V2OQ984M0O,2021-03-01,Comercio detallista,Bogotá D.C.,Valor medio-alto,1,761500.0,761500.0,38075.0
V2OQ984M0O,2021-04-01,Comercio detallista,Bogotá D.C.,Valor medio-alto,1,761500.0,761500.0,38075.0
V3BROQMRE4,2021-01-01,Comercio detallista,Bogotá D.C.,Valor medio-alto,3,65471.42857142857,196414.2857142857,9820.714285714286
V3BROQMRE4,2021-02-01,Comercio detallista,Bogotá D.C.,Valor medio-alto,9,65471.42857142857,589242.8571428572,29462.14285714286
V3BROQMRE4,2021-03-01,Comercio detallista,Bogotá D.C.,Valor medio-alto,7,65471.42857142857,458300.0,22915.0
V3BROQMRE4,2021-04-01,Comercio detallista,Bogotá D.C.,Valor medio-alto,15,65471.42857142857,982071.4285714286,49103.571428571435
V3BROQMRE4,2021-05-01,Comercio detallista,Bogotá D.C.,Valor medio-alto,8,65471.42857142857,523771.4285714286,26188.57142857143
V3Q63YTI3D,2021-01-01,Reparación y limpieza,Soacha,Valor medio-alto,1,136404.54545454544,136404.54545454544,6820.227272727272
V3Q63YTI3D,2021-02-01,Reparación y limpieza,Soacha,Valor medio-alto,3,136404.54545454544,409213.63636363635,20460.68181818182
V3Q63YTI3D,2021-03-01,Reparación y limpieza,Soacha,Valor medio-alto,1,136404.54545454544,136404.54545454544,6820.227272727272
V3Q63YTI3D,2021-04-01,Reparación y limpieza,Soacha,Valor medio-alto,3,136404.54545454544,409213.63636363635,20460.68181818182
V3Q63YTI3D,2021-05-01,Reparación y limpieza,Soacha,Valor medio-alto,14,136404.54545454544,1909663.6363636362,95483.18181818182
V47UPOH6PP,2021-03-01,Comercio detallista,Bogotá D.C.,Valor medio-alto,3,127400.0,382200.0,19110.0
V47UPOH6PP,2021-04-01,Comercio detallista,Bogotá D.C.,Valor medio-alto,8,127400.0,1019200.0,50960.0
V47UPOH6PP,2021-05-01,Comercio detallista,Bogotá D.C.,Valor medio-alto,4,127400.0,509600.0,25480.0
V4FXN48DGT,2021-01-01,Comercio detallista,Bogotá D.C.,Valor medio-alto,3,559058.8235294118,1677176.4705882354,83858.82352941178
V4FXN48DGT,2021-02-01,Comercio detallista,Bogotá D.C.,Valor medio-alto,4,559058.8235294118,2236235.294117647,111811.76470588236
V4FXN48DGT,2021-03-01,Comercio detallista,Bogotá D.C.,Valor medio-alto,5,559058.8235294118,2795294.1176470593,139764.70588235298
V4FXN48DGT,2021-04-01,Comercio detallista,Bogotá D.C.,Valor medio-alto,2,559058.8235294118,1118117.6470588236,55905.88235294118
V4FXN48DGT,2021-05-01,Comercio detallista,Bogotá D.C.,Valor medio-alto,3,559058.8235294118,1677176.4705882354,83858.82352941178
V59H6SCC6M,2021-03-01,Comercio detallista,Bogotá D.C.,Valor medio-alto,5,399863.63636363635,1999318.1818181816,99965.90909090909
V59H6SCC6M,2021-04-01,Comercio detallista,Bogotá D.C.,Valor medio-alto,9,399863.63636363635,3598772.727272727,179938.63636363635
V59H6SCC6M,2021-05-01,Comercio detallista,Bogotá D.C.,Valor medio-alto,8,399863.63636363635,3198909.090909091,159945.45454545456
V5EWNSPDRS,2021-03-01,Comercio detallista,Bogotá D.C.,Valor medio,2,161075.0,322150.0,16107.5
V5FGW965PE,2021-03-01,Comercio detallista,Bogotá D.C.,Valor medio-alto,12,119448.27586206897,1433379.3103448276,71668.96551724138
V5FGW965PE,2021-04-01,Comercio detallista,Bogotá D.C.,Valor medio-alto,3,119448.27586206897,358344.8275862069,17917.241379310344
V5FGW965PE,2021-05-01,Comercio detallista,Bogotá D.C.,Valor medio-alto,14,119448.27586206897,1672275.8620689656,83613.79310344829
V5GXQ2TBQU,2021-03-01,Comercio detallista,Espinal,Valor medio,1,2000.0,2000.0,100.0
V5IJTDM5MJ,2021-03-01,Reparación y limpieza,Bogotá D.C.,Valor medio-alto,6,1141480.0,6848880.0,342444.0
V5IJTDM5MJ,2021-04-01,Reparación y limpieza,Bogotá D.C.,Valor medio-alto,3,1141480.0,3424440.0,171222.0
V5IJTDM5MJ,2021-05-01,Reparación y limpieza,Bogotá D.C.,Valor medio-alto,7,1141480.0,7990360.0,399518.0
V5QINB9EI4,2021-02-01,Comercio detallista,Bogotá D.C.,Valor medio-alto,2,25750.0,51500.0,2575.0
V5QINB9EI4,2021-04-01,Comercio detallista,Bogotá D.C.,Valor medio-alto,1,25750.0,25750.0,1287.5
V5QINB9EI4,2021-05-01,Comercio detallista,Bogotá D.C.,Valor medio-alto,1,25750.0,25750.0,1287.5
V6C859690X,2021-02-01,Reparación y limpieza,Soacha,Valor medio-alto,6,914868.0,5489208.0,274460.4
V6C859690X,2021-03-01,Reparación y limpieza,Soacha,Valor medio-alto,6,914868.0,5489208.0,274460.4
V6C859690X,2021-04-01,Reparación y limpieza,Soacha,Valor medio-alto,8,914868.0,7318944.0,365947.2
V6C859690X,2021-05-01,Reparación y limpieza,Soacha,Valor medio-alto,5,914868.0,4574340.0,228717.0
V76O73G691,2021-03-01,Alimentos y bebidas,Bogotá D.C.,Valor medio-alto,11,24146.964285714286,265616.60714285716,13280.830357142859
V76O73G691,2021-04-01,Alimentos y bebidas,Bogotá D.C.,Valor medio-alto,24,24146.964285714286,579527.1428571428,28976.357142857145
V76O73G691,2021-05-01,Alimentos y bebidas,Bogotá D.C.,Valor medio-alto,21,24146.964285714286,507086.25,25354.3125
V7DH1GE9XS,2021-03-01,Alimentos y bebidas,Bogotá D.C.,Valor medio-alto,10,622986.1111111111,6229861.111111111,311493.05555555556
V7DH1GE9XS,2021-04-01,Alimentos y bebidas,Bogotá D.C.,Valor medio-alto,4,622986.1111111111,2491944.4444444445,124597.22222222223
V7DH1GE9XS,2021-05-01,Alimentos y bebidas,Bogotá D.C.,Valor medio-alto,4,622986.1111111111,2491944.4444444445,124597.22222222223
V7K1AWTBWN,2021-03-01,Alimentos y bebidas,Bogotá D.C.,Valor medio-alto,7,47685.18518518518,333796.2962962963,16689.814814814814
V7K1AWTBWN,2021-04-01,Alimentos y bebidas,Bogotá D.C.,Valor medio-alto,10,47685.18518518518,476851.8518518518,23842.59259259259
V7K1AWTBWN,2021-05-01,Alimentos y bebidas,Bogotá D.C.,Valor medio-alto,10,47685.18518518518,476851.8518518518,23842.59259259259
V7XIF1BGP0,2021-03-01,Comercio detallista,Bogotá D.C.,Valor medio-alto,7,328112.5,2296787.5,114839.375
V7XIF1BGP0,2021-04-01,Comercio detallista,Bogotá D.C.,Valor medio-alto,5,328112.5,1640562.5,82028.125
V7XIF1BGP0,2021-05-01,Comercio detallista,Bogotá D.C.,Valor medio-alto,4,328112.5,1312450.0,65622.5
V7Y4RB9GCO,2021-03-01,Comercio detallista,Fusagasugá,Valor medio-alto,3,386362.5,1159087.5,57954.375
V7Y4RB9GCO,2021-04-01,Comercio detallista,Fusagasugá,Valor medio-alto,4,386362.5,1545450.0,77272.5
V7Y4RB9GCO,2021-05-01,Comercio detallista,Fusagasugá,Valor medio-alto,1,386362.5,386362.5,19318.125
V85QV60GEF,2021-03-01,Servicios,Bogotá D.C.,Valor medio-alto,1,136250.0,136250.0,6812.5
V85QV60GEF,2021-05-01,Servicios,Bogotá D.C.,Valor medio-alto,1,136250.0,136250.0,6812.5
V9LJ44X52J,2021-03-01,Servicios,Bogotá D.C.,Valor medio-alto,11,243871.42857142858,2682585.7142857146,134129.28571428574
V9LJ44X52J,2021-04-01,Servicios,Bogotá D.C.,Valor medio-alto,10,243871.42857142858,2438714.285714286,121935.7142857143
V9LJ44X52J,2021-05-01,Servicios,Bogotá D.C.,Valor medio-alto,7,243871.42857142858,1707100.0,85355.0
V9RGA9D1TK,2021-03-01,Comercio detallista,Funza,Valor medio-alto,5,204561.11111111112,1022805.5555555556,51140.27777777778
V9RGA9D1TK,2021-04-01,Comercio detallista,Funza,Valor medio-alto,4,204561.11111111112,818244.4444444445,40912.222222222226
VA3XJQ343I,2021-02-01,Alimentos y bebidas,Bogotá D.C.,Valor medio,1,2000.0,2000.0,100.0
VB1TQC84U5,2020-12-01,Servicios,Bogotá D.C.,Valor medio,1,2000.0,2000.0,100.0
VBSAT55ORN,2021-02-01,Comercio detallista,Bogotá D.C.,Valor medio-alto,28,556352.2935779816,15577864.220183486,778893.2110091744
VBSAT55ORN,2021-03-01,Comercio detallista,Bogotá D.C.,Valor medio-alto,23,556352.2935779816,12796102.752293577,639805.1376146789
VBSAT55ORN,2021-04-01,Comercio detallista,Bogotá D.C.,Valor medio-alto,27,556352.2935779816,15021511.926605504,751075.5963302753
VBSAT55ORN,2021-05-01,Comercio detallista,Bogotá D.C.,Valor medio-alto,31,556352.2935779816,17246921.100917432,862346.0550458716
VCACUDE4DD,2021-03-01,Reparación y limpieza,Bogotá D.C.,Valor medio-alto,6,507544.44444444444,3045266.6666666665,152263.33333333334
VCACUDE4DD,2021-05-01,Reparación y limpieza,Bogotá D.C.,Valor medio-alto,3,507544.44444444444,1522633.3333333333,76131.66666666667
VDAMLUGIW3,2021-02-01,Comercio detallista,Soacha,Valor medio-alto,11,134915.6626506024,1484072.2891566264,74203.61445783133
VDAMLUGIW3,2021-03-01,Comercio detallista,Soacha,Valor medio-alto,26,134915.6626506024,3507807.2289156625,175390.36144578314
VDAMLUGIW3,2021-04-01,Comercio detallista,Soacha,Valor medio-alto,21,134915.6626506024,2833228.9156626505,141661.44578313254
VDAMLUGIW3,2021-05-01,Comercio detallista,Soacha,Valor medio-alto,25,134915.6626506024,3372891.56626506,168644.578313253
VDVR312V8P,2021-03-01,Comercio detallista,Bogotá D.C.,Valor medio-alto,2,385941.17647058825,771882.3529411765,38594.117647058825
VDVR312V8P,2021-04-01,Comercio detallista,Bogotá D.C.,Valor medio-alto,8,385941.17647058825,3087529.411764706,154376.4705882353
VDVR312V8P,2021-05-01,Comercio detallista,Bogotá D.C.,Valor medio-alto,7,385941.17647058825,2701588.2352941176,135079.41176470587
VDVWW2S8HB,2021-01-01,Comercio detallista,Bogotá D.C.,Valor medio-alto,12,328678.5714285714,3944142.8571428573,197207.14285714287
VDVWW2S8HB,2020-12-01,Comercio detallista,Bogotá D.C.,Valor medio-alto,13,328678.5714285714,4272821.428571428,213641.07142857142
VDVWW2S8HB,2021-02-01,Comercio detallista,Bogotá D.C.,Valor medio-alto,10,328678.5714285714,3286785.714285714,164339.2857142857
VDVWW2S8HB,2021-03-01,Comercio detallista,Bogotá D.C.,Valor medio-alto,16,328678.5714285714,5258857.142857143,262942.85714285716
VDVWW2S8HB,2021-04-01,Comercio detallista,Bogotá D.C.,Valor medio-alto,9,328678.5714285714,2958107.1428571427,147905.35714285713
VDVWW2S8HB,2021-05-01,Comercio detallista,Bogotá D.C.,Valor medio-alto,24,328678.5714285714,7888285.714285715,394414.28571428574
VE0K9R4C8H,2021-02-01,Comercio detallista,Bogotá D.C.,Valor medio-alto,5,1135039.6818181819,5675198.409090909,283759.92045454547
VE0K9R4C8H,2021-03-01,Comercio detallista,Bogotá D.C.,Valor medio-alto,4,1135039.6818181819,4540158.7272727275,227007.9363636364
VE0K9R4C8H,2021-04-01,Comercio detallista,Bogotá D.C.,Valor medio-alto,10,1135039.6818181819,11350396.818181818,567519.8409090909
VE0K9R4C8H,2021-05-01,Comercio detallista,Bogotá D.C.,Valor medio-alto,3,1135039.6818181819,3405119.045454546,170255.9522727273
VFAYHIUA7Z,2021-03-01,Comercio detallista,Bogotá D.C.,Valor medio-alto,1,1639250.0,1639250.0,81962.5
VFAYHIUA7Z,2021-04-01,Comercio detallista,Bogotá D.C.,Valor medio-alto,1,1639250.0,1639250.0,81962.5
VFDSS6D6SY,2021-03-01,Servicios,Bogotá D.C.,Valor medio-alto,2,65111.11111111111,130222.22222222222,6511.111111111111
VFDSS6D6SY,2021-04-01,Servicios,Bogotá D.C.,Valor medio-alto,2,65111.11111111111,130222.22222222222,6511.111111111111
VFDSS6D6SY,2021-05-01,Servicios,Bogotá D.C.,Valor medio-alto,5,65111.11111111111,325555.55555555556,16277.77777777778
VFHGUW0UNT,2021-01-01,Reparación y limpieza,Cajicá,Valor medio,1,2000.0,2000.0,100.0
VFTJUOYNKE,2021-01-01,Belleza y cuidado personal,Bogotá D.C.,Valor medio,1,2000.0,2000.0,100.0
VGHJOVOW7S,2021-02-01,Comercio detallista,Bogotá D.C.,Valor medio-alto,11,318955.8823529412,3508514.7058823532,175425.73529411768
VGHJOVOW7S,2021-03-01,Comercio detallista,Bogotá D.C.,Valor medio-alto,11,318955.8823529412,3508514.7058823532,175425.73529411768
VGHJOVOW7S,2021-04-01,Comercio detallista,Bogotá D.C.,Valor medio-alto,5,318955.8823529412,1594779.411764706,79738.9705882353
VGHJOVOW7S,2021-05-01,Comercio detallista,Bogotá D.C.,Valor medio-alto,7,318955.8823529412,2232691.1764705884,111634.55882352943
VGZS4I83OD,2021-01-01,Comercio detallista,Bogotá D.C.,Valor medio-alto,5,446416.6666666667,2232083.3333333335,111604.16666666669
VGZS4I83OD,2021-02-01,Comercio detallista,Bogotá D.C.,Valor medio-alto,1,446416.6666666667,446416.6666666667,22320.833333333336
VGZS4I83OD,2021-03-01,Comercio detallista,Bogotá D.C.,Valor medio-alto,1,446416.6666666667,446416.6666666667,22320.833333333336
VGZS4I83OD,2021-04-01,Comercio detallista,Bogotá D.C.,Valor medio-alto,3,446416.6666666667,1339250.0,66962.5
VGZS4I83OD,2021-05-01,Comercio detallista,Bogotá D.C.,Valor medio-alto,2,446416.6666666667,892833.3333333334,44641.66666666667
VHG2L6FGLN,2021-01-01,Comercio detallista,Bogotá D.C.,Valor medio-alto,2,247600.0,495200.0,24760.0
VHG2L6FGLN,2021-02-01,Comercio detallista,Bogotá D.C.,Valor medio-alto,1,247600.0,247600.0,12380.0
VHG2L6FGLN,2021-05-01,Comercio detallista,Bogotá D.C.,Valor medio-alto,2,247600.0,495200.0,24760.0
VHN4FCXXB8,2020-12-01,Comercio detallista,Bogotá D.C.,Valor medio-alto,9,451764.70588235295,4065882.3529411764,203294.11764705883
VHN4FCXXB8,2021-02-01,Comercio detallista,Bogotá D.C.,Valor medio-alto,4,451764.70588235295,1807058.8235294118,90352.9411764706
VHN4FCXXB8,2021-03-01,Comercio detallista,Bogotá D.C.,Valor medio-alto,3,451764.70588235295,1355294.1176470588,67764.70588235294
VHN4FCXXB8,2021-04-01,Comercio detallista,Bogotá D.C.,Valor medio-alto,1,451764.70588235295,451764.70588235295,22588.23529411765
VHQPMDWLYZ,2021-02-01,Alimentos y bebidas,Bogotá D.C.,Valor medio-alto,3,159310.0,477930.0,23896.5
VHQPMDWLYZ,2021-03-01,Alimentos y bebidas,Bogotá D.C.,Valor medio-alto,2,159310.0,318620.0,15931.0
VHYW6EQJS5,2021-02-01,Servicios,Bogotá D.C.,Valor medio-alto,1,343500.0,343500.0,17175.0
VHYW6EQJS5,2021-05-01,Servicios,Bogotá D.C.,Valor medio-alto,1,343500.0,343500.0,17175.0
VI5MATD3YU,2021-03-01,Comercio detallista,Bogotá D.C.,Valor medio,1,2000.0,2000.0,100.0
VJ43K4X5PD,2021-01-01,Alimentos y bebidas,Bogotá D.C.,Valor medio,1,2000.0,2000.0,100.0
VKPMFISL61,2021-03-01,Servicios,Bogotá D.C.,Valor medio-alto,3,24564.70588235294,73694.11764705883,3684.7058823529414
VKPMFISL61,2021-04-01,Servicios,Bogotá D.C.,Valor medio-alto,5,24564.70588235294,122823.5294117647,6141.176470588235
VKPMFISL61,2021-05-01,Servicios,Bogotá D.C.,Valor medio-alto,9,24564.70588235294,221082.35294117648,11054.117647058825
VKVVIOLSO3,2020-12-01,Servicios,Bogotá D.C.,Valor medio,1,2000.0,2000.0,100.0
VLIJPHNXPN,2021-02-01,Comercio detallista,Bogotá D.C.,Valor medio-alto,5,226650.0,1133250.0,56662.5
VLIJPHNXPN,2021-03-01,Comercio detallista,Bogotá D.C.,Valor medio-alto,3,226650.0,679950.0,33997.5
VLIJPHNXPN,2021-04-01,Comercio detallista,Bogotá D.C.,Valor medio-alto,7,226650.0,1586550.0,79327.5
VLIJPHNXPN,2021-05-01,Comercio detallista,Bogotá D.C.,Valor medio-alto,3,226650.0,679950.0,33997.5
VLSUBJ34YW,2021-02-01,Alimentos y bebidas,Bogotá D.C.,Valor medio-alto,21,29284.715025906735,614979.0155440414,30748.950777202073
VLSUBJ34YW,2021-03-01,Alimentos y bebidas,Bogotá D.C.,Valor medio-alto,57,29284.715025906735,1669228.7564766838,83461.43782383419
VLSUBJ34YW,2021-04-01,Alimentos y bebidas,Bogotá D.C.,Valor medio-alto,66,29284.715025906735,1932791.1917098444,96639.55958549223
VLSUBJ34YW,2021-05-01,Alimentos y bebidas,Bogotá D.C.,Valor medio-alto,49,29284.715025906735,1434951.03626943,71747.55181347151
VMB1HOEUGP,2021-03-01,Comercio detallista,Bogotá D.C.,Valor medio,1,2000.0,2000.0,100.0
VMBS7UL0EA,2021-03-01,Servicios,Bogotá D.C.,Valor medio-alto,18,226430.55555555556,4075750.0,203787.5
VMBS7UL0EA,2021-04-01,Servicios,Bogotá D.C.,Valor medio-alto,9,226430.55555555556,2037875.0,101893.75
VMBS7UL0EA,2021-05-01,Servicios,Bogotá D.C.,Valor medio-alto,9,226430.55555555556,2037875.0,101893.75
VN7BJLVG92,2021-01-01,Belleza y cuidado personal,Bogotá D.C.,Valor medio-alto,3,51845.65217391304,155536.95652173914,7776.847826086957
VN7BJLVG92,2020-12-01,Belleza y cuidado personal,Bogotá D.C.,Valor medio-alto,1,51845.65217391304,51845.65217391304,2592.282608695652
VN7BJLVG92,2021-03-01,Belleza y cuidado personal,Bogotá D.C.,Valor medio-alto,11,51845.65217391304,570302.1739130435,28515.108695652176
VN7BJLVG92,2021-04-01,Belleza y cuidado personal,Bogotá D.C.,Valor medio-alto,2,51845.65217391304,103691.30434782608,5184.565217391304
VN7BJLVG92,2021-05-01,Belleza y cuidado personal,Bogotá D.C.,Valor medio-alto,6,51845.65217391304,311073.9130434783,15553.695652173914
VNO4CDTURV,2021-03-01,Comercio detallista,Bogotá D.C.,Valor medio,2,1000.0,2000.0,100.0
VNR9HDWGE5,2021-03-01,Transporte,Bogotá D.C.,Valor medio-alto,1,725500.0,725500.0,36275.0
VNR9HDWGE5,2021-05-01,Transporte,Bogotá D.C.,Valor medio-alto,1,725500.0,725500.0,36275.0
VOBDKERMHG,2021-03-01,Comercio detallista,Soacha,Valor medio-alto,1,76923.07692307692,76923.07692307692,3846.153846153846
VOBDKERMHG,2021-04-01,Comercio detallista,Soacha,Valor medio-alto,6,76923.07692307692,461538.4615384615,23076.923076923078
VOBDKERMHG,2021-05-01,Comercio detallista,Soacha,Valor medio-alto,6,76923.07692307692,461538.4615384615,23076.923076923078
VON7969R0J,2021-03-01,Servicios,Bogotá D.C.,Valor medio-alto,17,25081.670454545456,426388.39772727276,21319.41988636364
VON7969R0J,2021-04-01,Servicios,Bogotá D.C.,Valor medio-alto,39,25081.670454545456,978185.1477272728,48909.25738636364
VON7969R0J,2021-05-01,Servicios,Bogotá D.C.,Valor medio-alto,32,25081.670454545456,802613.4545454546,40130.67272727273
VOP5V9RWOL,2021-01-01,Transporte,Bogotá D.C.,Valor medio,2,15500.0,31000.0,1550.0
VP7T2F9DIA,2021-01-01,Servicios,Bogotá D.C.,Valor medio-alto,15,362352.9411764706,5435294.117647059,271764.70588235295
VP7T2F9DIA,2020-12-01,Servicios,Bogotá D.C.,Valor medio-alto,10,362352.9411764706,3623529.411764706,181176.4705882353
VP7T2F9DIA,2021-02-01,Servicios,Bogotá D.C.,Valor medio-alto,9,362352.9411764706,3261176.470588235,163058.82352941178
VP7T2F9DIA,2021-03-01,Servicios,Bogotá D.C.,Valor medio-alto,8,362352.9411764706,2898823.529411765,144941.17647058825
VP7T2F9DIA,2021-04-01,Servicios,Bogotá D.C.,Valor medio-alto,1,362352.9411764706,362352.9411764706,18117.64705882353
VP7T2F9DIA,2021-05-01,Servicios,Bogotá D.C.,Valor medio-alto,8,362352.9411764706,2898823.529411765,144941.17647058825
VQ1BQS8VP6,2021-01-01,Alimentos y bebidas,Melgar,Valor medio-alto,33,140167.42424242425,4625525.0,231276.25
VQ1BQS8VP6,2020-12-01,Alimentos y bebidas,Melgar,Valor medio-alto,9,140167.42424242425,1261506.8181818184,63075.34090909092
VQ1BQS8VP6,2021-02-01,Alimentos y bebidas,Melgar,Valor medio-alto,20,140167.42424242425,2803348.4848484853,140167.42424242428
VQ1BQS8VP6,2021-03-01,Alimentos y bebidas,Melgar,Valor medio-alto,34,140167.42424242425,4765692.424242425,238284.62121212124
VQ1BQS8VP6,2021-04-01,Alimentos y bebidas,Melgar,Valor medio-alto,17,140167.42424242425,2382846.2121212124,119142.31060606062
VQ1BQS8VP6,2021-05-01,Alimentos y bebidas,Melgar,Valor medio-alto,19,140167.42424242425,2663181.060606061,133159.05303030307
VQ42MZB87E,2021-03-01,Reparación y limpieza,Bogotá D.C.,Valor medio-alto,3,535400.0,1606200.0,80310.0
VQ42MZB87E,2021-04-01,Reparación y limpieza,Bogotá D.C.,Valor medio-alto,1,535400.0,535400.0,26770.0
VQ42MZB87E,2021-05-01,Reparación y limpieza,Bogotá D.C.,Valor medio-alto,1,535400.0,535400.0,26770.0
VQBNNUFQD3,2021-03-01,Comercio detallista,Bogotá D.C.,Valor medio-alto,1,1054041.6666666667,1054041.6666666667,52702.08333333334
VQBNNUFQD3,2021-04-01,Comercio detallista,Bogotá D.C.,Valor medio-alto,7,1054041.6666666667,7378291.666666667,368914.5833333334
VQBNNUFQD3,2021-05-01,Comercio detallista,Bogotá D.C.,Valor medio-alto,16,1054041.6666666667,16864666.666666668,843233.3333333335
VRXMA745QJ,2021-03-01,Servicios,Pitalito,Valor medio,1,153466.76470588235,153466.76470588235,7673.338235294118
VSL63SGTPJ,2021-03-01,Reparación y limpieza,Bogotá D.C.,Valor medio-alto,1,29642.85714285714,29642.85714285714,1482.142857142857
VSL63SGTPJ,2021-04-01,Reparación y limpieza,Bogotá D.C.,Valor medio-alto,3,29642.85714285714,88928.57142857142,4446.428571428572
VSL63SGTPJ,2021-05-01,Reparación y limpieza,Bogotá D.C.,Valor medio-alto,3,29642.85714285714,88928.57142857142,4446.428571428572
VSRSR9ZMTS,2021-03-01,Reparación y limpieza,Bogotá D.C.,Valor medio-alto,7,124066.66666666667,868466.6666666667,43423.33333333334
VSRSR9ZMTS,2021-04-01,Reparación y limpieza,Bogotá D.C.,Valor medio-alto,4,124066.66666666667,496266.6666666667,24813.333333333336
VSRSR9ZMTS,2021-05-01,Reparación y limpieza,Bogotá D.C.,Valor medio-alto,4,124066.66666666667,496266.6666666667,24813.333333333336
VSUBWL4WN9,2021-03-01,Comercio detallista,Bogotá D.C.,Valor medio,1,3500.0,3500.0,175.0
VSUBWL4WN9,2021-04-01,Comercio detallista,Bogotá D.C.,Valor medio,1,3500.0,3500.0,175.0
VTV6Y9NVR0,2021-03-01,Comercio detallista,Bogotá D.C.,Valor medio-alto,2,39588.5625,79177.125,3958.8562500000003
VTV6Y9NVR0,2021-04-01,Comercio detallista,Bogotá D.C.,Valor medio-alto,6,39588.5625,237531.375,11876.56875
VTV6Y9NVR0,2021-05-01,Comercio detallista,Bogotá D.C.,Valor medio-alto,8,39588.5625,316708.5,15835.425000000001
VU25RH7PR5,2021-03-01,Comercio detallista,Bogotá D.C.,Valor medio-alto,5,200883.33333333334,1004416.6666666667,50220.83333333334
VU25RH7PR5,2021-04-01,Comercio detallista,Bogotá D.C.,Valor medio-alto,15,200883.33333333334,3013250.0,150662.5
VU25RH7PR5,2021-05-01,Comercio detallista,Bogotá D.C.,Valor medio-alto,10,200883.33333333334,2008833.3333333335,100441.66666666669
VUO9O6FBZ1,2021-03-01,Servicios,Bogotá D.C.,Valor medio-alto,7,64856.666666666664,453996.6666666666,22699.833333333332
VUO9O6FBZ1,2021-04-01,Servicios,Bogotá D.C.,Valor medio-alto,10,64856.666666666664,648566.6666666666,32428.333333333332
VUO9O6FBZ1,2021-05-01,Servicios,Bogotá D.C.,Valor medio-alto,13,64856.666666666664,843136.6666666666,42156.833333333336
VUW3WONQWF,2021-02-01,Comercio detallista,Bogotá D.C.,Valor medio-alto,3,89333.33333333333,268000.0,13400.0
VUW3WONQWF,2021-03-01,Comercio detallista,Bogotá D.C.,Valor medio-alto,3,89333.33333333333,268000.0,13400.0
VVEFK5IQIB,2021-02-01,Servicios,Bogotá D.C.,Valor medio-alto,14,193346.15384615384,2706846.153846154,135342.30769230772
VVEFK5IQIB,2021-03-01,Servicios,Bogotá D.C.,Valor medio-alto,6,193346.15384615384,1160076.923076923,58003.846153846156
VVEFK5IQIB,2021-04-01,Servicios,Bogotá D.C.,Valor medio-alto,4,193346.15384615384,773384.6153846154,38669.23076923077
VVEFK5IQIB,2021-05-01,Servicios,Bogotá D.C.,Valor medio-alto,2,193346.15384615384,386692.3076923077,19334.615384615387
VX0OWSX4AT,2021-01-01,Servicios,Bogotá D.C.,Valor medio,3,130000.0,390000.0,19500.0
VX0OWSX4AT,2021-02-01,Servicios,Bogotá D.C.,Valor medio,2,130000.0,260000.0,13000.0
VX9PCZ578A,2021-02-01,Comercio detallista,Bogotá D.C.,Valor medio-alto,3,306416.6666666667,919250.0,45962.5
VX9PCZ578A,2021-03-01,Comercio detallista,Bogotá D.C.,Valor medio-alto,5,306416.6666666667,1532083.3333333335,76604.16666666667
VX9PCZ578A,2021-04-01,Comercio detallista,Bogotá D.C.,Valor medio-alto,2,306416.6666666667,612833.3333333334,30641.66666666667
VX9PCZ578A,2021-05-01,Comercio detallista,Bogotá D.C.,Valor medio-alto,2,306416.6666666667,612833.3333333334,30641.66666666667
VXPG5JGK9V,2021-02-01,Servicios,Bogotá D.C.,Valor medio-alto,1,334090.0,334090.0,16704.5
VXPG5JGK9V,2021-03-01,Servicios,Bogotá D.C.,Valor medio-alto,7,334090.0,2338630.0,116931.5
VXPG5JGK9V,2021-04-01,Servicios,Bogotá D.C.,Valor medio-alto,8,334090.0,2672720.0,133636.0
VXPG5JGK9V,2021-05-01,Servicios,Bogotá D.C.,Valor medio-alto,4,334090.0,1336360.0,66818.0
VXSH6NHMA2,2021-02-01,Servicios,Bogotá D.C.,Valor medio-alto,2,250500.0,501000.0,25050.0
VXSH6NHMA2,2021-03-01,Servicios,Bogotá D.C.,Valor medio-alto,1,250500.0,250500.0,12525.0
VXSH6NHMA2,2021-04-01,Servicios,Bogotá D.C.,Valor medio-alto,1,250500.0,250500.0,12525.0
VXX4WF5JA0,2021-03-01,Reparación y limpieza,Bogotá D.C.,Valor medio-alto,6,111166.66666666667,667000.0,33350.0
VXX4WF5JA0,2021-04-01,Reparación y limpieza,Bogotá D.C.,Valor medio-alto,3,111166.66666666667,333500.0,16675.0
VXX4WF5JA0,2021-05-01,Reparación y limpieza,Bogotá D.C.,Valor medio-alto,3,111166.66666666667,333500.0,16675.0
VY8UMYMO8B,2021-03-01,Comercio detallista,Bogotá D.C.,Valor medio-alto,1,204600.0,204600.0,10230.0
VY8UMYMO8B,2021-04-01,Comercio detallista,Bogotá D.C.,Valor medio-alto,4,204600.0,818400.0,40920.0
VYBTJC7K82,2021-03-01,Alimentos y bebidas,Bogotá D.C.,Valor medio-alto,2,77600.0,155200.0,7760.0
VYBTJC7K82,2021-04-01,Alimentos y bebidas,Bogotá D.C.,Valor medio-alto,11,77600.0,853600.0,42680.0
VYPR2OWFZY,2021-03-01,Comercio detallista,Funza,Valor medio-alto,10,166629.62962962964,1666296.2962962964,83314.81481481483
VYPR2OWFZY,2021-04-01,Comercio detallista,Funza,Valor medio-alto,8,166629.62962962964,1333037.037037037,66651.85185185185
VYPR2OWFZY,2021-05-01,Comercio detallista,Funza,Valor medio-alto,9,166629.62962962964,1499666.6666666667,74983.33333333334
VYQEMOAH9H,2021-02-01,Transporte,Bogotá D.C.,Valor medio-alto,1,351291.0,351291.0,17564.55
VYQEMOAH9H,2021-04-01,Transporte,Bogotá D.C.,Valor medio-alto,3,351291.0,1053873.0,52693.65
VYQEMOAH9H,2021-05-01,Transporte,Bogotá D.C.,Valor medio-alto,1,351291.0,351291.0,17564.55
VYTJ7VY7Q2,2021-02-01,Comercio detallista,Bogotá D.C.,Valor medio-alto,4,536733.3333333334,2146933.3333333335,107346.66666666669
VYTJ7VY7Q2,2021-03-01,Comercio detallista,Bogotá D.C.,Valor medio-alto,18,536733.3333333334,9661200.0,483060.0
VYTJ7VY7Q2,2021-04-01,Comercio detallista,Bogotá D.C.,Valor medio-alto,6,536733.3333333334,3220400.0,161020.0
VYTJ7VY7Q2,2021-05-01,Comercio detallista,Bogotá D.C.,Valor medio-alto,17,536733.3333333334,9124466.666666668,456223.33333333343
VZ75DT71SY,2021-02-01,Comercio detallista,Soacha,Valor medio,1,2000.0,2000.0,100.0
VZG6D5GFYD,2021-03-01,Comercio detallista,Bogotá D.C.,Valor medio,3,300666.6666666667,902000.0,45100.0
W11JT3E0TP,2021-03-01,Servicios,Soacha,Valor alto,16,430800.0,6892800.0,344640.0
W11JT3E0TP,2021-04-01,Servicios,Soacha,Valor alto,10,430800.0,4308000.0,215400.0
W11JT3E0TP,2021-05-01,Servicios,Soacha,Valor alto,9,430800.0,3877200.0,193860.0
W1TQWL2QLY,2021-03-01,Servicios,Bogotá D.C.,Valor medio-alto,2,710166.6666666666,1420333.3333333333,71016.66666666667
W1TQWL2QLY,2021-04-01,Servicios,Bogotá D.C.,Valor medio-alto,1,710166.6666666666,710166.6666666666,35508.333333333336
W1TQWL2QLY,2021-05-01,Servicios,Bogotá D.C.,Valor medio-alto,3,710166.6666666666,2130500.0,106525.0
W1XYNLQNEB,2021-02-01,Comercio detallista,Bogotá D.C.,Valor medio-alto,14,206558.0,2891812.0,144590.6
W1XYNLQNEB,2021-03-01,Comercio detallista,Bogotá D.C.,Valor medio-alto,19,206558.0,3924602.0,196230.1
W1XYNLQNEB,2021-04-01,Comercio detallista,Bogotá D.C.,Valor medio-alto,7,206558.0,1445906.0,72295.3
W1XYNLQNEB,2021-05-01,Comercio detallista,Bogotá D.C.,Valor medio-alto,10,206558.0,2065580.0,103279.0
W2V3XB17ON,2021-02-01,Servicios,Bogotá D.C.,Valor medio-alto,3,106214.28571428571,318642.85714285716,15932.142857142859
W2V3XB17ON,2021-03-01,Servicios,Bogotá D.C.,Valor medio-alto,6,106214.28571428571,637285.7142857143,31864.285714285717
W2V3XB17ON,2021-04-01,Servicios,Bogotá D.C.,Valor medio-alto,1,106214.28571428571,106214.28571428571,5310.714285714286
W2V3XB17ON,2021-05-01,Servicios,Bogotá D.C.,Valor medio-alto,4,106214.28571428571,424857.14285714284,21242.857142857145
W37E7OWK35,2021-03-01,Comercio detallista,Choachí,Valor medio-alto,13,97125.0,1262625.0,63131.25
W37E7OWK35,2021-04-01,Comercio detallista,Choachí,Valor medio-alto,8,97125.0,777000.0,38850.0
W37E7OWK35,2021-05-01,Comercio detallista,Choachí,Valor medio-alto,15,97125.0,1456875.0,72843.75
W56PSCHYLV,2021-02-01,Belleza y cuidado personal,Soacha,Valor alto,34,93686.15384615384,3185329.2307692305,159266.46153846153
W56PSCHYLV,2021-03-01,Belleza y cuidado personal,Soacha,Valor alto,3,93686.15384615384,281058.4615384615,14052.923076923076
W56PSCHYLV,2021-04-01,Belleza y cuidado personal,Soacha,Valor alto,16,93686.15384615384,1498978.4615384615,74948.92307692308
W56PSCHYLV,2021-05-01,Belleza y cuidado personal,Soacha,Valor alto,12,93686.15384615384,1124233.846153846,56211.692307692305
W5DLVFYS9J,2021-02-01,Comercio detallista,Cali,Valor medio-alto,4,205916.66666666666,823666.6666666666,41183.333333333336
W5DLVFYS9J,2021-03-01,Comercio detallista,Cali,Valor medio-alto,1,205916.66666666666,205916.66666666666,10295.833333333334
W5DLVFYS9J,2021-04-01,Comercio detallista,Cali,Valor medio-alto,1,205916.66666666666,205916.66666666666,10295.833333333334
W5M0OVVS89,2021-01-01,Alimentos y bebidas,Bogotá D.C.,Valor medio-alto,11,29950.0,329450.0,16472.5
W5M0OVVS89,2020-12-01,Alimentos y bebidas,Bogotá D.C.,Valor medio-alto,21,29950.0,628950.0,31447.5
W5M0OVVS89,2021-02-01,Alimentos y bebidas,Bogotá D.C.,Valor medio-alto,12,29950.0,359400.0,17970.0
W5M0OVVS89,2021-03-01,Alimentos y bebidas,Bogotá D.C.,Valor medio-alto,10,29950.0,299500.0,14975.0
W5M0OVVS89,2021-04-01,Alimentos y bebidas,Bogotá D.C.,Valor medio-alto,7,29950.0,209650.0,10482.5
W5M0OVVS89,2021-05-01,Alimentos y bebidas,Bogotá D.C.,Valor medio-alto,9,29950.0,269550.0,13477.5
W6NYDZFA8Z,2021-03-01,Comercio detallista,Bogotá D.C.,Valor medio-alto,6,89995.83333333333,539975.0,26998.75
W6NYDZFA8Z,2021-04-01,Comercio detallista,Bogotá D.C.,Valor medio-alto,3,89995.83333333333,269987.5,13499.375
W6NYDZFA8Z,2021-05-01,Comercio detallista,Bogotá D.C.,Valor medio-alto,3,89995.83333333333,269987.5,13499.375
W6VCTQKKIA,2021-03-01,Comercio detallista,Bogotá D.C.,Valor medio-alto,5,92475.83333333333,462379.1666666666,23118.958333333332
W6VCTQKKIA,2021-04-01,Comercio detallista,Bogotá D.C.,Valor medio-alto,7,92475.83333333333,647330.8333333333,32366.541666666664
W7BG00YI5S,2021-03-01,Comercio detallista,Bogotá D.C.,Valor medio-alto,3,85611.11111111111,256833.3333333333,12841.666666666666
W7BG00YI5S,2021-04-01,Comercio detallista,Bogotá D.C.,Valor medio-alto,3,85611.11111111111,256833.3333333333,12841.666666666666
W7BG00YI5S,2021-05-01,Comercio detallista,Bogotá D.C.,Valor medio-alto,12,85611.11111111111,1027333.3333333333,51366.666666666664
W7OLLLSQVC,2021-02-01,Reparación y limpieza,Bogotá D.C.,Valor medio-alto,6,159857.14285714287,959142.8571428573,47957.14285714287
W7OLLLSQVC,2021-03-01,Reparación y limpieza,Bogotá D.C.,Valor medio-alto,1,159857.14285714287,159857.14285714287,7992.857142857144
W7PX99A6YT,2021-03-01,Servicios,Bogotá D.C.,Valor medio,2,14333.333333333334,28666.666666666668,1433.3333333333335
W7PX99A6YT,2021-04-01,Servicios,Bogotá D.C.,Valor medio,1,14333.333333333334,14333.333333333334,716.6666666666667
W83M7RG9C5,2021-03-01,Comercio detallista,Bogotá D.C.,Valor medio-alto,2,283000.0,566000.0,28300.0
W83M7RG9C5,2021-04-01,Comercio detallista,Bogotá D.C.,Valor medio-alto,2,283000.0,566000.0,28300.0
W85EKVBIZW,2021-03-01,Alimentos y bebidas,Bogotá D.C.,Valor medio-alto,5,60994.545454545456,304972.7272727273,15248.636363636366
W85EKVBIZW,2021-04-01,Alimentos y bebidas,Bogotá D.C.,Valor medio-alto,31,60994.545454545456,1890830.9090909092,94541.54545454547
W85EKVBIZW,2021-05-01,Alimentos y bebidas,Bogotá D.C.,Valor medio-alto,19,60994.545454545456,1158896.3636363638,57944.81818181819
W89BXS7P0J,2021-03-01,Comercio detallista,Bogotá D.C.,Valor medio-alto,26,394337.6811594203,10252779.710144928,512638.9855072464
W89BXS7P0J,2021-04-01,Comercio detallista,Bogotá D.C.,Valor medio-alto,18,394337.6811594203,7098078.260869565,354903.9130434783
W89BXS7P0J,2021-05-01,Comercio detallista,Bogotá D.C.,Valor medio-alto,25,394337.6811594203,9858442.028985508,492922.1014492754
W8A0ERTJQE,2021-03-01,Comercio detallista,Bogotá D.C.,Valor medio-alto,7,52024.1935483871,364169.3548387097,18208.467741935485
W8A0ERTJQE,2021-04-01,Comercio detallista,Bogotá D.C.,Valor medio-alto,11,52024.1935483871,572266.1290322581,28613.306451612905
W8A0ERTJQE,2021-05-01,Comercio detallista,Bogotá D.C.,Valor medio-alto,13,52024.1935483871,676314.5161290322,33815.72580645161
W8DB0XI8DG,2021-03-01,Comercio detallista,Bogotá D.C.,Valor medio-alto,7,74423.07692307692,520961.53846153844,26048.076923076922
W8DB0XI8DG,2021-04-01,Comercio detallista,Bogotá D.C.,Valor medio-alto,3,74423.07692307692,223269.23076923075,11163.461538461539
W8DB0XI8DG,2021-05-01,Comercio detallista,Bogotá D.C.,Valor medio-alto,3,74423.07692307692,223269.23076923075,11163.461538461539
W9E83QW492,2020-12-01,Comercio detallista,Bogotá D.C.,Valor medio,2,691000.0,1382000.0,69100.0
WA2OD8DS52,2021-01-01,Comercio detallista,Bogotá D.C.,Valor medio-alto,13,76063.79310344828,988829.3103448276,49441.465517241384
WA2OD8DS52,2020-12-01,Comercio detallista,Bogotá D.C.,Valor medio-alto,7,76063.79310344828,532446.551724138,26622.3275862069
WA2OD8DS52,2021-02-01,Comercio detallista,Bogotá D.C.,Valor medio-alto,10,76063.79310344828,760637.9310344828,38031.89655172414
WA2OD8DS52,2021-03-01,Comercio detallista,Bogotá D.C.,Valor medio-alto,13,76063.79310344828,988829.3103448276,49441.465517241384
WA2OD8DS52,2021-04-01,Comercio detallista,Bogotá D.C.,Valor medio-alto,9,76063.79310344828,684574.1379310344,34228.706896551725
WA2OD8DS52,2021-05-01,Comercio detallista,Bogotá D.C.,Valor medio-alto,6,76063.79310344828,456382.7586206896,22819.137931034482
WBJ62YKQV6,2021-03-01,Alimentos y bebidas,Bogotá D.C.,Valor medio,1,2000.0,2000.0,100.0
WCPUFSAOSA,2021-03-01,Turismo y entretenimiento,Bogotá D.C.,Valor medio-alto,1,299500.0,299500.0,14975.0
WCPUFSAOSA,2021-04-01,Turismo y entretenimiento,Bogotá D.C.,Valor medio-alto,4,299500.0,1198000.0,59900.0
WCPUFSAOSA,2021-05-01,Turismo y entretenimiento,Bogotá D.C.,Valor medio-alto,4,299500.0,1198000.0,59900.0
WCXUVD3LSP,2021-03-01,Comercio detallista,Soacha,Valor medio-alto,1,264636.36363636365,264636.36363636365,13231.818181818184
WCXUVD3LSP,2021-04-01,Comercio detallista,Soacha,Valor medio-alto,6,264636.36363636365,1587818.1818181819,79390.9090909091
WCXUVD3LSP,2021-05-01,Comercio detallista,Soacha,Valor medio-alto,4,264636.36363636365,1058545.4545454546,52927.272727272735
WDBV7W2DWX,2021-03-01,Servicios,Sibaté,Valor medio-alto,3,991600.0,2974800.0,148740.0
WE4WMCXLD9,2021-03-01,Comercio detallista,Bogotá D.C.,Valor medio-alto,3,138233.33333333334,414700.0,20735.0
WE4WMCXLD9,2021-04-01,Comercio detallista,Bogotá D.C.,Valor medio-alto,3,138233.33333333334,414700.0,20735.0
WEB4FAL83R,2021-03-01,Educación,Bogotá D.C.,Valor medio-alto,3,554727.2727272727,1664181.8181818181,83209.09090909091
WEB4FAL83R,2021-04-01,Educación,Bogotá D.C.,Valor medio-alto,3,554727.2727272727,1664181.8181818181,83209.09090909091
WEB4FAL83R,2021-05-01,Educación,Bogotá D.C.,Valor medio-alto,5,554727.2727272727,2773636.3636363633,138681.81818181818
WEH2P1SRMG,2021-03-01,Comercio detallista,Bogotá D.C.,Valor medio-alto,1,42350.0,42350.0,2117.5
WEH2P1SRMG,2021-04-01,Comercio detallista,Bogotá D.C.,Valor medio-alto,1,42350.0,42350.0,2117.5
WEH2P1SRMG,2021-05-01,Comercio detallista,Bogotá D.C.,Valor medio-alto,4,42350.0,169400.0,8470.0
WEM1XWSX78,2021-03-01,Transporte,Bogotá D.C.,Valor medio-alto,1,153500.0,153500.0,7675.0
WEM1XWSX78,2021-04-01,Transporte,Bogotá D.C.,Valor medio-alto,1,153500.0,153500.0,7675.0
WERZOFONPH,2021-03-01,Servicios,Choachí,Valor medio-alto,5,123567.20588235294,617836.0294117647,30891.801470588238
WERZOFONPH,2021-04-01,Servicios,Choachí,Valor medio-alto,11,123567.20588235294,1359239.2647058824,67961.96323529413
WERZOFONPH,2021-05-01,Servicios,Choachí,Valor medio-alto,18,123567.20588235294,2224209.705882353,111210.48529411765
WF7HEYK2GV,2021-02-01,Comercio detallista,Bogotá D.C.,Valor medio-alto,1,76300.0,76300.0,3815.0
WF7HEYK2GV,2021-03-01,Comercio detallista,Bogotá D.C.,Valor medio-alto,1,76300.0,76300.0,3815.0
WF7HEYK2GV,2021-04-01,Comercio detallista,Bogotá D.C.,Valor medio-alto,2,76300.0,152600.0,7630.0
WFIVQ8FNMJ,2021-01-01,Comercio detallista,Bogotá D.C.,Valor medio-alto,4,202502.12765957447,810008.5106382979,40500.425531914894
WFIVQ8FNMJ,2020-12-01,Comercio detallista,Bogotá D.C.,Valor medio-alto,14,202502.12765957447,2835029.787234043,141751.48936170214
WFIVQ8FNMJ,2021-02-01,Comercio detallista,Bogotá D.C.,Valor medio-alto,6,202502.12765957447,1215012.7659574468,60750.63829787234
WFIVQ8FNMJ,2021-03-01,Comercio detallista,Bogotá D.C.,Valor medio-alto,15,202502.12765957447,3037531.914893617,151876.59574468085
WFIVQ8FNMJ,2021-04-01,Comercio detallista,Bogotá D.C.,Valor medio-alto,4,202502.12765957447,810008.5106382979,40500.425531914894
WFIVQ8FNMJ,2021-05-01,Comercio detallista,Bogotá D.C.,Valor medio-alto,4,202502.12765957447,810008.5106382979,40500.425531914894
WFL3SQ5Y6V,2021-03-01,Comercio detallista,Soacha,Valor medio-alto,10,85474.78260869565,854747.8260869565,42737.39130434783
WFL3SQ5Y6V,2021-04-01,Comercio detallista,Soacha,Valor medio-alto,6,85474.78260869565,512848.6956521739,25642.434782608696
WFL3SQ5Y6V,2021-05-01,Comercio detallista,Soacha,Valor medio-alto,7,85474.78260869565,598323.4782608695,29916.173913043476
WFUAIQD5R2,2021-01-01,Comercio detallista,Bogotá D.C.,Valor medio-alto,4,193438.87279151945,773755.4911660778,38687.77455830389
WFUAIQD5R2,2021-02-01,Comercio detallista,Bogotá D.C.,Valor medio-alto,36,193438.87279151945,6963799.4204947,348189.971024735
WFUAIQD5R2,2021-03-01,Comercio detallista,Bogotá D.C.,Valor medio-alto,96,193438.87279151945,18570131.78798587,928506.5893992935
WFUAIQD5R2,2021-04-01,Comercio detallista,Bogotá D.C.,Valor medio-alto,74,193438.87279151945,14314476.586572438,715723.829328622
WFUAIQD5R2,2021-05-01,Comercio detallista,Bogotá D.C.,Valor medio-alto,73,193438.87279151945,14121037.71378092,706051.885689046
WG4VTKDEYP,2021-03-01,Comercio detallista,Bogotá D.C.,Valor medio-alto,3,468352.9411764706,1405058.8235294118,70252.94117647059
WG4VTKDEYP,2021-04-01,Comercio detallista,Bogotá D.C.,Valor medio-alto,11,468352.9411764706,5151882.352941177,257594.11764705885
WG4VTKDEYP,2021-05-01,Comercio detallista,Bogotá D.C.,Valor medio-alto,3,468352.9411764706,1405058.8235294118,70252.94117647059
WGZO3Y7EDB,2021-01-01,Comercio detallista,Bogotá D.C.,Valor medio-alto,5,352888.8888888889,1764444.4444444445,88222.22222222223
WGZO3Y7EDB,2021-02-01,Comercio detallista,Bogotá D.C.,Valor medio-alto,6,352888.8888888889,2117333.333333333,105866.66666666666
WGZO3Y7EDB,2021-03-01,Comercio detallista,Bogotá D.C.,Valor medio-alto,2,352888.8888888889,705777.7777777778,35288.88888888889
WGZO3Y7EDB,2021-05-01,Comercio detallista,Bogotá D.C.,Valor medio-alto,5,352888.8888888889,1764444.4444444445,88222.22222222223
WH1TZNM6GW,2021-03-01,Comercio detallista,Sibaté,Valor medio-alto,2,470600.0,941200.0,47060.0
WH1TZNM6GW,2021-04-01,Comercio detallista,Sibaté,Valor medio-alto,3,470600.0,1411800.0,70590.0
WH1XC5VT1F,2021-02-01,Comercio detallista,Cali,Valor medio-alto,4,338550.0,1354200.0,67710.0
WH1XC5VT1F,2021-03-01,Comercio detallista,Cali,Valor medio-alto,4,338550.0,1354200.0,67710.0
WH1XC5VT1F,2021-04-01,Comercio detallista,Cali,Valor medio-alto,3,338550.0,1015650.0,50782.5
WH1XC5VT1F,2021-05-01,Comercio detallista,Cali,Valor medio-alto,4,338550.0,1354200.0,67710.0
WH6VII8R36,2021-01-01,Servicios,Bogotá D.C.,Valor medio-alto,11,327727.47252747254,3605002.197802198,180250.10989010992
WH6VII8R36,2020-12-01,Servicios,Bogotá D.C.,Valor medio-alto,19,327727.47252747254,6226821.978021978,311341.09890109894
WH6VII8R36,2021-02-01,Servicios,Bogotá D.C.,Valor medio-alto,15,327727.47252747254,4915912.087912088,245795.60439560443
WH6VII8R36,2021-03-01,Servicios,Bogotá D.C.,Valor medio-alto,18,327727.47252747254,5899094.505494505,294954.7252747253
WH6VII8R36,2021-04-01,Servicios,Bogotá D.C.,Valor medio-alto,9,327727.47252747254,2949547.2527472526,147477.36263736265
WH6VII8R36,2021-05-01,Servicios,Bogotá D.C.,Valor medio-alto,19,327727.47252747254,6226821.978021978,311341.09890109894
WH7P2OGX10,2021-03-01,Comercio detallista,Bogotá D.C.,Valor medio,1,1000.0,1000.0,50.0
WI62RDV4H0,2021-03-01,Reparación y limpieza,Zipaquirá,Valor medio,1,1000.0,1000.0,50.0
WIR7VEWMF7,2021-03-01,Educación,Villavicencio,Valor medio,1,1000.0,1000.0,50.0
WJ3U2W768K,2021-03-01,Comercio detallista,Bogotá D.C.,Valor medio,1,583000.0,583000.0,29150.0
WJ6AC0ZXWR,2021-03-01,Comercio detallista,Bogotá D.C.,Valor medio-alto,6,391666.6666666667,2350000.0,117500.0
WJ6AC0ZXWR,2021-05-01,Comercio detallista,Bogotá D.C.,Valor medio-alto,3,391666.6666666667,1175000.0,58750.0
WJN5Z9PM2A,2021-03-01,Servicios,Bogotá D.C.,Valor medio-alto,8,88785.71428571429,710285.7142857143,35514.28571428572
WJN5Z9PM2A,2021-04-01,Servicios,Bogotá D.C.,Valor medio-alto,2,88785.71428571429,177571.42857142858,8878.57142857143
WJN5Z9PM2A,2021-05-01,Servicios,Bogotá D.C.,Valor medio-alto,4,88785.71428571429,355142.85714285716,17757.14285714286
WJU9UDJKV1,2021-03-01,Comercio detallista,Bogotá D.C.,Valor medio-alto,2,207333.33333333334,414666.6666666667,20733.333333333336
WJU9UDJKV1,2021-05-01,Comercio detallista,Bogotá D.C.,Valor medio-alto,1,207333.33333333334,207333.33333333334,10366.666666666668
WK4PYIJ2J4,2021-03-01,Alimentos y bebidas,Bogotá D.C.,Valor medio-alto,9,23482.5,211342.5,10567.125
WK4PYIJ2J4,2021-04-01,Alimentos y bebidas,Bogotá D.C.,Valor medio-alto,14,23482.5,328755.0,16437.75
WK4PYIJ2J4,2021-05-01,Alimentos y bebidas,Bogotá D.C.,Valor medio-alto,5,23482.5,117412.5,5870.625
WKEGCIGR3J,2021-03-01,Servicios,Soacha,Valor medio-alto,5,449241.6666666667,2246208.3333333335,112310.41666666669
WKEGCIGR3J,2021-04-01,Servicios,Soacha,Valor medio-alto,13,449241.6666666667,5840141.666666667,292007.0833333334
WKEGCIGR3J,2021-05-01,Servicios,Soacha,Valor medio-alto,12,449241.6666666667,5390900.0,269545.0
WKNKIQTQDJ,2021-01-01,Comercio detallista,Bogotá D.C.,Valor medio-alto,14,289091.6666666667,4047283.3333333335,202364.1666666667
WKNKIQTQDJ,2021-02-01,Comercio detallista,Bogotá D.C.,Valor medio-alto,35,289091.6666666667,10118208.333333334,505910.41666666674
WKNKIQTQDJ,2021-03-01,Comercio detallista,Bogotá D.C.,Valor medio-alto,21,289091.6666666667,6070925.0,303546.25
WKNKIQTQDJ,2021-04-01,Comercio detallista,Bogotá D.C.,Valor medio-alto,17,289091.6666666667,4914558.333333334,245727.91666666672
WKNKIQTQDJ,2021-05-01,Comercio detallista,Bogotá D.C.,Valor medio-alto,33,289091.6666666667,9540025.0,477001.25
WLKGHJ7C23,2021-03-01,Comercio detallista,Bogotá D.C.,Valor medio-alto,5,1178666.6666666667,5893333.333333334,294666.6666666667
WLKGHJ7C23,2021-04-01,Comercio detallista,Bogotá D.C.,Valor medio-alto,1,1178666.6666666667,1178666.6666666667,58933.33333333334
WLKGHJ7C23,2021-05-01,Comercio detallista,Bogotá D.C.,Valor medio-alto,6,1178666.6666666667,7072000.0,353600.0
WLOE151RXO,2020-12-01,Alimentos y bebidas,Caucasia,Valor medio,1,2000.0,2000.0,100.0
WMQUK63IUA,2020-12-01,Comercio detallista,Bogotá D.C.,Valor medio-alto,1,86754.05405405405,86754.05405405405,4337.7027027027025
WMQUK63IUA,2021-02-01,Comercio detallista,Bogotá D.C.,Valor medio-alto,9,86754.05405405405,780786.4864864865,39039.32432432433
WMQUK63IUA,2021-03-01,Comercio detallista,Bogotá D.C.,Valor medio-alto,11,86754.05405405405,954294.5945945946,47714.729729729734
WMQUK63IUA,2021-04-01,Comercio detallista,Bogotá D.C.,Valor medio-alto,6,86754.05405405405,520524.3243243243,26026.216216216217
WMQUK63IUA,2021-05-01,Comercio detallista,Bogotá D.C.,Valor medio-alto,10,86754.05405405405,867540.5405405406,43377.027027027034
WMRXEESR3P,2021-03-01,Comercio detallista,Bogotá D.C.,Valor medio-alto,3,92458.33333333333,277375.0,13868.75
WMRXEESR3P,2021-04-01,Comercio detallista,Bogotá D.C.,Valor medio-alto,9,92458.33333333333,832125.0,41606.25
WMRXEESR3P,2021-05-01,Comercio detallista,Bogotá D.C.,Valor medio-alto,36,92458.33333333333,3328500.0,166425.0
WMW6YW8RN6,2021-02-01,Transporte,Bogotá D.C.,Valor medio,3,2000.0,6000.0,300.0
WNN04VIM4J,2021-03-01,Servicios,Bogotá D.C.,Valor medio-alto,2,436714.28571428574,873428.5714285715,43671.42857142858
WNN04VIM4J,2021-04-01,Servicios,Bogotá D.C.,Valor medio-alto,2,436714.28571428574,873428.5714285715,43671.42857142858
WNN04VIM4J,2021-05-01,Servicios,Bogotá D.C.,Valor medio-alto,3,436714.28571428574,1310142.8571428573,65507.14285714287
WNNKDNHNLN,2021-03-01,Alimentos y bebidas,Bogotá D.C.,Valor medio-alto,6,33070.56737588652,198423.40425531915,9921.17021276596
WNNKDNHNLN,2021-04-01,Alimentos y bebidas,Bogotá D.C.,Valor medio-alto,76,33070.56737588652,2513363.120567376,125668.1560283688
WNNKDNHNLN,2021-05-01,Alimentos y bebidas,Bogotá D.C.,Valor medio-alto,59,33070.56737588652,1951163.4751773048,97558.17375886525
WOEWBALKP9,2021-03-01,Comercio detallista,Bogotá D.C.,Valor medio,1,2000.0,2000.0,100.0
WOSXK8CTRH,2021-01-01,Servicios,Bogotá D.C.,Valor medio-alto,7,1108654.4117647058,7760580.882352941,388029.04411764705
WOSXK8CTRH,2021-02-01,Servicios,Bogotá D.C.,Valor medio-alto,2,1108654.4117647058,2217308.8235294116,110865.44117647059
WOSXK8CTRH,2021-03-01,Servicios,Bogotá D.C.,Valor medio-alto,1,1108654.4117647058,1108654.4117647058,55432.720588235294
WOSXK8CTRH,2021-04-01,Servicios,Bogotá D.C.,Valor medio-alto,5,1108654.4117647058,5543272.058823529,277163.60294117645
WOSXK8CTRH,2021-05-01,Servicios,Bogotá D.C.,Valor medio-alto,19,1108654.4117647058,21064433.82352941,1053221.6911764706
WQ1SK6RO7Y,2021-03-01,Comercio detallista,Bogotá D.C.,Valor medio,3,331666.6666666667,995000.0,49750.0
WQ2TX02EDB,2021-02-01,Servicios,Bogotá D.C.,Valor medio-alto,1,209100.0,209100.0,10455.0
WQ2TX02EDB,2021-03-01,Servicios,Bogotá D.C.,Valor medio-alto,2,209100.0,418200.0,20910.0
WQ2TX02EDB,2021-04-01,Servicios,Bogotá D.C.,Valor medio-alto,1,209100.0,209100.0,10455.0
WQ2TX02EDB,2021-05-01,Servicios,Bogotá D.C.,Valor medio-alto,1,209100.0,209100.0,10455.0
WQ58I7RTXS,2021-03-01,Servicios,Bogotá D.C.,Valor medio-alto,3,345483.25,1036449.75,51822.4875
WQ58I7RTXS,2021-04-01,Servicios,Bogotá D.C.,Valor medio-alto,5,345483.25,1727416.25,86370.8125
WQ58I7RTXS,2021-05-01,Servicios,Bogotá D.C.,Valor medio-alto,4,345483.25,1381933.0,69096.65000000001
WRSYOJMTO2,2021-03-01,Comercio detallista,Bogotá D.C.,Valor medio-alto,8,64476.19047619047,515809.5238095238,25790.47619047619
WRSYOJMTO2,2021-04-01,Comercio detallista,Bogotá D.C.,Valor medio-alto,9,64476.19047619047,580285.7142857143,29014.285714285717
WRSYOJMTO2,2021-05-01,Comercio detallista,Bogotá D.C.,Valor medio-alto,4,64476.19047619047,257904.7619047619,12895.238095238095
WS3AXI0HNR,2021-03-01,Comercio detallista,Bogotá D.C.,Valor medio,1,31000.0,31000.0,1550.0
WS3AXI0HNR,2021-04-01,Comercio detallista,Bogotá D.C.,Valor medio,1,31000.0,31000.0,1550.0
WS44IC5L5J,2021-03-01,Comercio detallista,Bogotá D.C.,Valor medio-alto,4,73285.71428571429,293142.85714285716,14657.142857142859
WS44IC5L5J,2021-04-01,Comercio detallista,Bogotá D.C.,Valor medio-alto,5,73285.71428571429,366428.5714285715,18321.428571428576
WS44IC5L5J,2021-05-01,Comercio detallista,Bogotá D.C.,Valor medio-alto,5,73285.71428571429,366428.5714285715,18321.428571428576
WSKFFYGY0F,2021-02-01,Servicios,Cali,Valor medio,1,1050.0,1050.0,52.5
WSX1412W3T,2021-02-01,Belleza y cuidado personal,Bogotá D.C.,Valor medio-alto,2,290400.0,580800.0,29040.0
WSX1412W3T,2021-04-01,Belleza y cuidado personal,Bogotá D.C.,Valor medio-alto,2,290400.0,580800.0,29040.0
WSX1412W3T,2021-05-01,Belleza y cuidado personal,Bogotá D.C.,Valor medio-alto,1,290400.0,290400.0,14520.0
WUMYI72SX8,2021-03-01,Comercio detallista,Bogotá D.C.,Valor medio-alto,1,64093.75,64093.75,3204.6875
WUMYI72SX8,2021-04-01,Comercio detallista,Bogotá D.C.,Valor medio-alto,1,64093.75,64093.75,3204.6875
WUMYI72SX8,2021-05-01,Comercio detallista,Bogotá D.C.,Valor medio-alto,6,64093.75,384562.5,19228.125
WUWJ8G8FB4,2021-03-01,Comercio detallista,Bogotá D.C.,Valor medio-alto,1,373500.0,373500.0,18675.0
WUWJ8G8FB4,2021-04-01,Comercio detallista,Bogotá D.C.,Valor medio-alto,2,373500.0,747000.0,37350.0
WUWJ8G8FB4,2021-05-01,Comercio detallista,Bogotá D.C.,Valor medio-alto,1,373500.0,373500.0,18675.0
WUXF2SNXAK,2021-03-01,Servicios,Girardot,Valor medio-alto,2,117250.0,234500.0,11725.0
WUXF2SNXAK,2021-04-01,Servicios,Girardot,Valor medio-alto,1,117250.0,117250.0,5862.5
WUXF2SNXAK,2021-05-01,Servicios,Girardot,Valor medio-alto,1,117250.0,117250.0,5862.5
WUYO9PGW2L,2021-01-01,Belleza y cuidado personal,Bogotá D.C.,Valor alto,3,2904600.0,8713800.0,435690.0
WUYO9PGW2L,2020-12-01,Belleza y cuidado personal,Bogotá D.C.,Valor alto,6,2904600.0,17427600.0,871380.0
WUYO9PGW2L,2021-02-01,Belleza y cuidado personal,Bogotá D.C.,Valor alto,5,2904600.0,14523000.0,726150.0
WUYO9PGW2L,2021-03-01,Belleza y cuidado personal,Bogotá D.C.,Valor alto,4,2904600.0,11618400.0,580920.0
WUYO9PGW2L,2021-04-01,Belleza y cuidado personal,Bogotá D.C.,Valor alto,2,2904600.0,5809200.0,290460.0
WV1CQR0F0Y,2021-03-01,Belleza y cuidado personal,Bogotá D.C.,Valor medio,2,500.0,1000.0,50.0
WV1CQR0F0Y,2021-05-01,Belleza y cuidado personal,Bogotá D.C.,Valor medio,2,500.0,1000.0,50.0
WWV375V6RC,2021-02-01,Comercio detallista,Bogotá D.C.,Valor medio-alto,7,68711.07142857143,480977.50000000006,24048.875000000004
WWV375V6RC,2021-03-01,Comercio detallista,Bogotá D.C.,Valor medio-alto,6,68711.07142857143,412266.42857142864,20613.321428571435
WWV375V6RC,2021-04-01,Comercio detallista,Bogotá D.C.,Valor medio-alto,5,68711.07142857143,343555.35714285716,17177.76785714286
WWV375V6RC,2021-05-01,Comercio detallista,Bogotá D.C.,Valor medio-alto,10,68711.07142857143,687110.7142857143,34355.53571428572
WWYEGFAE51,2021-01-01,Comercio detallista,Soacha,Valor medio-alto,6,1030125.0,6180750.0,309037.5
WWYEGFAE51,2020-12-01,Comercio detallista,Soacha,Valor medio-alto,1,1030125.0,1030125.0,51506.25
WWYEGFAE51,2021-02-01,Comercio detallista,Soacha,Valor medio-alto,1,1030125.0,1030125.0,51506.25
WXTQU11NM1,2021-03-01,Comercio detallista,Bogotá D.C.,Valor medio-alto,3,158250.0,474750.0,23737.5
WXTQU11NM1,2021-04-01,Comercio detallista,Bogotá D.C.,Valor medio-alto,1,158250.0,158250.0,7912.5
WZ0PCBEGBY,2021-01-01,Alimentos y bebidas,Bogotá D.C.,Valor medio,2,85810.0,171620.0,8581.0
X02B6HL9XA,2021-03-01,Comercio detallista,Bogotá D.C.,Valor medio,2,2000.0,4000.0,200.0
X076OCUS19,2021-03-01,Reparación y limpieza,Bogotá D.C.,Valor medio-alto,4,315333.3333333333,1261333.3333333333,63066.666666666664
X076OCUS19,2021-04-01,Reparación y limpieza,Bogotá D.C.,Valor medio-alto,3,315333.3333333333,946000.0,47300.0
X076OCUS19,2021-05-01,Reparación y limpieza,Bogotá D.C.,Valor medio-alto,2,315333.3333333333,630666.6666666666,31533.333333333332
X0GHRKT02J,2021-03-01,Comercio detallista,Bogotá D.C.,Valor medio-alto,2,606750.0,1213500.0,60675.0
X0GHRKT02J,2021-05-01,Comercio detallista,Bogotá D.C.,Valor medio-alto,2,606750.0,1213500.0,60675.0
X0HIIU076I,2021-03-01,Comercio detallista,Bogotá D.C.,Valor medio-alto,4,206500.0,826000.0,41300.0
X0HIIU076I,2021-04-01,Comercio detallista,Bogotá D.C.,Valor medio-alto,2,206500.0,413000.0,20650.0
X0HIIU076I,2021-05-01,Comercio detallista,Bogotá D.C.,Valor medio-alto,2,206500.0,413000.0,20650.0
X0K7R7060K,2021-03-01,Comercio detallista,Bogotá D.C.,Valor medio-alto,7,48434.782608695656,339043.47826086957,16952.17391304348
X0K7R7060K,2021-04-01,Comercio detallista,Bogotá D.C.,Valor medio-alto,13,48434.782608695656,629652.1739130436,31482.60869565218
X0K7R7060K,2021-05-01,Comercio detallista,Bogotá D.C.,Valor medio-alto,3,48434.782608695656,145304.34782608697,7265.217391304349
X0PU576PHG,2021-02-01,Comercio detallista,Bogotá D.C.,Valor alto,5,650750.0,3253750.0,162687.5
X0PU576PHG,2021-05-01,Comercio detallista,Bogotá D.C.,Valor alto,3,650750.0,1952250.0,97612.5
X0XOG4W7P3,2021-03-01,Comercio detallista,Bogotá D.C.,Valor medio,1,2000.0,2000.0,100.0
X152OKBD4F,2021-02-01,Comercio detallista,Cali,Valor medio-alto,2,155820.0,311640.0,15582.0
X152OKBD4F,2021-03-01,Comercio detallista,Cali,Valor medio-alto,1,155820.0,155820.0,7791.0
X152OKBD4F,2021-04-01,Comercio detallista,Cali,Valor medio-alto,1,155820.0,155820.0,7791.0
X2ZZILXFSU,2021-03-01,Servicios,Bogotá D.C.,Valor medio,2,1333.3333333333333,2666.6666666666665,133.33333333333334
X2ZZILXFSU,2021-05-01,Servicios,Bogotá D.C.,Valor medio,1,1333.3333333333333,1333.3333333333333,66.66666666666667
X3TBDWY9NP,2021-03-01,Servicios,Bogotá D.C.,Valor medio-alto,3,431896.4285714286,1295689.2857142857,64784.46428571429
X3TBDWY9NP,2021-04-01,Servicios,Bogotá D.C.,Valor medio-alto,6,431896.4285714286,2591378.5714285714,129568.92857142858
X3TBDWY9NP,2021-05-01,Servicios,Bogotá D.C.,Valor medio-alto,5,431896.4285714286,2159482.1428571427,107974.10714285714
X4ER4XD9VA,2021-02-01,Comercio detallista,Bogotá D.C.,Valor medio-alto,7,130000.0,910000.0,45500.0
X4ER4XD9VA,2021-03-01,Comercio detallista,Bogotá D.C.,Valor medio-alto,3,130000.0,390000.0,19500.0
X4ER4XD9VA,2021-04-01,Comercio detallista,Bogotá D.C.,Valor medio-alto,3,130000.0,390000.0,19500.0
X4ER4XD9VA,2021-05-01,Comercio detallista,Bogotá D.C.,Valor medio-alto,1,130000.0,130000.0,6500.0
X4MG8POMLB,2021-02-01,Servicios,Bogotá D.C.,Valor medio-alto,2,170125.0,340250.0,17012.5
X4MG8POMLB,2021-03-01,Servicios,Bogotá D.C.,Valor medio-alto,4,170125.0,680500.0,34025.0
X4MG8POMLB,2021-05-01,Servicios,Bogotá D.C.,Valor medio-alto,2,170125.0,340250.0,17012.5
X4VO3IBIKB,2021-03-01,Reparación y limpieza,Bogotá D.C.,Valor medio-alto,4,587104.0,2348416.0,117420.8
X4VO3IBIKB,2021-04-01,Reparación y limpieza,Bogotá D.C.,Valor medio-alto,1,587104.0,587104.0,29355.2
X4VO3IBIKB,2021-05-01,Reparación y limpieza,Bogotá D.C.,Valor medio-alto,2,587104.0,1174208.0,58710.4
X5KFWMX97R,2021-02-01,Comercio detallista,Bogotá D.C.,Valor medio-alto,4,161830.64516129033,647322.5806451613,32366.129032258068
X5KFWMX97R,2021-03-01,Comercio detallista,Bogotá D.C.,Valor medio-alto,10,161830.64516129033,1618306.4516129033,80915.32258064517
X5KFWMX97R,2021-04-01,Comercio detallista,Bogotá D.C.,Valor medio-alto,4,161830.64516129033,647322.5806451613,32366.129032258068
X5KFWMX97R,2021-05-01,Comercio detallista,Bogotá D.C.,Valor medio-alto,13,161830.64516129033,2103798.3870967743,105189.91935483873
X65ET5NBRG,2021-02-01,Comercio detallista,Bogotá D.C.,Valor medio-alto,22,290258.41584158415,6385685.148514851,319284.2574257426
X65ET5NBRG,2021-03-01,Comercio detallista,Bogotá D.C.,Valor medio-alto,42,290258.41584158415,12190853.465346534,609542.6732673267
X65ET5NBRG,2021-04-01,Comercio detallista,Bogotá D.C.,Valor medio-alto,21,290258.41584158415,6095426.732673267,304771.33663366333
X65ET5NBRG,2021-05-01,Comercio detallista,Bogotá D.C.,Valor medio-alto,16,290258.41584158415,4644134.653465346,232206.73267326734
X6P7B2SH1L,2021-03-01,Alimentos y bebidas,Bogotá D.C.,Valor medio-alto,1,21750.0,21750.0,1087.5
X6P7B2SH1L,2021-04-01,Alimentos y bebidas,Bogotá D.C.,Valor medio-alto,2,21750.0,43500.0,2175.0
X6P7B2SH1L,2021-05-01,Alimentos y bebidas,Bogotá D.C.,Valor medio-alto,1,21750.0,21750.0,1087.5
X790BQ1DUS,2021-03-01,Servicios,Bogotá D.C.,Valor medio-alto,3,193000.0,579000.0,28950.0
X790BQ1DUS,2021-04-01,Servicios,Bogotá D.C.,Valor medio-alto,1,193000.0,193000.0,9650.0
X790BQ1DUS,2021-05-01,Servicios,Bogotá D.C.,Valor medio-alto,2,193000.0,386000.0,19300.0
X7DOMYF7N2,2021-03-01,Alimentos y bebidas,Bogotá D.C.,Valor medio-alto,23,57413.63636363636,1320513.6363636362,66025.68181818181
X7DOMYF7N2,2021-04-01,Alimentos y bebidas,Bogotá D.C.,Valor medio-alto,19,57413.63636363636,1090859.0909090908,54542.954545454544
X7DOMYF7N2,2021-05-01,Alimentos y bebidas,Bogotá D.C.,Valor medio-alto,24,57413.63636363636,1377927.2727272727,68896.36363636363
X7VZ9OMPEJ,2021-02-01,Comercio detallista,Bogotá D.C.,Valor medio,8,32695.0,261560.0,13078.0
X7VZ9OMPEJ,2021-03-01,Comercio detallista,Bogotá D.C.,Valor medio,2,32695.0,65390.0,3269.5
X83JD90GCN,2021-03-01,Alimentos y bebidas,Villa de San Diego de Ubate,Valor medio-alto,5,43318.75,216593.75,10829.6875
X83JD90GCN,2021-04-01,Alimentos y bebidas,Villa de San Diego de Ubate,Valor medio-alto,3,43318.75,129956.25,6497.8125
X83JD90GCN,2021-05-01,Alimentos y bebidas,Villa de San Diego de Ubate,Valor medio-alto,4,43318.75,173275.0,8663.75
X84QZHLSON,2021-01-01,Servicios,Bogotá D.C.,Valor medio-alto,5,580521.7391304348,2902608.695652174,145130.4347826087
X84QZHLSON,2020-12-01,Servicios,Bogotá D.C.,Valor medio-alto,4,580521.7391304348,2322086.9565217393,116104.34782608697
X84QZHLSON,2021-02-01,Servicios,Bogotá D.C.,Valor medio-alto,3,580521.7391304348,1741565.2173913044,87078.26086956523
X84QZHLSON,2021-03-01,Servicios,Bogotá D.C.,Valor medio-alto,3,580521.7391304348,1741565.2173913044,87078.26086956523
X84QZHLSON,2021-04-01,Servicios,Bogotá D.C.,Valor medio-alto,4,580521.7391304348,2322086.9565217393,116104.34782608697
X84QZHLSON,2021-05-01,Servicios,Bogotá D.C.,Valor medio-alto,4,580521.7391304348,2322086.9565217393,116104.34782608697
X933HZHYMF,2021-03-01,Comercio detallista,Bogotá D.C.,Valor medio-alto,8,178153.84615384616,1425230.7692307692,71261.53846153847
X933HZHYMF,2021-04-01,Comercio detallista,Bogotá D.C.,Valor medio-alto,3,178153.84615384616,534461.5384615385,26723.076923076926
X933HZHYMF,2021-05-01,Comercio detallista,Bogotá D.C.,Valor medio-alto,2,178153.84615384616,356307.6923076923,17815.384615384617
X983C7Y7SW,2021-03-01,Servicios,Bogotá D.C.,Valor medio-alto,1,28666.666666666668,28666.666666666668,1433.3333333333335
X983C7Y7SW,2021-04-01,Servicios,Bogotá D.C.,Valor medio-alto,1,28666.666666666668,28666.666666666668,1433.3333333333335
X983C7Y7SW,2021-05-01,Servicios,Bogotá D.C.,Valor medio-alto,1,28666.666666666668,28666.666666666668,1433.3333333333335
X9MLZ7ND19,2021-03-01,Comercio detallista,Bogotá D.C.,Valor medio,1,2000.0,2000.0,100.0
XCUIPIB9NQ,2021-03-01,Comercio detallista,Bogotá D.C.,Valor medio-alto,2,113250.0,226500.0,11325.0
XCUIPIB9NQ,2021-04-01,Comercio detallista,Bogotá D.C.,Valor medio-alto,5,113250.0,566250.0,28312.5
XCUIPIB9NQ,2021-05-01,Comercio detallista,Bogotá D.C.,Valor medio-alto,1,113250.0,113250.0,5662.5
XD3W801OUP,2021-03-01,Comercio detallista,Bogotá D.C.,Valor medio,1,2000.0,2000.0,100.0
XD7YZM5CDX,2021-03-01,Comercio detallista,Bogotá D.C.,Valor medio-alto,4,411933.3333333333,1647733.3333333333,82386.66666666667
XD7YZM5CDX,2021-04-01,Comercio detallista,Bogotá D.C.,Valor medio-alto,2,411933.3333333333,823866.6666666666,41193.333333333336
XD7YZM5CDX,2021-05-01,Comercio detallista,Bogotá D.C.,Valor medio-alto,9,411933.3333333333,3707400.0,185370.0
XDIGOGU97U,2021-03-01,Servicios,Bogotá D.C.,Valor medio-alto,9,350642.85714285716,3155785.7142857146,157789.28571428574
XDIGOGU97U,2021-04-01,Servicios,Bogotá D.C.,Valor medio-alto,2,350642.85714285716,701285.7142857143,35064.28571428572
XDIGOGU97U,2021-05-01,Servicios,Bogotá D.C.,Valor medio-alto,3,350642.85714285716,1051928.5714285714,52596.42857142857
XDO8TLD4LU,2021-03-01,Servicios,Bogotá D.C.,Valor medio-alto,6,240066.66666666666,1440400.0,72020.0
XDO8TLD4LU,2021-04-01,Servicios,Bogotá D.C.,Valor medio-alto,4,240066.66666666666,960266.6666666666,48013.333333333336
XDO8TLD4LU,2021-05-01,Servicios,Bogotá D.C.,Valor medio-alto,5,240066.66666666666,1200333.3333333333,60016.666666666664
XDR26T4UDJ,2021-03-01,Comercio detallista,Bogotá D.C.,Valor medio-alto,2,107984.375,215968.75,10798.4375
XDR26T4UDJ,2021-04-01,Comercio detallista,Bogotá D.C.,Valor medio-alto,6,107984.375,647906.25,32395.3125
XDR26T4UDJ,2021-05-01,Comercio detallista,Bogotá D.C.,Valor medio-alto,8,107984.375,863875.0,43193.75
XE2MFQI79W,2021-02-01,Comercio detallista,Bogotá D.C.,Valor medio-alto,51,214625.0,10945875.0,547293.75
XE2MFQI79W,2021-03-01,Comercio detallista,Bogotá D.C.,Valor medio-alto,100,214625.0,21462500.0,1073125.0
XE2MFQI79W,2021-04-01,Comercio detallista,Bogotá D.C.,Valor medio-alto,48,214625.0,10302000.0,515100.0
XE2MFQI79W,2021-05-01,Comercio detallista,Bogotá D.C.,Valor medio-alto,105,214625.0,22535625.0,1126781.25
XEY61USO0B,2021-03-01,Belleza y cuidado personal,Chía,Valor medio-alto,3,123875.0,371625.0,18581.25
XEY61USO0B,2021-05-01,Belleza y cuidado personal,Chía,Valor medio-alto,5,123875.0,619375.0,30968.75
XFJ148MBN6,2021-03-01,Alimentos y bebidas,Bogotá D.C.,Valor medio-alto,2,175666.66666666666,351333.3333333333,17566.666666666668
XFJ148MBN6,2021-04-01,Alimentos y bebidas,Bogotá D.C.,Valor medio-alto,1,175666.66666666666,175666.66666666666,8783.333333333334
XFZCYU819H,2021-01-01,Comercio detallista,Bogotá D.C.,Valor alto,12,439581.8565400844,5274982.278481013,263749.11392405065
XFZCYU819H,2021-02-01,Comercio detallista,Bogotá D.C.,Valor alto,77,439581.8565400844,33847802.9535865,1692390.147679325
XFZCYU819H,2021-03-01,Comercio detallista,Bogotá D.C.,Valor alto,56,439581.8565400844,24616583.966244727,1230829.1983122365
XFZCYU819H,2021-04-01,Comercio detallista,Bogotá D.C.,Valor alto,33,439581.8565400844,14506201.265822785,725310.0632911393
XFZCYU819H,2021-05-01,Comercio detallista,Bogotá D.C.,Valor alto,59,439581.8565400844,25935329.53586498,1296766.4767932491
XG7JY5KYJG,2021-02-01,Comercio detallista,Bogotá D.C.,Valor medio-alto,1,73363.63636363637,73363.63636363637,3668.1818181818185
XG7JY5KYJG,2021-03-01,Comercio detallista,Bogotá D.C.,Valor medio-alto,3,73363.63636363637,220090.90909090912,11004.545454545456
XG7JY5KYJG,2021-04-01,Comercio detallista,Bogotá D.C.,Valor medio-alto,4,73363.63636363637,293454.54545454547,14672.727272727274
XG7JY5KYJG,2021-05-01,Comercio detallista,Bogotá D.C.,Valor medio-alto,3,73363.63636363637,220090.90909090912,11004.545454545456
XG989QDHEQ,2021-01-01,Servicios,Bogotá D.C.,Valor medio-alto,8,292528.08988764044,2340224.7191011235,117011.23595505618
XG989QDHEQ,2020-12-01,Servicios,Bogotá D.C.,Valor medio-alto,33,292528.08988764044,9653426.966292135,482671.3483146068
XG989QDHEQ,2021-02-01,Servicios,Bogotá D.C.,Valor medio-alto,8,292528.08988764044,2340224.7191011235,117011.23595505618
XG989QDHEQ,2021-03-01,Servicios,Bogotá D.C.,Valor medio-alto,5,292528.08988764044,1462640.4494382022,73132.02247191011
XG989QDHEQ,2021-04-01,Servicios,Bogotá D.C.,Valor medio-alto,6,292528.08988764044,1755168.5393258426,87758.42696629214
XG989QDHEQ,2021-05-01,Servicios,Bogotá D.C.,Valor medio-alto,29,292528.08988764044,8483314.606741574,424165.7303370787
XGAX4HLUS0,2021-03-01,Comercio detallista,Bogotá D.C.,Valor medio,2,2000.0,4000.0,200.0
XGL57FDPK1,2021-02-01,Comercio detallista,Bogotá D.C.,Valor medio-alto,2,335800.0,671600.0,33580.0
XGL57FDPK1,2021-03-01,Comercio detallista,Bogotá D.C.,Valor medio-alto,6,335800.0,2014800.0,100740.0
XGL57FDPK1,2021-04-01,Comercio detallista,Bogotá D.C.,Valor medio-alto,4,335800.0,1343200.0,67160.0
XGL57FDPK1,2021-05-01,Comercio detallista,Bogotá D.C.,Valor medio-alto,3,335800.0,1007400.0,50370.0
XGOPBBTBUJ,2021-03-01,Servicios,Bogotá D.C.,Valor medio-alto,1,11250.0,11250.0,562.5
XGOPBBTBUJ,2021-04-01,Servicios,Bogotá D.C.,Valor medio-alto,2,11250.0,22500.0,1125.0
XGOPBBTBUJ,2021-05-01,Servicios,Bogotá D.C.,Valor medio-alto,5,11250.0,56250.0,2812.5
XH5R8Q6ZCX,2021-02-01,Comercio detallista,Bogotá D.C.,Valor medio-alto,2,758687.5,1517375.0,75868.75
XH5R8Q6ZCX,2021-03-01,Comercio detallista,Bogotá D.C.,Valor medio-alto,2,758687.5,1517375.0,75868.75
XH5R8Q6ZCX,2021-04-01,Comercio detallista,Bogotá D.C.,Valor medio-alto,3,758687.5,2276062.5,113803.125
XH5R8Q6ZCX,2021-05-01,Comercio detallista,Bogotá D.C.,Valor medio-alto,9,758687.5,6828187.5,341409.375
XHO1A3III1,2021-03-01,Comercio detallista,Bogotá D.C.,Valor medio-alto,3,886875.0,2660625.0,133031.25
XHO1A3III1,2021-04-01,Comercio detallista,Bogotá D.C.,Valor medio-alto,1,886875.0,886875.0,44343.75
XHO1A3III1,2021-05-01,Comercio detallista,Bogotá D.C.,Valor medio-alto,4,886875.0,3547500.0,177375.0
XHRFI658TC,2021-03-01,Comercio detallista,Bogotá D.C.,Valor medio-alto,8,299583.3333333333,2396666.6666666665,119833.33333333333
XHRFI658TC,2021-04-01,Comercio detallista,Bogotá D.C.,Valor medio-alto,7,299583.3333333333,2097083.3333333333,104854.16666666667
XHRFI658TC,2021-05-01,Comercio detallista,Bogotá D.C.,Valor medio-alto,9,299583.3333333333,2696250.0,134812.5
XHRNJVQ6B3,2021-03-01,Comercio detallista,Madrid,Valor medio,1,2000.0,2000.0,100.0
XHYM002YL6,2021-03-01,Comercio detallista,Bogotá D.C.,Valor medio-alto,6,843657.6923076923,5061946.153846154,253097.30769230772
XHYM002YL6,2021-04-01,Comercio detallista,Bogotá D.C.,Valor medio-alto,2,843657.6923076923,1687315.3846153845,84365.76923076923
XHYM002YL6,2021-05-01,Comercio detallista,Bogotá D.C.,Valor medio-alto,5,843657.6923076923,4218288.461538461,210914.42307692306
XI1ZIUOLTT,2021-03-01,Alimentos y bebidas,Madrid,Valor medio-alto,3,480200.0,1440600.0,72030.0
XI1ZIUOLTT,2021-04-01,Alimentos y bebidas,Madrid,Valor medio-alto,2,480200.0,960400.0,48020.0
XI2I2FCNMO,2020-12-01,Servicios,Bogotá D.C.,Valor medio-alto,1,1101000.0,1101000.0,55050.0
XI2I2FCNMO,2021-04-01,Servicios,Bogotá D.C.,Valor medio-alto,1,1101000.0,1101000.0,55050.0
XIE0N1MHUZ,2021-01-01,Comercio detallista,Bogotá D.C.,Valor medio-alto,2,71540.0,143080.0,7154.0
XIE0N1MHUZ,2021-02-01,Comercio detallista,Bogotá D.C.,Valor medio-alto,3,71540.0,214620.0,10731.0
XIE0N1MHUZ,2021-03-01,Comercio detallista,Bogotá D.C.,Valor medio-alto,12,71540.0,858480.0,42924.0
XIE0N1MHUZ,2021-04-01,Comercio detallista,Bogotá D.C.,Valor medio-alto,2,71540.0,143080.0,7154.0
XIE0N1MHUZ,2021-05-01,Comercio detallista,Bogotá D.C.,Valor medio-alto,6,71540.0,429240.0,21462.0
XIERUES1R5,2021-03-01,Servicios,La Dorada,Valor medio,1,2000.0,2000.0,100.0
XIERUES1R5,2021-04-01,Servicios,La Dorada,Valor medio,1,2000.0,2000.0,100.0
XIF2UTUKLG,2021-03-01,Comercio detallista,Bogotá D.C.,Valor medio-alto,1,16333.333333333334,16333.333333333334,816.6666666666667
XIF2UTUKLG,2021-05-01,Comercio detallista,Bogotá D.C.,Valor medio-alto,2,16333.333333333334,32666.666666666668,1633.3333333333335
XIGJ0FF71E,2021-03-01,Alimentos y bebidas,Bogotá D.C.,Valor medio-alto,1,87780.0,87780.0,4389.0
XIGJ0FF71E,2021-04-01,Alimentos y bebidas,Bogotá D.C.,Valor medio-alto,2,87780.0,175560.0,8778.0
XIGJ0FF71E,2021-05-01,Alimentos y bebidas,Bogotá D.C.,Valor medio-alto,2,87780.0,175560.0,8778.0
XJ84C2SM6J,2021-01-01,Servicios,Bogotá D.C.,Valor medio-alto,37,142038.09523809524,5255409.523809523,262770.47619047615
XJ84C2SM6J,2021-02-01,Servicios,Bogotá D.C.,Valor medio-alto,46,142038.09523809524,6533752.380952381,326687.61904761905
XJ84C2SM6J,2021-03-01,Servicios,Bogotá D.C.,Valor medio-alto,50,142038.09523809524,7101904.761904762,355095.2380952381
XJ84C2SM6J,2021-04-01,Servicios,Bogotá D.C.,Valor medio-alto,39,142038.09523809524,5539485.714285715,276974.28571428574
XJ84C2SM6J,2021-05-01,Servicios,Bogotá D.C.,Valor medio-alto,38,142038.09523809524,5397447.619047619,269872.380952381
XJEJMT0S1B,2021-03-01,Comercio detallista,Bogotá D.C.,Valor medio-alto,1,78428.57142857143,78428.57142857143,3921.428571428572
XJEJMT0S1B,2021-04-01,Comercio detallista,Bogotá D.C.,Valor medio-alto,4,78428.57142857143,313714.28571428574,15685.714285714288
XJEJMT0S1B,2021-05-01,Comercio detallista,Bogotá D.C.,Valor medio-alto,2,78428.57142857143,156857.14285714287,7842.857142857144
XJRKTSXNGU,2021-03-01,Belleza y cuidado personal,Bogotá D.C.,Valor medio,1,23400.0,23400.0,1170.0
XJRKTSXNGU,2021-04-01,Belleza y cuidado personal,Bogotá D.C.,Valor medio,1,23400.0,23400.0,1170.0
XKD68BJHRE,2021-03-01,Comercio detallista,Bogotá D.C.,Valor medio-alto,1,111875.0,111875.0,5593.75
XKD68BJHRE,2021-04-01,Comercio detallista,Bogotá D.C.,Valor medio-alto,3,111875.0,335625.0,16781.25
XKHF0C9R0V,2021-03-01,Alimentos y bebidas,Bogotá D.C.,Valor medio,3,54666.666666666664,164000.0,8200.0
XKJWMNEW3M,2021-02-01,Reparación y limpieza,Bogotá D.C.,Valor medio-alto,1,165620.0,165620.0,8281.0
XKJWMNEW3M,2021-03-01,Reparación y limpieza,Bogotá D.C.,Valor medio-alto,2,165620.0,331240.0,16562.0
XKJWMNEW3M,2021-04-01,Reparación y limpieza,Bogotá D.C.,Valor medio-alto,4,165620.0,662480.0,33124.0
XKJWMNEW3M,2021-05-01,Reparación y limpieza,Bogotá D.C.,Valor medio-alto,3,165620.0,496860.0,24843.0
XKNXRCPUL1,2021-03-01,Comercio detallista,Bogotá D.C.,Valor medio,2,34000.0,68000.0,3400.0
XKNXRCPUL1,2021-04-01,Comercio detallista,Bogotá D.C.,Valor medio,1,34000.0,34000.0,1700.0
XKRVSLV9VM,2021-02-01,Belleza y cuidado personal,Soacha,Valor medio-alto,67,88362.17391304347,5920265.652173913,296013.2826086957
XKRVSLV9VM,2021-03-01,Belleza y cuidado personal,Soacha,Valor medio-alto,76,88362.17391304347,6715525.217391304,335776.2608695652
XKRVSLV9VM,2021-04-01,Belleza y cuidado personal,Soacha,Valor medio-alto,88,88362.17391304347,7775871.304347825,388793.5652173913
XKRVSLV9VM,2021-05-01,Belleza y cuidado personal,Soacha,Valor medio-alto,114,88362.17391304347,10073287.826086955,503664.3913043478
XL2PB5OTZF,2021-02-01,Comercio detallista,Bogotá D.C.,Valor medio-alto,2,203000.0,406000.0,20300.0
XL2PB5OTZF,2021-03-01,Comercio detallista,Bogotá D.C.,Valor medio-alto,1,203000.0,203000.0,10150.0
XL2PB5OTZF,2021-04-01,Comercio detallista,Bogotá D.C.,Valor medio-alto,1,203000.0,203000.0,10150.0
XM1T9K61ON,2021-03-01,Reparación y limpieza,Bogotá D.C.,Valor medio,2,1000.0,2000.0,100.0
XM4YV1COCM,2021-03-01,Servicios,Jamundí,Valor medio-alto,1,29333.333333333332,29333.333333333332,1466.6666666666667
XM4YV1COCM,2021-04-01,Servicios,Jamundí,Valor medio-alto,1,29333.333333333332,29333.333333333332,1466.6666666666667
XM4YV1COCM,2021-05-01,Servicios,Jamundí,Valor medio-alto,1,29333.333333333332,29333.333333333332,1466.6666666666667
XMDDBYTI94,2021-01-01,Alimentos y bebidas,Bogotá D.C.,Valor medio-alto,1,23760.162601626016,23760.162601626016,1188.0081300813008
XMDDBYTI94,2020-12-01,Alimentos y bebidas,Bogotá D.C.,Valor medio-alto,2,23760.162601626016,47520.32520325203,2376.0162601626016
XMDDBYTI94,2021-02-01,Alimentos y bebidas,Bogotá D.C.,Valor medio-alto,31,23760.162601626016,736565.0406504065,36828.25203252033
XMDDBYTI94,2021-03-01,Alimentos y bebidas,Bogotá D.C.,Valor medio-alto,32,23760.162601626016,760325.2032520325,38016.260162601626
XMDDBYTI94,2021-04-01,Alimentos y bebidas,Bogotá D.C.,Valor medio-alto,28,23760.162601626016,665284.5528455285,33264.227642276426
XMDDBYTI94,2021-05-01,Alimentos y bebidas,Bogotá D.C.,Valor medio-alto,29,23760.162601626016,689044.7154471545,34452.23577235772
XN6SK8FETQ,2021-01-01,Comercio detallista,Bogotá D.C.,Valor medio-alto,2,383875.0,767750.0,38387.5
XN6SK8FETQ,2021-02-01,Comercio detallista,Bogotá D.C.,Valor medio-alto,4,383875.0,1535500.0,76775.0
XN6SK8FETQ,2021-03-01,Comercio detallista,Bogotá D.C.,Valor medio-alto,7,383875.0,2687125.0,134356.25
XN6SK8FETQ,2021-05-01,Comercio detallista,Bogotá D.C.,Valor medio-alto,3,383875.0,1151625.0,57581.25
XNBLHAIE5Y,2021-02-01,Comercio detallista,El Colegio,Valor medio-alto,2,36231.666666666664,72463.33333333333,3623.1666666666665
XNBLHAIE5Y,2021-04-01,Comercio detallista,El Colegio,Valor medio-alto,3,36231.666666666664,108695.0,5434.75
XNBLHAIE5Y,2021-05-01,Comercio detallista,El Colegio,Valor medio-alto,1,36231.666666666664,36231.666666666664,1811.5833333333333
XNWO6TTKM5,2021-03-01,Reparación y limpieza,Bogotá D.C.,Valor medio-alto,3,36755.555555555555,110266.66666666666,5513.333333333333
XNWO6TTKM5,2021-04-01,Reparación y limpieza,Bogotá D.C.,Valor medio-alto,9,36755.555555555555,330800.0,16540.0
XNWO6TTKM5,2021-05-01,Reparación y limpieza,Bogotá D.C.,Valor medio-alto,6,36755.555555555555,220533.3333333333,11026.666666666666
XO08VUIPQP,2021-03-01,Servicios,Bogotá D.C.,Valor medio-alto,2,223625.0,447250.0,22362.5
XO08VUIPQP,2021-05-01,Servicios,Bogotá D.C.,Valor medio-alto,2,223625.0,447250.0,22362.5
XO08YUOXY8,2021-03-01,Reparación y limpieza,Bogotá D.C.,Valor medio,1,5000.0,5000.0,250.0
XO2S596B1G,2021-03-01,Comercio detallista,Bogotá D.C.,Valor medio-alto,1,1018500.0,1018500.0,50925.0
XO2S596B1G,2021-04-01,Comercio detallista,Bogotá D.C.,Valor medio-alto,1,1018500.0,1018500.0,50925.0
XOSHVO3GIS,2021-03-01,Servicios,Bogotá D.C.,Valor medio-alto,6,212537.14285714287,1275222.8571428573,63761.14285714287
XOSHVO3GIS,2021-05-01,Servicios,Bogotá D.C.,Valor medio-alto,1,212537.14285714287,212537.14285714287,10626.857142857145
XOSQFY82AG,2021-03-01,Comercio detallista,Soacha,Valor medio-alto,1,637300.0,637300.0,31865.0
XOSQFY82AG,2021-04-01,Comercio detallista,Soacha,Valor medio-alto,4,637300.0,2549200.0,127460.0
XOSQFY82AG,2021-05-01,Comercio detallista,Soacha,Valor medio-alto,2,637300.0,1274600.0,63730.0
XPN2PSS920,2021-02-01,Comercio detallista,Bogotá D.C.,Valor medio-alto,3,77594.93670886075,232784.81012658228,11639.240506329115
XPN2PSS920,2021-03-01,Comercio detallista,Bogotá D.C.,Valor medio-alto,21,77594.93670886075,1629493.6708860758,81474.6835443038
XPN2PSS920,2021-04-01,Comercio detallista,Bogotá D.C.,Valor medio-alto,15,77594.93670886075,1163924.0506329113,58196.20253164557
XPN2PSS920,2021-05-01,Comercio detallista,Bogotá D.C.,Valor medio-alto,40,77594.93670886075,3103797.46835443,155189.8734177215
XPX9KCG1YK,2021-03-01,Comercio detallista,Cota,Valor medio-alto,1,110956.25,110956.25,5547.8125
XPX9KCG1YK,2021-04-01,Comercio detallista,Cota,Valor medio-alto,5,110956.25,554781.25,27739.0625
XPX9KCG1YK,2021-05-01,Comercio detallista,Cota,Valor medio-alto,10,110956.25,1109562.5,55478.125
XPXMKFNZ2T,2021-02-01,Servicios,Bogotá D.C.,Valor medio-alto,3,1302140.0,3906420.0,195321.0
XPXMKFNZ2T,2021-03-01,Servicios,Bogotá D.C.,Valor medio-alto,5,1302140.0,6510700.0,325535.0
XPXMKFNZ2T,2021-04-01,Servicios,Bogotá D.C.,Valor medio-alto,1,1302140.0,1302140.0,65107.0
XPXMKFNZ2T,2021-05-01,Servicios,Bogotá D.C.,Valor medio-alto,3,1302140.0,3906420.0,195321.0
XPXOA31SMQ,2021-03-01,Comercio detallista,Bogotá D.C.,Valor medio-alto,4,644333.3333333334,2577333.3333333335,128866.66666666669
XPXOA31SMQ,2021-04-01,Comercio detallista,Bogotá D.C.,Valor medio-alto,1,644333.3333333334,644333.3333333334,32216.66666666667
XPXOA31SMQ,2021-05-01,Comercio detallista,Bogotá D.C.,Valor medio-alto,1,644333.3333333334,644333.3333333334,32216.66666666667
XQTZMSYW4I,2021-03-01,Comercio detallista,Bogotá D.C.,Valor medio-alto,2,348093.3333333333,696186.6666666666,34809.333333333336
XQTZMSYW4I,2021-04-01,Comercio detallista,Bogotá D.C.,Valor medio-alto,2,348093.3333333333,696186.6666666666,34809.333333333336
XQTZMSYW4I,2021-05-01,Comercio detallista,Bogotá D.C.,Valor medio-alto,5,348093.3333333333,1740466.6666666665,87023.33333333333
XQUXSSSXWD,2021-02-01,Comercio detallista,Bogotá D.C.,Valor medio-alto,2,138038.46153846153,276076.92307692306,13803.846153846154
XQUXSSSXWD,2021-03-01,Comercio detallista,Bogotá D.C.,Valor medio-alto,17,138038.46153846153,2346653.846153846,117332.69230769231
XQUXSSSXWD,2021-04-01,Comercio detallista,Bogotá D.C.,Valor medio-alto,13,138038.46153846153,1794500.0,89725.0
XQUXSSSXWD,2021-05-01,Comercio detallista,Bogotá D.C.,Valor medio-alto,20,138038.46153846153,2760769.2307692305,138038.46153846153
XR2VR0FUL7,2021-01-01,Comercio detallista,Bogotá D.C.,Valor medio-alto,7,346518.51851851854,2425629.6296296297,121281.48148148149
XR2VR0FUL7,2020-12-01,Comercio detallista,Bogotá D.C.,Valor medio-alto,2,346518.51851851854,693037.0370370371,34651.851851851854
XR2VR0FUL7,2021-02-01,Comercio detallista,Bogotá D.C.,Valor medio-alto,22,346518.51851851854,7623407.407407408,381170.3703703704
XR2VR0FUL7,2021-03-01,Comercio detallista,Bogotá D.C.,Valor medio-alto,11,346518.51851851854,3811703.703703704,190585.1851851852
XR2VR0FUL7,2021-04-01,Comercio detallista,Bogotá D.C.,Valor medio-alto,4,346518.51851851854,1386074.0740740742,69303.70370370371
XR2VR0FUL7,2021-05-01,Comercio detallista,Bogotá D.C.,Valor medio-alto,8,346518.51851851854,2772148.1481481483,138607.40740740742
XS1FWOU305,2021-03-01,Servicios,Bogotá D.C.,Valor medio,1,2000.0,2000.0,100.0
XS1FWOU305,2021-04-01,Servicios,Bogotá D.C.,Valor medio,1,2000.0,2000.0,100.0
XS3T7BMZCX,2021-03-01,Comercio detallista,Bogotá D.C.,Valor medio-alto,1,580171.4285714285,580171.4285714285,29008.571428571428
XS3T7BMZCX,2021-04-01,Comercio detallista,Bogotá D.C.,Valor medio-alto,1,580171.4285714285,580171.4285714285,29008.571428571428
XS3T7BMZCX,2021-05-01,Comercio detallista,Bogotá D.C.,Valor medio-alto,12,580171.4285714285,6962057.142857142,348102.8571428571
XS9U4ZQQNF,2021-03-01,Servicios,Bogotá D.C.,Valor medio-alto,2,126166.66666666667,252333.33333333334,12616.666666666668
XS9U4ZQQNF,2021-04-01,Servicios,Bogotá D.C.,Valor medio-alto,3,126166.66666666667,378500.0,18925.0
XS9U4ZQQNF,2021-05-01,Servicios,Bogotá D.C.,Valor medio-alto,1,126166.66666666667,126166.66666666667,6308.333333333334
XSO21FZGJ5,2021-02-01,Belleza y cuidado personal,Bogotá D.C.,Valor medio-alto,1,278500.0,278500.0,13925.0
XSO21FZGJ5,2021-03-01,Belleza y cuidado personal,Bogotá D.C.,Valor medio-alto,2,278500.0,557000.0,27850.0
XSO21FZGJ5,2021-04-01,Belleza y cuidado personal,Bogotá D.C.,Valor medio-alto,2,278500.0,557000.0,27850.0
XSO21FZGJ5,2021-05-01,Belleza y cuidado personal,Bogotá D.C.,Valor medio-alto,1,278500.0,278500.0,13925.0
XSWS4LIURY,2021-03-01,Comercio detallista,Bogotá D.C.,Valor medio-alto,6,675333.3333333334,4052000.0,202600.0
XSWS4LIURY,2021-04-01,Comercio detallista,Bogotá D.C.,Valor medio-alto,1,675333.3333333334,675333.3333333334,33766.66666666667
XSWS4LIURY,2021-05-01,Comercio detallista,Bogotá D.C.,Valor medio-alto,2,675333.3333333334,1350666.6666666667,67533.33333333334
XTDJXBFIRF,2021-01-01,Comercio detallista,Bogotá D.C.,Valor medio-alto,2,17157.5,34315.0,1715.75
XTDJXBFIRF,2021-02-01,Comercio detallista,Bogotá D.C.,Valor medio-alto,2,17157.5,34315.0,1715.75
XTDJXBFIRF,2021-03-01,Comercio detallista,Bogotá D.C.,Valor medio-alto,1,17157.5,17157.5,857.875
XTDJXBFIRF,2021-04-01,Comercio detallista,Bogotá D.C.,Valor medio-alto,1,17157.5,17157.5,857.875
XTDJXBFIRF,2021-05-01,Comercio detallista,Bogotá D.C.,Valor medio-alto,2,17157.5,34315.0,1715.75
XTO4EB36AV,2021-03-01,Turismo y entretenimiento,Bogotá D.C.,Valor medio-alto,3,106325.5,318976.5,15948.825
XTO4EB36AV,2021-05-01,Turismo y entretenimiento,Bogotá D.C.,Valor medio-alto,1,106325.5,106325.5,5316.275000000001
XU0IUP9KKQ,2021-02-01,Comercio detallista,Bogotá D.C.,Valor medio-alto,2,75357.14285714286,150714.2857142857,7535.714285714286
XU0IUP9KKQ,2021-03-01,Comercio detallista,Bogotá D.C.,Valor medio-alto,26,75357.14285714286,1959285.7142857143,97964.28571428572
XU5ZWOY484,2021-03-01,Comercio detallista,Bogotá D.C.,Valor medio,1,2000.0,2000.0,100.0
XUTMKNYV8Z,2021-03-01,Servicios,Bogotá D.C.,Valor medio,1,2000.0,2000.0,100.0
XUY0R8C6CL,2021-03-01,Comercio detallista,Bogotá D.C.,Valor medio-alto,5,101279.0,506395.0,25319.75
XUY0R8C6CL,2021-04-01,Comercio detallista,Bogotá D.C.,Valor medio-alto,8,101279.0,810232.0,40511.600000000006
XUY0R8C6CL,2021-05-01,Comercio detallista,Bogotá D.C.,Valor medio-alto,7,101279.0,708953.0,35447.65
XV0V0F0ZAN,2021-03-01,Alimentos y bebidas,Bogotá D.C.,Valor medio-alto,1,93250.0,93250.0,4662.5
XV0V0F0ZAN,2021-05-01,Alimentos y bebidas,Bogotá D.C.,Valor medio-alto,3,93250.0,279750.0,13987.5
XV11L5MDCX,2021-03-01,Alimentos y bebidas,Bogotá D.C.,Valor medio,1,202000.0,202000.0,10100.0
XVB7GIBP4H,2021-02-01,Servicios,Bogotá D.C.,Valor medio-alto,9,94331.91489361702,848987.2340425532,42449.361702127666
XVB7GIBP4H,2021-03-01,Servicios,Bogotá D.C.,Valor medio-alto,8,94331.91489361702,754655.3191489362,37732.76595744681
XVB7GIBP4H,2021-04-01,Servicios,Bogotá D.C.,Valor medio-alto,10,94331.91489361702,943319.1489361703,47165.95744680852
XVB7GIBP4H,2021-05-01,Servicios,Bogotá D.C.,Valor medio-alto,20,94331.91489361702,1886638.2978723405,94331.91489361704
XW286YKUO1,2021-02-01,Comercio detallista,Cali,Valor medio,2,63525.0,127050.0,6352.5
XWTP7DEZ5C,2021-02-01,Comercio detallista,Bogotá D.C.,Valor medio-alto,6,271915.625,1631493.75,81574.6875
XWTP7DEZ5C,2021-03-01,Comercio detallista,Bogotá D.C.,Valor medio-alto,12,271915.625,3262987.5,163149.375
XWTP7DEZ5C,2021-04-01,Comercio detallista,Bogotá D.C.,Valor medio-alto,3,271915.625,815746.875,40787.34375
XWTP7DEZ5C,2021-05-01,Comercio detallista,Bogotá D.C.,Valor medio-alto,11,271915.625,2991071.875,149553.59375
XXEQIFGOTK,2021-02-01,Servicios,Bogotá D.C.,Valor medio-alto,2,118727.27272727272,237454.54545454544,11872.727272727272
XXEQIFGOTK,2021-03-01,Servicios,Bogotá D.C.,Valor medio-alto,4,118727.27272727272,474909.0909090909,23745.454545454544
XXEQIFGOTK,2021-04-01,Servicios,Bogotá D.C.,Valor medio-alto,2,118727.27272727272,237454.54545454544,11872.727272727272
XXEQIFGOTK,2021-05-01,Servicios,Bogotá D.C.,Valor medio-alto,3,118727.27272727272,356181.8181818182,17809.090909090908
XXHDT3K0BH,2021-01-01,Comercio detallista,Bogotá D.C.,Valor medio-alto,17,251364.86486486485,4273202.702702703,213660.13513513515
XXHDT3K0BH,2020-12-01,Comercio detallista,Bogotá D.C.,Valor medio-alto,6,251364.86486486485,1508189.189189189,75409.45945945945
XXHDT3K0BH,2021-02-01,Comercio detallista,Bogotá D.C.,Valor medio-alto,18,251364.86486486485,4524567.567567567,226228.37837837837
XXHDT3K0BH,2021-03-01,Comercio detallista,Bogotá D.C.,Valor medio-alto,15,251364.86486486485,3770472.972972973,188523.64864864864
XXHDT3K0BH,2021-04-01,Comercio detallista,Bogotá D.C.,Valor medio-alto,8,251364.86486486485,2010918.9189189188,100545.94594594595
XXHDT3K0BH,2021-05-01,Comercio detallista,Bogotá D.C.,Valor medio-alto,10,251364.86486486485,2513648.6486486485,125682.43243243243
XXT5K6PV0X,2021-01-01,Servicios,Bogotá D.C.,Valor medio-alto,128,38985.0,4990080.0,249504.0
XXT5K6PV0X,2020-12-01,Servicios,Bogotá D.C.,Valor medio-alto,121,38985.0,4717185.0,235859.25
XXT5K6PV0X,2021-02-01,Servicios,Bogotá D.C.,Valor medio-alto,91,38985.0,3547635.0,177381.75
XXT5K6PV0X,2021-03-01,Servicios,Bogotá D.C.,Valor medio-alto,110,38985.0,4288350.0,214417.5
XXT5K6PV0X,2021-04-01,Servicios,Bogotá D.C.,Valor medio-alto,141,38985.0,5496885.0,274844.25
XXT5K6PV0X,2021-05-01,Servicios,Bogotá D.C.,Valor medio-alto,149,38985.0,5808765.0,290438.25
XXZPCJQ1FK,2021-02-01,Turismo y entretenimiento,Bogotá D.C.,Valor medio-alto,15,1147484.1666666667,17212262.5,860613.125
XXZPCJQ1FK,2021-03-01,Turismo y entretenimiento,Bogotá D.C.,Valor medio-alto,3,1147484.1666666667,3442452.5,172122.625
XXZPCJQ1FK,2021-05-01,Turismo y entretenimiento,Bogotá D.C.,Valor medio-alto,6,1147484.1666666667,6884905.0,344245.25
XYDUZL5JA6,2021-03-01,Transporte,Bogotá D.C.,Valor medio,3,4333.333333333333,13000.0,650.0
XYJCNMO7IK,2021-03-01,Comercio detallista,Bogotá D.C.,Valor medio,2,26000.0,52000.0,2600.0
XZNO0JPN8I,2021-02-01,Comercio detallista,Bogotá D.C.,Valor medio,1,2000.0,2000.0,100.0
Y0B19CCIO3,2021-03-01,Comercio detallista,Bogotá D.C.,Valor medio-alto,4,95125.0,380500.0,19025.0
Y0B19CCIO3,2021-04-01,Comercio detallista,Bogotá D.C.,Valor medio-alto,5,95125.0,475625.0,23781.25
Y0B19CCIO3,2021-05-01,Comercio detallista,Bogotá D.C.,Valor medio-alto,7,95125.0,665875.0,33293.75
Y0S8ICZCMH,2021-03-01,Comercio detallista,Bogotá D.C.,Valor medio-alto,17,88865.21739130435,1510708.695652174,75535.4347826087
Y0S8ICZCMH,2021-04-01,Comercio detallista,Bogotá D.C.,Valor medio-alto,7,88865.21739130435,622056.5217391305,31102.826086956527
Y0S8ICZCMH,2021-05-01,Comercio detallista,Bogotá D.C.,Valor medio-alto,22,88865.21739130435,1955034.7826086958,97751.7391304348
Y16TUWHTS0,2021-01-01,Belleza y cuidado personal,Bogotá D.C.,Valor medio-alto,7,40595.454545454544,284168.1818181818,14208.409090909092
Y16TUWHTS0,2021-02-01,Belleza y cuidado personal,Bogotá D.C.,Valor medio-alto,3,40595.454545454544,121786.36363636363,6089.318181818182
Y16TUWHTS0,2021-03-01,Belleza y cuidado personal,Bogotá D.C.,Valor medio-alto,3,40595.454545454544,121786.36363636363,6089.318181818182
Y16TUWHTS0,2021-04-01,Belleza y cuidado personal,Bogotá D.C.,Valor medio-alto,4,40595.454545454544,162381.81818181818,8119.090909090909
Y16TUWHTS0,2021-05-01,Belleza y cuidado personal,Bogotá D.C.,Valor medio-alto,5,40595.454545454544,202977.2727272727,10148.863636363636
Y1TPGZCN33,2021-03-01,Servicios,Bogotá D.C.,Valor medio-alto,2,87000.0,174000.0,8700.0
Y1TPGZCN33,2021-05-01,Servicios,Bogotá D.C.,Valor medio-alto,1,87000.0,87000.0,4350.0
Y2S9P5S3TO,2021-01-01,Comercio detallista,Bogotá D.C.,Valor medio-alto,5,590047.8260869565,2950239.1304347827,147511.95652173914
Y2S9P5S3TO,2021-02-01,Comercio detallista,Bogotá D.C.,Valor medio-alto,2,590047.8260869565,1180095.652173913,59004.782608695656
Y2S9P5S3TO,2021-03-01,Comercio detallista,Bogotá D.C.,Valor medio-alto,6,590047.8260869565,3540286.9565217393,177014.34782608697
Y2S9P5S3TO,2021-04-01,Comercio detallista,Bogotá D.C.,Valor medio-alto,2,590047.8260869565,1180095.652173913,59004.782608695656
Y2S9P5S3TO,2021-05-01,Comercio detallista,Bogotá D.C.,Valor medio-alto,8,590047.8260869565,4720382.608695652,236019.13043478262
Y2U8MDM147,2021-02-01,Transporte,Cali,Valor medio,1,75500.0,75500.0,3775.0
Y2U8MDM147,2021-03-01,Transporte,Cali,Valor medio,1,75500.0,75500.0,3775.0
Y3CHZKAXFE,2021-03-01,Comercio detallista,Bogotá D.C.,Valor medio-alto,10,271157.8947368421,2711578.9473684207,135578.94736842104
Y3CHZKAXFE,2021-04-01,Comercio detallista,Bogotá D.C.,Valor medio-alto,5,271157.8947368421,1355789.4736842103,67789.47368421052
Y3CHZKAXFE,2021-05-01,Comercio detallista,Bogotá D.C.,Valor medio-alto,4,271157.8947368421,1084631.5789473683,54231.57894736842
Y3CW1ZFJLG,2021-04-01,Belleza y cuidado personal,Bogotá D.C.,Valor medio-alto,4,79430.0,317720.0,15886.0
Y3CW1ZFJLG,2021-05-01,Belleza y cuidado personal,Bogotá D.C.,Valor medio-alto,1,79430.0,79430.0,3971.5
Y434HNQZGK,2021-03-01,Comercio detallista,Bogotá D.C.,Valor medio-alto,3,165400.0,496200.0,24810.0
Y434HNQZGK,2021-04-01,Comercio detallista,Bogotá D.C.,Valor medio-alto,1,165400.0,165400.0,8270.0
Y434HNQZGK,2021-05-01,Comercio detallista,Bogotá D.C.,Valor medio-alto,1,165400.0,165400.0,8270.0
Y4KYU2TNXW,2021-03-01,Comercio detallista,Bogotá D.C.,Valor medio-alto,10,66934.375,669343.75,33467.1875
Y4KYU2TNXW,2021-04-01,Comercio detallista,Bogotá D.C.,Valor medio-alto,11,66934.375,736278.125,36813.90625
Y4KYU2TNXW,2021-05-01,Comercio detallista,Bogotá D.C.,Valor medio-alto,11,66934.375,736278.125,36813.90625
Y4NQNW0AC0,2021-02-01,Belleza y cuidado personal,Bogotá D.C.,Valor medio,1,2000.0,2000.0,100.0
Y4NQNW0AC0,2021-03-01,Belleza y cuidado personal,Bogotá D.C.,Valor medio,1,2000.0,2000.0,100.0
Y5HHK9BKIS,2021-03-01,Comercio detallista,Bogotá D.C.,Valor medio-alto,2,154421.05263157896,308842.1052631579,15442.105263157897
Y5HHK9BKIS,2021-04-01,Comercio detallista,Bogotá D.C.,Valor medio-alto,5,154421.05263157896,772105.2631578948,38605.26315789474
Y5HHK9BKIS,2021-05-01,Comercio detallista,Bogotá D.C.,Valor medio-alto,12,154421.05263157896,1853052.6315789474,92652.63157894737
Y6PLVL4W9T,2021-02-01,Comercio detallista,Bogotá D.C.,Valor medio-alto,2,334333.3333333333,668666.6666666666,33433.333333333336
Y6PLVL4W9T,2021-03-01,Comercio detallista,Bogotá D.C.,Valor medio-alto,1,334333.3333333333,334333.3333333333,16716.666666666668
Y7GBTUU13Z,2021-03-01,Servicios,Bogotá D.C.,Valor medio,1,2000.0,2000.0,100.0
Y8FNUXBY06,2021-03-01,Servicios,Bogotá D.C.,Valor medio-alto,1,370550.0,370550.0,18527.5
Y8FNUXBY06,2021-04-01,Servicios,Bogotá D.C.,Valor medio-alto,7,370550.0,2593850.0,129692.5
Y8FNUXBY06,2021-05-01,Servicios,Bogotá D.C.,Valor medio-alto,10,370550.0,3705500.0,185275.0
Y9CBMOM7E4,2021-03-01,Comercio detallista,Bogotá D.C.,Valor medio-alto,2,19200.0,38400.0,1920.0
Y9CBMOM7E4,2021-05-01,Comercio detallista,Bogotá D.C.,Valor medio-alto,3,19200.0,57600.0,2880.0
Y9PW1RP11T,2021-02-01,Comercio detallista,Bogotá D.C.,Valor medio-alto,3,479064.89361702127,1437194.6808510637,71859.73404255319
Y9PW1RP11T,2021-03-01,Comercio detallista,Bogotá D.C.,Valor medio-alto,18,479064.89361702127,8623168.085106382,431158.40425531915
Y9PW1RP11T,2021-04-01,Comercio detallista,Bogotá D.C.,Valor medio-alto,7,479064.89361702127,3353454.255319149,167672.71276595746
Y9PW1RP11T,2021-05-01,Comercio detallista,Bogotá D.C.,Valor medio-alto,19,479064.89361702127,9102232.978723405,455111.64893617027
Y9PYKJMSKL,2021-03-01,Alimentos y bebidas,El Rosal,Valor medio-alto,13,42266.666666666664,549466.6666666666,27473.333333333332
Y9PYKJMSKL,2021-04-01,Alimentos y bebidas,El Rosal,Valor medio-alto,13,42266.666666666664,549466.6666666666,27473.333333333332
Y9PYKJMSKL,2021-05-01,Alimentos y bebidas,El Rosal,Valor medio-alto,13,42266.666666666664,549466.6666666666,27473.333333333332
Y9UY89MHFL,2021-02-01,Reparación y limpieza,Soacha,Valor medio-alto,1,970666.6666666666,970666.6666666666,48533.333333333336
Y9UY89MHFL,2021-03-01,Reparación y limpieza,Soacha,Valor medio-alto,1,970666.6666666666,970666.6666666666,48533.333333333336
Y9UY89MHFL,2021-05-01,Reparación y limpieza,Soacha,Valor medio-alto,1,970666.6666666666,970666.6666666666,48533.333333333336
Y9ZY47K65Q,2021-03-01,Alimentos y bebidas,Bogotá D.C.,Valor medio-alto,4,24957.14285714286,99828.57142857143,4991.4285714285725
Y9ZY47K65Q,2021-04-01,Alimentos y bebidas,Bogotá D.C.,Valor medio-alto,7,24957.14285714286,174700.0,8735.0
Y9ZY47K65Q,2021-05-01,Alimentos y bebidas,Bogotá D.C.,Valor medio-alto,10,24957.14285714286,249571.42857142858,12478.57142857143
YBX7WUYL08,2021-03-01,Comercio detallista,Bogotá D.C.,Valor medio-alto,2,148000.0,296000.0,14800.0
YBX7WUYL08,2021-04-01,Comercio detallista,Bogotá D.C.,Valor medio-alto,1,148000.0,148000.0,7400.0
YBX7WUYL08,2021-05-01,Comercio detallista,Bogotá D.C.,Valor medio-alto,3,148000.0,444000.0,22200.0
YBXQCJO25P,2021-02-01,Comercio detallista,Bogotá D.C.,Valor medio,1,2000.0,2000.0,100.0
YD9B6YOR9J,2021-02-01,Servicios,Chía,Valor medio,1,2000.0,2000.0,100.0
YDR926Y273,2021-01-01,Comercio detallista,Bogotá D.C.,Valor alto,6,288588.28571428574,1731529.7142857146,86576.48571428574
YDR926Y273,2021-02-01,Comercio detallista,Bogotá D.C.,Valor alto,8,288588.28571428574,2308706.285714286,115435.3142857143
YDR926Y273,2021-03-01,Comercio detallista,Bogotá D.C.,Valor alto,8,288588.28571428574,2308706.285714286,115435.3142857143
YDR926Y273,2021-04-01,Comercio detallista,Bogotá D.C.,Valor alto,5,288588.28571428574,1442941.4285714286,72147.07142857143
YDR926Y273,2021-05-01,Comercio detallista,Bogotá D.C.,Valor alto,8,288588.28571428574,2308706.285714286,115435.3142857143
YDWA46YVP5,2021-03-01,Servicios,Bogotá D.C.,Valor medio-alto,3,52433.333333333336,157300.0,7865.0
YDWA46YVP5,2021-04-01,Servicios,Bogotá D.C.,Valor medio-alto,2,52433.333333333336,104866.66666666667,5243.333333333334
YDWA46YVP5,2021-05-01,Servicios,Bogotá D.C.,Valor medio-alto,4,52433.333333333336,209733.33333333334,10486.666666666668
YE3A0IFGJO,2021-03-01,Belleza y cuidado personal,Bogotá D.C.,Valor medio-alto,7,84861.11111111111,594027.7777777778,29701.38888888889
YE3A0IFGJO,2021-04-01,Belleza y cuidado personal,Bogotá D.C.,Valor medio-alto,4,84861.11111111111,339444.44444444444,16972.222222222223
YE3A0IFGJO,2021-05-01,Belleza y cuidado personal,Bogotá D.C.,Valor medio-alto,7,84861.11111111111,594027.7777777778,29701.38888888889
YE8VJSFBRA,2021-03-01,Belleza y cuidado personal,Bogotá D.C.,Valor medio-alto,5,137307.38461538462,686536.9230769231,34326.846153846156
YE8VJSFBRA,2021-04-01,Belleza y cuidado personal,Bogotá D.C.,Valor medio-alto,6,137307.38461538462,823844.3076923077,41192.21538461539
YE8VJSFBRA,2021-05-01,Belleza y cuidado personal,Bogotá D.C.,Valor medio-alto,2,137307.38461538462,274614.76923076925,13730.738461538464
YEAETSODU7,2021-01-01,Comercio detallista,Soacha,Valor medio-alto,2,428408.82352941175,856817.6470588235,42840.882352941175
YEAETSODU7,2021-02-01,Comercio detallista,Soacha,Valor medio-alto,4,428408.82352941175,1713635.294117647,85681.76470588235
YEAETSODU7,2021-03-01,Comercio detallista,Soacha,Valor medio-alto,2,428408.82352941175,856817.6470588235,42840.882352941175
YEAETSODU7,2021-04-01,Comercio detallista,Soacha,Valor medio-alto,7,428408.82352941175,2998861.7647058824,149943.08823529413
YEAETSODU7,2021-05-01,Comercio detallista,Soacha,Valor medio-alto,2,428408.82352941175,856817.6470588235,42840.882352941175
YES4YJY4DM,2021-01-01,Servicios,Bogotá D.C.,Valor medio,1,2000.0,2000.0,100.0
YFM846S4FY,2021-03-01,Comercio detallista,Bogotá D.C.,Valor medio-alto,2,424800.0,849600.0,42480.0
YFM846S4FY,2021-04-01,Comercio detallista,Bogotá D.C.,Valor medio-alto,1,424800.0,424800.0,21240.0
YFM846S4FY,2021-05-01,Comercio detallista,Bogotá D.C.,Valor medio-alto,2,424800.0,849600.0,42480.0
YFRIC383O0,2021-03-01,Comercio detallista,Bogotá D.C.,Valor medio-alto,2,134000.0,268000.0,13400.0
YFRIC383O0,2021-05-01,Comercio detallista,Bogotá D.C.,Valor medio-alto,1,134000.0,134000.0,6700.0
YGUS318FTV,2021-01-01,Reparación y limpieza,Soacha,Valor medio-alto,1,140915.61538461538,140915.61538461538,7045.780769230769
YGUS318FTV,2021-02-01,Reparación y limpieza,Soacha,Valor medio-alto,12,140915.61538461538,1690987.3846153845,84549.36923076923
YGUS318FTV,2021-03-01,Reparación y limpieza,Soacha,Valor medio-alto,18,140915.61538461538,2536481.076923077,126824.05384615385
YGUS318FTV,2021-04-01,Reparación y limpieza,Soacha,Valor medio-alto,21,140915.61538461538,2959227.923076923,147961.39615384614
YGUS318FTV,2021-05-01,Reparación y limpieza,Soacha,Valor medio-alto,26,140915.61538461538,3663806.0,183190.30000000002
YH15L57MZT,2021-01-01,Comercio detallista,Bogotá D.C.,Valor medio-alto,5,266282.60869565216,1331413.0434782607,66570.65217391304
YH15L57MZT,2021-02-01,Comercio detallista,Bogotá D.C.,Valor medio-alto,3,266282.60869565216,798847.8260869565,39942.39130434783
YH15L57MZT,2021-04-01,Comercio detallista,Bogotá D.C.,Valor medio-alto,7,266282.60869565216,1863978.2608695652,93198.91304347827
YH15L57MZT,2021-05-01,Comercio detallista,Bogotá D.C.,Valor medio-alto,8,266282.60869565216,2130260.8695652173,106513.04347826086
YHX81Y07KA,2021-03-01,Comercio detallista,Bogotá D.C.,Valor medio,2,71000.0,142000.0,7100.0
YI01TV7PPM,2021-02-01,Comercio detallista,Bogotá D.C.,Valor medio-alto,7,118867.32673267326,832071.2871287129,41603.56435643564
YI01TV7PPM,2021-03-01,Comercio detallista,Bogotá D.C.,Valor medio-alto,32,118867.32673267326,3803754.4554455443,190187.72277227722
YI01TV7PPM,2021-04-01,Comercio detallista,Bogotá D.C.,Valor medio-alto,32,118867.32673267326,3803754.4554455443,190187.72277227722
YI01TV7PPM,2021-05-01,Comercio detallista,Bogotá D.C.,Valor medio-alto,30,118867.32673267326,3566019.801980198,178300.9900990099
YJMN8TXK40,2021-03-01,Comercio detallista,Bogotá D.C.,Valor medio-alto,6,93043.1914893617,558259.1489361703,27912.957446808516
YJMN8TXK40,2021-04-01,Comercio detallista,Bogotá D.C.,Valor medio-alto,18,93043.1914893617,1674777.4468085107,83738.87234042554
YJMN8TXK40,2021-05-01,Comercio detallista,Bogotá D.C.,Valor medio-alto,23,93043.1914893617,2139993.4042553194,106999.67021276598
YJNZTJMRA7,2021-03-01,Alimentos y bebidas,Bogotá D.C.,Valor medio-alto,79,52909.46859903382,4179848.0193236717,208992.4009661836
YJNZTJMRA7,2021-04-01,Alimentos y bebidas,Bogotá D.C.,Valor medio-alto,37,52909.46859903382,1957650.3381642513,97882.51690821256
YJNZTJMRA7,2021-05-01,Alimentos y bebidas,Bogotá D.C.,Valor medio-alto,91,52909.46859903382,4814761.642512077,240738.0821256039
YJUQRBWWIP,2021-02-01,Servicios,Bogotá D.C.,Valor medio-alto,1,422400.0,422400.0,21120.0
YJUQRBWWIP,2021-03-01,Servicios,Bogotá D.C.,Valor medio-alto,2,422400.0,844800.0,42240.0
YJUQRBWWIP,2021-04-01,Servicios,Bogotá D.C.,Valor medio-alto,1,422400.0,422400.0,21120.0
YJUQRBWWIP,2021-05-01,Servicios,Bogotá D.C.,Valor medio-alto,1,422400.0,422400.0,21120.0
YKBUAR07QT,2021-03-01,Alimentos y bebidas,Bogotá D.C.,Valor medio,1,1000.0,1000.0,50.0
YKSLBASSHW,2021-03-01,Servicios,Bogotá D.C.,Valor medio-alto,6,299189.4736842105,1795136.842105263,89756.84210526315
YKSLBASSHW,2021-04-01,Servicios,Bogotá D.C.,Valor medio-alto,9,299189.4736842105,2692705.2631578944,134635.26315789472
YKSLBASSHW,2021-05-01,Servicios,Bogotá D.C.,Valor medio-alto,4,299189.4736842105,1196757.894736842,59837.89473684211
YKYJR0JU36,2021-02-01,Comercio detallista,Bogotá D.C.,Valor alto,3,972500.0,2917500.0,145875.0
YKYJR0JU36,2021-03-01,Comercio detallista,Bogotá D.C.,Valor alto,5,972500.0,4862500.0,243125.0
YKYJR0JU36,2021-04-01,Comercio detallista,Bogotá D.C.,Valor alto,2,972500.0,1945000.0,97250.0
YKYJR0JU36,2021-05-01,Comercio detallista,Bogotá D.C.,Valor alto,4,972500.0,3890000.0,194500.0
YLP1XWQESO,2021-02-01,Comercio detallista,Bogotá D.C.,Valor medio-alto,4,132250.0,529000.0,26450.0
YLP1XWQESO,2021-03-01,Comercio detallista,Bogotá D.C.,Valor medio-alto,2,132250.0,264500.0,13225.0
YLP1XWQESO,2021-04-01,Comercio detallista,Bogotá D.C.,Valor medio-alto,4,132250.0,529000.0,26450.0
YLP1XWQESO,2021-05-01,Comercio detallista,Bogotá D.C.,Valor medio-alto,5,132250.0,661250.0,33062.5
YLS8S3KN0P,2021-03-01,Comercio detallista,Bogotá D.C.,Valor medio-alto,1,131909.0909090909,131909.0909090909,6595.454545454546
YLS8S3KN0P,2021-04-01,Comercio detallista,Bogotá D.C.,Valor medio-alto,3,131909.0909090909,395727.2727272727,19786.363636363636
YLS8S3KN0P,2021-05-01,Comercio detallista,Bogotá D.C.,Valor medio-alto,7,131909.0909090909,923363.6363636364,46168.18181818182
YLTFOMBYAK,2021-03-01,Turismo y entretenimiento,Bogotá D.C.,Valor medio-alto,2,103875.0,207750.0,10387.5
YLTFOMBYAK,2021-04-01,Turismo y entretenimiento,Bogotá D.C.,Valor medio-alto,2,103875.0,207750.0,10387.5
YM6W6QQVHS,2021-03-01,Reparación y limpieza,Bogotá D.C.,Valor medio-alto,1,163233.33333333334,163233.33333333334,8161.666666666668
YM6W6QQVHS,2021-04-01,Reparación y limpieza,Bogotá D.C.,Valor medio-alto,8,163233.33333333334,1305866.6666666667,65293.33333333334
YM6W6QQVHS,2021-05-01,Reparación y limpieza,Bogotá D.C.,Valor medio-alto,12,163233.33333333334,1958800.0,97940.0
YMU4BW5OCM,2020-12-01,Belleza y cuidado personal,Bogotá D.C.,Valor medio,2,681000.0,1362000.0,68100.0
YMWELUZ8PE,2021-02-01,Reparación y limpieza,Bogotá D.C.,Valor medio-alto,9,152000.0,1368000.0,68400.0
YMWELUZ8PE,2021-03-01,Reparación y limpieza,Bogotá D.C.,Valor medio-alto,16,152000.0,2432000.0,121600.0
YMWELUZ8PE,2021-04-01,Reparación y limpieza,Bogotá D.C.,Valor medio-alto,5,152000.0,760000.0,38000.0
YMWELUZ8PE,2021-05-01,Reparación y limpieza,Bogotá D.C.,Valor medio-alto,5,152000.0,760000.0,38000.0
YMZLF01LV4,2021-02-01,Comercio detallista,Fusagasugá,Valor medio-alto,2,387728.8125,775457.625,38772.88125
YMZLF01LV4,2021-03-01,Comercio detallista,Fusagasugá,Valor medio-alto,8,387728.8125,3101830.5,155091.525
YMZLF01LV4,2021-04-01,Comercio detallista,Fusagasugá,Valor medio-alto,5,387728.8125,1938644.0625,96932.203125
YMZLF01LV4,2021-05-01,Comercio detallista,Fusagasugá,Valor medio-alto,1,387728.8125,387728.8125,19386.440625
YNYJXFGSUK,2021-03-01,Comercio detallista,Choachí,Valor medio-alto,2,467000.0,934000.0,46700.0
YNYJXFGSUK,2021-04-01,Comercio detallista,Choachí,Valor medio-alto,1,467000.0,467000.0,23350.0
YOGANG8AZK,2020-12-01,Servicios,Bogotá D.C.,Valor medio,1,30666.666666666668,30666.666666666668,1533.3333333333335
YOGANG8AZK,2021-03-01,Servicios,Bogotá D.C.,Valor medio,2,30666.666666666668,61333.333333333336,3066.666666666667
YP0SBWM6UT,2021-03-01,Belleza y cuidado personal,Bogotá D.C.,Valor medio-alto,10,130705.88235294117,1307058.8235294118,65352.941176470595
YP0SBWM6UT,2021-04-01,Belleza y cuidado personal,Bogotá D.C.,Valor medio-alto,11,130705.88235294117,1437764.705882353,71888.23529411765
YP0SBWM6UT,2021-05-01,Belleza y cuidado personal,Bogotá D.C.,Valor medio-alto,13,130705.88235294117,1699176.4705882352,84958.82352941176
YPPZ7CA57E,2021-03-01,Comercio detallista,Bogotá D.C.,Valor medio,5,170176.0,850880.0,42544.0
YQ53G88C8H,2021-03-01,Servicios,Bogotá D.C.,Valor medio-alto,6,94250.0,565500.0,28275.0
YQ53G88C8H,2021-04-01,Servicios,Bogotá D.C.,Valor medio-alto,1,94250.0,94250.0,4712.5
YQ53G88C8H,2021-05-01,Servicios,Bogotá D.C.,Valor medio-alto,1,94250.0,94250.0,4712.5
YQ83PYATKC,2021-03-01,Servicios,Bogotá D.C.,Valor medio-alto,5,113500.0,567500.0,28375.0
YQ83PYATKC,2021-04-01,Servicios,Bogotá D.C.,Valor medio-alto,2,113500.0,227000.0,11350.0
YQ83PYATKC,2021-05-01,Servicios,Bogotá D.C.,Valor medio-alto,5,113500.0,567500.0,28375.0
YQYH2BDJSV,2021-03-01,Comercio detallista,Bogotá D.C.,Valor medio-alto,1,736291.6666666666,736291.6666666666,36814.583333333336
YQYH2BDJSV,2021-04-01,Comercio detallista,Bogotá D.C.,Valor medio-alto,4,736291.6666666666,2945166.6666666665,147258.33333333334
YQYH2BDJSV,2021-05-01,Comercio detallista,Bogotá D.C.,Valor medio-alto,7,736291.6666666666,5154041.666666666,257702.0833333333
YR5Q7DYUB1,2021-03-01,Alimentos y bebidas,Bogotá D.C.,Valor medio-alto,19,39362.878787878784,747894.6969696969,37394.73484848485
YR5Q7DYUB1,2021-04-01,Alimentos y bebidas,Bogotá D.C.,Valor medio-alto,17,39362.878787878784,669168.9393939393,33458.44696969697
YR5Q7DYUB1,2021-05-01,Alimentos y bebidas,Bogotá D.C.,Valor medio-alto,30,39362.878787878784,1180886.3636363635,59044.31818181818
YR69S1N2Z9,2021-02-01,Comercio detallista,Bogotá D.C.,Valor medio-alto,14,106777.77777777778,1494888.888888889,74744.44444444445
YR69S1N2Z9,2021-03-01,Comercio detallista,Bogotá D.C.,Valor medio-alto,18,106777.77777777778,1922000.0,96100.0
YR69S1N2Z9,2021-04-01,Comercio detallista,Bogotá D.C.,Valor medio-alto,15,106777.77777777778,1601666.6666666667,80083.33333333334
YR69S1N2Z9,2021-05-01,Comercio detallista,Bogotá D.C.,Valor medio-alto,7,106777.77777777778,747444.4444444445,37372.222222222226
YRHS1QPDC1,2021-03-01,Comercio detallista,Bogotá D.C.,Valor medio-alto,3,63350.0,190050.0,9502.5
YRHS1QPDC1,2021-04-01,Comercio detallista,Bogotá D.C.,Valor medio-alto,2,63350.0,126700.0,6335.0
YS51BZ2QO8,2021-02-01,Servicios,Fusagasugá,Valor medio-alto,1,62078.030303030304,62078.030303030304,3103.9015151515155
YS51BZ2QO8,2021-04-01,Servicios,Fusagasugá,Valor medio-alto,21,62078.030303030304,1303638.6363636365,65181.93181818182
YS51BZ2QO8,2021-05-01,Servicios,Fusagasugá,Valor medio-alto,11,62078.030303030304,682858.3333333334,34142.91666666667
YSHHRZU6FO,2021-01-01,Reparación y limpieza,Bogotá D.C.,Valor medio-alto,1,562250.0,562250.0,28112.5
YSHHRZU6FO,2021-02-01,Reparación y limpieza,Bogotá D.C.,Valor medio-alto,1,562250.0,562250.0,28112.5
YSHHRZU6FO,2021-03-01,Reparación y limpieza,Bogotá D.C.,Valor medio-alto,1,562250.0,562250.0,28112.5
YSHHRZU6FO,2021-05-01,Reparación y limpieza,Bogotá D.C.,Valor medio-alto,1,562250.0,562250.0,28112.5
YST7FS1G50,2021-03-01,Comercio detallista,Chía,Valor medio-alto,1,81750.0,81750.0,4087.5
YST7FS1G50,2021-04-01,Comercio detallista,Chía,Valor medio-alto,2,81750.0,163500.0,8175.0
YST7FS1G50,2021-05-01,Comercio detallista,Chía,Valor medio-alto,1,81750.0,81750.0,4087.5
YTP7FKRVDC,2021-03-01,Reparación y limpieza,Bogotá D.C.,Valor medio,3,1000.0,3000.0,150.0
YTSHI2EJDB,2021-03-01,Transporte,Bogotá D.C.,Valor medio-alto,1,74145.45454545454,74145.45454545454,3707.2727272727275
YTSHI2EJDB,2021-04-01,Transporte,Bogotá D.C.,Valor medio-alto,4,74145.45454545454,296581.8181818182,14829.09090909091
YTSHI2EJDB,2021-05-01,Transporte,Bogotá D.C.,Valor medio-alto,6,74145.45454545454,444872.7272727273,22243.636363636368
YTSRUO7I6W,2021-03-01,Belleza y cuidado personal,Bogotá D.C.,Valor medio,1,1333.3333333333333,1333.3333333333333,66.66666666666667
YTSRUO7I6W,2021-04-01,Belleza y cuidado personal,Bogotá D.C.,Valor medio,2,1333.3333333333333,2666.6666666666665,133.33333333333334
YULPQMZ8TG,2021-03-01,Alimentos y bebidas,Bogotá D.C.,Valor medio-alto,75,58511.157024793385,4388336.776859504,219416.8388429752
YULPQMZ8TG,2021-04-01,Alimentos y bebidas,Bogotá D.C.,Valor medio-alto,55,58511.157024793385,3218113.6363636362,160905.68181818182
YULPQMZ8TG,2021-05-01,Alimentos y bebidas,Bogotá D.C.,Valor medio-alto,112,58511.157024793385,6553249.586776859,327662.47933884297
YVIJPP1A0G,2021-01-01,Comercio detallista,Soacha,Valor alto,26,557945.5752212389,14506584.95575221,725329.2477876106
YVIJPP1A0G,2021-02-01,Comercio detallista,Soacha,Valor alto,14,557945.5752212389,7811238.053097345,390561.90265486727
YVIJPP1A0G,2021-03-01,Comercio detallista,Soacha,Valor alto,29,557945.5752212389,16180421.681415929,809021.0840707965
YVIJPP1A0G,2021-04-01,Comercio detallista,Soacha,Valor alto,20,557945.5752212389,11158911.504424777,557945.5752212389
YVIJPP1A0G,2021-05-01,Comercio detallista,Soacha,Valor alto,24,557945.5752212389,13390693.805309733,669534.6902654867
YW56SLG74Q,2021-03-01,Comercio detallista,Bogotá D.C.,Valor medio,1,2000.0,2000.0,100.0
YWE7C0UBK3,2021-03-01,Reparación y limpieza,Mosquera,Valor medio-alto,1,267666.6666666667,267666.6666666667,13383.333333333336
YWE7C0UBK3,2021-05-01,Reparación y limpieza,Mosquera,Valor medio-alto,2,267666.6666666667,535333.3333333334,26766.66666666667
YWJ37ML1TD,2021-03-01,Comercio detallista,Bogotá D.C.,Valor medio,1,2000.0,2000.0,100.0
YX2CP1KAKJ,2021-03-01,Comercio detallista,Bogotá D.C.,Valor medio-alto,1,251000.0,251000.0,12550.0
YX2CP1KAKJ,2021-04-01,Comercio detallista,Bogotá D.C.,Valor medio-alto,1,251000.0,251000.0,12550.0
YX54ZUYTVN,2021-03-01,Alimentos y bebidas,Bogotá D.C.,Valor medio-alto,8,37383.87096774193,299070.96774193546,14953.548387096773
YX54ZUYTVN,2021-04-01,Alimentos y bebidas,Bogotá D.C.,Valor medio-alto,11,37383.87096774193,411222.5806451613,20561.129032258064
YX54ZUYTVN,2021-05-01,Alimentos y bebidas,Bogotá D.C.,Valor medio-alto,12,37383.87096774193,448606.45161290315,22430.32258064516
YX9B4HMDBS,2021-03-01,Comercio detallista,Bogotá D.C.,Valor medio-alto,1,67000.0,67000.0,3350.0
YX9B4HMDBS,2021-04-01,Comercio detallista,Bogotá D.C.,Valor medio-alto,2,67000.0,134000.0,6700.0
YX9B4HMDBS,2021-05-01,Comercio detallista,Bogotá D.C.,Valor medio-alto,3,67000.0,201000.0,10050.0
YXRHFFOBWR,2021-03-01,Comercio detallista,Bogotá D.C.,Valor medio,1,2000.0,2000.0,100.0
YZKJUJMRRS,2021-02-01,Comercio detallista,Bogotá D.C.,Valor medio,1,2000.0,2000.0,100.0
Z00II9DC9C,2021-03-01,Comercio detallista,Bogotá D.C.,Valor medio-alto,12,80288.63636363637,963463.6363636365,48173.18181818182
Z00II9DC9C,2021-04-01,Comercio detallista,Bogotá D.C.,Valor medio-alto,10,80288.63636363637,802886.3636363636,40144.318181818184
Z00II9DC9C,2021-05-01,Comercio detallista,Bogotá D.C.,Valor medio-alto,22,80288.63636363637,1766350.0,88317.5
Z0F8HR2P4S,2021-03-01,Comercio detallista,Bogotá D.C.,Valor medio-alto,6,144387.5,866325.0,43316.25
Z0F8HR2P4S,2021-04-01,Comercio detallista,Bogotá D.C.,Valor medio-alto,5,144387.5,721937.5,36096.875
Z0F8HR2P4S,2021-05-01,Comercio detallista,Bogotá D.C.,Valor medio-alto,1,144387.5,144387.5,7219.375
Z129T93NCH,2021-02-01,Reparación y limpieza,Soacha,Valor medio,1,3000.0,3000.0,150.0
Z1D228WYUZ,2021-02-01,Comercio detallista,Bogotá D.C.,Valor medio-alto,3,89265.82278481012,267797.4683544304,13389.873417721521
Z1D228WYUZ,2021-03-01,Comercio detallista,Bogotá D.C.,Valor medio-alto,14,89265.82278481012,1249721.5189873418,62486.07594936709
Z1D228WYUZ,2021-04-01,Comercio detallista,Bogotá D.C.,Valor medio-alto,23,89265.82278481012,2053113.9240506329,102655.69620253165
Z1D228WYUZ,2021-05-01,Comercio detallista,Bogotá D.C.,Valor medio-alto,39,89265.82278481012,3481367.088607595,174068.35443037975
Z1FK6324NE,2021-03-01,Alimentos y bebidas,Bogotá D.C.,Valor medio-alto,7,29028.0,203196.0,10159.800000000001
Z1FK6324NE,2021-04-01,Alimentos y bebidas,Bogotá D.C.,Valor medio-alto,31,29028.0,899868.0,44993.4
Z1FK6324NE,2021-05-01,Alimentos y bebidas,Bogotá D.C.,Valor medio-alto,37,29028.0,1074036.0,53701.8
Z2C6DLKBWI,2021-02-01,Comercio detallista,Bogotá D.C.,Valor medio-alto,3,242200.0,726600.0,36330.0
Z2C6DLKBWI,2021-03-01,Comercio detallista,Bogotá D.C.,Valor medio-alto,1,242200.0,242200.0,12110.0
Z2C6DLKBWI,2021-05-01,Comercio detallista,Bogotá D.C.,Valor medio-alto,1,242200.0,242200.0,12110.0
Z3O15P78Z5,2021-03-01,Comercio detallista,Bogotá D.C.,Valor medio-alto,3,137727.27272727274,413181.81818181823,20659.09090909091
Z3O15P78Z5,2021-04-01,Comercio detallista,Bogotá D.C.,Valor medio-alto,3,137727.27272727274,413181.81818181823,20659.09090909091
Z3O15P78Z5,2021-05-01,Comercio detallista,Bogotá D.C.,Valor medio-alto,5,137727.27272727274,688636.3636363636,34431.818181818184
Z4ZCNNLXF8,2021-03-01,Comercio detallista,Bogotá D.C.,Valor medio-alto,11,62285.71428571428,685142.8571428572,34257.14285714286
Z4ZCNNLXF8,2021-04-01,Comercio detallista,Bogotá D.C.,Valor medio-alto,1,62285.71428571428,62285.71428571428,3114.285714285714
Z4ZCNNLXF8,2021-05-01,Comercio detallista,Bogotá D.C.,Valor medio-alto,2,62285.71428571428,124571.42857142857,6228.571428571428
Z571L6N2W8,2021-02-01,Alimentos y bebidas,Bogotá D.C.,Valor medio,3,12241.5,36724.5,1836.2250000000001
Z571L6N2W8,2021-03-01,Alimentos y bebidas,Bogotá D.C.,Valor medio,1,12241.5,12241.5,612.075
Z59D5W5TCY,2021-03-01,Servicios,Bogotá D.C.,Valor medio,1,1000.0,1000.0,50.0
Z5B4SX8UZ2,2021-03-01,Educación,Palmira,Valor medio-alto,1,52000.0,52000.0,2600.0
Z5B4SX8UZ2,2021-05-01,Educación,Palmira,Valor medio-alto,4,52000.0,208000.0,10400.0
Z69GDH0RJE,2021-01-01,Alimentos y bebidas,Bogotá D.C.,Valor medio-alto,8,31344.262295081968,250754.09836065574,12537.704918032789
Z69GDH0RJE,2021-02-01,Alimentos y bebidas,Bogotá D.C.,Valor medio-alto,1,31344.262295081968,31344.262295081968,1567.2131147540986
Z69GDH0RJE,2021-03-01,Alimentos y bebidas,Bogotá D.C.,Valor medio-alto,12,31344.262295081968,376131.1475409836,18806.557377049183
Z69GDH0RJE,2021-04-01,Alimentos y bebidas,Bogotá D.C.,Valor medio-alto,40,31344.262295081968,1253770.4918032787,62688.524590163935
Z69GDH0RJE,2021-05-01,Alimentos y bebidas,Bogotá D.C.,Valor medio-alto,61,31344.262295081968,1912000.0,95600.0
Z9D30GYQ9H,2021-03-01,Comercio detallista,Bogotá D.C.,Valor medio-alto,1,62400.0,62400.0,3120.0
Z9D30GYQ9H,2021-04-01,Comercio detallista,Bogotá D.C.,Valor medio-alto,4,62400.0,249600.0,12480.0
Z9SU0UEELO,2021-03-01,Servicios,Barranquilla,Valor medio-alto,1,258345.0,258345.0,12917.25
Z9SU0UEELO,2021-04-01,Servicios,Barranquilla,Valor medio-alto,1,258345.0,258345.0,12917.25
Z9SU0UEELO,2021-05-01,Servicios,Barranquilla,Valor medio-alto,3,258345.0,775035.0,38751.75
Z9X2BHJLNN,2021-03-01,Belleza y cuidado personal,Bogotá D.C.,Valor medio-alto,4,77187.57142857143,308750.28571428574,15437.514285714287
Z9X2BHJLNN,2021-04-01,Belleza y cuidado personal,Bogotá D.C.,Valor medio-alto,5,77187.57142857143,385937.85714285716,19296.89285714286
Z9X2BHJLNN,2021-05-01,Belleza y cuidado personal,Bogotá D.C.,Valor medio-alto,12,77187.57142857143,926250.8571428573,46312.542857142864
ZA49U1KODK,2021-02-01,Alimentos y bebidas,Bogotá D.C.,Valor medio-alto,2,86466.66666666667,172933.33333333334,8646.666666666668
ZA49U1KODK,2021-03-01,Alimentos y bebidas,Bogotá D.C.,Valor medio-alto,4,86466.66666666667,345866.6666666667,17293.333333333336
ZA49U1KODK,2021-04-01,Alimentos y bebidas,Bogotá D.C.,Valor medio-alto,5,86466.66666666667,432333.3333333334,21616.66666666667
ZA49U1KODK,2021-05-01,Alimentos y bebidas,Bogotá D.C.,Valor medio-alto,4,86466.66666666667,345866.6666666667,17293.333333333336
ZA4D6UBFVI,2021-02-01,Comercio detallista,Bogotá D.C.,Valor medio-alto,2,120407.69230769231,240815.38461538462,12040.769230769232
ZA4D6UBFVI,2021-03-01,Comercio detallista,Bogotá D.C.,Valor medio-alto,2,120407.69230769231,240815.38461538462,12040.769230769232
ZA4D6UBFVI,2021-04-01,Comercio detallista,Bogotá D.C.,Valor medio-alto,3,120407.69230769231,361223.07692307694,18061.153846153848
ZA4D6UBFVI,2021-05-01,Comercio detallista,Bogotá D.C.,Valor medio-alto,6,120407.69230769231,722446.1538461539,36122.307692307695
ZAHXY5PGFX,2021-03-01,Comercio detallista,Sibaté,Valor medio-alto,4,405350.0,1621400.0,81070.0
ZAHXY5PGFX,2021-04-01,Comercio detallista,Sibaté,Valor medio-alto,6,405350.0,2432100.0,121605.0
ZAHXY5PGFX,2021-05-01,Comercio detallista,Sibaté,Valor medio-alto,10,405350.0,4053500.0,202675.0
ZAMJKVYZC7,2021-03-01,Comercio detallista,Bogotá D.C.,Valor medio-alto,2,227285.7142857143,454571.4285714286,22728.57142857143
ZAMJKVYZC7,2021-04-01,Comercio detallista,Bogotá D.C.,Valor medio-alto,3,227285.7142857143,681857.1428571428,34092.857142857145
ZAMJKVYZC7,2021-05-01,Comercio detallista,Bogotá D.C.,Valor medio-alto,2,227285.7142857143,454571.4285714286,22728.57142857143
ZAWXXY7B81,2021-02-01,Comercio detallista,Bogotá D.C.,Valor medio-alto,12,313314.28571428574,3759771.428571429,187988.57142857148
ZAWXXY7B81,2021-03-01,Comercio detallista,Bogotá D.C.,Valor medio-alto,13,313314.28571428574,4073085.7142857146,203654.28571428574
ZAWXXY7B81,2021-04-01,Comercio detallista,Bogotá D.C.,Valor medio-alto,1,313314.28571428574,313314.28571428574,15665.714285714288
ZAWXXY7B81,2021-05-01,Comercio detallista,Bogotá D.C.,Valor medio-alto,9,313314.28571428574,2819828.571428572,140991.4285714286
ZBB5JOFDMW,2021-03-01,Comercio detallista,Bogotá D.C.,Valor medio-alto,55,316461.6113744076,17405388.625592418,870269.431279621
ZBB5JOFDMW,2021-04-01,Comercio detallista,Bogotá D.C.,Valor medio-alto,84,316461.6113744076,26582775.35545024,1329138.767772512
ZBB5JOFDMW,2021-05-01,Comercio detallista,Bogotá D.C.,Valor medio-alto,72,316461.6113744076,22785236.018957347,1139261.8009478673
ZBF22WG31Q,2021-02-01,Comercio detallista,Bogotá D.C.,Valor medio-alto,6,265778.8461538461,1594673.0769230768,79733.65384615384
ZBF22WG31Q,2021-03-01,Comercio detallista,Bogotá D.C.,Valor medio-alto,3,265778.8461538461,797336.5384615384,39866.82692307692
ZBF22WG31Q,2021-04-01,Comercio detallista,Bogotá D.C.,Valor medio-alto,8,265778.8461538461,2126230.769230769,106311.53846153845
ZBF22WG31Q,2021-05-01,Comercio detallista,Bogotá D.C.,Valor medio-alto,9,265778.8461538461,2392009.615384615,119600.48076923075
ZBK5AGY1CD,2021-03-01,Comercio detallista,Bogotá D.C.,Valor medio-alto,3,1504100.0,4512300.0,225615.0
ZBK5AGY1CD,2021-04-01,Comercio detallista,Bogotá D.C.,Valor medio-alto,3,1504100.0,4512300.0,225615.0
ZBK5AGY1CD,2021-05-01,Comercio detallista,Bogotá D.C.,Valor medio-alto,9,1504100.0,13536900.0,676845.0
ZBVYZY5XJQ,2021-02-01,Comercio detallista,Bogotá D.C.,Valor medio-alto,11,328073.3333333333,3608806.6666666665,180440.33333333334
ZBVYZY5XJQ,2021-03-01,Comercio detallista,Bogotá D.C.,Valor medio-alto,10,328073.3333333333,3280733.333333333,164036.66666666666
ZBVYZY5XJQ,2021-04-01,Comercio detallista,Bogotá D.C.,Valor medio-alto,4,328073.3333333333,1312293.3333333333,65614.66666666667
ZBVYZY5XJQ,2021-05-01,Comercio detallista,Bogotá D.C.,Valor medio-alto,5,328073.3333333333,1640366.6666666665,82018.33333333333
ZC6JPHH49U,2021-03-01,Comercio detallista,Bogotá D.C.,Valor medio-alto,2,50666.666666666664,101333.33333333333,5066.666666666667
ZC6JPHH49U,2021-04-01,Comercio detallista,Bogotá D.C.,Valor medio-alto,1,50666.666666666664,50666.666666666664,2533.3333333333335
ZCIJBF2CQL,2021-03-01,Servicios,Bogotá D.C.,Valor medio-alto,1,1110240.0,1110240.0,55512.0
ZCIJBF2CQL,2021-04-01,Servicios,Bogotá D.C.,Valor medio-alto,2,1110240.0,2220480.0,111024.0
ZCIJBF2CQL,2021-05-01,Servicios,Bogotá D.C.,Valor medio-alto,2,1110240.0,2220480.0,111024.0
ZCQD4UE8XE,2021-02-01,Comercio detallista,Bogotá D.C.,Valor medio,1,22000.0,22000.0,1100.0
ZDHH0NUPES,2021-03-01,Comercio detallista,Bogotá D.C.,Valor medio-alto,1,1486312.142857143,1486312.142857143,74315.60714285714
ZDHH0NUPES,2021-04-01,Comercio detallista,Bogotá D.C.,Valor medio-alto,6,1486312.142857143,8917872.857142858,445893.64285714296
ZDPI2WLHP6,2021-03-01,Comercio detallista,Bogotá D.C.,Valor medio-alto,1,92000.0,92000.0,4600.0
ZDPI2WLHP6,2021-05-01,Comercio detallista,Bogotá D.C.,Valor medio-alto,3,92000.0,276000.0,13800.0
ZDVKEEONBI,2021-03-01,Comercio detallista,Bogotá D.C.,Valor medio-alto,2,171777.77777777778,343555.55555555556,17177.777777777777
ZDVKEEONBI,2021-04-01,Comercio detallista,Bogotá D.C.,Valor medio-alto,1,171777.77777777778,171777.77777777778,8588.888888888889
ZDVKEEONBI,2021-05-01,Comercio detallista,Bogotá D.C.,Valor medio-alto,6,171777.77777777778,1030666.6666666667,51533.33333333334
ZEAX8O77SE,2021-01-01,Reparación y limpieza,Bogotá D.C.,Valor medio-alto,5,239136.36363636365,1195681.8181818184,59784.09090909092
ZEAX8O77SE,2021-02-01,Reparación y limpieza,Bogotá D.C.,Valor medio-alto,2,239136.36363636365,478272.7272727273,23913.636363636368
ZEAX8O77SE,2021-03-01,Reparación y limpieza,Bogotá D.C.,Valor medio-alto,1,239136.36363636365,239136.36363636365,11956.818181818184
ZEAX8O77SE,2021-04-01,Reparación y limpieza,Bogotá D.C.,Valor medio-alto,1,239136.36363636365,239136.36363636365,11956.818181818184
ZEAX8O77SE,2021-05-01,Reparación y limpieza,Bogotá D.C.,Valor medio-alto,2,239136.36363636365,478272.7272727273,23913.636363636368
ZEF4EEUY2R,2021-03-01,Comercio detallista,Fusagasugá,Valor medio-alto,9,516244.44444444444,4646200.0,232310.0
ZEVHP2QE8A,2021-03-01,Comercio detallista,Bogotá D.C.,Valor medio,1,4000.0,4000.0,200.0
ZEXJY3AECY,2021-03-01,Servicios,Sibaté,Valor medio,4,197022.5,788090.0,39404.5
ZGEAKJUTQ1,2021-03-01,Comercio detallista,Bogotá D.C.,Valor medio-alto,3,115666.66666666667,347000.0,17350.0
ZGEAKJUTQ1,2021-04-01,Comercio detallista,Bogotá D.C.,Valor medio-alto,2,115666.66666666667,231333.33333333334,11566.666666666668
ZGEAKJUTQ1,2021-05-01,Comercio detallista,Bogotá D.C.,Valor medio-alto,1,115666.66666666667,115666.66666666667,5783.333333333334
ZGKK4JFNWU,2021-01-01,Comercio detallista,Soacha,Valor medio-alto,6,410265.82278481015,2461594.936708861,123079.74683544306
ZGKK4JFNWU,2021-02-01,Comercio detallista,Soacha,Valor medio-alto,30,410265.82278481015,12307974.683544304,615398.7341772153
ZGKK4JFNWU,2021-03-01,Comercio detallista,Soacha,Valor medio-alto,6,410265.82278481015,2461594.936708861,123079.74683544306
ZGKK4JFNWU,2021-04-01,Comercio detallista,Soacha,Valor medio-alto,20,410265.82278481015,8205316.455696203,410265.82278481015
ZGKK4JFNWU,2021-05-01,Comercio detallista,Soacha,Valor medio-alto,17,410265.82278481015,6974518.987341773,348725.9493670887
ZGSO7T5EII,2021-02-01,Comercio detallista,Bogotá D.C.,Valor medio-alto,1,41277.77777777778,41277.77777777778,2063.888888888889
ZGSO7T5EII,2021-03-01,Comercio detallista,Bogotá D.C.,Valor medio-alto,6,41277.77777777778,247666.6666666667,12383.333333333336
ZGSO7T5EII,2021-04-01,Comercio detallista,Bogotá D.C.,Valor medio-alto,2,41277.77777777778,82555.55555555556,4127.777777777778
ZGZ2CSNUOQ,2021-02-01,Comercio detallista,Soacha,Valor medio-alto,2,67000.0,134000.0,6700.0
ZGZ2CSNUOQ,2021-03-01,Comercio detallista,Soacha,Valor medio-alto,1,67000.0,67000.0,3350.0
ZGZ2CSNUOQ,2021-04-01,Comercio detallista,Soacha,Valor medio-alto,1,67000.0,67000.0,3350.0
ZHM67XIDFF,2021-03-01,Servicios,Cali,Valor medio,2,5500.0,11000.0,550.0
ZHZKOSKU9C,2021-03-01,Alimentos y bebidas,Bogotá D.C.,Valor medio-alto,3,217395.83333333334,652187.5,32609.375
ZHZKOSKU9C,2021-04-01,Alimentos y bebidas,Bogotá D.C.,Valor medio-alto,4,217395.83333333334,869583.3333333334,43479.16666666667
ZHZKOSKU9C,2021-05-01,Alimentos y bebidas,Bogotá D.C.,Valor medio-alto,5,217395.83333333334,1086979.1666666667,54348.95833333334
ZI4YCV7JGR,2021-03-01,Comercio detallista,Bogotá D.C.,Valor medio-alto,1,158000.0,158000.0,7900.0
ZI4YCV7JGR,2021-04-01,Comercio detallista,Bogotá D.C.,Valor medio-alto,3,158000.0,474000.0,23700.0
ZI4YCV7JGR,2021-05-01,Comercio detallista,Bogotá D.C.,Valor medio-alto,1,158000.0,158000.0,7900.0
ZIOTHUFM75,2021-03-01,Comercio detallista,Bogotá D.C.,Valor medio-alto,3,58788.0,176364.0,8818.2
ZIOTHUFM75,2021-04-01,Comercio detallista,Bogotá D.C.,Valor medio-alto,6,58788.0,352728.0,17636.4
ZIOTHUFM75,2021-05-01,Comercio detallista,Bogotá D.C.,Valor medio-alto,16,58788.0,940608.0,47030.4
ZIUB7VMXWG,2021-03-01,Servicios,Bogotá D.C.,Valor medio-alto,2,184000.0,368000.0,18400.0
ZIUB7VMXWG,2021-05-01,Servicios,Bogotá D.C.,Valor medio-alto,3,184000.0,552000.0,27600.0
ZJAHTW1B02,2021-02-01,Comercio detallista,Bogotá D.C.,Valor medio,1,2000.0,2000.0,100.0
ZJQ92E9QVS,2021-03-01,Comercio detallista,Soacha,Valor medio-alto,7,727666.6666666666,5093666.666666666,254683.3333333333
ZJQ92E9QVS,2021-04-01,Comercio detallista,Soacha,Valor medio-alto,4,727666.6666666666,2910666.6666666665,145533.33333333334
ZJQ92E9QVS,2021-05-01,Comercio detallista,Soacha,Valor medio-alto,4,727666.6666666666,2910666.6666666665,145533.33333333334
ZKY57OCSDO,2021-02-01,Servicios,Bogotá D.C.,Valor medio-alto,1,295604.75,295604.75,14780.237500000001
ZKY57OCSDO,2021-03-01,Servicios,Bogotá D.C.,Valor medio-alto,8,295604.75,2364838.0,118241.90000000001
ZKY57OCSDO,2021-04-01,Servicios,Bogotá D.C.,Valor medio-alto,3,295604.75,886814.25,44340.7125
ZKY57OCSDO,2021-05-01,Servicios,Bogotá D.C.,Valor medio-alto,4,295604.75,1182419.0,59120.950000000004
ZLGUJBEMT2,2021-03-01,Reparación y limpieza,Bogotá D.C.,Valor medio-alto,1,191600.0,191600.0,9580.0
ZLGUJBEMT2,2021-04-01,Reparación y limpieza,Bogotá D.C.,Valor medio-alto,1,191600.0,191600.0,9580.0
ZLGUJBEMT2,2021-05-01,Reparación y limpieza,Bogotá D.C.,Valor medio-alto,3,191600.0,574800.0,28740.0
ZLM9CNX7YP,2021-01-01,Servicios,Bogotá D.C.,Valor medio-alto,6,79406.55737704918,476439.34426229505,23821.967213114753
ZLM9CNX7YP,2020-12-01,Servicios,Bogotá D.C.,Valor medio-alto,3,79406.55737704918,238219.67213114753,11910.983606557376
ZLM9CNX7YP,2021-02-01,Servicios,Bogotá D.C.,Valor medio-alto,21,79406.55737704918,1667537.7049180327,83376.88524590165
ZLM9CNX7YP,2021-03-01,Servicios,Bogotá D.C.,Valor medio-alto,12,79406.55737704918,952878.6885245901,47643.934426229505
ZLM9CNX7YP,2021-04-01,Servicios,Bogotá D.C.,Valor medio-alto,11,79406.55737704918,873472.1311475409,43673.60655737705
ZLM9CNX7YP,2021-05-01,Servicios,Bogotá D.C.,Valor medio-alto,8,79406.55737704918,635252.4590163934,31762.62295081967
ZMJ7BCK0TN,2021-02-01,Comercio detallista,Bogotá D.C.,Valor alto,1,2000.0,2000.0,100.0
ZMQY02XFF3,2021-03-01,Comercio detallista,Bogotá D.C.,Valor medio-alto,2,1020000.0,2040000.0,102000.0
ZMQY02XFF3,2021-04-01,Comercio detallista,Bogotá D.C.,Valor medio-alto,1,1020000.0,1020000.0,51000.0
ZNIC0P4OFP,2021-03-01,Transporte,Cali,Valor medio-alto,3,38500.0,115500.0,5775.0
ZNIC0P4OFP,2021-04-01,Transporte,Cali,Valor medio-alto,1,38500.0,38500.0,1925.0
ZNJWIQ4U0G,2021-03-01,Comercio detallista,Bogotá D.C.,Valor medio-alto,1,366646.875,366646.875,18332.34375
ZNJWIQ4U0G,2021-04-01,Comercio detallista,Bogotá D.C.,Valor medio-alto,5,366646.875,1833234.375,91661.71875
ZNJWIQ4U0G,2021-05-01,Comercio detallista,Bogotá D.C.,Valor medio-alto,10,366646.875,3666468.75,183323.4375
ZNN47AMZMD,2021-02-01,Comercio detallista,Bogotá D.C.,Valor alto,2,2000.0,4000.0,200.0
ZO9B0WTY8E,2021-03-01,Comercio detallista,Bogotá D.C.,Valor medio-alto,46,73425.61983471074,3377578.512396694,168878.9256198347
ZO9B0WTY8E,2021-04-01,Comercio detallista,Bogotá D.C.,Valor medio-alto,26,73425.61983471074,1909066.1157024794,95453.30578512397
ZO9B0WTY8E,2021-05-01,Comercio detallista,Bogotá D.C.,Valor medio-alto,49,73425.61983471074,3597855.371900826,179892.76859504133
ZOQ0I2MJK2,2021-03-01,Comercio detallista,Bogotá D.C.,Valor medio-alto,1,95666.66666666667,95666.66666666667,4783.333333333334
ZOQ0I2MJK2,2021-04-01,Comercio detallista,Bogotá D.C.,Valor medio-alto,1,95666.66666666667,95666.66666666667,4783.333333333334
ZOQ0I2MJK2,2021-05-01,Comercio detallista,Bogotá D.C.,Valor medio-alto,1,95666.66666666667,95666.66666666667,4783.333333333334
ZPB17XYG2Z,2021-03-01,Belleza y cuidado personal,Cali,Valor medio-alto,1,129140.0,129140.0,6457.0
ZPB17XYG2Z,2021-05-01,Belleza y cuidado personal,Cali,Valor medio-alto,9,129140.0,1162260.0,58113.0
ZPC5CF859W,2021-03-01,Comercio detallista,Bogotá D.C.,Valor medio-alto,4,823666.6666666666,3294666.6666666665,164733.33333333334
ZPC5CF859W,2021-04-01,Comercio detallista,Bogotá D.C.,Valor medio-alto,5,823666.6666666666,4118333.333333333,205916.66666666666
ZPC5CF859W,2021-05-01,Comercio detallista,Bogotá D.C.,Valor medio-alto,3,823666.6666666666,2471000.0,123550.0
ZPOT3JTLHN,2021-03-01,Comercio detallista,Bogotá D.C.,Valor medio-alto,9,103679.24528301887,933113.2075471699,46655.660377358494
ZPOT3JTLHN,2021-04-01,Comercio detallista,Bogotá D.C.,Valor medio-alto,12,103679.24528301887,1244150.9433962265,62207.547169811325
ZPOT3JTLHN,2021-05-01,Comercio detallista,Bogotá D.C.,Valor medio-alto,32,103679.24528301887,3317735.849056604,165886.7924528302
ZRB0I7JJ4E,2021-03-01,Alimentos y bebidas,Chaparral,Valor medio-alto,1,32712.5,32712.5,1635.625
ZRB0I7JJ4E,2021-04-01,Alimentos y bebidas,Chaparral,Valor medio-alto,5,32712.5,163562.5,8178.125
ZRB0I7JJ4E,2021-05-01,Alimentos y bebidas,Chaparral,Valor medio-alto,2,32712.5,65425.0,3271.25
ZRJM2QVL7X,2021-03-01,Servicios,Bogotá D.C.,Valor medio-alto,1,4972000.0,4972000.0,248600.0
ZRJMIVF5GT,2021-03-01,Alimentos y bebidas,Sibaté,Valor medio-alto,4,27542.85714285714,110171.42857142857,5508.571428571428
ZRJMIVF5GT,2021-04-01,Alimentos y bebidas,Sibaté,Valor medio-alto,1,27542.85714285714,27542.85714285714,1377.142857142857
ZRJMIVF5GT,2021-05-01,Alimentos y bebidas,Sibaté,Valor medio-alto,9,27542.85714285714,247885.71428571426,12394.285714285714
ZSFL7XYBEZ,2021-03-01,Servicios,Bogotá D.C.,Valor medio-alto,6,1951416.6666666667,11708500.0,585425.0
ZSFL7XYBEZ,2021-04-01,Servicios,Bogotá D.C.,Valor medio-alto,6,1951416.6666666667,11708500.0,585425.0
ZUSO0MAMMO,2021-03-01,Comercio detallista,Bogotá D.C.,Valor medio-alto,3,739078.5714285715,2217235.7142857146,110861.78571428574
ZUSO0MAMMO,2021-04-01,Comercio detallista,Bogotá D.C.,Valor medio-alto,2,739078.5714285715,1478157.142857143,73907.85714285714
ZUSO0MAMMO,2021-05-01,Comercio detallista,Bogotá D.C.,Valor medio-alto,2,739078.5714285715,1478157.142857143,73907.85714285714
ZUVYWC1NQK,2021-02-01,Comercio detallista,Bogotá D.C.,Valor medio-alto,4,120666.66666666667,482666.6666666667,24133.333333333336
ZUVYWC1NQK,2021-03-01,Comercio detallista,Bogotá D.C.,Valor medio-alto,1,120666.66666666667,120666.66666666667,6033.333333333334
ZUVYWC1NQK,2021-05-01,Comercio detallista,Bogotá D.C.,Valor medio-alto,1,120666.66666666667,120666.66666666667,6033.333333333334
ZV20DQ8N4J,2021-03-01,Transporte,Cali,Valor medio,1,1000.0,1000.0,50.0
ZVRIRFKFLJ,2021-02-01,Transporte,Cali,Valor medio,1,1000.0,1000.0,50.0
ZWIHNBQTQC,2021-02-01,Comercio detallista,Bogotá D.C.,Valor medio-alto,4,370025.0,1480100.0,74005.0
ZWIHNBQTQC,2021-03-01,Comercio detallista,Bogotá D.C.,Valor medio-alto,8,370025.0,2960200.0,148010.0
ZWIHNBQTQC,2021-04-01,Comercio detallista,Bogotá D.C.,Valor medio-alto,7,370025.0,2590175.0,129508.75
ZWIHNBQTQC,2021-05-01,Comercio detallista,Bogotá D.C.,Valor medio-alto,11,370025.0,4070275.0,203513.75
ZX8KS20YN5,2021-03-01,Comercio detallista,Bogotá D.C.,Valor medio-alto,6,68658.82352941176,411952.9411764706,20597.64705882353
ZX8KS20YN5,2021-04-01,Comercio detallista,Bogotá D.C.,Valor medio-alto,5,68658.82352941176,343294.1176470588,17164.70588235294
ZX8KS20YN5,2021-05-01,Comercio detallista,Bogotá D.C.,Valor medio-alto,6,68658.82352941176,411952.9411764706,20597.64705882353
ZYDPQ947UN,2021-03-01,Comercio detallista,Bogotá D.C.,Valor medio-alto,1,145428.57142857142,145428.57142857142,7271.428571428572
ZYDPQ947UN,2021-04-01,Comercio detallista,Bogotá D.C.,Valor medio-alto,8,145428.57142857142,1163428.5714285714,58171.42857142857
ZYDPQ947UN,2021-05-01,Comercio detallista,Bogotá D.C.,Valor medio-alto,12,145428.57142857142,1745142.857142857,87257.14285714286
ZYEFCCJOEZ,2021-03-01,Comercio detallista,Bogotá D.C.,Valor medio-alto,2,1052666.6666666667,2105333.3333333335,105266.66666666669
ZYEFCCJOEZ,2021-05-01,Comercio detallista,Bogotá D.C.,Valor medio-alto,1,1052666.6666666667,1052666.6666666667,52633.33333333334
ZYU8UUM32R,2021-03-01,Comercio detallista,Bogotá D.C.,Valor medio-alto,4,1450606.6666666667,5802426.666666667,290121.3333333334
ZYU8UUM32R,2021-04-01,Comercio detallista,Bogotá D.C.,Valor medio-alto,5,1450606.6666666667,7253033.333333334,362651.66666666674
ZYU8UUM32R,2021-05-01,Comercio detallista,Bogotá D.C.,Valor medio-alto,9,1450606.6666666667,13055460.0,652773.0
ZYV1ZCZ7IM,2021-03-01,Servicios,Bogotá D.C.,Valor medio-alto,2,400045.45454545453,800090.9090909091,40004.545454545456
ZYV1ZCZ7IM,2021-04-01,Servicios,Bogotá D.C.,Valor medio-alto,5,400045.45454545453,2000227.2727272727,100011.36363636365
ZYV1ZCZ7IM,2021-05-01,Servicios,Bogotá D.C.,Valor medio-alto,4,400045.45454545453,1600181.8181818181,80009.09090909091
ZZJ3KWF9VC,2021-03-01,Alimentos y bebidas,Bogotá D.C.,Valor medio-alto,2,13020.0,26040.0,1302.0
ZZJ3KWF9VC,2021-05-01,Alimentos y bebidas,Bogotá D.C.,Valor medio-alto,3,13020.0,39060.0,1953.0
ZZMG2NE0Q6,2021-03-01,Comercio detallista,Bogotá D.C.,Valor medio-alto,2,75000.0,150000.0,7500.0
ZZMG2NE0Q6,2021-04-01,Comercio detallista,Bogotá D.C.,Valor medio-alto,1,75000.0,75000.0,3750.0
ZZMG2NE0Q6,2021-05-01,Comercio detallista,Bogotá D.C.,Valor medio-alto,1,75000.0,75000.0,3750.0
ZZWN25XK8J,2021-03-01,Alimentos y bebidas,Choachí,Valor medio-alto,24,25500.0,612000.0,30600.0
ZZWN25XK8J,2021-04-01,Alimentos y bebidas,Choachí,Valor medio-alto,8,25500.0,204000.0,10200.0
ZZWN25XK8J,2021-05-01,Alimentos y bebidas,Choachí,Valor medio-alto,18,25500.0,459000.0,22950.0
